game,seed,teamset,adaptive_persistent,adaptive_reset,full,intentional,p1_resp_obs,p1_p_play_num,p1_p_disc_num,p1_p_play_color,p1_p_disc_color,p1_giving_obs,p1_giving_play_bias,p1_giving_color_bias,p1_giving_conservatism,p1_giving_coverage,p2_resp_obs,p2_p_play_num,p2_p_disc_num,p2_p_play_color,p2_p_disc_color,p2_giving_obs,p2_giving_play_bias,p2_giving_color_bias,p2_giving_conservatism,p2_giving_coverage,p3_resp_obs,p3_p_play_num,p3_p_disc_num,p3_p_play_color,p3_p_disc_color,p3_giving_obs,p3_giving_play_bias,p3_giving_color_bias,p3_giving_conservatism,p3_giving_coverage,ma50_adaptive_persistent,ma50_adaptive_reset,ma50_full,ma50_intentional,diff_persistent_reset,diff_persistent_full,diff_persistent_intentional
1,1205740378,1,14,14,13,13,5,0.6,0.2,0.5,0.16666666666666666,0,0.5,0.5,4.0,0.5,5,0.16666666666666666,0.16666666666666666,0.6,0.2,8,0.7291666666666666,0.5,4.0,0.5,5,0.3333333333333333,0.16666666666666666,0.2,0.2,3,0.6666666666666666,1.0,5.0,0.4166666666666667,14.0,14.0,13.0,13.0,0,1,1
2,1205740379,1,14,14,13,13,12,0.6363636363636364,0.09090909090909091,0.42857142857142855,0.2857142857142857,0,0.5,0.5,4.0,0.5,5,0.16666666666666666,0.16666666666666666,0.6,0.2,18,0.7129629629629629,0.7222222222222222,3.7777777777777777,0.4398148148148148,9,0.3333333333333333,0.1111111111111111,0.3333333333333333,0.16666666666666666,6,0.75,0.8333333333333334,5.0,0.4166666666666667,14.0,14.0,13.0,13.0,0,1,1
3,1205740380,1,13,12,13,14,15,0.6153846153846154,0.07692307692307693,0.5,0.25,1,1.0,0.0,7.0,0.5,8,0.2857142857142857,0.14285714285714285,0.42857142857142855,0.14285714285714285,29,0.6666666666666666,0.6896551724137931,3.8275862068965516,0.42816091954022995,15,0.3076923076923077,0.07692307692307693,0.25,0.125,10,0.7,0.9,4.9,0.4,13.666666666666666,13.333333333333334,13.0,13.333333333333334,1,0,-1
4,1205740381,1,18,15,13,13,19,0.6470588235294118,0.058823529411764705,0.5,0.25,1,1.0,0.0,7.0,0.5,10,0.2857142857142857,0.14285714285714285,0.5555555555555556,0.1111111111111111,40,0.6708333333333333,0.65,4.025,0.4229166666666667,17,0.35714285714285715,0.07142857142857142,0.3333333333333333,0.1111111111111111,16,0.6041666666666666,0.75,4.75,0.421875,14.75,13.75,13.0,13.25,3,5,5
5,1205740382,1,14,14,12,10,24,0.6,0.05,0.5,0.2,1,1.0,0.0,7.0,0.5,17,0.3333333333333333,0.1111111111111111,0.5714285714285714,0.07142857142857142,47,0.624113475177305,0.6382978723404256,4.085106382978723,0.41312056737588654,17,0.35714285714285715,0.07142857142857142,0.3333333333333333,0.1111111111111111,21,0.6507936507936508,0.6666666666666666,4.714285714285714,0.44047619047619047,14.6,13.8,12.8,12.6,0,2,4
6,1205740383,1,14,14,13,14,29,0.6,0.04,0.5,0.2,1,1.0,0.0,7.0,0.5,24,0.4166666666666667,0.08333333333333333,0.5,0.05555555555555555,57,0.6081871345029239,0.6491228070175439,4.087719298245614,0.4181286549707603,18,0.3333333333333333,0.06666666666666667,0.3333333333333333,0.1111111111111111,25,0.6266666666666666,0.72,4.68,0.43,14.5,13.833333333333334,12.833333333333334,12.833333333333334,0,1,0
7,1205740384,1,13,13,9,13,34,0.5862068965517241,0.034482758620689655,0.5454545454545454,0.18181818181818182,2,1.0,0.5,7.0,0.375,31,0.5,0.0625,0.47619047619047616,0.09523809523809523,65,0.6025641025641025,0.6461538461538462,4.092307692307692,0.4205128205128206,20,0.29411764705882354,0.11764705882352941,0.3333333333333333,0.1111111111111111,29,0.557471264367816,0.6206896551724138,4.620689655172414,0.4396551724137931,14.285714285714286,13.714285714285714,12.285714285714286,12.857142857142858,0,4,0
8,1205740385,1,12,13,13,12,39,0.59375,0.03125,0.6153846153846154,0.15384615384615385,4,1.0,0.25,6.75,0.3125,37,0.47368421052631576,0.15789473684210525,0.4166666666666667,0.08333333333333333,75,0.5755555555555555,0.6666666666666666,4.08,0.41444444444444445,23,0.2631578947368421,0.10526315789473684,0.3,0.1,31,0.586021505376344,0.6129032258064516,4.645161290322581,0.43548387096774194,14.0,13.625,12.375,12.75,-1,-1,0
9,1205740386,1,15,15,12,12,45,0.6176470588235294,0.029411764705882353,0.5882352941176471,0.17647058823529413,5,1.0,0.2,6.6,0.3,40,0.47619047619047616,0.14285714285714285,0.44,0.08,81,0.5699588477366255,0.6419753086419753,4.098765432098766,0.4146090534979424,24,0.25,0.1,0.3,0.1,38,0.6622807017543859,0.631578947368421,4.7368421052631575,0.40131578947368424,14.11111111111111,13.777777777777779,12.333333333333334,12.666666666666666,0,3,3
10,1205740387,1,12,11,11,13,51,0.5945945945945946,0.02702702702702703,0.55,0.15,6,1.0,0.16666666666666666,6.666666666666667,0.2916666666666667,43,0.45454545454545453,0.18181818181818182,0.4444444444444444,0.07407407407407407,92,0.5706521739130435,0.6413043478260869,4.108695652173913,0.41394927536231885,26,0.2727272727272727,0.09090909090909091,0.3,0.1,43,0.6782945736434108,0.6046511627906976,4.6976744186046515,0.38372093023255816,13.9,13.5,12.2,12.7,1,1,-1
11,1205740388,1,12,12,13,15,54,0.5945945945945946,0.02702702702702703,0.5652173913043478,0.13043478260869565,6,1.0,0.16666666666666666,6.666666666666667,0.2916666666666667,48,0.4583333333333333,0.20833333333333334,0.43333333333333335,0.06666666666666667,101,0.5643564356435643,0.6237623762376238,4.138613861386139,0.41171617161716173,26,0.2727272727272727,0.09090909090909091,0.3,0.1,50,0.6866666666666665,0.58,4.64,0.38,13.727272727272727,13.363636363636363,12.272727272727273,12.909090909090908,0,-1,-3
12,1205740389,1,12,12,11,12,57,0.6052631578947368,0.02631578947368421,0.56,0.12,7,0.8571428571428571,0.2857142857142857,6.714285714285714,0.2857142857142857,51,0.46153846153846156,0.19230769230769232,0.45161290322580644,0.06451612903225806,109,0.5688073394495413,0.6146788990825688,4.220183486238532,0.404434250764526,28,0.2608695652173913,0.08695652173913043,0.2727272727272727,0.18181818181818182,57,0.7076023391812865,0.5964912280701754,4.7894736842105265,0.36549707602339176,13.583333333333334,13.25,12.166666666666666,12.833333333333334,0,1,0
13,1205740390,1,13,12,14,12,60,0.6,0.025,0.5384615384615384,0.15384615384615385,8,0.875,0.375,6.75,0.28125,54,0.4642857142857143,0.17857142857142858,0.4375,0.0625,120,0.5541666666666667,0.6083333333333333,4.241666666666666,0.3944444444444445,30,0.25,0.08333333333333333,0.25,0.16666666666666666,65,0.6974358974358974,0.6,4.753846153846154,0.3628205128205128,13.538461538461538,13.153846153846153,12.307692307692308,12.76923076923077,1,-1,1
14,1205740391,1,13,12,14,13,67,0.6046511627906976,0.023255813953488372,0.5333333333333333,0.13333333333333333,8,0.875,0.375,6.75,0.28125,60,0.5,0.15625,0.47058823529411764,0.058823529411764705,128,0.54296875,0.59375,4.25,0.3951822916666667,31,0.24,0.08,0.25,0.16666666666666666,72,0.7037037037037037,0.6111111111111112,4.722222222222222,0.3657407407407407,13.5,13.071428571428571,12.428571428571429,12.785714285714286,1,-1,0
15,1205740392,1,13,13,13,12,78,0.56,0.02,0.5294117647058824,0.11764705882352941,9,0.8518518518518519,0.4444444444444444,6.777777777777778,0.3333333333333333,63,0.5294117647058824,0.14705882352941177,0.45714285714285713,0.05714285714285714,137,0.5413625304136254,0.5985401459854015,4.240875912408759,0.39659367396593675,33,0.2222222222222222,0.1111111111111111,0.25,0.16666666666666666,75,0.7088888888888889,0.6266666666666667,4.706666666666667,0.3644444444444444,13.466666666666667,13.066666666666666,12.466666666666667,12.733333333333333,0,0,1
16,1205740393,1,15,15,12,13,81,0.5384615384615384,0.019230769230769232,0.5142857142857142,0.11428571428571428,10,0.7666666666666667,0.5,6.8,0.325,70,0.5384615384615384,0.1282051282051282,0.43243243243243246,0.05405405405405406,145,0.5310344827586206,0.6,4.227586206896552,0.40229885057471265,35,0.21428571428571427,0.10714285714285714,0.3076923076923077,0.15384615384615385,81,0.7181069958847737,0.6049382716049383,4.716049382716049,0.3713991769547325,13.5625,13.1875,12.4375,12.75,0,3,2
17,1205740394,1,13,12,12,12,87,0.5370370370370371,0.018518518518518517,0.5384615384615384,0.10256410256410256,10,0.7666666666666667,0.5,6.8,0.325,72,0.5384615384615384,0.1282051282051282,0.4358974358974359,0.05128205128205128,158,0.5305907172995781,0.5822784810126582,4.2405063291139244,0.40875527426160346,37,0.21428571428571427,0.10714285714285714,0.26666666666666666,0.13333333333333333,85,0.7039215686274509,0.5882352941176471,4.729411764705882,0.3774509803921568,13.529411764705882,13.117647058823529,12.411764705882353,12.705882352941176,1,1,1
18,1205740395,1,12,13,12,13,90,0.5263157894736842,0.017543859649122806,0.5384615384615384,0.10256410256410256,11,0.696969696969697,0.5454545454545454,6.818181818181818,0.3409090909090909,81,0.5,0.11363636363636363,0.4883720930232558,0.046511627906976744,164,0.5233739837398373,0.5853658536585366,4.219512195121951,0.4100609756097562,38,0.20689655172413793,0.10344827586206896,0.26666666666666666,0.13333333333333333,92,0.7101449275362318,0.6086956521739131,4.739130434782608,0.3759057971014492,13.444444444444445,13.11111111111111,12.38888888888889,12.722222222222221,-1,0,-1
19,1205740396,1,12,11,14,13,94,0.5423728813559322,0.01694915254237288,0.5365853658536586,0.0975609756097561,11,0.696969696969697,0.5454545454545454,6.818181818181818,0.3409090909090909,84,0.5,0.10869565217391304,0.5,0.045454545454545456,173,0.5337186897880539,0.5953757225433526,4.213872832369942,0.4060693641618498,40,0.23333333333333334,0.1,0.25,0.1875,98,0.7023809523809523,0.6122448979591837,4.724489795918367,0.3732993197278911,13.368421052631579,13.0,12.473684210526315,12.736842105263158,1,-2,-1
20,1205740397,1,14,13,12,12,98,0.5238095238095238,0.015873015873015872,0.5365853658536586,0.0975609756097561,12,0.7222222222222223,0.5,6.833333333333333,0.3541666666666667,89,0.5,0.10416666666666667,0.5106382978723404,0.0425531914893617,183,0.5227686703096539,0.5956284153005464,4.2076502732240435,0.41074681238615673,43,0.21875,0.09375,0.29411764705882354,0.17647058823529413,102,0.6895424836601307,0.6078431372549019,4.7254901960784315,0.37581699346405223,13.4,13.0,12.45,12.7,1,2,2
21,1205740398,1,12,12,12,12,103,0.5303030303030303,0.015151515151515152,0.5348837209302325,0.09302325581395349,12,0.7222222222222223,0.5,6.833333333333333,0.3541666666666667,93,0.5098039215686274,0.09803921568627451,0.5208333333333334,0.041666666666666664,193,0.5215889464594128,0.5958549222797928,4.22279792746114,0.41018998272884294,43,0.21875,0.09375,0.29411764705882354,0.17647058823529413,109,0.7003058103975535,0.5963302752293578,4.724770642201835,0.3769113149847094,13.333333333333334,12.952380952380953,12.428571428571429,12.666666666666666,0,0,0
22,1205740399,1,13,13,13,14,111,0.5211267605633803,0.014084507042253521,0.5434782608695652,0.10869565217391304,13,0.7435897435897437,0.46153846153846156,6.769230769230769,0.34615384615384615,96,0.5094339622641509,0.09433962264150944,0.5102040816326531,0.04081632653061224,203,0.5295566502463054,0.5960591133004927,4.201970443349754,0.407224958949097,45,0.21212121212121213,0.09090909090909091,0.2777777777777778,0.16666666666666666,113,0.7064896755162241,0.6017699115044248,4.787610619469026,0.3746312684365781,13.318181818181818,12.954545454545455,12.454545454545455,12.727272727272727,0,0,-1
23,1205740400,1,14,14,12,12,116,0.5405405405405406,0.013513513513513514,0.5416666666666666,0.10416666666666667,13,0.7435897435897437,0.46153846153846156,6.769230769230769,0.34615384615384615,101,0.5,0.08928571428571429,0.5294117647058824,0.0392156862745098,212,0.5345911949685535,0.6084905660377359,4.212264150943396,0.4111635220125787,47,0.2,0.11428571428571428,0.2777777777777778,0.16666666666666666,119,0.7002801120448179,0.5798319327731093,4.764705882352941,0.376750700280112,13.347826086956522,13.0,12.434782608695652,12.695652173913043,0,2,2
24,1205740401,1,14,13,10,13,120,0.5394736842105263,0.013157894736842105,0.54,0.12,13,0.7435897435897437,0.46153846153846156,6.769230769230769,0.34615384615384615,105,0.5084745762711864,0.0847457627118644,0.5192307692307693,0.038461538461538464,219,0.5357686453576864,0.6118721461187214,4.210045662100456,0.40943683409436843,52,0.21052631578947367,0.10526315789473684,0.25,0.15,125,0.7066666666666667,0.568,4.776,0.37466666666666665,13.375,13.0,12.333333333333334,12.708333333333334,1,4,1
25,1205740402,1,11,12,12,10,125,0.5316455696202531,0.012658227848101266,0.5384615384615384,0.1346153846153846,13,0.7435897435897437,0.46153846153846156,6.769230769230769,0.34615384615384615,109,0.5166666666666667,0.08333333333333333,0.509090909090909,0.03636363636363636,229,0.5320232896652111,0.6026200873362445,4.222707423580786,0.41011644832605537,53,0.20512820512820512,0.1282051282051282,0.25,0.15,133,0.6942355889724311,0.5639097744360902,4.7518796992481205,0.3746867167919799,13.28,12.96,12.32,12.6,-1,-1,1
26,1205740403,1,16,14,13,12,128,0.5365853658536586,0.012195121951219513,0.5384615384615384,0.1346153846153846,13,0.7435897435897437,0.46153846153846156,6.769230769230769,0.34615384615384615,113,0.5161290322580645,0.08064516129032258,0.5087719298245614,0.03508771929824561,239,0.5278940027894002,0.606694560669456,4.2301255230125525,0.4117852161785217,55,0.21951219512195122,0.12195121951219512,0.25,0.15,139,0.7002398081534772,0.5611510791366906,4.733812949640288,0.37829736211031173,13.384615384615385,13.0,12.346153846153847,12.576923076923077,2,3,4
27,1205740404,1,14,14,12,14,130,0.5476190476190477,0.011904761904761904,0.5384615384615384,0.1346153846153846,13,0.7435897435897437,0.46153846153846156,6.769230769230769,0.34615384615384615,116,0.5079365079365079,0.09523809523809523,0.4915254237288136,0.03389830508474576,253,0.525691699604743,0.6007905138339921,4.221343873517786,0.4123847167325429,58,0.20930232558139536,0.11627906976744186,0.2857142857142857,0.14285714285714285,143,0.6911421911421911,0.5594405594405595,4.734265734265734,0.3799533799533799,13.407407407407407,13.037037037037036,12.333333333333334,12.62962962962963,0,2,0
28,1205740405,1,13,10,15,13,137,0.5568181818181818,0.011363636363636364,0.509090909090909,0.12727272727272726,14,0.761904761904762,0.5,6.785714285714286,0.35714285714285715,119,0.5,0.09090909090909091,0.4915254237288136,0.03389830508474576,263,0.5335868187579215,0.6083650190114068,4.212927756653992,0.4109632446134348,62,0.2,0.1111111111111111,0.2608695652173913,0.17391304347826086,146,0.6940639269406392,0.5547945205479452,4.739726027397261,0.3789954337899543,13.392857142857142,12.928571428571429,12.428571428571429,12.642857142857142,3,-2,0
29,1205740406,1,13,14,10,13,140,0.5604395604395604,0.01098901098901099,0.509090909090909,0.12727272727272726,14,0.761904761904762,0.5,6.785714285714286,0.35714285714285715,123,0.4852941176470588,0.08823529411764706,0.4918032786885246,0.03278688524590164,274,0.5346715328467153,0.6058394160583942,4.233576642335766,0.4099756690997568,64,0.2,0.1111111111111111,0.28,0.16,153,0.6851851851851851,0.5555555555555556,4.718954248366013,0.37636165577342046,13.379310344827585,12.96551724137931,12.344827586206897,12.655172413793103,-1,3,0
30,1205740407,1,12,13,11,12,149,0.5567010309278351,0.020618556701030927,0.5344827586206896,0.1206896551724138,14,0.761904761904762,0.5,6.785714285714286,0.35714285714285715,125,0.4927536231884058,0.08695652173913043,0.4838709677419355,0.03225806451612903,286,0.5291375291375292,0.6048951048951049,4.20979020979021,0.41200466200466207,68,0.19148936170212766,0.1276595744680851,0.25925925925925924,0.18518518518518517,156,0.688034188034188,0.5576923076923077,4.75,0.375534188034188,13.333333333333334,12.966666666666667,12.3,12.633333333333333,-1,1,0
31,1205740408,1,14,12,14,11,155,0.5445544554455446,0.0297029702970297,0.55,0.11666666666666667,15,0.7777777777777779,0.5333333333333333,6.8,0.35,132,0.4794520547945205,0.0821917808219178,0.47692307692307695,0.03076923076923077,297,0.5331088664421998,0.6060606060606061,4.185185185185185,0.41021324354657696,68,0.19148936170212766,0.1276595744680851,0.25925925925925924,0.18518518518518517,159,0.6844863731656184,0.559748427672956,4.754716981132075,0.37788259958071274,13.35483870967742,12.935483870967742,12.35483870967742,12.580645161290322,2,0,3
32,1205740409,1,14,14,13,11,158,0.5480769230769231,0.028846153846153848,0.55,0.11666666666666667,16,0.7916666666666667,0.5,6.8125,0.34375,135,0.4864864864864865,0.08108108108108109,0.4626865671641791,0.029850746268656716,308,0.5319264069264069,0.6168831168831169,4.1980519480519485,0.41017316017316025,73,0.19607843137254902,0.13725490196078433,0.25,0.17857142857142858,162,0.6872427983539094,0.5617283950617284,4.7592592592592595,0.37705761316872427,13.375,12.96875,12.375,12.53125,0,1,3
33,1205740410,1,15,15,12,11,163,0.5377358490566038,0.02830188679245283,0.5714285714285714,0.1111111111111111,17,0.803921568627451,0.47058823529411764,6.823529411764706,0.3382352941176471,136,0.48,0.08,0.4626865671641791,0.029850746268656716,319,0.5402298850574713,0.6175548589341693,4.19435736677116,0.40935214211076293,77,0.2037037037037037,0.14814814814814814,0.2413793103448276,0.1724137931034483,165,0.6898989898989899,0.5575757575757576,4.757575757575758,0.37929292929292924,13.424242424242424,13.030303030303031,12.363636363636363,12.484848484848484,0,3,4
34,1205740411,1,13,13,13,13,170,0.5267857142857143,0.03571428571428571,0.578125,0.109375,18,0.8148148148148149,0.4444444444444444,6.777777777777778,0.3472222222222222,142,0.47435897435897434,0.07692307692307693,0.4714285714285714,0.02857142857142857,328,0.5340447154471545,0.6158536585365854,4.185975609756097,0.41031504065040664,79,0.2037037037037037,0.14814814814814814,0.22580645161290322,0.16129032258064516,166,0.6917670682730923,0.5602409638554217,4.753012048192771,0.3785140562248996,13.411764705882353,13.029411764705882,12.382352941176471,12.5,0,0,0
35,1205740412,1,13,12,12,12,173,0.5304347826086957,0.034782608695652174,0.578125,0.109375,18,0.8148148148148149,0.4444444444444444,6.777777777777778,0.3472222222222222,146,0.46835443037974683,0.0759493670886076,0.4520547945205479,0.0273972602739726,338,0.5330374753451677,0.6153846153846154,4.195266272189349,0.408777120315582,80,0.2037037037037037,0.14814814814814814,0.21875,0.15625,174,0.6886973180076628,0.5517241379310345,4.735632183908046,0.3769157088122605,13.4,13.0,12.371428571428572,12.485714285714286,1,1,1
36,1205740413,1,13,12,11,11,175,0.5258620689655172,0.034482758620689655,0.5846153846153846,0.1076923076923077,18,0.8148148148148149,0.4444444444444444,6.777777777777778,0.3472222222222222,150,0.475,0.075,0.4342105263157895,0.02631578947368421,348,0.5263409961685824,0.6149425287356322,4.204022988505747,0.40565134099616873,80,0.2037037037037037,0.14814814814814814,0.21875,0.15625,183,0.6885245901639344,0.546448087431694,4.715846994535519,0.3816029143897996,13.38888888888889,12.972222222222221,12.333333333333334,12.444444444444445,1,2,2
37,1205740414,1,13,12,14,13,179,0.5210084033613446,0.03361344537815126,0.5909090909090909,0.10606060606060606,19,0.7719298245614036,0.47368421052631576,6.7894736842105265,0.35526315789473684,158,0.4883720930232558,0.06976744186046512,0.4358974358974359,0.02564102564102564,356,0.528558052434457,0.6123595505617978,4.196629213483146,0.4056647940074908,83,0.19298245614035087,0.17543859649122806,0.21875,0.15625,186,0.6935483870967742,0.553763440860215,4.71505376344086,0.3808243727598566,13.378378378378379,12.945945945945946,12.378378378378379,12.45945945945946,1,-1,0
38,1205740415,1,13,12,12,12,185,0.5245901639344263,0.040983606557377046,0.5797101449275363,0.10144927536231885,20,0.7833333333333334,0.5,6.8,0.35,160,0.5,0.06818181818181818,0.4358974358974359,0.02564102564102564,367,0.533151680290645,0.6103542234332425,4.198910081743869,0.40372388737511367,86,0.18333333333333332,0.18333333333333332,0.21875,0.15625,190,0.6947368421052632,0.5631578947368421,4.7105263157894735,0.3807017543859649,13.368421052631579,12.921052631578947,12.368421052631579,12.447368421052632,1,1,1
39,1205740416,1,11,14,11,12,191,0.5238095238095238,0.047619047619047616,0.5633802816901409,0.09859154929577464,21,0.7936507936507937,0.5238095238095238,6.809523809523809,0.34523809523809523,163,0.5,0.06666666666666667,0.4430379746835443,0.02531645569620253,379,0.5197889182058049,0.6121372031662269,4.189973614775726,0.4054529463500441,90,0.1774193548387097,0.1774193548387097,0.20588235294117646,0.20588235294117646,193,0.6968911917098446,0.5699481865284974,4.709844559585492,0.3799654576856649,13.307692307692308,12.948717948717949,12.333333333333334,12.435897435897436,-3,0,-1
40,1205740417,1,13,13,14,13,193,0.5275590551181102,0.047244094488188976,0.5555555555555556,0.1111111111111111,22,0.8030303030303031,0.5,6.818181818181818,0.3409090909090909,167,0.4946236559139785,0.06451612903225806,0.45,0.025,390,0.5217948717948718,0.6128205128205129,4.18974358974359,0.4047008547008548,93,0.171875,0.171875,0.2,0.22857142857142856,198,0.6944444444444444,0.5707070707070707,4.696969696969697,0.37920875420875416,13.3,12.95,12.375,12.45,0,-1,0
41,1205740418,1,14,13,11,11,197,0.5271317829457365,0.046511627906976744,0.5540540540540541,0.10810810810810811,23,0.7681159420289856,0.5217391304347826,6.826086956521739,0.33695652173913043,173,0.4948453608247423,0.061855670103092786,0.45121951219512196,0.024390243902439025,399,0.5208855472013367,0.6165413533834586,4.197994987468672,0.40309106098579794,94,0.171875,0.171875,0.19444444444444445,0.2222222222222222,204,0.6985294117647058,0.5735294117647058,4.705882352941177,0.377859477124183,13.317073170731707,12.951219512195122,12.341463414634147,12.414634146341463,1,3,3
42,1205740419,1,13,13,12,13,204,0.5298507462686567,0.04477611940298507,0.5394736842105263,0.13157894736842105,23,0.7681159420289856,0.5217391304347826,6.826086956521739,0.33695652173913043,177,0.5,0.06,0.4578313253012048,0.024096385542168676,409,0.5248573757131215,0.6185819070904646,4.200488997555012,0.4032192339038306,97,0.16666666666666666,0.18181818181818182,0.21621621621621623,0.21621621621621623,208,0.7011217948717949,0.5769230769230769,4.711538461538462,0.37900641025641024,13.30952380952381,12.952380952380953,12.333333333333334,12.428571428571429,0,1,0
43,1205740420,1,12,12,14,11,207,0.5401459854014599,0.043795620437956206,0.5394736842105263,0.13157894736842105,23,0.7681159420289856,0.5217391304347826,6.826086956521739,0.33695652173913043,180,0.49019607843137253,0.058823529411764705,0.4642857142857143,0.023809523809523808,420,0.5253968253968255,0.6261904761904762,4.207142857142857,0.4017857142857144,102,0.15942028985507245,0.18840579710144928,0.23076923076923078,0.23076923076923078,213,0.701095461658842,0.568075117370892,4.713615023474178,0.37910798122065725,13.279069767441861,12.930232558139535,12.372093023255815,12.395348837209303,0,-2,1
44,1205740421,1,14,14,11,12,207,0.5401459854014599,0.043795620437956206,0.5394736842105263,0.13157894736842105,24,0.7777777777777778,0.5416666666666666,6.833333333333333,0.34375,183,0.49038461538461536,0.057692307692307696,0.47058823529411764,0.023529411764705882,429,0.524864024864025,0.627039627039627,4.212121212121212,0.39937839937839953,104,0.16901408450704225,0.18309859154929578,0.23076923076923078,0.23076923076923078,221,0.6892911010558069,0.5610859728506787,4.6923076923076925,0.37481146304675717,13.295454545454545,12.954545454545455,12.340909090909092,12.386363636363637,0,3,2
45,1205740422,1,11,11,11,10,208,0.5434782608695652,0.043478260869565216,0.5394736842105263,0.13157894736842105,24,0.7777777777777778,0.5416666666666666,6.833333333333333,0.34375,184,0.49038461538461536,0.057692307692307696,0.46511627906976744,0.023255813953488372,441,0.5302343159486017,0.6281179138321995,4.210884353741497,0.3981481481481483,113,0.15789473684210525,0.17105263157894737,0.20930232558139536,0.20930232558139536,224,0.6912202380952381,0.5625,4.691964285714286,0.3742559523809524,13.244444444444444,12.911111111111111,12.311111111111112,12.333333333333334,0,0,1
46,1205740423,1,15,15,12,13,208,0.5434782608695652,0.043478260869565216,0.5394736842105263,0.13157894736842105,24,0.7777777777777778,0.5416666666666666,6.833333333333333,0.34375,186,0.5,0.05660377358490566,0.46511627906976744,0.023255813953488372,451,0.5284552845528456,0.6252771618625277,4.219512195121951,0.3987435328898745,113,0.15789473684210525,0.17105263157894737,0.20930232558139536,0.20930232558139536,234,0.6923076923076923,0.5555555555555556,4.688034188034188,0.37856125356125353,13.282608695652174,12.956521739130435,12.304347826086957,12.347826086956522,0,3,2
47,1205740424,1,13,12,13,12,213,0.5384615384615384,0.04895104895104895,0.5394736842105263,0.13157894736842105,25,0.7866666666666667,0.56,6.84,0.35,192,0.5,0.05454545454545454,0.4659090909090909,0.03409090909090909,460,0.5242753623188406,0.6217391304347826,4.217391304347826,0.39800724637681173,114,0.15584415584415584,0.16883116883116883,0.20930232558139536,0.20930232558139536,239,0.6861924686192469,0.5606694560669456,4.677824267782427,0.37796373779637377,13.27659574468085,12.936170212765957,12.319148936170214,12.340425531914894,1,0,1
48,1205740425,1,12,12,12,12,216,0.5379310344827586,0.04827586206896552,0.5454545454545454,0.12987012987012986,26,0.7564102564102565,0.5769230769230769,6.8076923076923075,0.34615384615384615,194,0.5045045045045045,0.05405405405405406,0.4606741573033708,0.033707865168539325,469,0.5291400142146412,0.6247334754797441,4.226012793176972,0.39729921819474073,116,0.16666666666666666,0.16666666666666666,0.20454545454545456,0.20454545454545456,243,0.6872427983539094,0.5637860082304527,4.679012345679013,0.377914951989026,13.25,12.916666666666666,12.3125,12.333333333333334,0,0,0
49,1205740426,1,13,12,13,13,223,0.5234899328859061,0.04697986577181208,0.55,0.1375,27,0.7654320987654322,0.5925925925925926,6.814814814814815,0.3425925925925926,196,0.5,0.05357142857142857,0.4666666666666667,0.03333333333333333,479,0.5274878218510788,0.6221294363256785,4.219206680584551,0.39631176061238704,118,0.1625,0.1625,0.20454545454545456,0.20454545454545456,249,0.6907630522088354,0.5582329317269076,4.694779116465863,0.37784471218206156,13.244897959183673,12.89795918367347,12.326530612244898,12.346938775510203,1,0,0
50,1205740427,1,13,14,14,11,230,0.5163398692810458,0.05228758169934641,0.5421686746987951,0.13253012048192772,27,0.7654320987654322,0.5925925925925926,6.814814814814815,0.3425925925925926,200,0.5,0.05263157894736842,0.4673913043478261,0.043478260869565216,490,0.5289115646258505,0.6122448979591837,4.224489795918367,0.3955782312925171,121,0.16049382716049382,0.16049382716049382,0.1956521739130435,0.21739130434782608,253,0.6877470355731226,0.5612648221343873,4.695652173913044,0.37779973649538867,13.24,12.92,12.36,12.32,-1,-1,2
51,1205740428,1,14,14,14,15,232,0.5161290322580645,0.05161290322580645,0.5421686746987951,0.13253012048192772,27,0.7654320987654322,0.5925925925925926,6.814814814814815,0.3425925925925926,205,0.5042735042735043,0.05128205128205128,0.4574468085106383,0.0425531914893617,503,0.5278330019880717,0.6123260437375746,4.21868787276342,0.39529489728296896,127,0.1724137931034483,0.1724137931034483,0.1956521739130435,0.21739130434782608,255,0.6901960784313725,0.5607843137254902,4.698039215686275,0.376797385620915,13.24,12.92,12.38,12.36,0,0,-1
52,1205740429,1,13,12,12,14,235,0.5159235668789809,0.050955414012738856,0.5357142857142857,0.13095238095238096,27,0.7654320987654322,0.5925925925925926,6.814814814814815,0.3425925925925926,208,0.5126050420168067,0.05042016806722689,0.45263157894736844,0.042105263157894736,514,0.5252918287937745,0.6147859922178989,4.223735408560311,0.3951037613488977,129,0.17045454545454544,0.17045454545454544,0.19148936170212766,0.2127659574468085,261,0.6896551724137931,0.5632183908045977,4.7011494252873565,0.37579821200510855,13.22,12.88,12.36,12.38,1,1,-1
53,1205740430,1,14,13,13,13,238,0.525,0.05,0.5357142857142857,0.13095238095238096,27,0.7654320987654322,0.5925925925925926,6.814814814814815,0.3425925925925926,212,0.5166666666666667,0.05,0.45918367346938777,0.04081632653061224,524,0.5225826972010179,0.6145038167938931,4.223282442748092,0.3947201017811706,131,0.16853932584269662,0.16853932584269662,0.1875,0.20833333333333334,268,0.6921641791044776,0.5597014925373134,4.6940298507462686,0.3743781094527363,13.24,12.9,12.36,12.36,1,1,1
54,1205740431,1,12,12,13,14,246,0.5119047619047619,0.05357142857142857,0.5357142857142857,0.13095238095238096,27,0.7654320987654322,0.5925925925925926,6.814814814814815,0.3425925925925926,218,0.528,0.048,0.46464646464646464,0.04040404040404041,532,0.5231829573934837,0.6146616541353384,4.219924812030075,0.3948934837092733,133,0.16666666666666666,0.16666666666666666,0.1836734693877551,0.20408163265306123,272,0.6905637254901961,0.5588235294117647,4.6911764705882355,0.3753063725490196,13.12,12.84,12.36,12.38,0,-1,-2
55,1205740432,1,14,14,15,14,246,0.5119047619047619,0.05357142857142857,0.5357142857142857,0.13095238095238096,28,0.7738095238095238,0.5714285714285714,6.821428571428571,0.3482142857142857,228,0.5303030303030303,0.045454545454545456,0.47058823529411764,0.0392156862745098,538,0.5219950433705082,0.6133828996282528,4.217472118959108,0.3951363073110286,134,0.17582417582417584,0.16483516483516483,0.1836734693877551,0.20408163265306123,279,0.6893667861409797,0.5627240143369175,4.684587813620071,0.37574671445639185,13.12,12.84,12.42,12.46,0,-1,0
56,1205740433,1,13,13,12,14,250,0.5117647058823529,0.052941176470588235,0.5232558139534884,0.12790697674418605,29,0.7471264367816093,0.5862068965517241,6.827586206896552,0.3448275862068966,233,0.5298507462686567,0.04477611940298507,0.4666666666666667,0.0380952380952381,550,0.5224242424242425,0.6145454545454545,4.218181818181818,0.39515151515151525,138,0.1702127659574468,0.1595744680851064,0.18,0.2,282,0.6891252955082743,0.5673758865248227,4.680851063829787,0.3761820330969267,13.1,12.82,12.4,12.46,0,1,-1
57,1205740434,1,14,14,14,12,255,0.5144508670520231,0.05202312138728324,0.5227272727272727,0.13636363636363635,30,0.7555555555555556,0.6,6.833333333333333,0.3416666666666667,236,0.5259259259259259,0.044444444444444446,0.4766355140186916,0.037383177570093455,559,0.5229576624925463,0.6118067978533095,4.220035778175313,0.39728682170542645,140,0.16666666666666666,0.16666666666666666,0.18,0.2,286,0.6882284382284383,0.5629370629370629,4.678321678321678,0.3761655011655011,13.12,12.84,12.5,12.44,0,0,2
58,1205740435,1,12,13,12,12,257,0.52,0.05142857142857143,0.5227272727272727,0.13636363636363635,31,0.7634408602150538,0.6129032258064516,6.838709677419355,0.3387096774193548,238,0.5182481751824818,0.043795620437956206,0.4766355140186916,0.037383177570093455,573,0.5285049447353113,0.6143106457242583,4.239092495636998,0.3947062245491566,146,0.15841584158415842,0.16831683168316833,0.17647058823529413,0.19607843137254902,288,0.6880787037037037,0.5659722222222222,4.677083333333333,0.37702546296296297,13.12,12.84,12.48,12.44,-1,0,0
59,1205740436,1,12,12,12,12,265,0.5222222222222223,0.05,0.5164835164835165,0.13186813186813187,32,0.7708333333333334,0.625,6.84375,0.3359375,242,0.5107913669064749,0.04316546762589928,0.47706422018348627,0.03669724770642202,584,0.529109589041096,0.6164383561643836,4.2311643835616435,0.394549086757991,148,0.1553398058252427,0.1650485436893204,0.17647058823529413,0.19607843137254902,290,0.6902298850574713,0.5655172413793104,4.679310344827586,0.3761494252873563,13.06,12.78,12.48,12.44,0,0,0
60,1205740437,1,14,14,14,13,266,0.5248618784530387,0.049723756906077346,0.5164835164835165,0.13186813186813187,33,0.7777777777777778,0.6060606060606061,6.848484848484849,0.3333333333333333,247,0.5106382978723404,0.0425531914893617,0.4732142857142857,0.044642857142857144,596,0.5276845637583893,0.6157718120805369,4.22986577181208,0.3949944071588368,150,0.1523809523809524,0.1619047619047619,0.17647058823529413,0.19607843137254902,296,0.6897522522522523,0.5709459459459459,4.675675675675675,0.3769707207207207,13.1,12.84,12.54,12.44,0,0,1
61,1205740438,1,12,14,11,11,271,0.5135135135135135,0.04864864864864865,0.5217391304347826,0.13043478260869565,34,0.7843137254901961,0.6176470588235294,6.852941176470588,0.33088235294117646,250,0.5104895104895105,0.04195804195804196,0.4778761061946903,0.04424778761061947,607,0.5260845689181769,0.6161449752883031,4.235584843492586,0.3956617243272928,153,0.14814814814814814,0.16666666666666666,0.17647058823529413,0.19607843137254902,302,0.6826710816777043,0.5728476821192053,4.66887417218543,0.37527593818984545,13.1,12.88,12.5,12.36,-2,1,1
62,1205740439,1,13,14,13,12,275,0.5079365079365079,0.05291005291005291,0.5217391304347826,0.13043478260869565,35,0.7904761904761906,0.6285714285714286,6.857142857142857,0.32857142857142857,252,0.5069444444444444,0.041666666666666664,0.4824561403508772,0.043859649122807015,617,0.5272825499729876,0.6191247974068071,4.228525121555916,0.3949216639654242,162,0.14912280701754385,0.16666666666666666,0.16666666666666666,0.18518518518518517,303,0.6804180418041805,0.570957095709571,4.66996699669967,0.3765126512651265,13.12,12.92,12.54,12.36,-1,0,1
63,1205740440,1,15,15,13,14,278,0.5052083333333334,0.052083333333333336,0.5217391304347826,0.13043478260869565,35,0.7904761904761906,0.6285714285714286,6.857142857142857,0.32857142857142857,256,0.5,0.0410958904109589,0.49137931034482757,0.04310344827586207,626,0.5252928647497338,0.6166134185303515,4.233226837060703,0.39563365282215135,162,0.14912280701754385,0.16666666666666666,0.16666666666666666,0.18518518518518517,310,0.6779569892473118,0.5741935483870968,4.664516129032258,0.37607526881720427,13.16,12.98,12.52,12.4,0,2,1
64,1205740441,1,13,13,14,15,279,0.5052083333333334,0.052083333333333336,0.5161290322580645,0.12903225806451613,36,0.7824074074074074,0.6388888888888888,6.861111111111111,0.3333333333333333,260,0.5033557046979866,0.040268456375838924,0.49572649572649574,0.042735042735042736,635,0.5257217847769029,0.6188976377952756,4.244094488188976,0.39501312335958016,164,0.14655172413793102,0.16379310344827586,0.16666666666666666,0.18518518518518517,319,0.6760710553814002,0.5705329153605015,4.677115987460815,0.3772204806687565,13.16,13.0,12.52,12.44,0,-1,-2
65,1205740442,1,13,14,13,12,286,0.5025380710659898,0.050761421319796954,0.5157894736842106,0.12631578947368421,37,0.7882882882882883,0.6216216216216216,6.864864864864865,0.33783783783783783,265,0.5033112582781457,0.039735099337748346,0.5,0.041666666666666664,646,0.5255417956656347,0.6207430340557275,4.233746130030959,0.39563983488132104,166,0.1452991452991453,0.1623931623931624,0.16363636363636364,0.18181818181818182,321,0.6780893042575287,0.5700934579439252,4.679127725856698,0.37798546209761164,13.16,13.02,12.52,12.44,-1,0,1
66,1205740443,1,12,13,14,14,288,0.5050505050505051,0.050505050505050504,0.5208333333333334,0.125,37,0.7882882882882883,0.6216216216216216,6.864864864864865,0.33783783783783783,267,0.5,0.039473684210526314,0.49586776859504134,0.049586776859504134,659,0.524279210925645,0.6191198786039454,4.244309559939302,0.39668689934243806,168,0.14285714285714285,0.16806722689075632,0.16363636363636364,0.18181818181818182,328,0.6788617886178863,0.5670731707317073,4.685975609756097,0.37754065040650403,13.1,12.98,12.56,12.46,-1,-2,-2
67,1205740444,1,13,14,12,13,292,0.5124378109452736,0.04975124378109453,0.5154639175257731,0.13402061855670103,37,0.7882882882882883,0.6216216216216216,6.864864864864865,0.33783783783783783,271,0.4935064935064935,0.03896103896103896,0.4959349593495935,0.04878048780487805,669,0.5256601893373195,0.6188340807174888,4.243647234678625,0.3971101145989039,169,0.14285714285714285,0.16806722689075632,0.16071428571428573,0.19642857142857142,333,0.6791791791791792,0.5675675675675675,4.684684684684685,0.37787787787787785,13.1,13.02,12.56,12.48,-1,1,0
68,1205740445,1,14,13,12,10,297,0.5073170731707317,0.05365853658536585,0.5102040816326531,0.14285714285714285,38,0.7807017543859649,0.631578947368421,6.842105263157895,0.34210526315789475,276,0.4968152866242038,0.03821656050955414,0.504,0.048,676,0.5239151873767259,0.6168639053254438,4.25,0.3966962524654833,174,0.14754098360655737,0.16393442622950818,0.15517241379310345,0.1896551724137931,339,0.6819075712881023,0.5693215339233039,4.684365781710914,0.3793018682399213,13.14,13.02,12.56,12.42,1,2,4
69,1205740446,1,13,12,15,12,299,0.5072463768115942,0.05314009661835749,0.5102040816326531,0.14285714285714285,39,0.7863247863247863,0.6410256410256411,6.846153846153846,0.33974358974358976,281,0.5,0.0375,0.5118110236220472,0.047244094488188976,687,0.5218340611353712,0.61863173216885,4.2561863173216885,0.39653081028626885,176,0.1532258064516129,0.16129032258064516,0.15517241379310345,0.1896551724137931,344,0.682170542635659,0.5697674418604651,4.680232558139535,0.3796027131782945,13.16,13.04,12.58,12.4,1,-2,1
70,1205740447,1,12,14,11,10,302,0.5095238095238095,0.05714285714285714,0.5102040816326531,0.14285714285714285,40,0.7916666666666667,0.625,6.85,0.34375,286,0.5030674846625767,0.03680981595092025,0.5116279069767442,0.046511627906976744,696,0.5222701149425288,0.6206896551724138,4.254310344827586,0.39655172413793105,181,0.15748031496062992,0.15748031496062992,0.15,0.18333333333333332,349,0.6809933142311366,0.5702005730659025,4.681948424068768,0.380611270296084,13.12,13.06,12.56,12.36,-2,1,2
71,1205740448,1,14,13,11,12,305,0.5047169811320755,0.05660377358490566,0.5151515151515151,0.1414141414141414,41,0.7967479674796749,0.6097560975609756,6.853658536585366,0.3475609756097561,287,0.5060975609756098,0.036585365853658534,0.5116279069767442,0.046511627906976744,706,0.5207743153918792,0.6203966005665722,4.256373937677054,0.3976628895184136,182,0.15748031496062992,0.15748031496062992,0.16393442622950818,0.18032786885245902,356,0.6816479400749064,0.5758426966292135,4.676966292134831,0.3787453183520599,13.16,13.08,12.54,12.36,1,3,2
72,1205740449,1,14,13,14,12,306,0.5070422535211268,0.056338028169014086,0.5151515151515151,0.1414141414141414,42,0.7777777777777779,0.6190476190476191,6.857142857142857,0.35119047619047616,292,0.5060240963855421,0.03614457831325301,0.5075757575757576,0.045454545454545456,717,0.5251046025104603,0.6192468619246861,4.258019525801952,0.3971408647140865,188,0.16279069767441862,0.15503875968992248,0.16923076923076924,0.18461538461538463,358,0.6806331471135941,0.5754189944134078,4.675977653631285,0.37802607076350087,13.18,13.08,12.56,12.32,1,0,2
73,1205740450,1,12,13,13,12,311,0.5092592592592593,0.05555555555555555,0.5148514851485149,0.13861386138613863,43,0.7829457364341086,0.6046511627906976,6.837209302325581,0.3546511627906977,295,0.5060240963855421,0.03614457831325301,0.5037037037037037,0.044444444444444446,730,0.5253424657534247,0.6232876712328768,4.254794520547946,0.39668949771689493,190,0.16793893129770993,0.16030534351145037,0.16923076923076924,0.18461538461538463,361,0.6805170821791321,0.5706371191135734,4.670360110803324,0.37834718374884574,13.14,13.06,12.58,12.32,-1,-1,0
74,1205740451,1,13,12,12,10,313,0.5091743119266054,0.05504587155963303,0.5148514851485149,0.13861386138613863,44,0.787878787878788,0.6136363636363636,6.840909090909091,0.3522727272727273,302,0.5087719298245614,0.03508771929824561,0.49635036496350365,0.043795620437956206,740,0.5263513513513515,0.6216216216216216,4.2527027027027025,0.39538288288288287,190,0.16793893129770993,0.16030534351145037,0.16923076923076924,0.18461538461538463,366,0.6775956284153006,0.5710382513661202,4.669398907103825,0.37795992714025495,13.12,13.04,12.62,12.26,1,1,3
75,1205740452,1,11,11,12,12,317,0.5136363636363637,0.05454545454545454,0.5048543689320388,0.13592233009708737,44,0.787878787878788,0.6136363636363636,6.840909090909091,0.3522727272727273,303,0.5058139534883721,0.03488372093023256,0.49635036496350365,0.043795620437956206,750,0.5273333333333334,0.6226666666666667,4.248,0.3947777777777777,195,0.16296296296296298,0.15555555555555556,0.18181818181818182,0.18181818181818182,371,0.679245283018868,0.5741239892183289,4.671159029649596,0.37758310871518413,13.12,13.02,12.62,12.3,0,-1,-1
76,1205740453,1,13,12,11,14,321,0.5067264573991032,0.053811659192825115,0.5096153846153846,0.1346153846153846,44,0.787878787878788,0.6136363636363636,6.840909090909091,0.3522727272727273,309,0.5170454545454546,0.03409090909090909,0.49640287769784175,0.04316546762589928,759,0.5283267457180502,0.621870882740448,4.241106719367589,0.3943785682916117,198,0.16058394160583941,0.15328467153284672,0.19402985074626866,0.1791044776119403,375,0.676888888888889,0.5786666666666667,4.672,0.3782222222222222,13.06,12.98,12.58,12.34,1,2,-1
77,1205740454,1,14,14,13,12,325,0.5066666666666667,0.05333333333333334,0.5094339622641509,0.1320754716981132,44,0.787878787878788,0.6136363636363636,6.840909090909091,0.3522727272727273,314,0.5222222222222223,0.03333333333333333,0.5,0.04285714285714286,768,0.5292968750000001,0.62109375,4.243489583333333,0.3936631944444444,202,0.16428571428571428,0.16428571428571428,0.20588235294117646,0.17647058823529413,379,0.6789797713280564,0.5778364116094987,4.670184696569921,0.3788478452066842,13.06,12.98,12.6,12.3,0,1,2
78,1205740455,1,13,13,12,12,329,0.5066079295154186,0.05286343612334802,0.5092592592592593,0.12962962962962962,45,0.7925925925925927,0.6222222222222222,6.844444444444444,0.35,320,0.518918918918919,0.03783783783783784,0.49645390070921985,0.0425531914893617,774,0.5284237726098192,0.6188630490956072,4.248062015503876,0.3935185185185185,203,0.16312056737588654,0.1702127659574468,0.20588235294117646,0.17647058823529413,387,0.6791559000861327,0.5813953488372093,4.679586563307494,0.37941429801894916,13.06,13.04,12.54,12.28,0,1,1
79,1205740456,1,13,15,13,15,336,0.5108225108225108,0.05627705627705628,0.5225225225225225,0.12612612612612611,45,0.7925925925925927,0.6222222222222222,6.844444444444444,0.35,324,0.5187165775401069,0.0374331550802139,0.5034965034965035,0.04195804195804196,783,0.5291613452532993,0.6181353767560664,4.242656449553001,0.39410387398893143,208,0.16551724137931034,0.1724137931034483,0.2028985507246377,0.17391304347826086,390,0.6790598290598292,0.5820512820512821,4.67948717948718,0.3807692307692307,13.06,13.06,12.6,12.32,-2,0,-2
80,1205740457,1,13,11,13,11,338,0.5107296137339056,0.055793991416309016,0.5225225225225225,0.12612612612612611,47,0.8014184397163121,0.6170212765957447,6.851063829787234,0.35106382978723405,330,0.5157894736842106,0.03684210526315789,0.5136986301369864,0.0410958904109589,788,0.5296108291032149,0.6192893401015228,4.241116751269035,0.3941412859560067,214,0.17567567567567569,0.16891891891891891,0.20833333333333334,0.18055555555555555,395,0.6797468354430382,0.5848101265822785,4.678481012658228,0.3816455696202531,13.08,13.02,12.64,12.3,2,0,2
81,1205740458,1,15,13,12,11,341,0.5148936170212766,0.05531914893617021,0.5267857142857143,0.125,47,0.8014184397163121,0.6170212765957447,6.851063829787234,0.35106382978723405,331,0.5130890052356021,0.03664921465968586,0.5136986301369864,0.0410958904109589,800,0.5260416666666667,0.61875,4.24375,0.3938541666666666,217,0.17880794701986755,0.16556291390728478,0.20833333333333334,0.18055555555555555,402,0.6791044776119405,0.5895522388059702,4.681592039800995,0.38121890547263676,13.1,13.04,12.6,12.3,2,3,4
82,1205740459,1,14,11,12,11,350,0.5103734439834025,0.06639004149377593,0.5217391304347826,0.13043478260869565,48,0.8055555555555557,0.625,6.854166666666667,0.3489583333333333,335,0.5154639175257731,0.03608247422680412,0.5102040816326531,0.04081632653061224,809,0.5302843016069222,0.619283065512979,4.239802224969098,0.39348990523279764,220,0.17763157894736842,0.16447368421052633,0.20270270270270271,0.17567567567567569,405,0.6814814814814816,0.5901234567901235,4.681481481481481,0.38024691358024687,13.1,12.98,12.58,12.3,3,2,3
83,1205740460,1,13,10,12,11,355,0.508130081300813,0.06504065040650407,0.5217391304347826,0.13043478260869565,48,0.8055555555555557,0.625,6.854166666666667,0.3489583333333333,337,0.5153061224489796,0.03571428571428571,0.5102040816326531,0.04081632653061224,821,0.5308566788469347,0.6211936662606578,4.243605359317905,0.3942346731628095,222,0.17532467532467533,0.16233766233766234,0.20270270270270271,0.17567567567567569,410,0.6804878048780489,0.5878048780487805,4.685365853658537,0.37987804878048775,13.06,12.88,12.58,12.3,3,1,2
84,1205740461,1,13,13,13,14,357,0.5080645161290323,0.06451612903225806,0.5217391304347826,0.13043478260869565,49,0.8095238095238096,0.6326530612244898,6.857142857142857,0.3469387755102041,346,0.5099009900990099,0.034653465346534656,0.52,0.04,831,0.5294825511432011,0.6209386281588448,4.241877256317689,0.39460489370236657,223,0.17419354838709677,0.16774193548387098,0.20270270270270271,0.17567567567567569,415,0.6807228915662652,0.5927710843373494,4.68433734939759,0.38012048192771075,13.06,12.88,12.58,12.32,0,0,-1
85,1205740462,1,10,14,14,13,360,0.5139442231075697,0.06374501992031872,0.5217391304347826,0.13043478260869565,49,0.8095238095238096,0.6326530612244898,6.857142857142857,0.3469387755102041,351,0.5121951219512195,0.03414634146341464,0.5197368421052632,0.039473684210526314,842,0.5290973871733967,0.6211401425178147,4.2434679334916865,0.39449722882026916,228,0.16981132075471697,0.18238993710691823,0.2,0.18666666666666668,420,0.6765873015873016,0.5904761904761905,4.680952380952381,0.3809523809523809,13.0,12.92,12.62,12.34,-4,-4,-3
86,1205740463,1,14,11,13,14,364,0.5078740157480315,0.06692913385826772,0.5258620689655172,0.12931034482758622,49,0.8095238095238096,0.6326530612244898,6.857142857142857,0.3469387755102041,358,0.5119617224880383,0.03349282296650718,0.5290322580645161,0.03870967741935484,851,0.5287896592244419,0.6227967097532315,4.240893066980023,0.39443791617704654,230,0.17391304347826086,0.18012422360248448,0.2,0.18666666666666668,425,0.6733333333333333,0.5929411764705882,4.68,0.37999999999999995,13.02,12.9,12.66,12.4,3,1,0
87,1205740464,1,12,13,15,13,365,0.5058823529411764,0.07058823529411765,0.5258620689655172,0.12931034482758622,50,0.8133333333333335,0.64,6.84,0.345,362,0.5118483412322274,0.03317535545023697,0.5222929936305732,0.03821656050955414,865,0.5289017341040463,0.6219653179190752,4.242774566473988,0.39354527938342965,236,0.17575757575757575,0.17575757575757575,0.19480519480519481,0.2077922077922078,427,0.6748633879781422,0.5925058548009368,4.681498829039812,0.37939110070257603,13.0,12.92,12.68,12.4,-1,-3,-1
88,1205740465,1,14,14,11,12,368,0.5058365758754864,0.07003891050583658,0.5299145299145299,0.1282051282051282,50,0.8133333333333335,0.64,6.84,0.345,365,0.5164319248826291,0.03286384976525822,0.5189873417721519,0.0379746835443038,875,0.5291428571428572,0.6217142857142857,4.241142857142857,0.393047619047619,238,0.1746987951807229,0.18072289156626506,0.19230769230769232,0.20512820512820512,432,0.6747685185185185,0.5949074074074074,4.680555555555555,0.37962962962962954,13.02,12.96,12.66,12.4,0,3,2
89,1205740466,1,13,13,13,12,375,0.5075757575757576,0.07954545454545454,0.5299145299145299,0.1282051282051282,50,0.8133333333333335,0.64,6.84,0.345,367,0.5162790697674419,0.03255813953488372,0.5189873417721519,0.0379746835443038,886,0.5299097065462754,0.6252821670428894,4.24040632054176,0.39268246802106843,240,0.17261904761904762,0.17857142857142858,0.19230769230769232,0.20512820512820512,436,0.6754587155963303,0.5986238532110092,4.681192660550459,0.37958715596330267,13.06,12.94,12.7,12.4,0,0,1
90,1205740467,1,13,14,14,13,383,0.5111940298507462,0.07835820895522388,0.5289256198347108,0.12396694214876033,50,0.8133333333333335,0.64,6.84,0.345,372,0.5114155251141552,0.0319634703196347,0.5157232704402516,0.03773584905660377,896,0.5306919642857143,0.6227678571428571,4.243303571428571,0.39332217261904756,240,0.17261904761904762,0.17857142857142858,0.19230769230769232,0.20512820512820512,441,0.6768707482993197,0.6009070294784581,4.682539682539683,0.3800075585789871,13.06,12.96,12.7,12.4,-1,-1,0
91,1205740468,1,11,13,11,12,389,0.5111111111111111,0.07777777777777778,0.528,0.128,50,0.8133333333333335,0.64,6.84,0.345,376,0.5135135135135135,0.03153153153153153,0.51875,0.0375,907,0.5264608599779493,0.6218302094818081,4.24696802646086,0.3937890481440646,243,0.17058823529411765,0.18235294117647058,0.189873417721519,0.20253164556962025,446,0.6754484304932735,0.5986547085201793,4.681614349775785,0.382473841554559,13.0,12.96,12.7,12.42,-2,0,-1
92,1205740469,1,13,12,12,12,393,0.5182481751824818,0.07664233576642336,0.528,0.128,50,0.8133333333333335,0.64,6.84,0.345,377,0.5112107623318386,0.03587443946188341,0.51875,0.0375,921,0.5260586319218241,0.6221498371335505,4.244299674267101,0.39350343829171186,248,0.1676300578034682,0.18497109826589594,0.18518518518518517,0.19753086419753085,449,0.6746473645137343,0.5991091314031181,4.6837416481069045,0.3827023014105419,13.0,12.94,12.7,12.4,1,1,1
93,1205740470,1,13,13,11,13,399,0.5126353790613718,0.08303249097472924,0.53125,0.125,51,0.8169934640522877,0.6470588235294118,6.8431372549019605,0.3431372549019608,384,0.5175438596491229,0.03508771929824561,0.5185185185185185,0.037037037037037035,928,0.5274784482758621,0.6206896551724138,4.237068965517241,0.3943067528735632,251,0.16666666666666666,0.1839080459770115,0.1927710843373494,0.1927710843373494,454,0.6738252569750367,0.6013215859030837,4.682819383259912,0.3850954478707782,13.02,12.96,12.64,12.44,0,2,0
94,1205740471,1,13,13,12,13,403,0.5107142857142857,0.08214285714285714,0.5348837209302325,0.12403100775193798,52,0.810897435897436,0.6538461538461539,6.826923076923077,0.34615384615384615,389,0.5194805194805194,0.03463203463203463,0.5182926829268293,0.036585365853658534,938,0.5277185501066098,0.6215351812366737,4.23773987206823,0.3938343994314143,255,0.1694915254237288,0.1807909604519774,0.19047619047619047,0.19047619047619047,459,0.6708424110384895,0.6034858387799564,4.686274509803922,0.38525780682643423,13.0,12.94,12.66,12.46,0,1,0
95,1205740472,1,13,14,12,12,406,0.5123674911660777,0.0812720848056537,0.5348837209302325,0.12403100775193798,52,0.810897435897436,0.6538461538461539,6.826923076923077,0.34615384615384615,391,0.5172413793103449,0.034482758620689655,0.5212121212121212,0.03636363636363636,950,0.5263157894736843,0.6221052631578947,4.24421052631579,0.3933333333333333,256,0.16853932584269662,0.1797752808988764,0.19047619047619047,0.19047619047619047,466,0.667203147353362,0.6008583690987125,4.686695278969957,0.38322603719599424,13.04,13.0,12.68,12.5,-1,1,1
96,1205740473,1,12,13,14,12,412,0.513986013986014,0.08041958041958042,0.5378787878787878,0.12878787878787878,53,0.8144654088050315,0.6415094339622641,6.811320754716981,0.35377358490566035,395,0.5150214592274678,0.03862660944206009,0.5119047619047619,0.03571428571428571,960,0.5239583333333334,0.6229166666666667,4.241666666666666,0.3941840277777777,258,0.16759776536312848,0.1787709497206704,0.2,0.18823529411764706,470,0.6700354609929079,0.6,4.691489361702128,0.38280141843971627,12.98,12.96,12.72,12.48,-1,-2,0
97,1205740474,1,14,15,11,11,417,0.5138888888888888,0.0798611111111111,0.5407407407407407,0.1259259259259259,54,0.8179012345679013,0.6481481481481481,6.814814814814815,0.35648148148148145,398,0.5128205128205128,0.038461538461538464,0.5117647058823529,0.03529411764705882,972,0.5252057613168725,0.6234567901234568,4.238683127572016,0.39446159122085045,263,0.16304347826086957,0.1793478260869565,0.2,0.18823529411764706,471,0.6707360226468507,0.6008492569002123,4.692144373673036,0.38251946213729654,13.0,13.02,12.68,12.46,-1,3,3
98,1205740475,1,12,15,13,13,420,0.5137931034482759,0.07931034482758621,0.5367647058823529,0.1323529411764706,55,0.8212121212121213,0.6545454545454545,6.818181818181818,0.35909090909090907,401,0.5084745762711864,0.038135593220338986,0.5087719298245614,0.04093567251461988,985,0.5258883248730964,0.6203045685279188,4.239593908629441,0.39458544839255494,268,0.16489361702127658,0.17553191489361702,0.20930232558139536,0.18604651162790697,474,0.6714135021097046,0.6033755274261603,4.689873417721519,0.38273558368495075,13.0,13.08,12.7,12.48,-3,-1,-1
99,1205740476,1,14,13,12,12,421,0.5154639175257731,0.07903780068728522,0.5367647058823529,0.1323529411764706,56,0.824404761904762,0.6607142857142857,6.821428571428571,0.35714285714285715,409,0.5145228215767634,0.03734439834024896,0.5,0.040229885057471264,995,0.5261306532663317,0.6201005025125628,4.236180904522613,0.3938860971524288,270,0.164021164021164,0.1746031746031746,0.20689655172413793,0.1839080459770115,477,0.6734800838574424,0.6037735849056604,4.687631027253669,0.3819007686932215,13.02,13.1,12.68,12.46,1,2,2
100,1205740477,1,11,14,11,12,425,0.5187713310580204,0.07849829351535836,0.5434782608695652,0.13043478260869565,56,0.824404761904762,0.6607142857142857,6.821428571428571,0.35714285714285715,414,0.5081967213114754,0.036885245901639344,0.5,0.03977272727272727,1007,0.5253227408142999,0.6186693147964251,4.23733862959285,0.39316451506123795,273,0.164021164021164,0.1746031746031746,0.2111111111111111,0.18888888888888888,481,0.6730769230769231,0.6070686070686071,4.6881496881496885,0.3813236313236313,12.98,13.1,12.62,12.48,-3,0,-1
101,1205740478,1,13,14,14,14,428,0.5202702702702703,0.08108108108108109,0.5434782608695652,0.13043478260869565,56,0.824404761904762,0.6607142857142857,6.821428571428571,0.35714285714285715,418,0.5101214574898786,0.03643724696356275,0.4971751412429379,0.03954802259887006,1016,0.5250984251968503,0.6171259842519685,4.2421259842519685,0.3931266404199475,274,0.164021164021164,0.1746031746031746,0.2087912087912088,0.18681318681318682,489,0.6678595773687798,0.6094069529652352,4.69120654396728,0.3822426721199727,12.96,13.1,12.62,12.46,-1,-1,-1
102,1205740479,1,13,13,14,11,430,0.5234899328859061,0.08053691275167785,0.5434782608695652,0.13043478260869565,57,0.8099415204678363,0.6491228070175439,6.807017543859649,0.35964912280701755,421,0.508,0.036,0.4971751412429379,0.03954802259887006,1027,0.5272638753651412,0.6183057448880234,4.247322297955209,0.3920804933463161,275,0.16842105263157894,0.1736842105263158,0.2087912087912088,0.18681318681318682,497,0.6681757209926223,0.607645875251509,4.69215291750503,0.38212608987256874,12.96,13.12,12.66,12.4,0,-1,2
103,1205740480,1,13,13,12,12,432,0.5250836120401338,0.0802675585284281,0.539568345323741,0.1366906474820144,58,0.8132183908045978,0.6379310344827587,6.810344827586207,0.3620689655172414,430,0.5097276264591439,0.03501945525291829,0.4972067039106145,0.03910614525139665,1033,0.527105517909003,0.6176185866408519,4.247821878025169,0.3917392707324943,276,0.16842105263157894,0.1736842105263158,0.20652173913043478,0.18478260869565216,505,0.6684818481848185,0.6118811881188119,4.687128712871287,0.3815181518151815,12.94,13.12,12.64,12.38,0,1,1
104,1205740481,1,13,13,12,10,433,0.5233333333333333,0.08333333333333333,0.539568345323741,0.1366906474820144,59,0.8163841807909605,0.6440677966101694,6.813559322033898,0.3601694915254237,433,0.5076923076923077,0.03461538461538462,0.4972067039106145,0.03910614525139665,1043,0.5252476829658038,0.6193672099712368,4.24352828379674,0.39117929050814954,281,0.17098445595854922,0.17098445595854922,0.2127659574468085,0.18085106382978725,511,0.6704174820613177,0.6144814090019569,4.686888454011742,0.37997390737116765,12.96,13.14,12.62,12.3,0,1,3
105,1205740482,1,14,14,13,13,436,0.5247524752475248,0.08250825082508251,0.539568345323741,0.1366906474820144,59,0.8163841807909605,0.6440677966101694,6.813559322033898,0.3601694915254237,437,0.5076335877862596,0.03435114503816794,0.4972375690607735,0.03867403314917127,1054,0.5264073371283998,0.6195445920303605,4.243833017077799,0.3909709044908285,284,0.17010309278350516,0.17525773195876287,0.20833333333333334,0.17708333333333334,516,0.671673126614987,0.6124031007751938,4.684108527131783,0.3791989664082687,12.96,13.14,12.58,12.28,0,1,1
106,1205740483,1,13,14,10,13,439,0.5230263157894737,0.08223684210526316,0.5390070921985816,0.1347517730496454,60,0.8194444444444445,0.6333333333333333,6.816666666666666,0.35833333333333334,443,0.5150375939849624,0.03383458646616541,0.4918032786885246,0.03825136612021858,1061,0.5265472824379517,0.6192271442035815,4.242224316682375,0.3909833490417844,286,0.16923076923076924,0.17435897435897435,0.20618556701030927,0.17525773195876287,522,0.6706577266922095,0.6111111111111112,4.681992337164751,0.38010855683269473,12.96,13.16,12.54,12.26,-1,3,0
107,1205740484,1,13,13,12,10,440,0.5230263157894737,0.08223684210526316,0.5352112676056338,0.13380281690140844,61,0.8142076502732242,0.639344262295082,6.819672131147541,0.36065573770491804,449,0.5111111111111111,0.03333333333333333,0.4972972972972973,0.03783783783783784,1071,0.5272331154684097,0.6171802054154996,4.239962651727358,0.39036725801431676,291,0.16751269035532995,0.17258883248730963,0.21,0.18,528,0.6658775252525252,0.6117424242424242,4.681818181818182,0.38147095959595956,12.94,13.14,12.5,12.22,0,1,3
108,1205740485,1,13,14,11,12,446,0.5225806451612903,0.08387096774193549,0.5352112676056338,0.13380281690140844,61,0.8142076502732242,0.639344262295082,6.819672131147541,0.36065573770491804,451,0.5092250922509225,0.03690036900369004,0.5,0.03763440860215054,1081,0.5275979031760716,0.6179463459759482,4.242368177613321,0.39022510021584944,293,0.1717171717171717,0.1717171717171717,0.2079207920792079,0.1782178217821782,535,0.6683800623052959,0.6130841121495327,4.680373831775701,0.3820872274143302,12.96,13.16,12.48,12.22,-1,2,1
109,1205740486,1,13,13,13,12,448,0.5241157556270096,0.08360128617363344,0.5384615384615384,0.13286713286713286,62,0.8010752688172044,0.6451612903225806,6.82258064516129,0.3588709677419355,454,0.5110294117647058,0.03676470588235294,0.5,0.03723404255319149,1092,0.5268620268620269,0.6163003663003663,4.240842490842491,0.3899572649572649,296,0.17,0.17,0.20588235294117646,0.17647058823529413,539,0.6643475572047001,0.6122448979591837,4.675324675324675,0.382034632034632,12.98,13.18,12.5,12.22,0,0,1
110,1205740487,1,13,13,12,13,449,0.5224358974358975,0.08333333333333333,0.5384615384615384,0.13286713286713286,64,0.8072916666666667,0.65625,6.8125,0.35546875,456,0.5128205128205128,0.03663003663003663,0.4973544973544973,0.042328042328042326,1101,0.5275507114744172,0.6158038147138964,4.244323342415986,0.3894943990311837,297,0.1691542288557214,0.1691542288557214,0.20588235294117646,0.17647058823529413,546,0.664072039072039,0.6117216117216118,4.673992673992674,0.3826312576312576,12.96,13.16,12.46,12.22,0,1,0
111,1205740488,1,13,13,13,11,451,0.5239616613418531,0.08306709265175719,0.5347222222222222,0.1388888888888889,65,0.8102564102564104,0.6615384615384615,6.815384615384615,0.35384615384615387,461,0.5127272727272727,0.03636363636363636,0.4947916666666667,0.041666666666666664,1112,0.5272781774580336,0.6169064748201439,4.2428057553956835,0.38946342925659466,304,0.16990291262135923,0.1650485436893204,0.21153846153846154,0.17307692307692307,548,0.6634732360097323,0.6131386861313869,4.671532846715328,0.382147201946472,12.98,13.14,12.5,12.22,0,0,2
112,1205740489,1,13,14,11,12,452,0.5254777070063694,0.08280254777070063,0.5347222222222222,0.1388888888888889,65,0.8102564102564104,0.6615384615384615,6.815384615384615,0.35384615384615387,468,0.5071428571428571,0.03571428571428571,0.5,0.041237113402061855,1119,0.52755436401549,0.6157283288650581,4.243074173369079,0.38926124515936844,305,0.17391304347826086,0.1642512077294686,0.21153846153846154,0.17307692307692307,555,0.6611111111111111,0.6126126126126126,4.668468468468468,0.38183183183183184,12.98,13.14,12.46,12.22,-1,2,1
113,1205740490,1,12,13,14,12,456,0.526813880126183,0.08517350157728706,0.5310344827586206,0.13793103448275862,66,0.8030303030303031,0.6515151515151515,6.803030303030303,0.35984848484848486,471,0.5035460992907801,0.03546099290780142,0.5025641025641026,0.041025641025641026,1131,0.5268199233716475,0.6153846153846154,4.244031830238727,0.38844680223990563,307,0.17391304347826086,0.1642512077294686,0.20754716981132076,0.16981132075471697,558,0.6593488649940262,0.6129032258064516,4.672043010752688,0.3824671445639187,12.92,13.1,12.48,12.18,-1,-2,0
114,1205740491,1,13,13,12,9,456,0.526813880126183,0.08517350157728706,0.5310344827586206,0.13793103448275862,67,0.791044776119403,0.6567164179104478,6.8059701492537314,0.3582089552238806,474,0.5053003533568905,0.0353356890459364,0.5076142131979695,0.04060913705583756,1142,0.5287507297139522,0.6164623467600701,4.250437828371278,0.38798890834792754,313,0.16981132075471697,0.1650943396226415,0.205607476635514,0.16822429906542055,564,0.6611997635933805,0.6081560283687943,4.684397163120567,0.3815011820330969,12.92,13.1,12.44,12.06,0,1,4
115,1205740492,1,10,10,13,11,459,0.5283018867924528,0.08490566037735849,0.5306122448979592,0.1360544217687075,67,0.791044776119403,0.6567164179104478,6.8059701492537314,0.3582089552238806,478,0.5052631578947369,0.03508771929824561,0.5025125628140703,0.04020100502512563,1152,0.5283564814814815,0.6154513888888888,4.256076388888889,0.3880931712962962,314,0.16981132075471697,0.1650943396226415,0.2037037037037037,0.16666666666666666,574,0.659698025551684,0.6062717770034843,4.688153310104529,0.38182346109175375,12.86,13.02,12.44,12.04,0,-3,-1
116,1205740493,1,16,14,11,13,465,0.531055900621118,0.08385093167701864,0.5234899328859061,0.1342281879194631,68,0.7941176470588236,0.6617647058823529,6.8088235294117645,0.35661764705882354,482,0.5034722222222222,0.034722222222222224,0.505,0.04,1161,0.5296439850703417,0.615848406546081,4.251507321274763,0.3885300028710881,317,0.16901408450704225,0.1643192488262911,0.20909090909090908,0.17272727272727273,578,0.6590253748558246,0.6072664359861591,4.688581314878893,0.38350634371395614,12.94,13.04,12.38,12.02,2,5,3
117,1205740494,1,15,13,15,13,469,0.5339506172839507,0.08333333333333333,0.5165562913907285,0.13245033112582782,69,0.7898550724637682,0.6666666666666666,6.811594202898551,0.358695652173913,484,0.5,0.034482758620689655,0.505,0.04,1171,0.5302448050099631,0.6174210076857387,4.251921434671221,0.3886279533162538,321,0.17511520737327188,0.16129032258064516,0.20909090909090908,0.17272727272727273,581,0.6596385542168673,0.6075731497418244,4.685025817555938,0.38367756741250714,12.98,13.02,12.44,12.02,2,0,2
118,1205740495,1,12,12,13,12,475,0.5333333333333333,0.08787878787878788,0.5165562913907285,0.13245033112582782,70,0.7928571428571429,0.6571428571428571,6.814285714285714,0.3607142857142857,490,0.4965986394557823,0.034013605442176874,0.5099009900990099,0.039603960396039604,1178,0.5304895302773063,0.6188455008488964,4.246179966044143,0.38801641199773623,326,0.1735159817351598,0.1598173515981735,0.20353982300884957,0.19469026548672566,586,0.6608361774744026,0.6109215017064846,4.684300341296928,0.38339021615472124,12.94,13.0,12.46,12.06,0,-1,0
119,1205740496,1,14,13,10,11,479,0.5285285285285285,0.08708708708708708,0.5197368421052632,0.13157894736842105,71,0.795774647887324,0.6619718309859155,6.816901408450704,0.3591549295774648,495,0.494949494949495,0.03367003367003367,0.5098039215686274,0.0392156862745098,1189,0.5314690215867677,0.6156433978132885,4.246425567703953,0.3880011213905242,330,0.1735159817351598,0.1598173515981735,0.19658119658119658,0.18803418803418803,588,0.6611394557823128,0.6122448979591837,4.681972789115647,0.38336167800453513,12.96,13.02,12.36,12.04,1,4,3
120,1205740497,1,14,10,12,12,484,0.5283582089552239,0.08656716417910448,0.5225806451612903,0.13548387096774195,71,0.795774647887324,0.6619718309859155,6.816901408450704,0.3591549295774648,498,0.4983277591973244,0.033444816053511704,0.5073170731707317,0.03902439024390244,1199,0.532040589380039,0.6171809841534612,4.244370308590492,0.3881011954406449,333,0.17117117117117117,0.15765765765765766,0.19658119658119658,0.18803418803418803,594,0.6623176206509539,0.6111111111111112,4.681818181818182,0.3832772166105499,13.0,12.94,12.38,12.08,4,2,2
121,1205740498,1,14,13,14,14,488,0.5281899109792285,0.08605341246290801,0.5159235668789809,0.1337579617834395,71,0.795774647887324,0.6619718309859155,6.816901408450704,0.3591549295774648,501,0.5,0.03333333333333333,0.5072463768115942,0.03864734299516908,1209,0.5326027019575408,0.6162117452440034,4.245657568238213,0.38799283154121855,338,0.17333333333333334,0.15555555555555556,0.19327731092436976,0.19327731092436976,599,0.6617974401780745,0.6093489148580968,4.682804674457429,0.3831385642737897,13.0,12.94,12.44,12.12,1,0,0
122,1205740499,1,12,13,10,14,490,0.5295857988165681,0.08579881656804733,0.5189873417721519,0.13291139240506328,71,0.795774647887324,0.6619718309859155,6.816901408450704,0.3591549295774648,505,0.5,0.033112582781456956,0.507177033492823,0.03827751196172249,1220,0.5312158469945356,0.6147540983606558,4.245901639344262,0.38838797814207643,341,0.1762114537444934,0.15859030837004406,0.19166666666666668,0.19166666666666668,607,0.6604887424492036,0.6079077429983526,4.683690280065898,0.3830313014827018,12.96,12.94,12.36,12.16,-1,2,-2
123,1205740500,1,13,13,11,12,495,0.5276967930029155,0.08454810495626822,0.5189873417721519,0.13291139240506328,71,0.795774647887324,0.6619718309859155,6.816901408450704,0.3591549295774648,512,0.5,0.032679738562091505,0.5094339622641509,0.03773584905660377,1230,0.5317750677506776,0.6138211382113821,4.2455284552845525,0.3886856368563685,343,0.17543859649122806,0.15789473684210525,0.19008264462809918,0.19008264462809918,611,0.6602564102564102,0.6072013093289689,4.685761047463175,0.38338788870703766,12.98,12.94,12.32,12.16,0,2,1
124,1205740501,1,13,14,13,12,498,0.5246376811594203,0.08405797101449275,0.5220125786163522,0.1320754716981132,72,0.7986111111111112,0.6666666666666666,6.819444444444445,0.3611111111111111,515,0.501628664495114,0.03257328990228013,0.5046728971962616,0.037383177570093455,1242,0.5314680622651639,0.6151368760064412,4.248792270531401,0.38835212023617816,346,0.17316017316017315,0.15584415584415584,0.19008264462809918,0.19008264462809918,615,0.6592140921409213,0.6065040650406504,4.682926829268292,0.3829268292682927,12.98,12.98,12.34,12.2,-1,0,1
125,1205740502,1,13,14,12,14,500,0.5244956772334294,0.08357348703170028,0.5220125786163522,0.1320754716981132,73,0.8013698630136987,0.6712328767123288,6.821917808219178,0.363013698630137,521,0.5048231511254019,0.03215434083601286,0.5,0.037037037037037035,1253,0.5319898909284385,0.6137270550678372,4.24341580207502,0.3881351423250864,352,0.1702127659574468,0.15319148936170213,0.18699186991869918,0.18699186991869918,617,0.6603187466234467,0.6077795786061588,4.683954619124798,0.3824959481361426,13.02,13.04,12.34,12.24,-1,1,-1
126,1205740503,1,13,11,13,13,503,0.5272206303724928,0.0830945558739255,0.51875,0.13125,74,0.8040540540540542,0.6756756756756757,6.824324324324325,0.3614864864864865,525,0.5063694267515924,0.03184713375796178,0.5023041474654378,0.03686635944700461,1264,0.5328982067510549,0.615506329113924,4.2405063291139244,0.3875263713080168,355,0.16806722689075632,0.15546218487394958,0.18699186991869918,0.18699186991869918,622,0.6598338692390139,0.6061093247588425,4.684887459807074,0.38183279742765275,13.02,13.02,12.38,12.22,2,0,0
127,1205740504,1,15,14,13,13,508,0.5325779036827195,0.0821529745042493,0.515527950310559,0.13043478260869565,74,0.8040540540540542,0.6756756756756757,6.824324324324325,0.3614864864864865,532,0.5078864353312302,0.031545741324921134,0.502262443438914,0.03619909502262444,1271,0.5338971938106479,0.6160503540519277,4.241542092840283,0.3873590348806713,355,0.16806722689075632,0.15546218487394958,0.18699186991869918,0.18699186991869918,628,0.6583067940552016,0.60828025477707,4.68312101910828,0.3821656050955414,13.04,13.02,12.38,12.24,1,2,2
128,1205740505,1,13,12,12,13,510,0.532394366197183,0.08169014084507042,0.515527950310559,0.13043478260869565,74,0.8040540540540542,0.6756756756756757,6.824324324324325,0.3614864864864865,536,0.5109717868338558,0.03134796238244514,0.4977578475336323,0.03587443946188341,1281,0.5345433255269322,0.6159250585480094,4.243559718969555,0.38726255529534215,357,0.17154811715481172,0.15481171548117154,0.1935483870967742,0.18548387096774194,634,0.6591745531019978,0.61198738170347,4.684542586750789,0.38170347003154576,13.04,13.0,12.38,12.26,1,1,0
129,1205740506,1,13,12,13,12,513,0.532394366197183,0.08169014084507042,0.5060975609756098,0.13414634146341464,74,0.8040540540540542,0.6756756756756757,6.824324324324325,0.3614864864864865,542,0.5093167701863354,0.031055900621118012,0.504424778761062,0.035398230088495575,1288,0.5350025879917185,0.6149068322981367,4.2437888198757765,0.3876811594202898,359,0.17083333333333334,0.15833333333333333,0.192,0.184,640,0.6600260416666666,0.6125,4.6828125,0.381640625,13.04,12.94,12.38,12.2,1,0,1
130,1205740507,1,14,14,14,13,515,0.5350140056022409,0.08123249299719888,0.5060975609756098,0.13414634146341464,75,0.8066666666666668,0.6666666666666666,6.8133333333333335,0.36333333333333334,543,0.5077399380804953,0.030959752321981424,0.504424778761062,0.035398230088495575,1296,0.5336291152263376,0.6134259259259259,4.24537037037037,0.38798868312757195,360,0.17083333333333334,0.15833333333333333,0.1984126984126984,0.18253968253968253,648,0.660108024691358,0.6126543209876543,4.686728395061729,0.38155864197530864,13.06,13.0,12.4,12.24,0,0,1
131,1205740508,1,10,12,12,12,517,0.5376044568245125,0.0807799442896936,0.5060975609756098,0.13414634146341464,75,0.8066666666666668,0.6666666666666666,6.8133333333333335,0.36333333333333334,545,0.5077399380804953,0.030959752321981424,0.5043859649122807,0.03508771929824561,1304,0.5326559304703478,0.6119631901840491,4.247699386503068,0.387142126789366,360,0.17083333333333334,0.15833333333333333,0.1984126984126984,0.18253968253968253,659,0.6612291350531107,0.6084977238239757,4.69195751138088,0.3802478502781993,12.96,12.98,12.4,12.26,-2,-2,-2
132,1205740509,1,13,13,10,13,518,0.5388888888888889,0.08055555555555556,0.5060975609756098,0.13414634146341464,76,0.7960526315789475,0.6710526315789473,6.802631578947368,0.3651315789473684,547,0.5076923076923077,0.03076923076923077,0.5043859649122807,0.03508771929824561,1316,0.5323581560283689,0.6132218844984803,4.25,0.3877912867274569,362,0.17083333333333334,0.15833333333333333,0.1953125,0.1796875,667,0.6620439780109943,0.6101949025487257,4.694152923538231,0.37993503248375815,12.94,13.02,12.36,12.3,0,3,0
133,1205740510,1,12,13,14,12,522,0.5373961218836565,0.08310249307479224,0.5089820359281437,0.1377245508982036,77,0.7987012987012988,0.6753246753246753,6.805194805194805,0.36363636363636365,552,0.5015197568389058,0.030395136778115502,0.5021834061135371,0.034934497816593885,1325,0.5316352201257863,0.6128301886792453,4.245283018867925,0.3883647798742138,365,0.16942148760330578,0.15702479338842976,0.1937984496124031,0.17829457364341086,671,0.6603328365623446,0.6110283159463488,4.694485842026825,0.3795330352707402,12.92,13.08,12.4,12.32,-1,-2,0
134,1205740511,1,14,12,13,11,524,0.5371900826446281,0.08264462809917356,0.5089820359281437,0.1377245508982036,77,0.7987012987012988,0.6753246753246753,6.805194805194805,0.36363636363636365,559,0.5045045045045045,0.03003003003003003,0.5,0.034482758620689655,1335,0.5317727840199752,0.6112359550561798,4.247940074906367,0.38807740324594253,366,0.16942148760330578,0.15702479338842976,0.2,0.17692307692307693,676,0.6606262327416172,0.6124260355029586,4.6982248520710055,0.37968441814595666,12.94,13.06,12.4,12.26,2,1,3
135,1205740512,1,14,14,11,11,527,0.5357142857142857,0.08241758241758242,0.5088757396449705,0.13609467455621302,78,0.8012820512820513,0.6794871794871795,6.8076923076923075,0.36538461538461536,562,0.5029761904761905,0.02976190476190476,0.5,0.034482758620689655,1346,0.5333704804358594,0.611441307578009,4.24888558692422,0.38806339772164433,369,0.1680327868852459,0.1557377049180328,0.1984732824427481,0.17557251908396945,680,0.661642156862745,0.611764705882353,4.695588235294117,0.3800245098039216,13.02,13.06,12.34,12.22,0,3,3
136,1205740513,1,12,12,13,14,532,0.5340599455040872,0.08719346049046321,0.5087719298245614,0.13450292397660818,79,0.8037974683544304,0.6835443037974683,6.810126582278481,0.3639240506329114,570,0.49853372434017595,0.02932551319648094,0.502127659574468,0.03404255319148936,1355,0.533148831488315,0.6110701107011071,4.248708487084871,0.3875153751537515,370,0.1680327868852459,0.1557377049180328,0.19696969696969696,0.17424242424242425,685,0.6621654501216544,0.6087591240875913,4.693430656934306,0.38053527980535284,12.98,13.08,12.34,12.22,0,-1,-2
137,1205740514,1,12,14,14,12,535,0.532608695652174,0.08967391304347826,0.5086705202312138,0.13872832369942195,80,0.80625,0.6875,6.8125,0.3625,580,0.5,0.028901734104046242,0.5,0.03333333333333333,1363,0.5336879432624115,0.6111518708730741,4.247982391782832,0.3868916605527023,371,0.1680327868852459,0.1557377049180328,0.20300751879699247,0.17293233082706766,690,0.6638888888888888,0.6072463768115942,4.694202898550724,0.38031400966183576,12.98,13.1,12.32,12.2,-2,-2,0
138,1205740515,1,14,14,14,11,536,0.5338753387533876,0.08943089430894309,0.5086705202312138,0.13872832369942195,80,0.80625,0.6875,6.8125,0.3625,585,0.5,0.028735632183908046,0.5020576131687243,0.03292181069958848,1375,0.5330303030303032,0.610909090909091,4.250181818181818,0.387030303030303,372,0.17142857142857143,0.15510204081632653,0.20300751879699247,0.17293233082706766,697,0.6643950263032041,0.6068866571018652,4.69296987087518,0.37936394069823054,12.98,13.1,12.38,12.18,0,0,3
139,1205740516,1,12,12,12,11,544,0.5319148936170213,0.09308510638297872,0.5114942528735632,0.13793103448275862,80,0.80625,0.6875,6.8125,0.3625,592,0.4971590909090909,0.028409090909090908,0.5040650406504065,0.036585365853658534,1385,0.5327918170878461,0.6115523465703971,4.248375451263538,0.3873044524669073,372,0.17142857142857143,0.15510204081632653,0.20300751879699247,0.17293233082706766,702,0.6646486229819563,0.6082621082621082,4.6908831908831905,0.3795109211775879,12.96,13.08,12.36,12.16,0,0,1
140,1205740517,1,11,13,11,13,551,0.5289473684210526,0.09736842105263158,0.5141242937853108,0.14124293785310735,80,0.80625,0.6875,6.8125,0.3625,594,0.4985835694050991,0.028328611898016998,0.5020242914979757,0.03643724696356275,1397,0.5321522309711287,0.6120257695060844,4.249821045096636,0.3868408494392746,377,0.17338709677419356,0.1532258064516129,0.2,0.17037037037037037,705,0.6639479905437351,0.6070921985815603,4.692198581560284,0.38026004728132395,12.92,13.06,12.3,12.16,-2,0,-2
141,1205740518,1,11,12,13,11,555,0.5326370757180157,0.09660574412532637,0.5112359550561798,0.1404494382022472,81,0.808641975308642,0.691358024691358,6.802469135802469,0.3611111111111111,596,0.5,0.02824858757062147,0.5040322580645161,0.036290322580645164,1406,0.5312351825509721,0.6102418207681366,4.248933143669986,0.3866761498340445,379,0.17269076305220885,0.15261044176706828,0.19852941176470587,0.17647058823529413,709,0.6651386929948283,0.6050775740479548,4.693935119887165,0.379877762106253,12.92,13.04,12.34,12.14,-1,-2,0
142,1205740519,1,14,12,12,13,559,0.5348837209302325,0.09560723514211886,0.5112359550561798,0.1404494382022472,81,0.808641975308642,0.691358024691358,6.802469135802469,0.3611111111111111,602,0.49859943977591037,0.03081232492997199,0.5059760956175299,0.035856573705179286,1416,0.5316031073446329,0.6108757062146892,4.248587570621469,0.38677024482109224,382,0.17063492063492064,0.15079365079365079,0.19852941176470587,0.17647058823529413,713,0.6642122487143524,0.605890603085554,4.692847124824684,0.37985039738195425,12.94,13.04,12.34,12.16,2,2,1
143,1205740520,1,11,12,12,13,561,0.5335051546391752,0.0979381443298969,0.5139664804469274,0.13966480446927373,82,0.8109756097560976,0.6951219512195121,6.804878048780488,0.3628048780487805,612,0.4986225895316804,0.030303030303030304,0.5058823529411764,0.0392156862745098,1423,0.5328531271960648,0.6106816584680252,4.248067463106114,0.38633169360505976,383,0.17063492063492064,0.15079365079365079,0.19708029197080293,0.18248175182481752,721,0.6630836800739712,0.6074895977808599,4.689320388349515,0.37944983818770234,12.9,13.02,12.36,12.16,-1,-1,-2
144,1205740521,1,11,11,14,12,565,0.5345268542199488,0.09974424552429667,0.5111111111111111,0.1388888888888889,83,0.8012048192771084,0.6987951807228916,6.807228915662651,0.3614457831325301,614,0.4986225895316804,0.030303030303030304,0.5019455252918288,0.038910505836575876,1433,0.5333217027215633,0.6113049546406141,4.257501744591766,0.3862526168876483,386,0.17254901960784313,0.14901960784313725,0.19708029197080293,0.18248175182481752,725,0.6621839080459769,0.6068965517241379,4.695172413793103,0.3794252873563219,12.86,12.98,12.4,12.14,0,-3,-1
145,1205740522,1,15,15,13,12,570,0.5357142857142857,0.09948979591836735,0.5108695652173914,0.1358695652173913,84,0.8035714285714286,0.7023809523809523,6.809523809523809,0.3601190476190476,616,0.49725274725274726,0.03021978021978022,0.5038759689922481,0.03875968992248062,1442,0.5338072122052706,0.6102635228848821,4.257975034674064,0.38644244105409153,390,0.17120622568093385,0.14785992217898833,0.20863309352517986,0.17985611510791366,729,0.6608367626886145,0.6063100137174211,4.695473251028806,0.3794010059442159,12.9,13.0,12.42,12.14,0,2,3
146,1205740523,1,12,12,11,12,577,0.5314861460957179,0.10075566750629723,0.5161290322580645,0.13440860215053763,84,0.8035714285714286,0.7023809523809523,6.809523809523809,0.3601190476190476,619,0.4972677595628415,0.030054644808743168,0.5057915057915058,0.03861003861003861,1453,0.5349277357192018,0.6097728836889195,4.253957329662767,0.387130075705437,393,0.17054263565891473,0.14728682170542637,0.20567375886524822,0.18439716312056736,733,0.658594815825375,0.607094133697135,4.695770804911323,0.37937698954070037,12.9,12.98,12.36,12.14,0,1,0
147,1205740524,1,13,12,12,13,581,0.53,0.1025,0.5187165775401069,0.13368983957219252,84,0.8035714285714286,0.7023809523809523,6.809523809523809,0.3601190476190476,619,0.4972677595628415,0.030054644808743168,0.5057915057915058,0.03861003861003861,1465,0.5335039817974974,0.6095563139931741,4.2566552901023895,0.38668941979522187,394,0.16988416988416988,0.14671814671814673,0.20567375886524822,0.18439716312056736,742,0.656446540880503,0.605121293800539,4.6940700808625335,0.37960467205750226,12.88,12.92,12.38,12.18,1,1,0
148,1205740525,1,14,12,13,12,581,0.53,0.1025,0.5187165775401069,0.13368983957219252,84,0.8035714285714286,0.7023809523809523,6.809523809523809,0.3601190476190476,623,0.49728260869565216,0.029891304347826088,0.5057471264367817,0.038314176245210725,1476,0.5325767841011745,0.6090785907859079,4.253387533875339,0.3870257452574526,396,0.16923076923076924,0.14615384615384616,0.2112676056338028,0.18309859154929578,748,0.6558600713012477,0.6056149732620321,4.69385026737968,0.3792335115864528,12.92,12.86,12.38,12.16,2,1,2
149,1205740526,1,14,13,13,14,584,0.5311720698254364,0.10224438902743142,0.5132275132275133,0.13756613756613756,84,0.8035714285714286,0.7023809523809523,6.809523809523809,0.3601190476190476,630,0.49731182795698925,0.02956989247311828,0.5,0.041666666666666664,1487,0.5340170365388928,0.609280430396772,4.251513113651647,0.386684599865501,399,0.1724137931034483,0.14559386973180077,0.20833333333333334,0.18055555555555555,751,0.6572347980470483,0.6058588548601864,4.693741677762983,0.37905015534842434,12.92,12.86,12.4,12.2,1,1,0
150,1205740527,1,13,12,13,12,585,0.5298507462686567,0.10199004975124377,0.5132275132275133,0.13756613756613756,85,0.8058823529411765,0.7058823529411765,6.811764705882353,0.3588235294117647,640,0.49868073878627966,0.029023746701846966,0.50187265917603,0.0449438202247191,1493,0.5335454342487164,0.608841259209645,4.249832551908908,0.3868609064523331,404,0.17045454545454544,0.14772727272727273,0.2054794520547945,0.1780821917808219,756,0.6588403880070546,0.6058201058201058,4.694444444444445,0.3791887125220459,12.96,12.82,12.44,12.2,1,0,1
151,1205740528,1,13,14,12,13,590,0.5308641975308642,0.10123456790123457,0.5130890052356021,0.14136125654450263,85,0.8058823529411765,0.7058823529411765,6.811764705882353,0.3588235294117647,643,0.49868766404199477,0.028871391076115485,0.5,0.04477611940298507,1506,0.5329238601150954,0.6088977423638778,4.247675962815405,0.38650951748561313,408,0.17228464419475656,0.14606741573033707,0.20408163265306123,0.17687074829931973,759,0.6601888449714536,0.6060606060606061,4.695652173913044,0.3790074659639877,12.96,12.82,12.4,12.18,-1,1,0
152,1205740529,1,13,10,12,9,594,0.5318627450980392,0.10294117647058823,0.5104166666666666,0.140625,85,0.8058823529411765,0.7058823529411765,6.811764705882353,0.3588235294117647,646,0.5013054830287206,0.028720626631853787,0.49814126394052044,0.04460966542750929,1519,0.5326420890937021,0.6102699144173799,4.246214614878209,0.3858349791529515,413,0.16974169741697417,0.14760147601476015,0.20270270270270271,0.17567567567567569,763,0.6600043687199649,0.6068152031454783,4.697247706422019,0.37898645696810834,12.96,12.76,12.36,12.14,3,1,4
153,1205740530,1,14,13,12,13,598,0.5292682926829269,0.1048780487804878,0.5154639175257731,0.13917525773195877,85,0.8058823529411765,0.7058823529411765,6.811764705882353,0.3588235294117647,650,0.5025906735751295,0.02849740932642487,0.5,0.044444444444444446,1528,0.5342495636998257,0.6092931937172775,4.244764397905759,0.3865074171029669,417,0.1678832116788321,0.145985401459854,0.2080536912751678,0.174496644295302,767,0.6591699261190785,0.6075619295958279,4.697522816166884,0.37896566710126034,12.98,12.76,12.36,12.16,1,2,1
154,1205740531,1,14,13,11,12,601,0.5304136253041363,0.10462287104622871,0.5153061224489796,0.14285714285714285,86,0.7965116279069767,0.7093023255813954,6.813953488372093,0.35755813953488375,654,0.5051546391752577,0.028350515463917526,0.4963235294117647,0.04411764705882353,1537,0.5350249403600088,0.6089785296031229,4.243331164606376,0.38603339839514206,420,0.16666666666666666,0.14492753623188406,0.20666666666666667,0.17333333333333334,772,0.6600820379965456,0.6062176165803109,4.699481865284974,0.3791018998272885,13.0,12.76,12.34,12.2,1,3,2
155,1205740532,1,14,10,13,13,609,0.5264423076923077,0.10576923076923077,0.5226130653266332,0.1407035175879397,87,0.7988505747126436,0.7126436781609196,6.816091954022989,0.3563218390804598,656,0.5038560411311054,0.028277634961439587,0.4981684981684982,0.04395604395604396,1549,0.5350763933720681,0.6087798579728857,4.240800516462234,0.38594792339143535,426,0.16428571428571428,0.14642857142857144,0.21052631578947367,0.17763157894736842,773,0.6605217766278567,0.6054333764553687,4.698576972833118,0.37893488572660633,13.0,12.68,12.34,12.2,4,1,1
156,1205740533,1,9,11,14,13,613,0.5239234449760766,0.10526315789473684,0.5174129353233831,0.14925373134328357,88,0.8011363636363636,0.7045454545454546,6.818181818181818,0.36079545454545453,658,0.5063938618925832,0.028132992327365727,0.4981684981684982,0.04395604395604396,1560,0.5345085470085472,0.607051282051282,4.240384615384615,0.3853098290598291,431,0.16607773851590105,0.14840989399293286,0.2077922077922078,0.18181818181818182,779,0.6612109542148052,0.6059050064184852,4.698331193838254,0.37922550278134365,12.92,12.62,12.42,12.2,-2,-5,-4
157,1205740534,1,14,13,12,13,615,0.5261904761904762,0.10476190476190476,0.5174129353233831,0.14925373134328357,88,0.8011363636363636,0.7045454545454546,6.818181818181818,0.36079545454545453,663,0.5037974683544304,0.027848101265822784,0.5,0.043795620437956206,1570,0.5356687898089173,0.60828025477707,4.238216560509554,0.38508492569002123,432,0.16549295774647887,0.14788732394366197,0.2077922077922078,0.18181818181818182,783,0.6616645381013196,0.6066411238825032,4.697318007662835,0.378884631758195,12.94,12.62,12.42,12.26,1,2,1
158,1205740535,1,15,15,13,11,619,0.5249406175771971,0.10451306413301663,0.5196078431372549,0.14705882352941177,89,0.8033707865168539,0.7078651685393258,6.820224719101123,0.3595505617977528,667,0.5050251256281407,0.02763819095477387,0.5018181818181818,0.04363636363636364,1579,0.5370487650411654,0.6086130462317922,4.236858771374288,0.38478995144606293,435,0.16842105263157894,0.14736842105263157,0.20512820512820512,0.1794871794871795,789,0.6610688635403463,0.605830164765526,4.700887198986059,0.37885509083227714,12.98,12.64,12.46,12.24,0,2,4
159,1205740536,1,15,14,13,11,622,0.524822695035461,0.10638297872340426,0.5170731707317073,0.14634146341463414,89,0.8033707865168539,0.7078651685393258,6.820224719101123,0.3595505617977528,669,0.5025,0.0275,0.5018181818181818,0.04363636363636364,1588,0.538413098236776,0.6095717884130982,4.237405541561713,0.3847082283795131,438,0.17132867132867133,0.14685314685314685,0.20253164556962025,0.18354430379746836,795,0.6598532494758909,0.6050314465408805,4.70314465408805,0.3778825995807128,13.02,12.66,12.46,12.22,1,2,4
160,1205740537,1,12,13,12,13,626,0.5199063231850117,0.10772833723653395,0.5170731707317073,0.14634146341463414,90,0.8055555555555556,0.7111111111111111,6.822222222222222,0.35833333333333334,675,0.5,0.027227722772277228,0.4981949458483754,0.04693140794223827,1597,0.5381966186599876,0.6098935504070131,4.242955541640576,0.3845752452515133,438,0.17132867132867133,0.14685314685314685,0.20253164556962025,0.18354430379746836,804,0.6586857379767826,0.6057213930348259,4.705223880597015,0.3780058043117745,13.0,12.66,12.46,12.22,-1,0,-1
161,1205740538,1,13,14,14,13,632,0.5198135198135199,0.10722610722610723,0.5167464114832536,0.14354066985645933,91,0.8076923076923077,0.7032967032967034,6.824175824175824,0.3626373626373626,680,0.5,0.027093596059113302,0.5,0.05,1608,0.5372097844112771,0.6094527363184079,4.2388059701492535,0.3852093698175788,441,0.1695501730103806,0.1453287197231834,0.20253164556962025,0.18354430379746836,807,0.6587154068566707,0.6047087980173482,4.70631970260223,0.3784593143329203,13.0,12.68,12.48,12.26,-1,-1,0
162,1205740539,1,13,13,13,12,637,0.5231481481481481,0.10648148148148148,0.5118483412322274,0.14218009478672985,92,0.8097826086956522,0.7065217391304348,6.826086956521739,0.36141304347826086,683,0.5,0.02696078431372549,0.501779359430605,0.0498220640569395,1616,0.5357879537953797,0.6089108910891089,4.2370049504950495,0.38526196369636967,442,0.1695501730103806,0.1453287197231834,0.20125786163522014,0.18238993710691823,815,0.6602249488752555,0.6061349693251534,4.707975460122699,0.3778118609406953,13.0,12.66,12.52,12.26,0,0,1
163,1205740540,1,13,14,12,12,639,0.5242494226327945,0.10623556581986143,0.5141509433962265,0.14150943396226415,93,0.8118279569892473,0.6989247311827957,6.827956989247312,0.3629032258064516,687,0.5012165450121655,0.0267639902676399,0.5035460992907801,0.04964539007092199,1628,0.5344492219492221,0.6087223587223587,4.237714987714988,0.3856470106470107,449,0.1718213058419244,0.14776632302405499,0.20121951219512196,0.18292682926829268,817,0.6598327213382292,0.6046511627906976,4.708690330477356,0.37780497756017956,13.02,12.68,12.48,12.26,-1,1,1
164,1205740541,1,12,13,14,13,641,0.5241379310344828,0.10804597701149425,0.5141509433962265,0.14150943396226415,93,0.8118279569892473,0.6989247311827957,6.827956989247312,0.3629032258064516,689,0.5,0.02669902912621359,0.5017667844522968,0.04946996466431095,1636,0.5333638956805218,0.6075794621026895,4.24083129584352,0.3857477587612062,449,0.1718213058419244,0.14776632302405499,0.20121951219512196,0.18292682926829268,828,0.6613325281803542,0.605072463768116,4.707729468599034,0.37771739130434784,13.0,12.68,12.52,12.34,-1,-2,-1
165,1205740542,1,13,10,12,12,646,0.5205479452054794,0.1095890410958904,0.514018691588785,0.14018691588785046,94,0.8138297872340425,0.7021276595744681,6.829787234042553,0.3617021276595745,696,0.4951923076923077,0.026442307692307692,0.506993006993007,0.04895104895104895,1646,0.5339712434183882,0.6081409477521263,4.239368165249089,0.38583434588902393,452,0.17064846416382254,0.14675767918088736,0.2,0.18181818181818182,830,0.66214859437751,0.6036144578313253,4.706024096385542,0.3774096385542169,13.06,12.68,12.5,12.36,3,1,1
166,1205740543,1,13,12,13,10,650,0.5215419501133787,0.10884353741496598,0.5116279069767442,0.14418604651162792,95,0.8052631578947368,0.6947368421052632,6.821052631578947,0.3631578947368421,698,0.49760765550239233,0.02631578947368421,0.506993006993007,0.04895104895104895,1657,0.533443975055321,0.6089318044659022,4.23958961979481,0.38538523435928385,454,0.17006802721088435,0.14965986394557823,0.19879518072289157,0.18674698795180722,836,0.6627791068580542,0.604066985645933,4.704545454545454,0.37679425837320574,13.0,12.64,12.54,12.3,1,0,3
167,1205740544,1,15,14,13,13,651,0.5215419501133787,0.10884353741496598,0.5138888888888888,0.14351851851851852,96,0.8072916666666666,0.6875,6.822916666666667,0.3645833333333333,701,0.4976190476190476,0.02619047619047619,0.5087108013937283,0.04878048780487805,1668,0.5338229416466829,0.6079136690647482,4.239208633093525,0.38539168665067947,460,0.1705685618729097,0.15384615384615385,0.19760479041916168,0.18562874251497005,839,0.663984902661899,0.6030989272943981,4.704410011918951,0.3772348033373063,13.0,12.66,12.5,12.3,1,2,2
168,1205740545,1,14,13,13,13,653,0.5226244343891403,0.1085972850678733,0.511520737327189,0.14746543778801843,97,0.8092783505154639,0.6804123711340206,6.824742268041237,0.36597938144329895,705,0.4976303317535545,0.026066350710900472,0.5121107266435986,0.04844290657439446,1676,0.5342581543357201,0.6073985680190931,4.237470167064439,0.3850437549721559,463,0.17,0.15333333333333332,0.20118343195266272,0.1834319526627219,845,0.6628205128205127,0.6047337278106509,4.702958579881657,0.37662721893491125,13.04,12.68,12.5,12.32,1,1,1
169,1205740546,1,13,13,13,12,657,0.5225225225225225,0.10810810810810811,0.5114155251141552,0.1461187214611872,98,0.8112244897959183,0.673469387755102,6.816326530612245,0.3647959183673469,709,0.4988235294117647,0.02588235294117647,0.5137931034482759,0.04827586206896552,1684,0.5338974663499606,0.6080760095011877,4.234560570071259,0.3852929532858274,470,0.16776315789473684,0.15460526315789475,0.20348837209302326,0.18023255813953487,847,0.663616686343959,0.6044864226682408,4.70720188902007,0.37662337662337664,13.02,12.68,12.56,12.34,0,0,1
170,1205740547,1,12,16,14,12,662,0.5212527964205816,0.10961968680089486,0.5113122171945701,0.14479638009049775,98,0.8112244897959183,0.673469387755102,6.816326530612245,0.3647959183673469,712,0.49882903981264637,0.02576112412177986,0.5154639175257731,0.048109965635738834,1697,0.5351600864270282,0.6075427224513847,4.236299351797289,0.38587703791003736,473,0.16721311475409836,0.1540983606557377,0.20114942528735633,0.1781609195402299,851,0.6646102624363494,0.6051703877790834,4.709753231492362,0.3763219741480611,12.98,12.8,12.6,12.34,-4,-2,0
171,1205740548,1,14,12,15,14,665,0.5233853006681515,0.1091314031180401,0.509009009009009,0.14864864864864866,98,0.8112244897959183,0.673469387755102,6.816326530612245,0.3647959183673469,712,0.49882903981264637,0.02576112412177986,0.5154639175257731,0.048109965635738834,1710,0.534795321637427,0.6081871345029239,4.235087719298246,0.3860136452241716,479,0.16451612903225807,0.16129032258064516,0.2,0.17714285714285713,855,0.6650097465886938,0.6058479532163743,4.711111111111111,0.37660818713450295,12.98,12.78,12.62,12.34,2,-1,0
172,1205740549,1,14,14,12,13,670,0.5265486725663717,0.1084070796460177,0.5044642857142857,0.15178571428571427,98,0.8112244897959183,0.673469387755102,6.816326530612245,0.3647959183673469,716,0.49767441860465117,0.02558139534883721,0.5171232876712328,0.04794520547945205,1721,0.5344760797985669,0.6083672283556072,4.2359093550261475,0.3866937826844858,481,0.16720257234726688,0.1607717041800643,0.19886363636363635,0.17613636363636365,861,0.663859852884243,0.6074332171893148,4.713124274099884,0.37659698025551686,13.02,12.8,12.66,12.32,0,2,1
173,1205740550,1,13,12,11,12,673,0.526431718061674,0.10792951541850221,0.5066666666666667,0.1511111111111111,98,0.8112244897959183,0.673469387755102,6.816326530612245,0.3647959183673469,721,0.49884526558891457,0.025404157043879907,0.5170068027210885,0.047619047619047616,1730,0.5337186897880541,0.607514450867052,4.2375722543352605,0.38684971098265897,482,0.16720257234726688,0.1607717041800643,0.1977401129943503,0.1751412429378531,870,0.6638888888888888,0.6091954022988506,4.713793103448276,0.37624521072796935,13.02,12.78,12.66,12.32,1,2,1
174,1205740551,1,15,12,13,11,678,0.5295404814004376,0.10722100656455143,0.5110132158590308,0.14977973568281938,98,0.8112244897959183,0.673469387755102,6.816326530612245,0.3647959183673469,725,0.496551724137931,0.02528735632183908,0.5168918918918919,0.0472972972972973,1741,0.5333141872487077,0.6065479609419874,4.236645605973578,0.3869902354968409,483,0.16720257234726688,0.1607717041800643,0.19662921348314608,0.17415730337078653,875,0.6632380952380952,0.6091428571428571,4.7131428571428575,0.3764761904761904,13.06,12.74,12.66,12.3,3,2,4
175,1205740552,1,14,13,12,14,679,0.5283842794759825,0.10698689956331878,0.5110132158590308,0.14977973568281938,102,0.8137254901960784,0.6666666666666666,6.803921568627451,0.3627450980392157,731,0.4943310657596372,0.024943310657596373,0.5168918918918919,0.0472972972972973,1744,0.5332568807339451,0.606651376146789,4.236811926605505,0.38704128440366975,489,0.16507936507936508,0.16507936507936508,0.19444444444444445,0.17222222222222222,880,0.662310606060606,0.6090909090909091,4.7125,0.37717803030303027,13.08,12.72,12.66,12.3,1,2,0
176,1205740553,1,12,13,12,13,681,0.5272331154684096,0.10675381263616558,0.5131578947368421,0.14912280701754385,103,0.8155339805825242,0.6699029126213593,6.805825242718447,0.3616504854368932,735,0.49209932279909707,0.024830699774266364,0.5134228187919463,0.04697986577181208,1751,0.5336950314106226,0.6059394631639063,4.238149628783552,0.38706453455168477,491,0.16455696202531644,0.16772151898734178,0.19889502762430938,0.1712707182320442,889,0.6601049868766403,0.6074240719910011,4.708661417322834,0.37701537307836513,13.06,12.76,12.64,12.3,-1,0,-1
177,1205740554,1,11,12,14,12,683,0.527114967462039,0.10629067245119306,0.5131578947368421,0.14912280701754385,103,0.8155339805825242,0.6699029126213593,6.805825242718447,0.3616504854368932,737,0.49099099099099097,0.024774774774774775,0.5150501672240803,0.046822742474916385,1760,0.5335227272727274,0.6056818181818182,4.240340909090909,0.3867897727272727,494,0.16352201257861634,0.16666666666666666,0.1978021978021978,0.17032967032967034,898,0.6572011878247958,0.6080178173719376,4.7071269487750556,0.376391982182628,12.98,12.72,12.66,12.28,-1,-3,-1
178,1205740555,1,12,14,10,13,684,0.525974025974026,0.10822510822510822,0.5131578947368421,0.14912280701754385,104,0.8125,0.6634615384615384,6.798076923076923,0.3629807692307692,738,0.49099099099099097,0.024774774774774775,0.5133333333333333,0.04666666666666667,1771,0.5344438170525129,0.6047430830039525,4.243365330321852,0.38664596273291924,499,0.16300940438871472,0.16614420062695925,0.1989247311827957,0.17204301075268819,902,0.6565040650406504,0.6075388026607539,4.706208425720621,0.3761086474501108,12.96,12.76,12.62,12.28,-2,2,-1
179,1205740556,1,14,13,15,14,688,0.525974025974026,0.10822510822510822,0.5086206896551724,0.15086206896551724,104,0.8125,0.6634615384615384,6.798076923076923,0.3629807692307692,742,0.4898876404494382,0.024719101123595506,0.5115511551155115,0.0462046204620462,1781,0.5342504211117352,0.6030320044918585,4.243121841661988,0.3864402021336328,501,0.165625,0.165625,0.19786096256684493,0.17647058823529413,906,0.6569168506254599,0.609271523178808,4.7030905077262695,0.3766556291390728,12.98,12.78,12.66,12.32,1,-1,0
180,1205740557,1,13,12,10,10,691,0.5268817204301075,0.10752688172043011,0.5086206896551724,0.15086206896551724,105,0.8095238095238095,0.6666666666666666,6.8,0.36428571428571427,745,0.4899328859060403,0.024608501118568233,0.5098684210526315,0.046052631578947366,1791,0.5339661269309512,0.6035734226689,4.244556113902847,0.3862367392518146,503,0.165625,0.165625,0.20634920634920634,0.1746031746031746,912,0.6569809941520467,0.6085526315789473,4.703947368421052,0.37637061403508765,12.96,12.74,12.58,12.26,1,3,3
181,1205740558,1,13,13,13,12,695,0.5277777777777778,0.10683760683760683,0.5107296137339056,0.15021459227467812,105,0.8095238095238095,0.6666666666666666,6.8,0.36428571428571427,747,0.49107142857142855,0.024553571428571428,0.5081967213114754,0.04590163934426229,1801,0.534610401628725,0.603553581343698,4.247084952803998,0.38603553581343697,507,0.16510903426791276,0.16510903426791276,0.20833333333333334,0.17708333333333334,917,0.6550345328971283,0.608505997818975,4.703380588876772,0.3759541984732824,13.02,12.76,12.6,12.26,0,0,1
182,1205740559,1,14,13,12,12,698,0.5276595744680851,0.10851063829787234,0.5128205128205128,0.14957264957264957,105,0.8095238095238095,0.6666666666666666,6.8,0.36428571428571427,755,0.4922737306843267,0.026490066225165563,0.5064935064935064,0.045454545454545456,1809,0.5363460475400775,0.603648424543947,4.246545052515202,0.3865855905656901,508,0.16510903426791276,0.16510903426791276,0.20725388601036268,0.17616580310880828,923,0.6551101480678945,0.6078006500541712,4.702058504875406,0.3759479956663055,13.04,12.76,12.64,12.24,1,2,2
183,1205740560,1,12,12,10,10,701,0.5296610169491526,0.10805084745762712,0.5106382978723404,0.15319148936170213,107,0.8130841121495327,0.6635514018691588,6.794392523364486,0.3621495327102804,758,0.49230769230769234,0.026373626373626374,0.5048543689320388,0.045307443365695796,1818,0.5364411441144116,0.6023102310231023,4.245324532453245,0.3868720205353869,512,0.16408668730650156,0.16718266253869968,0.20512820512820512,0.17435897435897435,927,0.6539014742898238,0.6073354908306364,4.703344120819849,0.37621359223300965,13.04,12.74,12.56,12.2,0,2,2
184,1205740561,1,13,12,12,11,705,0.5294117647058824,0.11134453781512606,0.5106382978723404,0.15319148936170213,107,0.8130841121495327,0.6635514018691588,6.794392523364486,0.3621495327102804,762,0.4890829694323144,0.028384279475982533,0.5064516129032258,0.04516129032258064,1828,0.5365153172866522,0.6033916849015317,4.246170678336981,0.38680707512764406,517,0.16463414634146342,0.16463414634146342,0.20512820512820512,0.17435897435897435,930,0.6550179211469533,0.6053763440860215,4.704301075268817,0.3763440860215053,13.02,12.74,12.54,12.2,1,1,2
185,1205740562,1,15,14,12,14,710,0.5270833333333333,0.1125,0.5084745762711864,0.15254237288135594,108,0.8148148148148148,0.6666666666666666,6.796296296296297,0.3611111111111111,766,0.48590021691973967,0.028199566160520606,0.5080385852090032,0.04501607717041801,1835,0.5371026339691192,0.6049046321525886,4.2425068119891005,0.38696639418710266,522,0.1661631419939577,0.16314199395770393,0.20812182741116753,0.17258883248730963,935,0.6547237076648841,0.6053475935828877,4.703743315508022,0.3759358288770053,13.04,12.74,12.56,12.26,1,3,1
186,1205740563,1,13,15,12,12,712,0.525987525987526,0.11434511434511435,0.510548523206751,0.1518987341772152,109,0.8165137614678899,0.6605504587155964,6.798165137614679,0.36009174311926606,774,0.49032258064516127,0.02795698924731183,0.5079365079365079,0.044444444444444446,1842,0.5364187477379662,0.6047774158523345,4.238870792616721,0.3868982989504163,528,0.16816816816816818,0.16216216216216217,0.20398009950248755,0.1791044776119403,939,0.6556620518281859,0.6048988285410011,4.703940362087327,0.37593184238551647,13.06,12.8,12.54,12.22,-2,1,1
187,1205740564,1,11,12,13,11,716,0.5268595041322314,0.11570247933884298,0.5084033613445378,0.15126050420168066,109,0.8165137614678899,0.6605504587155964,6.798165137614679,0.36009174311926606,777,0.49032258064516127,0.02795698924731183,0.5031446540880503,0.0440251572327044,1853,0.5370120525274331,0.6044252563410686,4.23907177549919,0.3865353480841879,530,0.17065868263473055,0.16167664670658682,0.20297029702970298,0.18316831683168316,945,0.655731922398589,0.6052910052910053,4.7026455026455025,0.37539682539682534,13.04,12.76,12.52,12.2,-1,-2,0
188,1205740565,1,14,12,13,14,721,0.5307377049180327,0.11475409836065574,0.5062761506276151,0.15481171548117154,111,0.8108108108108109,0.6576576576576577,6.792792792792793,0.36711711711711714,780,0.49036402569593146,0.027837259100642397,0.5015673981191222,0.0438871473354232,1861,0.5373902919577289,0.6045137023105857,4.238581407845245,0.3864857603439012,534,0.17261904761904762,0.16071428571428573,0.20098039215686275,0.18627450980392157,950,0.6559649122807018,0.6052631578947368,4.7094736842105265,0.3750877192982455,13.04,12.72,12.5,12.26,2,1,0
189,1205740566,1,13,13,11,13,725,0.5304878048780488,0.11382113821138211,0.5062761506276151,0.15481171548117154,112,0.8125,0.6607142857142857,6.794642857142857,0.36830357142857145,786,0.49044585987261147,0.027600849256900213,0.5015576323987538,0.04361370716510903,1871,0.5380812399786212,0.6055585248530198,4.239978621058258,0.386958845537146,537,0.17159763313609466,0.15976331360946747,0.2,0.1902439024390244,953,0.6563483735571878,0.6065057712486883,4.708289611752361,0.3752186079048618,13.06,12.74,12.48,12.3,0,2,0
190,1205740567,1,12,14,14,13,732,0.532258064516129,0.11290322580645161,0.5082644628099173,0.15702479338842976,113,0.8141592920353983,0.6637168141592921,6.79646017699115,0.3694690265486726,790,0.492600422832981,0.02748414376321353,0.4984520123839009,0.043343653250773995,1881,0.5368155236576291,0.6055289739500266,4.237639553429027,0.3874269005847954,541,0.17008797653958943,0.15835777126099707,0.19902912621359223,0.1941747572815534,955,0.6565445026178011,0.606282722513089,4.707853403141361,0.375479930191972,13.08,12.76,12.54,12.3,-2,-2,-1
191,1205740568,1,14,15,15,11,736,0.532,0.112,0.5082644628099173,0.15702479338842976,114,0.8099415204678362,0.6666666666666666,6.7894736842105265,0.37280701754385964,792,0.49156118143459915,0.027426160337552744,0.5,0.043209876543209874,1891,0.5363564251718669,0.6054997355896351,4.238498149127445,0.3872289793759916,541,0.17008797653958943,0.15835777126099707,0.19902912621359223,0.1941747572815534,962,0.6543659043659044,0.604989604989605,4.708939708939709,0.3758662508662508,13.14,12.82,12.58,12.3,-1,-1,3
192,1205740569,1,13,14,11,14,739,0.5338645418326693,0.11155378486055777,0.5061728395061729,0.16049382716049382,114,0.8099415204678362,0.6666666666666666,6.7894736842105265,0.37280701754385964,799,0.4906054279749478,0.027139874739039668,0.5,0.046012269938650305,1901,0.5364281956864809,0.6038926880589164,4.239347711730668,0.3872961599158338,544,0.17251461988304093,0.15789473684210525,0.1971153846153846,0.19230769230769232,966,0.6540717736369911,0.6066252587991718,4.708074534161491,0.3763802622498274,13.12,12.86,12.56,12.32,-1,2,-1
193,1205740570,1,10,11,13,11,744,0.5364891518737672,0.11045364891518737,0.5061728395061729,0.16049382716049382,115,0.8115942028985507,0.6695652173913044,6.782608695652174,0.3717391304347826,804,0.487551867219917,0.026970954356846474,0.5030487804878049,0.04573170731707317,1911,0.5359759288330719,0.6033490319204605,4.240188383045526,0.3874934589220304,549,0.17101449275362318,0.1565217391304348,0.19523809523809524,0.2,969,0.6541107671138632,0.6068111455108359,4.710010319917441,0.3759889920880632,13.1,12.84,12.58,12.28,-1,-3,-1
194,1205740571,1,12,13,12,11,750,0.537109375,0.109375,0.5081967213114754,0.1598360655737705,116,0.8132183908045977,0.6724137931034483,6.7844827586206895,0.3706896551724138,809,0.49072164948453606,0.026804123711340205,0.5,0.045454545454545456,1921,0.5369165365261152,0.6038521603331598,4.237896928682978,0.3876887038001042,552,0.17002881844380405,0.15561959654178675,0.1990521327014218,0.1990521327014218,971,0.6543082732578098,0.6065911431513903,4.710607621009268,0.37598695502917945,13.12,12.88,12.54,12.26,-1,0,1
195,1205740572,1,12,12,10,12,755,0.5387596899224806,0.10852713178294573,0.5061224489795918,0.15918367346938775,116,0.8132183908045977,0.6724137931034483,6.7844827586206895,0.3706896551724138,814,0.49385245901639346,0.02663934426229508,0.5,0.045180722891566265,1930,0.5370034542314337,0.6041450777202072,4.237823834196891,0.3878670120898101,557,0.17142857142857143,0.15714285714285714,0.19718309859154928,0.19718309859154928,974,0.6553730321697467,0.6057494866529775,4.71047227926078,0.37559890485968506,13.06,12.82,12.48,12.26,0,2,0
196,1205740573,1,13,14,13,10,758,0.5377176015473888,0.1102514506769826,0.5020242914979757,0.16194331983805668,117,0.8148148148148148,0.6752136752136753,6.786324786324786,0.3717948717948718,820,0.49390243902439024,0.026422764227642278,0.5029940119760479,0.04491017964071856,1939,0.5378631597043151,0.6054667354306343,4.23826714801444,0.38761389032147164,562,0.17183098591549295,0.15492957746478872,0.19718309859154928,0.19718309859154928,979,0.6556009533537623,0.6067415730337079,4.706843718079673,0.37521280217909425,13.08,12.86,12.52,12.22,-1,0,3
197,1205740574,1,14,16,12,14,759,0.5366795366795367,0.11003861003861004,0.5020242914979757,0.16194331983805668,117,0.8148148148148148,0.6752136752136753,6.786324786324786,0.3717948717948718,825,0.4939271255060729,0.02631578947368421,0.5044510385756676,0.04451038575667656,1952,0.5375256147540984,0.6045081967213115,4.241803278688525,0.38797814207650283,566,0.17415730337078653,0.1544943820224719,0.2037037037037037,0.19444444444444445,982,0.6556347589952478,0.6079429735234216,4.704684317718941,0.3750848608282416,13.1,12.94,12.52,12.24,-2,2,0
198,1205740575,1,14,10,12,12,766,0.5391969407265774,0.1089866156787763,0.5020080321285141,0.1606425702811245,118,0.8163841807909604,0.6779661016949152,6.788135593220339,0.3707627118644068,830,0.49295774647887325,0.026156941649899398,0.504424778761062,0.04424778761061947,1960,0.5379676870748301,0.6056122448979592,4.238265306122449,0.3883078231292518,570,0.175,0.1527777777777778,0.2037037037037037,0.19444444444444445,984,0.6563346883468835,0.608739837398374,4.705284552845528,0.374830623306233,13.1,12.9,12.5,12.24,4,2,2
199,1205740576,1,12,13,13,12,768,0.539047619047619,0.10857142857142857,0.5020080321285141,0.1606425702811245,119,0.8095238095238095,0.680672268907563,6.7899159663865545,0.3697478991596639,833,0.49298597194388777,0.026052104208416832,0.5029411764705882,0.04411764705882353,1970,0.5385363790186126,0.6055837563451777,4.239086294416244,0.38824027072758044,573,0.175,0.1527777777777778,0.2009132420091324,0.1917808219178082,990,0.656902356902357,0.6101010101010101,4.705050505050505,0.3745791245791245,13.06,12.9,12.5,12.2,-1,-1,0
200,1205740577,1,13,13,11,10,773,0.5387523629489603,0.10775047258979206,0.5,0.164,120,0.8111111111111111,0.6833333333333333,6.791666666666667,0.36875,840,0.49404761904761907,0.027777777777777776,0.5,0.043859649122807015,1979,0.5385295603840324,0.6058615462354725,4.236483072258716,0.3884958733367021,576,0.1763085399449036,0.15426997245179064,0.2009132420091324,0.1917808219178082,994,0.6572769953051644,0.6116700201207244,4.70523138832998,0.37458081824279,13.06,12.92,12.46,12.16,0,2,3
201,1205740578,1,17,15,14,12,778,0.5394736842105263,0.10714285714285714,0.503968253968254,0.1626984126984127,120,0.8111111111111111,0.6833333333333333,6.791666666666667,0.36875,845,0.49015748031496065,0.027559055118110236,0.5014577259475219,0.043731778425655975,1986,0.5378902316213495,0.6057401812688822,4.238670694864048,0.3885112453843572,577,0.17857142857142858,0.15384615384615385,0.2009132420091324,0.1917808219178082,1001,0.6561771561771562,0.6123876123876124,4.7032967032967035,0.37470862470862465,13.14,12.94,12.5,12.14,2,3,5
202,1205740579,1,12,11,9,10,785,0.539179104477612,0.10820895522388059,0.5058823529411764,0.1607843137254902,121,0.8126721763085399,0.6859504132231405,6.793388429752066,0.3677685950413223,850,0.4892367906066536,0.0273972602739726,0.5014492753623189,0.043478260869565216,1996,0.5377839011356047,0.6052104208416834,4.2339679358717435,0.3889445557782232,581,0.17759562841530055,0.15300546448087432,0.19909502262443438,0.19004524886877827,1002,0.6565202927478377,0.6127744510978044,4.704590818363274,0.3745841650033266,13.12,12.96,12.44,12.16,1,3,2
203,1205740580,1,12,14,12,12,790,0.5408921933085502,0.10780669144981413,0.5038759689922481,0.16279069767441862,121,0.8126721763085399,0.6859504132231405,6.793388429752066,0.3677685950413223,853,0.49122807017543857,0.02729044834307992,0.5,0.04335260115606936,2008,0.537558100929615,0.6055776892430279,4.233067729083666,0.38873671978751667,584,0.1793478260869565,0.15217391304347827,0.1981981981981982,0.1891891891891892,1007,0.6572327044025158,0.6127110228401191,4.70506454816286,0.37421383647798734,13.08,12.98,12.44,12.14,-2,0,0
204,1205740581,1,15,14,13,11,793,0.5407407407407407,0.10740740740740741,0.5057915057915058,0.16216216216216217,122,0.8142076502732241,0.6885245901639344,6.795081967213115,0.3668032786885246,859,0.4941860465116279,0.027131782945736434,0.498567335243553,0.045845272206303724,2015,0.5379239040529364,0.6064516129032258,4.233250620347395,0.3888751033912325,587,0.1783783783783784,0.15135135135135136,0.19730941704035873,0.18834080717488788,1011,0.6566106165512694,0.6132542037586548,4.70326409495549,0.37396966699637313,13.1,13.0,12.48,12.12,1,2,4
205,1205740582,1,14,12,11,12,796,0.5414364640883977,0.10681399631675875,0.5057915057915058,0.16216216216216217,123,0.8075880758807588,0.6910569105691057,6.796747967479675,0.36585365853658536,862,0.4942084942084942,0.02702702702702703,0.49714285714285716,0.045714285714285714,2023,0.5379387048937223,0.6070192782995552,4.234799802273851,0.38869665513264134,590,0.18010752688172044,0.15053763440860216,0.20089285714285715,0.1875,1018,0.6568434839554683,0.6129666011787819,4.702357563850688,0.37459070072036665,13.1,13.04,12.44,12.1,2,3,2
206,1205740583,1,14,13,14,12,798,0.5404411764705882,0.10661764705882353,0.5038461538461538,0.16153846153846155,124,0.8091397849462365,0.6935483870967742,6.798387096774194,0.3649193548387097,871,0.49521988527724664,0.02676864244741874,0.5,0.04519774011299435,2031,0.5377892663712458,0.6080748399803053,4.233382570162481,0.38864270474314794,592,0.18181818181818182,0.1497326203208556,0.20089285714285715,0.1875,1021,0.6558929154423768,0.6131243878550441,4.701273261508325,0.3744694743715311,13.2,13.08,12.44,12.08,1,0,2
207,1205740584,1,13,14,13,13,800,0.5394495412844037,0.10642201834862386,0.5057471264367817,0.16091954022988506,125,0.8106666666666666,0.688,6.8,0.366,878,0.4981060606060606,0.026515151515151516,0.5028089887640449,0.0449438202247191,2040,0.5368872549019609,0.6083333333333333,4.232352941176471,0.38888888888888895,596,0.17989417989417988,0.14814814814814814,0.20089285714285715,0.1875,1025,0.6557723577235773,0.6126829268292683,4.699512195121951,0.37471544715447147,13.18,13.1,12.46,12.08,-1,0,0
208,1205740585,1,12,14,14,12,804,0.5383211678832117,0.10766423357664233,0.5076335877862596,0.16030534351145037,126,0.8121693121693121,0.6904761904761905,6.801587301587301,0.36507936507936506,881,0.499054820415879,0.026465028355387523,0.5027932960893855,0.0446927374301676,2047,0.5364354339684091,0.6082071323888617,4.233023937469468,0.3891467187754438,601,0.17801047120418848,0.14659685863874344,0.2,0.18666666666666668,1032,0.6547157622739019,0.6133720930232558,4.6976744186046515,0.3748385012919896,13.12,13.08,12.48,12.1,-2,-2,0
209,1205740586,1,15,13,13,10,808,0.5398550724637681,0.1068840579710145,0.5076335877862596,0.16030534351145037,126,0.8121693121693121,0.6904761904761905,6.801587301587301,0.36507936507936506,885,0.5,0.02631578947368421,0.5041782729805014,0.04456824512534819,2060,0.5357200647249192,0.608252427184466,4.233980582524272,0.3889967637540454,601,0.17801047120418848,0.14659685863874344,0.2,0.18666666666666668,1038,0.6538214515093128,0.6136801541425819,4.696531791907514,0.374839434810533,13.12,13.06,12.48,12.08,2,2,5
210,1205740587,1,14,13,12,12,810,0.5397111913357401,0.10649819494584838,0.5076335877862596,0.16030534351145037,126,0.8121693121693121,0.6904761904761905,6.801587301587301,0.36507936507936506,886,0.50093808630394,0.02626641651031895,0.5041782729805014,0.04456824512534819,2072,0.5352718790218791,0.6085907335907336,4.237451737451737,0.38879504504504514,603,0.1801566579634465,0.1462140992167102,0.19911504424778761,0.18584070796460178,1046,0.6531230082855323,0.6147227533460803,4.695028680688337,0.37412364563416184,13.16,13.06,12.48,12.06,1,2,2
211,1205740588,1,15,11,14,14,813,0.539568345323741,0.10611510791366907,0.5095057034220533,0.1596958174904943,126,0.8121693121693121,0.6904761904761905,6.801587301587301,0.36507936507936506,890,0.5018656716417911,0.026119402985074626,0.5055555555555555,0.044444444444444446,2080,0.5360977564102565,0.6091346153846153,4.236538461538461,0.38862179487179493,607,0.18393782383419688,0.14507772020725387,0.2026431718061674,0.18502202643171806,1050,0.6525396825396826,0.6161904761904762,4.693333333333333,0.37412698412698403,13.2,13.0,12.48,12.08,4,1,1
212,1205740589,1,12,14,14,12,819,0.5391459074733096,0.10676156583629894,0.5095057034220533,0.1596958174904943,126,0.8121693121693121,0.6904761904761905,6.801587301587301,0.36507936507936506,892,0.5009310986964618,0.0260707635009311,0.5041551246537396,0.0443213296398892,2092,0.5358110261312938,0.609942638623327,4.236615678776291,0.38830465264499686,610,0.18766066838046272,0.14652956298200515,0.2026431718061674,0.18502202643171806,1055,0.6522906793048974,0.6151658767772512,4.6928909952606634,0.37496050552922583,13.18,13.02,12.5,12.08,-2,-2,0
213,1205740590,1,11,11,12,11,820,0.5399644760213144,0.10657193605683836,0.5095057034220533,0.1596958174904943,127,0.8136482939632546,0.6850393700787402,6.803149606299213,0.3641732283464567,894,0.5027829313543599,0.025974025974025976,0.5041551246537396,0.0443213296398892,2099,0.5356121962839447,0.6102906145783706,4.238685088137208,0.3880816261711927,612,0.18766066838046272,0.14652956298200515,0.20087336244541484,0.18340611353711792,1066,0.6507191994996874,0.6153846153846154,4.699812382739212,0.3744527829893683,13.14,12.96,12.5,12.06,0,-1,0
214,1205740591,1,12,12,11,12,825,0.5432098765432098,0.10582010582010581,0.5113636363636364,0.1590909090909091,128,0.8151041666666666,0.6796875,6.8046875,0.365234375,902,0.5018382352941176,0.025735294117647058,0.5082417582417582,0.04395604395604396,2105,0.5359857482185273,0.6114014251781472,4.236104513064133,0.38792557403008715,615,0.1867007672634271,0.14578005115089515,0.20434782608695654,0.1826086956521739,1070,0.6517133956386293,0.6149532710280374,4.7,0.37492211838006223,13.14,12.94,12.44,12.04,0,1,0
215,1205740592,1,15,13,15,13,828,0.5403508771929825,0.10877192982456141,0.5113636363636364,0.1590909090909091,128,0.8151041666666666,0.6796875,6.8046875,0.365234375,908,0.5018248175182481,0.025547445255474453,0.5081967213114754,0.04371584699453552,2115,0.5369976359338061,0.6122931442080378,4.23498817966903,0.38774625689519315,619,0.1848101265822785,0.14430379746835442,0.20434782608695654,0.1826086956521739,1073,0.6512892202547376,0.6160298229263746,4.700838769804287,0.37503883193538357,13.18,13.0,12.5,12.06,2,0,2
216,1205740593,1,15,13,13,11,833,0.5400696864111498,0.10801393728222997,0.5132075471698113,0.15849056603773584,128,0.8151041666666666,0.6796875,6.8046875,0.365234375,910,0.5009107468123861,0.025500910746812388,0.5095367847411444,0.043596730245231606,2125,0.5365882352941177,0.6122352941176471,4.23435294117647,0.38780392156862753,621,0.18387909319899245,0.14357682619647355,0.20434782608695654,0.1826086956521739,1078,0.6510513296227582,0.6159554730983302,4.701298701298701,0.3749226963512677,13.22,13.02,12.5,12.08,2,2,4
217,1205740594,1,14,12,13,12,837,0.5389948006932409,0.10918544194107452,0.5150375939849624,0.15789473684210525,128,0.8151041666666666,0.6796875,6.8046875,0.365234375,913,0.49909255898366606,0.025408348457350273,0.5108695652173914,0.043478260869565216,2137,0.5356808610201217,0.6120729995320543,4.236312587739822,0.387615036655748,621,0.18387909319899245,0.14357682619647355,0.20434782608695654,0.1826086956521739,1085,0.6500768049155147,0.616589861751152,4.700460829493087,0.37457757296466965,13.2,12.98,12.5,12.06,2,1,2
218,1205740595,1,14,12,15,14,842,0.5379310344827586,0.10862068965517241,0.5186567164179104,0.15671641791044777,129,0.8126614987080103,0.6821705426356589,6.8062015503875966,0.36627906976744184,917,0.49909584086799275,0.02531645569620253,0.5135135135135135,0.043243243243243246,2145,0.5350815850815851,0.6116550116550117,4.236363636363636,0.38768453768453776,621,0.18387909319899245,0.14357682619647355,0.20434782608695654,0.1826086956521739,1092,0.6514041514041514,0.6153846153846154,4.6996336996337,0.3746947496947496,13.2,12.96,12.54,12.08,2,-1,0
219,1205740596,1,13,12,13,15,844,0.5387263339070568,0.10843373493975904,0.516728624535316,0.15985130111524162,130,0.8141025641025641,0.6846153846153846,6.8076923076923075,0.36538461538461536,924,0.4982014388489209,0.025179856115107913,0.5133689839572193,0.0427807486631016,2154,0.5356313834726091,0.6128133704735376,4.23816155988858,0.38714794181368006,622,0.18592964824120603,0.14321608040201006,0.20434782608695654,0.1826086956521739,1100,0.6493939393939394,0.6136363636363636,4.698181818181818,0.3746969696969696,13.2,12.94,12.54,12.14,1,0,-2
220,1205740597,1,14,14,12,14,848,0.5385934819897084,0.10806174957118353,0.5202952029520295,0.15867158671586715,131,0.8155216284987277,0.6870229007633588,6.809160305343512,0.36450381679389315,928,0.496415770609319,0.025089605734767026,0.5132978723404256,0.04521276595744681,2165,0.5366050808314088,0.6129330254041571,4.2364896073903004,0.3871824480369516,626,0.18796992481203006,0.14285714285714285,0.20600858369098712,0.18454935622317598,1103,0.649440918706558,0.614687216681777,4.696282864913871,0.3743578120278029,13.24,12.9,12.5,12.18,0,2,0
221,1205740598,1,14,15,13,13,853,0.5400340715502555,0.10902896081771721,0.5220588235294118,0.15808823529411764,132,0.8169191919191919,0.6893939393939394,6.8106060606060606,0.36363636363636365,935,0.49732620320855614,0.024955436720142603,0.5105263157894737,0.04473684210526316,2174,0.5372201778595523,0.6140754369825207,4.235050597976081,0.38718951241950333,630,0.1865671641791045,0.1417910447761194,0.20512820512820512,0.18376068376068377,1104,0.648852657004831,0.6141304347826086,4.695652173913044,0.3744716183574878,13.24,12.96,12.46,12.16,-1,1,1
222,1205740599,1,12,12,12,14,859,0.5397631133671743,0.1116751269035533,0.5218978102189781,0.15693430656934307,132,0.8169191919191919,0.6893939393939394,6.8106060606060606,0.36363636363636365,936,0.49732620320855614,0.024955436720142603,0.5091863517060368,0.04461942257217848,2188,0.5370581962218159,0.6147166361974405,4.23400365630713,0.38753046922608175,632,0.18564356435643564,0.14108910891089108,0.20512820512820512,0.18376068376068377,1109,0.6492335437330928,0.6131650135256989,4.694319206492335,0.3748121430718364,13.2,12.92,12.46,12.18,0,0,-2
223,1205740600,1,12,11,11,10,860,0.5388513513513513,0.11148648648648649,0.5218978102189781,0.15693430656934307,135,0.8074074074074075,0.6888888888888889,6.822222222222222,0.36666666666666664,938,0.498220640569395,0.02491103202846975,0.5078534031413613,0.04450261780104712,2197,0.5366788044302837,0.6153846153846154,4.238051888939463,0.38730845091791843,634,0.18765432098765433,0.14074074074074075,0.20425531914893616,0.1829787234042553,1115,0.6488789237668161,0.6125560538116592,4.69237668161435,0.37481315396113596,13.18,12.9,12.46,12.14,1,1,2
224,1205740601,1,13,12,14,14,865,0.5379426644182125,0.11129848229342328,0.5215827338129496,0.15827338129496402,136,0.8088235294117647,0.6838235294117647,6.823529411764706,0.36764705882352944,942,0.5,0.024822695035460994,0.5052083333333334,0.044270833333333336,2207,0.5360595076272466,0.6139555958314454,4.237879474399637,0.38736595680410824,634,0.18765432098765433,0.14074074074074075,0.20425531914893616,0.1829787234042553,1122,0.6506238859180036,0.6131907308377896,4.691622103386809,0.37470291146761725,13.14,12.9,12.48,12.2,1,-1,-1
225,1205740602,1,14,13,12,13,871,0.5378151260504201,0.11260504201680673,0.5212765957446809,0.16312056737588654,136,0.8088235294117647,0.6838235294117647,6.823529411764706,0.36764705882352944,947,0.49823321554770317,0.024734982332155476,0.5090439276485789,0.04392764857881137,2217,0.5364230942715381,0.6125394677492106,4.2381596752368065,0.3878364155766051,635,0.18719211822660098,0.14039408866995073,0.20425531914893616,0.1829787234042553,1127,0.650399290150843,0.6122448979591837,4.690328305235138,0.37459331558710435,13.14,12.9,12.48,12.18,1,2,1
226,1205740603,1,13,10,13,13,876,0.5384615384615384,0.11204013377926421,0.5211267605633803,0.1619718309859155,136,0.8088235294117647,0.6838235294117647,6.823529411764706,0.36764705882352944,952,0.4956063268892794,0.02460456942003515,0.5115681233933161,0.043701799485861184,2226,0.5360512129380054,0.6132075471698113,4.239442946990117,0.3875037436358192,635,0.18719211822660098,0.14039408866995073,0.20425531914893616,0.1829787234042553,1135,0.649632892804699,0.6114537444933921,4.688986784140969,0.3752569750367106,13.16,12.84,12.5,12.18,3,0,0
227,1205740604,1,11,13,13,12,876,0.5384615384615384,0.11204013377926421,0.5211267605633803,0.1619718309859155,136,0.8088235294117647,0.6838235294117647,6.823529411764706,0.36764705882352944,956,0.4956217162872154,0.024518388791593695,0.5115089514066496,0.043478260869565216,2234,0.5359221128021486,0.6132497761862131,4.242166517457475,0.3874589674723964,636,0.18673218673218672,0.14250614250614252,0.20425531914893616,0.1829787234042553,1148,0.6466318234610918,0.6097560975609756,4.689024390243903,0.37558072009291515,13.16,12.86,12.48,12.18,-2,-2,-1
228,1205740605,1,15,14,13,13,882,0.5391014975041597,0.11148086522462562,0.5226480836236934,0.1602787456445993,137,0.8029197080291971,0.6861313868613139,6.824817518248175,0.36678832116788324,957,0.4956217162872154,0.024518388791593695,0.5102040816326531,0.04336734693877551,2244,0.5365047534165182,0.6136363636363636,4.241978609625669,0.3876262626262627,643,0.18446601941747573,0.14320388349514562,0.20675105485232068,0.18143459915611815,1149,0.6469393675659995,0.6092254134029591,4.6884247171453435,0.3754714244270379,13.22,12.86,12.54,12.18,1,2,2
229,1205740606,1,16,14,14,11,884,0.5382059800664452,0.11295681063122924,0.5208333333333334,0.1597222222222222,138,0.8043478260869565,0.6811594202898551,6.826086956521739,0.3677536231884058,965,0.4982638888888889,0.026041666666666668,0.5113924050632911,0.043037974683544304,2250,0.5365555555555556,0.6142222222222222,4.241333333333333,0.3878148148148149,646,0.1855421686746988,0.14216867469879518,0.20675105485232068,0.18143459915611815,1154,0.6454361640670133,0.610051993067591,4.6871750433275565,0.37579433853264,13.26,12.88,12.52,12.12,2,2,5
230,1205740607,1,11,10,11,13,888,0.5388429752066116,0.11239669421487604,0.5224913494809689,0.15916955017301038,139,0.7985611510791367,0.6834532374100719,6.827338129496403,0.3669064748201439,969,0.49740932642487046,0.025906735751295335,0.5126262626262627,0.04292929292929293,2261,0.5359354268022999,0.6147722246793454,4.239274657231314,0.38780775468081974,647,0.18509615384615385,0.14182692307692307,0.20675105485232068,0.18143459915611815,1160,0.6446839080459771,0.6103448275862069,4.687068965517241,0.3755747126436781,13.22,12.84,12.54,12.18,1,0,-2
231,1205740608,1,13,12,12,10,890,0.5388429752066116,0.11239669421487604,0.5189003436426117,0.16151202749140894,140,0.7928571428571428,0.6857142857142857,6.828571428571428,0.36607142857142855,978,0.4982876712328767,0.025684931506849314,0.5125,0.0425,2270,0.5364537444933921,0.6140969162995594,4.23920704845815,0.38795888399412637,649,0.18660287081339713,0.14114832535885166,0.20675105485232068,0.18143459915611815,1165,0.6457796852646638,0.6120171673819742,4.689270386266094,0.37525035765379106,13.22,12.82,12.52,12.14,1,1,3
232,1205740609,1,12,12,11,13,894,0.5361842105263158,0.1118421052631579,0.5205479452054794,0.16095890410958905,141,0.7872340425531915,0.6879432624113475,6.829787234042553,0.36524822695035464,983,0.49829931972789115,0.025510204081632654,0.513715710723192,0.04239401496259352,2281,0.5362779482683033,0.6142042963612451,4.240245506356861,0.3878415899459302,654,0.18439716312056736,0.14420803782505912,0.20675105485232068,0.18143459915611815,1169,0.6457085828343314,0.6124893071000855,4.687767322497861,0.3756059309951525,13.18,12.8,12.5,12.16,0,1,-1
233,1205740610,1,14,12,13,13,901,0.5367047308319739,0.11092985318107668,0.5238095238095238,0.1598639455782313,142,0.7887323943661971,0.6901408450704225,6.830985915492958,0.3644366197183099,989,0.49915397631133673,0.025380710659898477,0.5123762376237624,0.04207920792079208,2290,0.5356986899563319,0.614410480349345,4.237991266375546,0.38813682678311506,654,0.18439716312056736,0.14420803782505912,0.20675105485232068,0.18143459915611815,1173,0.646490480250071,0.6129582267689685,4.687979539641944,0.376030122193805,13.22,12.8,12.56,12.22,2,1,1
234,1205740611,1,14,12,13,12,906,0.5380875202593193,0.11021069692058347,0.5254237288135594,0.15932203389830507,143,0.7902097902097902,0.6923076923076923,6.8321678321678325,0.36363636363636365,995,0.5,0.025167785234899327,0.5135802469135803,0.04197530864197531,2297,0.5348643157741982,0.6138441445363517,4.239007400957771,0.3882600493397185,654,0.18439716312056736,0.14420803782505912,0.20675105485232068,0.18143459915611815,1181,0.6459215354219588,0.6138865368331922,4.687552921253175,0.37623482924075635,13.24,12.8,12.58,12.24,2,1,2
235,1205740612,1,13,13,12,12,908,0.5379644588045234,0.1098546042003231,0.5254237288135594,0.15932203389830507,144,0.7916666666666666,0.6875,6.833333333333333,0.3645833333333333,1001,0.5008347245409015,0.025041736227045076,0.5147058823529411,0.04411764705882353,2307,0.5354356306892067,0.6133506718682271,4.238404854789771,0.38791359630111266,656,0.18588235294117647,0.14588235294117646,0.20675105485232068,0.18143459915611815,1187,0.6446222971075541,0.6141533277169334,4.686604886267903,0.3766498174670036,13.2,12.78,12.58,12.2,0,1,1
236,1205740613,1,15,13,13,12,909,0.5379644588045234,0.1098546042003231,0.527027027027027,0.15878378378378377,145,0.7931034482758621,0.6896551724137931,6.834482758620689,0.36379310344827587,1010,0.5024793388429752,0.024793388429752067,0.51338199513382,0.043795620437956206,2315,0.5353131749460043,0.6133909287257019,4.2393088552915765,0.3880849532037438,659,0.1873536299765808,0.1451990632318501,0.21008403361344538,0.18067226890756302,1191,0.6453960257486706,0.6154492023509656,4.685138539042821,0.37643436887769377,13.24,12.74,12.6,12.2,2,2,3
237,1205740614,1,14,13,11,12,911,0.5387096774193548,0.10967741935483871,0.5252525252525253,0.15824915824915825,146,0.7945205479452054,0.684931506849315,6.835616438356165,0.363013698630137,1016,0.5032894736842105,0.024671052631578948,0.5144927536231884,0.043478260869565216,2324,0.5358218588640276,0.6144578313253012,4.238382099827883,0.3878012048192772,663,0.18561484918793503,0.14849187935034802,0.21008403361344538,0.18067226890756302,1196,0.6460423634336678,0.6145484949832776,4.684782608695652,0.3763238573021181,13.3,12.76,12.56,12.22,1,3,2
238,1205740615,1,15,13,14,12,916,0.5393258426966292,0.10914927768860354,0.5284280936454849,0.15719063545150502,146,0.7945205479452054,0.684931506849315,6.835616438356165,0.363013698630137,1021,0.5016393442622951,0.02459016393442623,0.5179856115107914,0.04316546762589928,2334,0.536453870322765,0.6143958868894601,4.239502999143102,0.3879605826906599,664,0.1875,0.14814814814814814,0.21008403361344538,0.18067226890756302,1200,0.6468055555555556,0.6133333333333333,4.685833333333333,0.37652777777777774,13.32,12.78,12.58,12.18,2,1,3
239,1205740616,1,14,13,13,11,918,0.5392,0.1088,0.5284280936454849,0.15719063545150502,147,0.7959183673469388,0.6870748299319728,6.836734693877551,0.3622448979591837,1030,0.5008130081300813,0.024390243902439025,0.517814726840855,0.04275534441805225,2341,0.5365584508044996,0.6146945749679624,4.240495514737292,0.38776164032464766,667,0.18663594470046083,0.14746543778801843,0.21338912133891214,0.1799163179916318,1205,0.6461964038727525,0.612448132780083,4.683817427385892,0.376625172890733,13.34,12.78,12.62,12.14,1,1,3
240,1205740617,1,12,12,12,12,922,0.5374800637958532,0.11004784688995216,0.53156146179402,0.15614617940199335,147,0.7959183673469388,0.6870748299319728,6.836734693877551,0.3622448979591837,1034,0.5016233766233766,0.024350649350649352,0.5165094339622641,0.04245283018867924,2350,0.5359219858156029,0.6157446808510638,4.237872340425532,0.38787234042553204,673,0.18493150684931506,0.14840182648401826,0.21161825726141079,0.1825726141078838,1210,0.6460055096418733,0.6107438016528925,4.688429752066115,0.37651515151515147,13.34,12.74,12.58,12.12,0,0,0
241,1205740618,1,13,14,11,12,932,0.5338582677165354,0.10866141732283464,0.5346534653465347,0.1551155115511551,148,0.7972972972972973,0.6891891891891891,6.837837837837838,0.3614864864864865,1036,0.5016181229773463,0.024271844660194174,0.5165094339622641,0.04245283018867924,2360,0.5359816384180791,0.6165254237288136,4.233898305084746,0.3877824858757063,675,0.1845102505694761,0.15034168564920272,0.21074380165289255,0.18181818181818182,1213,0.6460566089585051,0.6117065127782357,4.689200329760923,0.3766144545204726,13.32,12.72,12.5,12.14,-1,2,1
242,1205740619,1,14,14,16,15,936,0.5336463223787168,0.10954616588419405,0.5346534653465347,0.1551155115511551,148,0.7972972972972973,0.6891891891891891,6.837837837837838,0.3614864864864865,1040,0.5032258064516129,0.024193548387096774,0.5164319248826291,0.04225352112676056,2370,0.5368846694796062,0.6160337552742616,4.233755274261603,0.3876230661040788,678,0.18409090909090908,0.15227272727272728,0.20901639344262296,0.18442622950819673,1217,0.6459874007121337,0.6121610517666393,4.688578471651602,0.3764037250068474,13.34,12.72,12.6,12.16,0,-2,-1
243,1205740620,1,12,12,11,13,938,0.534375,0.109375,0.5328947368421053,0.15460526315789475,148,0.7972972972972973,0.6891891891891891,6.837837837837838,0.3614864864864865,1047,0.504,0.024,0.514018691588785,0.04205607476635514,2378,0.5371811045696664,0.6160639192598822,4.235492010092515,0.3876506868516962,678,0.18409090909090908,0.15227272727272728,0.20901639344262296,0.18442622950819673,1225,0.647482993197279,0.6138775510204082,4.692244897959184,0.37598639455782307,13.38,12.74,12.56,12.2,0,1,-1
244,1205740621,1,13,12,12,12,941,0.5349922239502333,0.1088646967340591,0.5328947368421053,0.15460526315789475,148,0.7972972972972973,0.6891891891891891,6.837837837837838,0.3614864864864865,1049,0.5031948881789138,0.023961661341853034,0.5151515151515151,0.04195804195804196,2389,0.5363820287428492,0.6157388028463793,4.238593553788196,0.3875401144132832,684,0.1873589164785553,0.15124153498871332,0.2145748987854251,0.1862348178137652,1231,0.6473057135120499,0.6133225020308692,4.692120227457352,0.3763877606282155,13.4,12.72,12.56,12.22,1,1,1
245,1205740622,1,12,13,10,12,943,0.5357142857142857,0.10869565217391304,0.5311475409836065,0.1540983606557377,149,0.7986577181208053,0.6845637583892618,6.8389261744966445,0.3624161073825503,1058,0.5039619651347068,0.02377179080824089,0.5173210161662818,0.04387990762124711,2395,0.5362212943632568,0.6167014613778705,4.236743215031315,0.387508698677801,690,0.18526785714285715,0.15178571428571427,0.21370967741935484,0.18951612903225806,1237,0.6490164376178927,0.6135812449474535,4.691188358932902,0.37638102937213685,13.4,12.74,12.56,12.22,-1,2,0
246,1205740623,1,14,14,12,12,943,0.5357142857142857,0.10869565217391304,0.5311475409836065,0.1540983606557377,150,0.8,0.68,6.84,0.3616666666666667,1064,0.501577287066246,0.02365930599369085,0.5206422018348624,0.04357798165137615,2406,0.536609864228318,0.6167913549459684,4.237323358270989,0.3874341922970353,691,0.18485523385300667,0.1514476614699332,0.21370967741935484,0.18951612903225806,1242,0.6484165324745035,0.6135265700483091,4.690016103059581,0.3764761137949543,13.42,12.74,12.54,12.26,0,2,2
247,1205740624,1,12,14,13,12,945,0.5356037151702786,0.10835913312693499,0.5311475409836065,0.1540983606557377,151,0.8013245033112583,0.6821192052980133,6.841059602649007,0.3609271523178808,1068,0.5031446540880503,0.02358490566037736,0.5182648401826484,0.04337899543378995,2416,0.5356305187637969,0.6154801324503312,4.237582781456954,0.3868653421633555,693,0.18444444444444444,0.15333333333333332,0.21285140562248997,0.18875502008032127,1250,0.6478666666666667,0.6128,4.6904,0.3766666666666666,13.38,12.7,12.56,12.22,-2,-1,0
248,1205740625,1,11,11,10,11,951,0.5377503852080123,0.10785824345146379,0.5292207792207793,0.1590909090909091,153,0.7908496732026143,0.6862745098039216,6.8431372549019605,0.3611111111111111,1069,0.5023547880690737,0.023547880690737835,0.5182648401826484,0.04337899543378995,2426,0.5363080516625446,0.6158285243198681,4.239901071723001,0.38650728222039027,698,0.1828193832599119,0.15638766519823788,0.212,0.192,1253,0.6473796222399575,0.6121308858739026,4.690343176376696,0.3769619579675445,13.32,12.72,12.52,12.2,0,1,0
249,1205740626,1,13,12,12,12,956,0.5375191424196019,0.10872894333843798,0.5307443365695793,0.15857605177993528,155,0.7935483870967742,0.6903225806451613,6.838709677419355,0.3596774193548387,1073,0.5015625,0.0234375,0.5170842824601367,0.04328018223234624,2435,0.5372005475701574,0.6160164271047228,4.2394250513347025,0.38631074606433957,703,0.18599562363238512,0.15536105032822758,0.21428571428571427,0.19047619047619047,1256,0.6472929936305734,0.6130573248407644,4.691082802547771,0.3774548832271762,13.34,12.7,12.5,12.2,1,1,1
250,1205740627,1,15,15,15,14,957,0.536697247706422,0.10856269113149847,0.5307443365695793,0.15857605177993528,156,0.7948717948717948,0.6923076923076923,6.839743589743589,0.358974358974359,1079,0.5023328149300156,0.02332814930015552,0.5135746606334841,0.042986425339366516,2445,0.537389229720518,0.6159509202453988,4.239672801635992,0.38626448534424,706,0.185589519650655,0.15502183406113537,0.21653543307086615,0.1889763779527559,1261,0.6478984932593181,0.612212529738303,4.691514670896114,0.3779407877346021,13.38,12.74,12.58,12.28,0,0,1
251,1205740628,1,15,14,13,12,962,0.5388127853881278,0.1080669710806697,0.5273311897106109,0.1607717041800643,156,0.7948717948717948,0.6923076923076923,6.839743589743589,0.358974358974359,1083,0.5038759689922481,0.023255813953488372,0.5135135135135135,0.04279279279279279,2453,0.5374711237939936,0.616388096208724,4.238075825519772,0.3862277483353717,713,0.18614718614718614,0.15367965367965367,0.22178988326848248,0.1867704280155642,1263,0.6484560570071259,0.6120348376880443,4.692003167062549,0.37793613090525197,13.34,12.72,12.56,12.28,1,2,3
252,1205740629,1,14,13,14,13,963,0.5395136778115501,0.10790273556231003,0.5273311897106109,0.1607717041800643,157,0.7961783439490446,0.6942675159235668,6.840764331210191,0.35828025477707004,1092,0.5038402457757296,0.02304147465437788,0.5145413870246085,0.0447427293064877,2460,0.5371612466124661,0.6170731707317073,4.236585365853658,0.38624661246612474,716,0.1875,0.15301724137931033,0.22093023255813954,0.18604651162790697,1270,0.6468503937007875,0.6118110236220472,4.690551181102363,0.3776902887139107,13.38,12.76,12.66,12.34,1,0,1
253,1205740630,1,14,12,10,11,965,0.5402124430955993,0.10773899848254932,0.5288461538461539,0.16025641025641027,157,0.7961783439490446,0.6942675159235668,6.840764331210191,0.35828025477707004,1097,0.5030581039755352,0.022935779816513763,0.5167037861915368,0.044543429844097995,2468,0.5373109130199891,0.6179092382495948,4.236628849270664,0.38641274986493795,716,0.1875,0.15301724137931033,0.22093023255813954,0.18604651162790697,1277,0.6464369616288176,0.6115896632732968,4.6898981989036805,0.37699034194727216,13.42,12.72,12.62,12.32,2,4,3
254,1205740631,1,15,13,12,12,967,0.5402124430955993,0.10773899848254932,0.5318471337579618,0.1592356687898089,157,0.7961783439490446,0.6942675159235668,6.840764331210191,0.35828025477707004,1101,0.5053272450532724,0.0228310502283105,0.5155555555555555,0.044444444444444446,2476,0.5375942380183091,0.6175282714054927,4.237479806138934,0.38637587506731297,719,0.1888412017167382,0.15236051502145923,0.22007722007722008,0.18532818532818532,1284,0.6464174454828662,0.6121495327102804,4.690809968847352,0.37668743509865,13.42,12.7,12.6,12.34,2,3,3
255,1205740632,1,14,14,9,13,970,0.5409090909090909,0.10757575757575757,0.5348101265822784,0.15822784810126583,157,0.7961783439490446,0.6942675159235668,6.840764331210191,0.35828025477707004,1109,0.5037821482602118,0.0226928895612708,0.5176211453744494,0.04405286343612335,2487,0.5371598981369788,0.6168073984720547,4.237233614796944,0.3862752982173972,719,0.1888412017167382,0.15236051502145923,0.22007722007722008,0.18532818532818532,1289,0.6466252909231963,0.6136539953452289,4.690457719162141,0.37638996638220834,13.42,12.74,12.56,12.36,0,5,1
256,1205740633,1,16,15,14,12,974,0.5399698340874811,0.10708898944193061,0.5362776025236593,0.15772870662460567,158,0.7911392405063291,0.6962025316455697,6.841772151898734,0.3575949367088608,1116,0.503003003003003,0.02252252252252252,0.5197368421052632,0.043859649122807015,2497,0.5376785475904418,0.617140568682419,4.236283540248298,0.38636363636363646,722,0.18803418803418803,0.1517094017094017,0.2230769230769231,0.18461538461538463,1291,0.6463981409759877,0.6142525174283501,4.690162664601084,0.37619416473018324,13.46,12.78,12.56,12.36,1,2,4
257,1205740634,1,13,13,11,14,978,0.5405405405405406,0.10810810810810811,0.5377358490566038,0.15723270440251572,158,0.7911392405063291,0.6962025316455697,6.841772151898734,0.3575949367088608,1122,0.5037369207772795,0.02242152466367713,0.5206971677559913,0.04357298474945534,2506,0.5377427507315774,0.6181165203511573,4.235833998403831,0.3862729449321629,724,0.18763326226012794,0.1513859275053305,0.2222222222222222,0.18773946360153257,1297,0.6471344127473658,0.6137239784117193,4.690053970701619,0.3764456437933692,13.46,12.76,12.52,12.38,0,2,-1
258,1205740635,1,13,12,14,12,980,0.5389221556886228,0.10778443113772455,0.5377358490566038,0.15723270440251572,159,0.7924528301886793,0.6981132075471698,6.8427672955974845,0.35691823899371067,1128,0.5037147102526003,0.0237741456166419,0.5206073752711496,0.04338394793926247,2516,0.5383876523582405,0.6184419713831478,4.235691573926868,0.38602941176470595,729,0.18604651162790697,0.1522198731501057,0.22137404580152673,0.18702290076335878,1300,0.6467948717948719,0.6146153846153846,4.69,0.37673076923076915,13.48,12.72,12.52,12.38,1,-1,1
259,1205740636,1,14,14,12,11,982,0.5396113602391629,0.10762331838565023,0.5391849529780565,0.15673981191222572,159,0.7924528301886793,0.6981132075471698,6.8427672955974845,0.35691823899371067,1134,0.5051698670605613,0.023633677991137372,0.5205183585313174,0.04319654427645788,2525,0.5380528052805279,0.6182178217821782,4.2352475247524755,0.3857755775577559,731,0.18604651162790697,0.1522198731501057,0.2196969696969697,0.1856060606060606,1307,0.6476664116296864,0.6143840856924254,4.688599846977811,0.37681713848508025,13.46,12.74,12.5,12.4,0,2,3
260,1205740637,1,16,15,12,14,987,0.5423476968796433,0.10698365527488855,0.5375,0.15625,159,0.7924528301886793,0.6981132075471698,6.8427672955974845,0.35691823899371067,1139,0.5058823529411764,0.023529411764705882,0.5204301075268817,0.043010752688172046,2532,0.5389349657714585,0.6188783570300158,4.234992101105846,0.385597682991048,732,0.18565400843881857,0.1540084388185654,0.2196969696969697,0.1856060606060606,1312,0.6482469512195123,0.614329268292683,4.689786585365853,0.376905487804878,13.5,12.78,12.5,12.44,1,4,2
261,1205740638,1,12,14,12,12,989,0.5437037037037037,0.10666666666666667,0.5375,0.15625,159,0.7924528301886793,0.6981132075471698,6.8427672955974845,0.35691823899371067,1143,0.5065885797950219,0.02342606149341142,0.5214592274678111,0.04291845493562232,2541,0.5389938344483798,0.6198347107438017,4.236521054702873,0.3852157943067035,732,0.18565400843881857,0.1540084388185654,0.2196969696969697,0.1856060606060606,1322,0.6486384266263239,0.6157337367624811,4.688350983358547,0.3767019667170952,13.44,12.84,12.46,12.4,-2,0,0
262,1205740639,1,12,10,14,12,995,0.5463917525773195,0.10603829160530191,0.5341614906832298,0.15838509316770186,159,0.7924528301886793,0.6981132075471698,6.8427672955974845,0.35691823899371067,1147,0.5051094890510949,0.02335766423357664,0.5213675213675214,0.04487179487179487,2551,0.5384489742584606,0.6189729517836142,4.237161897295178,0.3854697504246702,734,0.18487394957983194,0.15546218487394958,0.2196969696969697,0.1856060606060606,1328,0.6487198795180724,0.6159638554216867,4.688253012048193,0.37688253012048184,13.44,12.76,12.46,12.4,2,-2,0
263,1205740640,1,11,11,13,14,996,0.5463917525773195,0.10603829160530191,0.5325077399380805,0.1609907120743034,159,0.7924528301886793,0.6981132075471698,6.8427672955974845,0.35691823899371067,1153,0.5050798258345428,0.023222060957910014,0.5212765957446809,0.04468085106382979,2557,0.5387498370486246,0.6190848650762613,4.23777864685178,0.38524964150697444,737,0.18619246861924685,0.15481171548117154,0.2188679245283019,0.18867924528301888,1336,0.6470808383233534,0.6160179640718563,4.6931137724550895,0.3764970059880239,13.44,12.76,12.48,12.46,0,-2,-3
264,1205740641,1,11,13,12,13,1001,0.5454545454545454,0.10703812316715543,0.5323076923076923,0.16307692307692306,159,0.7924528301886793,0.6981132075471698,6.8427672955974845,0.35691823899371067,1156,0.5050651230101303,0.023154848046309694,0.5222929936305732,0.044585987261146494,2568,0.5381944444444443,0.618380062305296,4.237538940809969,0.38525441329179655,742,0.18503118503118504,0.15592515592515593,0.21722846441947566,0.18726591760299627,1341,0.6472781506338554,0.6167039522744221,4.693512304250559,0.3765846383296047,13.42,12.78,12.5,12.48,-2,-1,-2
265,1205740642,1,13,13,12,10,1008,0.5451895043731778,0.10787172011661808,0.5335365853658537,0.16158536585365854,159,0.7924528301886793,0.6981132075471698,6.8427672955974845,0.35691823899371067,1157,0.5057803468208093,0.023121387283236993,0.5222929936305732,0.044585987261146494,2578,0.5384341867080423,0.6183087664856478,4.236229635376261,0.3852792862684252,745,0.18503118503118504,0.15592515592515593,0.21481481481481482,0.18888888888888888,1346,0.6471025260029718,0.6144130757800892,4.693164933135216,0.37648588410104006,13.38,12.78,12.44,12.42,0,1,3
266,1205740643,1,12,12,12,13,1010,0.5450581395348837,0.10755813953488372,0.5335365853658537,0.16158536585365854,160,0.79375,0.7,6.84375,0.35625,1163,0.5064562410329986,0.02295552367288379,0.5211864406779662,0.04449152542372881,2586,0.5377352410415054,0.6183294663573086,4.237045630317092,0.3853441608662027,747,0.18464730290456433,0.15767634854771784,0.2140221402214022,0.1881918819188192,1354,0.6454948301329395,0.6152141802067946,4.692023633677991,0.3762924667651402,13.32,12.76,12.42,12.46,0,0,-1
267,1205740644,1,14,15,12,12,1015,0.5454545454545454,0.10966810966810966,0.5335365853658537,0.16158536585365854,160,0.79375,0.7,6.84375,0.35625,1168,0.5042857142857143,0.022857142857142857,0.5232067510548524,0.04430379746835443,2596,0.5382960965588083,0.6190292758089369,4.237288135593221,0.38546481766820756,749,0.18388429752066116,0.15702479338842976,0.2140221402214022,0.1881918819188192,1358,0.6462935689739814,0.6156111929307806,4.69219440353461,0.3764727540500736,13.32,12.82,12.4,12.46,-1,2,2
268,1205740645,1,14,15,12,11,1019,0.5459770114942529,0.10919540229885058,0.5319148936170213,0.16109422492401215,161,0.7950310559006211,0.6956521739130435,6.84472049689441,0.35714285714285715,1174,0.5056818181818182,0.022727272727272728,0.5210084033613446,0.04411764705882353,2604,0.5382424475166409,0.619431643625192,4.236175115207374,0.38562467997951877,752,0.18350515463917524,0.15670103092783505,0.21245421245421245,0.18681318681318682,1363,0.6457569087796527,0.615553925165077,4.691856199559795,0.3765590608950843,13.32,12.88,12.34,12.4,-1,2,3
269,1205740646,1,14,14,10,9,1022,0.5464949928469242,0.11015736766809728,0.5319148936170213,0.16109422492401215,164,0.7896341463414634,0.7012195121951219,6.841463414634147,0.3597560975609756,1178,0.5056497175141242,0.022598870056497175,0.5210084033613446,0.04411764705882353,2609,0.5385524466590007,0.6197776926025297,4.234955921809123,0.38584387377028245,756,0.18442622950819673,0.15778688524590165,0.2116788321167883,0.18613138686131386,1366,0.6461688628599317,0.616398243045388,4.693997071742313,0.37646412884333813,13.34,12.92,12.28,12.28,0,4,5
270,1205740647,1,15,13,11,12,1024,0.5477888730385164,0.10984308131241084,0.5319148936170213,0.16109422492401215,164,0.7896341463414634,0.7012195121951219,6.841463414634147,0.3597560975609756,1183,0.5056179775280899,0.02247191011235955,0.5220125786163522,0.0440251572327044,2618,0.5388018843901194,0.619938884644767,4.23414820473644,0.3857588489941432,759,0.18571428571428572,0.15714285714285714,0.21454545454545454,0.18545454545454546,1373,0.6465161446953145,0.616897305171158,4.693372177713037,0.3765477057538237,13.36,12.9,12.26,12.24,2,4,3
271,1205740648,1,14,14,13,13,1025,0.5470085470085471,0.10968660968660969,0.5319148936170213,0.16109422492401215,164,0.7896341463414634,0.7012195121951219,6.841463414634147,0.3597560975609756,1186,0.5056022408963585,0.022408963585434174,0.5230125523012552,0.043933054393305436,2628,0.539034753932014,0.619482496194825,4.234779299847793,0.3856227803145612,763,0.18902439024390244,0.1565040650406504,0.21299638989169675,0.18411552346570398,1380,0.6461352657004832,0.618840579710145,4.6927536231884055,0.3762681159420289,13.36,12.88,12.26,12.24,0,1,1
272,1205740649,1,14,13,14,13,1027,0.5482954545454546,0.109375,0.5319148936170213,0.16109422492401215,164,0.7896341463414634,0.7012195121951219,6.841463414634147,0.3597560975609756,1194,0.5055555555555555,0.022222222222222223,0.525,0.04375,2636,0.5392956499747089,0.6191198786039454,4.235204855842185,0.38549570055639865,766,0.19066937119675456,0.15618661257606492,0.2114695340501792,0.1827956989247312,1387,0.6463590483056958,0.619322278298486,4.691420331651045,0.3767123287671232,13.4,12.9,12.3,12.22,1,0,1
273,1205740650,1,13,13,12,12,1030,0.5482954545454546,0.109375,0.536144578313253,0.15963855421686746,165,0.7909090909090909,0.696969696969697,6.842424242424243,0.3606060606060606,1198,0.5055401662049861,0.0221606648199446,0.524896265560166,0.043568464730290454,2644,0.5396180030257184,0.617624810892587,4.2356278366111955,0.38574760463943525,767,0.19066937119675456,0.15618661257606492,0.21428571428571427,0.18214285714285713,1395,0.6465949820788531,0.6193548387096774,4.691756272401434,0.3767025089605734,13.42,12.94,12.32,12.26,0,1,1
274,1205740651,1,12,13,12,10,1032,0.5481586402266289,0.11048158640226628,0.536144578313253,0.15963855421686746,166,0.7921686746987951,0.6987951807228916,6.843373493975903,0.35993975903614456,1202,0.505524861878453,0.022099447513812154,0.5227272727272727,0.04338842975206612,2657,0.53998870907038,0.6194956718103124,4.235604064734663,0.3853657006649104,773,0.18875502008032127,0.1566265060240964,0.21708185053380782,0.18149466192170818,1398,0.6466380543633763,0.6187410586552218,4.690271816881259,0.37643061516452064,13.4,12.96,12.28,12.18,-1,0,2
275,1205740652,1,15,16,15,12,1037,0.5480225988700564,0.11016949152542373,0.5373134328358209,0.1582089552238806,166,0.7921686746987951,0.6987951807228916,6.843373493975903,0.35993975903614456,1204,0.5062068965517241,0.022068965517241378,0.5237113402061856,0.04329896907216495,2669,0.5398713625577618,0.618209067066317,4.235294117647059,0.38553765455226685,773,0.18875502008032127,0.1566265060240964,0.21708185053380782,0.18149466192170818,1403,0.6464718460441911,0.6186742694226657,4.689237348538845,0.37633642195295786,13.42,13.02,12.34,12.16,-1,0,3
276,1205740653,1,13,13,12,11,1037,0.5480225988700564,0.11016949152542373,0.5373134328358209,0.1582089552238806,167,0.7934131736526946,0.7005988023952096,6.844311377245509,0.3592814371257485,1208,0.5054945054945055,0.02197802197802198,0.5246913580246914,0.043209876543209874,2679,0.5400335946248599,0.6181410974244121,4.238148562896603,0.3857471693417943,776,0.18762475049900199,0.15568862275449102,0.21708185053380782,0.18149466192170818,1408,0.6466619318181819,0.6178977272727273,4.691051136363637,0.3765980113636363,13.42,13.08,12.32,12.12,0,1,2
277,1205740654,1,13,14,11,10,1042,0.5471167369901547,0.1111111111111111,0.5370919881305638,0.1572700296735905,167,0.7934131736526946,0.7005988023952096,6.844311377245509,0.3592814371257485,1209,0.50480109739369,0.02194787379972565,0.5246913580246914,0.043209876543209874,2692,0.5390354135710745,0.6177563150074294,4.239227340267459,0.38589648340762767,781,0.1884920634920635,0.15674603174603174,0.21908127208480566,0.18021201413427562,1412,0.6473087818696884,0.6182719546742209,4.692634560906516,0.37641643059490076,13.46,13.1,12.28,12.08,-1,2,3
278,1205740655,1,12,13,14,14,1045,0.5455820476858345,0.11079943899018233,0.5384615384615384,0.15680473372781065,168,0.7946428571428571,0.7023809523809523,6.845238095238095,0.3586309523809524,1216,0.5040983606557377,0.02185792349726776,0.5285714285714286,0.04285714285714286,2701,0.5389053436998641,0.6171788226582747,4.238059977786005,0.38590645439960525,783,0.1884920634920635,0.15674603174603174,0.21754385964912282,0.1824561403508772,1417,0.6474947071277347,0.6167960479887086,4.694424841213832,0.3768525052928722,13.4,13.08,12.3,12.1,-1,-2,-2
279,1205740656,1,12,13,11,11,1051,0.5439330543933054,0.1101813110181311,0.538235294117647,0.15588235294117647,168,0.7946428571428571,0.7023809523809523,6.845238095238095,0.3586309523809524,1220,0.5061224489795918,0.021768707482993196,0.5274949083503055,0.04276985743380855,2712,0.538747541789577,0.6157817109144543,4.239306784660767,0.38639995083579165,785,0.1884920634920635,0.15674603174603174,0.21951219512195122,0.18466898954703834,1423,0.6475755446240338,0.6184118060435699,4.694307800421645,0.3766690091356289,13.32,13.06,12.24,12.1,-1,1,1
280,1205740657,1,14,14,13,12,1053,0.5445682451253482,0.11002785515320335,0.5366568914956011,0.15542521994134897,169,0.7958579881656804,0.6982248520710059,6.846153846153846,0.35798816568047337,1223,0.5061058344640434,0.021709633649932156,0.5284552845528455,0.042682926829268296,2722,0.5384827332843496,0.6157237325495959,4.240631888317414,0.3866336027430812,789,0.18700787401574803,0.15551181102362205,0.21951219512195122,0.18466898954703834,1430,0.6476689976689978,0.6181818181818182,4.694405594405595,0.37744755244755235,13.38,13.14,12.28,12.08,0,1,2
281,1205740658,1,11,14,14,10,1059,0.5444444444444444,0.1111111111111111,0.5391304347826087,0.1536231884057971,169,0.7958579881656804,0.6982248520710059,6.846153846153846,0.35798816568047337,1227,0.5067750677506775,0.02168021680216802,0.5252525252525253,0.04242424242424243,2734,0.5380699829309923,0.6155815654718362,4.241404535479152,0.38676542306754463,790,0.18700787401574803,0.15551181102362205,0.21875,0.1840277777777778,1436,0.6477483751160632,0.616991643454039,4.694289693593315,0.3769150417827297,13.34,13.18,12.32,12.08,-3,-3,1
282,1205740659,1,14,12,13,11,1068,0.5475862068965517,0.1103448275862069,0.5329512893982808,0.1518624641833811,169,0.7958579881656804,0.6982248520710059,6.846153846153846,0.35798816568047337,1228,0.5060893098782138,0.02165087956698241,0.5252525252525253,0.04242424242424243,2746,0.5386319495023062,0.6161689730517116,4.241077931536781,0.3863498421947076,793,0.18823529411764706,0.15490196078431373,0.2179930795847751,0.18339100346020762,1439,0.6484827426453557,0.6177901320361362,4.694232105628909,0.37665045170257117,13.38,13.18,12.36,12.04,2,1,3
283,1205740660,1,12,12,12,12,1071,0.547455295735901,0.11004126547455295,0.5314285714285715,0.15428571428571428,170,0.7941176470588235,0.7,6.847058823529411,0.3588235294117647,1232,0.5060728744939271,0.021592442645074223,0.5231388329979879,0.04225352112676056,2755,0.5388687235329702,0.6152450090744102,4.242468239564428,0.38635813672111324,802,0.1867704280155642,0.15369649805447472,0.21768707482993196,0.18027210884353742,1440,0.6487268518518519,0.6180555555555556,4.695138888888889,0.3765624999999999,13.34,13.18,12.34,12.02,0,0,0
284,1205740661,1,12,13,14,13,1078,0.5478142076502732,0.11065573770491803,0.53125,0.15625,171,0.7953216374269005,0.695906432748538,6.847953216374269,0.35964912280701755,1237,0.5053763440860215,0.021505376344086023,0.5230460921843687,0.04408817635270541,2765,0.5390898131404459,0.6159132007233273,4.2405063291139244,0.38649789029535875,806,0.18568665377176016,0.1528046421663443,0.21694915254237288,0.17966101694915254,1442,0.6492140545538604,0.6178918169209431,4.695561719833565,0.3765603328710124,13.3,13.2,12.36,12.04,-1,-2,-1
285,1205740662,1,14,13,10,13,1080,0.548431105047749,0.11050477489768076,0.5325779036827195,0.1558073654390935,171,0.7953216374269005,0.695906432748538,6.847953216374269,0.35964912280701755,1243,0.5073627844712182,0.0214190093708166,0.5239043824701195,0.043824701195219126,2772,0.5388107263107261,0.6154401154401155,4.242063492063492,0.38642376142376156,806,0.18568665377176016,0.1528046421663443,0.21694915254237288,0.17966101694915254,1451,0.6502412129565818,0.616815988973122,4.694004135079256,0.37646450723638863,13.32,13.2,12.32,12.06,1,4,1
286,1205740663,1,13,13,14,15,1090,0.5492577597840755,0.10931174089068826,0.5295774647887324,0.15774647887323945,172,0.7965116279069767,0.6918604651162791,6.848837209302325,0.36046511627906974,1247,0.508,0.02266666666666667,0.5248508946322068,0.0437375745526839,2780,0.5392386091127096,0.6158273381294964,4.241007194244604,0.38648081534772194,808,0.18532818532818532,0.1525096525096525,0.2195945945945946,0.17905405405405406,1455,0.6497136311569303,0.6164948453608248,4.693470790378007,0.3766323024054982,13.28,13.2,12.34,12.12,0,-1,-2
287,1205740664,1,13,13,14,12,1096,0.5483870967741935,0.10887096774193548,0.5307262569832403,0.15921787709497207,173,0.7976878612716763,0.6936416184971098,6.8497109826589595,0.3598265895953757,1248,0.508,0.02266666666666667,0.5238095238095238,0.04365079365079365,2793,0.5379818594104306,0.6158252774794128,4.240959541711422,0.3863826232247286,811,0.18461538461538463,0.1519230769230769,0.21885521885521886,0.17845117845117844,1459,0.6496458761708934,0.6154900616860863,4.692254969156957,0.37645647703906776,13.26,13.2,12.4,12.12,0,-1,1
288,1205740665,1,14,12,12,12,1099,0.5502008032128514,0.10843373493975904,0.5307262569832403,0.15921787709497207,173,0.7976878612716763,0.6936416184971098,6.8497109826589595,0.3598265895953757,1254,0.5092838196286472,0.022546419098143235,0.5237154150197628,0.045454545454545456,2803,0.5374895944821023,0.6164823403496253,4.241883696039957,0.38625282435485797,813,0.18582375478927204,0.15134099616858238,0.21885521885521886,0.17845117845117844,1465,0.6497155858930604,0.616382252559727,4.689419795221843,0.3762798634812286,13.24,13.18,12.36,12.12,2,2,2
289,1205740666,1,9,11,12,12,1104,0.5492021276595744,0.11037234042553191,0.5307262569832403,0.15921787709497207,174,0.7931034482758621,0.6954022988505747,6.850574712643678,0.3620689655172414,1258,0.5086092715231788,0.022516556291390728,0.5245579567779961,0.04518664047151277,2812,0.5385550023707917,0.615931721194879,4.243954480796586,0.3863501659554292,814,0.18582375478927204,0.15134099616858238,0.2181208053691275,0.17785234899328858,1468,0.6497502270663035,0.6158038147138964,4.690054495912807,0.37653269754768387,13.14,13.14,12.34,12.14,-2,-3,-3
290,1205740667,1,11,11,11,11,1107,0.5483443708609271,0.11125827814569536,0.5307262569832403,0.15921787709497207,174,0.7931034482758621,0.6954022988505747,6.850574712643678,0.3620689655172414,1261,0.5099075297225891,0.022457067371202115,0.5235294117647059,0.045098039215686274,2822,0.5378868414835812,0.6162296243798724,4.245216158752657,0.3862213560122845,819,0.1844106463878327,0.1520912547528517,0.22073578595317725,0.17725752508361203,1474,0.6495929443690639,0.6146540027137042,4.689959294436906,0.37686567164179097,13.12,13.12,12.32,12.12,0,0,0
291,1205740668,1,16,15,15,11,1110,0.5488126649076517,0.11081794195250659,0.5307262569832403,0.15921787709497207,174,0.7931034482758621,0.6954022988505747,6.850574712643678,0.3620689655172414,1266,0.5105263157894737,0.02236842105263158,0.525390625,0.044921875,2831,0.5378252678676556,0.6167432002825857,4.245496291063229,0.38622983633580604,819,0.1844106463878327,0.1520912547528517,0.22073578595317725,0.17725752508361203,1482,0.649122807017544,0.6147098515519568,4.687584345479082,0.376855600539811,13.18,13.14,12.4,12.1,1,1,5
292,1205740669,1,13,13,14,10,1112,0.5488126649076517,0.11081794195250659,0.5305555555555556,0.15833333333333333,175,0.7885714285714286,0.6971428571428572,6.851428571428571,0.3628571428571429,1271,0.5117801047120419,0.02225130890052356,0.5263157894736842,0.04483430799220273,2840,0.5371185446009389,0.6158450704225352,4.245422535211268,0.3864143192488264,821,0.1840607210626186,0.15180265654648956,0.22,0.18,1488,0.6481854838709679,0.614247311827957,4.686827956989247,0.3768481182795698,13.16,13.12,12.36,12.0,0,-1,3
293,1205740670,1,14,12,13,12,1114,0.549407114624506,0.11067193675889328,0.5318559556786704,0.15789473684210525,175,0.7885714285714286,0.6971428571428572,6.851428571428571,0.3628571428571429,1277,0.5104166666666666,0.022135416666666668,0.5262135922330097,0.04466019417475728,2848,0.5371898408239699,0.6155196629213483,4.244733146067416,0.38638225655430725,823,0.18371212121212122,0.15151515151515152,0.21926910299003322,0.18272425249169436,1493,0.6483590087073008,0.6155391828533154,4.6872069658405895,0.37659075686537163,13.2,13.12,12.4,11.98,2,1,2
294,1205740671,1,13,12,12,12,1115,0.5486842105263158,0.11052631578947368,0.5318559556786704,0.15789473684210525,176,0.7840909090909091,0.6988636363636364,6.8522727272727275,0.3622159090909091,1282,0.5110246433203631,0.02204928664072633,0.5241779497098646,0.04448742746615087,2856,0.5369105975723621,0.615546218487395,4.246498599439776,0.38643790849673215,827,0.1830188679245283,0.1509433962264151,0.22112211221122113,0.1848184818481848,1498,0.649532710280374,0.6161548731642189,4.686248331108144,0.3761682242990653,13.2,13.12,12.4,11.98,1,1,1
295,1205740672,1,12,12,16,10,1120,0.5510471204188482,0.1099476439790576,0.5303867403314917,0.1574585635359116,176,0.7840909090909091,0.6988636363636364,6.8522727272727275,0.3622159090909091,1291,0.510939510939511,0.021879021879021878,0.525,0.04423076923076923,2864,0.5372730446927373,0.6162709497206704,4.245810055865922,0.38675512104283066,828,0.18267419962335216,0.15065913370998116,0.22112211221122113,0.1848184818481848,1502,0.6494673768308922,0.6158455392809588,4.685752330226365,0.3764980026631158,13.2,13.1,12.52,11.94,0,-4,2
296,1205740673,1,13,12,12,13,1125,0.5501955671447197,0.10951760104302477,0.532967032967033,0.1565934065934066,176,0.7840909090909091,0.6988636363636364,6.8522727272727275,0.3622159090909091,1295,0.5121951219512195,0.021822849807445442,0.524904214559387,0.044061302681992334,2875,0.5369565217391302,0.6163478260869565,4.243478260869566,0.3867536231884059,830,0.18233082706766918,0.15037593984962405,0.22039473684210525,0.18421052631578946,1506,0.6497343957503321,0.6148738379814077,4.684594953519256,0.3763280212483399,13.18,13.06,12.52,11.96,1,1,0
297,1205740674,1,15,15,14,12,1131,0.5499351491569391,0.11024643320363164,0.5300546448087432,0.1557377049180328,177,0.7796610169491526,0.7005649717514124,6.853107344632768,0.3615819209039548,1300,0.5121638924455826,0.02176696542893726,0.5257142857142857,0.04380952380952381,2884,0.5377080443828015,0.616504854368932,4.242718446601942,0.3866736014794268,830,0.18233082706766918,0.15037593984962405,0.22039473684210525,0.18421052631578946,1510,0.649337748344371,0.614569536423841,4.68476821192053,0.37665562913907275,13.24,13.08,12.54,11.96,0,1,3
298,1205740675,1,11,13,11,14,1135,0.5470967741935484,0.11225806451612903,0.5300546448087432,0.1557377049180328,179,0.7821229050279329,0.6983240223463687,6.849162011173185,0.361731843575419,1305,0.510178117048346,0.021628498727735368,0.5257142857142857,0.04380952380952381,2891,0.5376167416118989,0.6163957108267035,4.243168453822207,0.386515623198432,834,0.18164794007490637,0.15168539325842698,0.2222222222222222,0.1830065359477124,1517,0.6499670402109428,0.6150296638101516,4.688200395517469,0.37656558998022405,13.24,13.12,12.56,12.02,-2,0,-3
299,1205740676,1,15,11,15,12,1141,0.5474358974358975,0.11282051282051282,0.5286103542234333,0.1553133514986376,180,0.7833333333333333,0.7,6.85,0.3611111111111111,1312,0.5107458912768648,0.021491782553729456,0.5256166982922201,0.04364326375711575,2898,0.5380434782608694,0.6159420289855072,4.241545893719807,0.3865884518058432,835,0.18164794007490637,0.15168539325842698,0.22149837133550487,0.18566775244299674,1522,0.6504599211563733,0.6156373193166885,4.688567674113009,0.37631406044678045,13.28,13.1,12.62,12.02,4,0,3
300,1205740677,1,14,14,12,13,1142,0.5474358974358975,0.11282051282051282,0.529891304347826,0.15489130434782608,181,0.7845303867403315,0.6961325966850829,6.850828729281768,0.36049723756906077,1313,0.5113636363636364,0.021464646464646464,0.5256166982922201,0.04364326375711575,2906,0.5375946317962834,0.6152787336545079,4.241913282863042,0.38655654966735503,836,0.18164794007490637,0.15168539325842698,0.22402597402597402,0.18506493506493507,1531,0.649902024820379,0.6152841280209014,4.687132593076421,0.3760613977792292,13.26,13.08,12.56,12.0,0,2,1
301,1205740678,1,13,13,10,13,1143,0.5474358974358975,0.11282051282051282,0.5284552845528455,0.15718157181571815,181,0.7845303867403315,0.6961325966850829,6.850828729281768,0.36049723756906077,1317,0.5125944584382871,0.021410579345088162,0.5255198487712666,0.043478260869565216,2915,0.5377644368210404,0.6154373927958834,4.239451114922813,0.3864779874213838,841,0.1821561338289963,0.1524163568773234,0.22330097087378642,0.18446601941747573,1536,0.6497395833333334,0.615234375,4.686848958333333,0.37581380208333326,13.22,13.06,12.5,12.02,0,3,0
302,1205740679,1,14,14,14,14,1146,0.5485933503836317,0.11253196930946291,0.527027027027027,0.15945945945945947,181,0.7845303867403315,0.6961325966850829,6.850828729281768,0.36049723756906077,1327,0.5125,0.02125,0.525328330206379,0.043151969981238276,2924,0.5379901960784312,0.6149110807113544,4.239056087551299,0.3864854081167352,842,0.18181818181818182,0.15213358070500926,0.22330097087378642,0.18446601941747573,1541,0.6495781959766386,0.6158338741077223,4.686567164179104,0.37589227774172607,13.22,13.08,12.5,12.04,0,0,0
303,1205740680,1,15,15,12,15,1148,0.5491698595146871,0.1123882503192848,0.5256064690026954,0.15902964959568733,183,0.7841530054644809,0.6994535519125683,6.8469945355191255,0.36065573770491804,1328,0.5118601747815231,0.02122347066167291,0.525328330206379,0.043151969981238276,2933,0.5371917263325376,0.6147289464711899,4.241391067166724,0.3863223093533357,842,0.18181818181818182,0.15213358070500926,0.22330097087378642,0.18446601941747573,1552,0.6478737113402062,0.6146907216494846,4.689432989690721,0.37580541237113396,13.24,13.14,12.54,12.12,0,3,0
304,1205740681,1,11,11,12,10,1156,0.5468354430379747,0.11265822784810127,0.5241935483870968,0.16129032258064516,183,0.7841530054644809,0.6994535519125683,6.8469945355191255,0.36065573770491804,1331,0.5111940298507462,0.021144278606965175,0.525328330206379,0.043151969981238276,2944,0.5377321105072462,0.6154891304347826,4.239130434782608,0.3860677083333335,848,0.18047882136279927,0.15285451197053407,0.22508038585209003,0.1832797427652733,1554,0.6483268983268984,0.6151866151866152,4.690476190476191,0.37564350064350055,13.16,13.1,12.54,12.08,0,-1,1
305,1205740682,1,13,13,10,12,1160,0.5460277427490542,0.11223203026481715,0.5254691689008043,0.16085790884718498,183,0.7841530054644809,0.6994535519125683,6.8469945355191255,0.36065573770491804,1334,0.511166253101737,0.02109181141439206,0.5243445692883895,0.04307116104868914,2954,0.5376043782441885,0.6154366960054164,4.238659444820582,0.38605845181674575,848,0.18047882136279927,0.15285451197053407,0.22508038585209003,0.1832797427652733,1561,0.6479820627802692,0.6143497757847534,4.689301729660474,0.37545376895152677,13.14,13.08,12.56,12.06,0,3,1
306,1205740683,1,13,11,13,14,1170,0.5425,0.11125,0.526595744680851,0.1595744680851064,184,0.779891304347826,0.7010869565217391,6.8478260869565215,0.360054347826087,1338,0.5129789864029666,0.021013597033374538,0.5233644859813084,0.04299065420560748,2962,0.5378404231375196,0.6151249155975692,4.237002025658339,0.38611298672068434,848,0.18047882136279927,0.15285451197053407,0.22508038585209003,0.1832797427652733,1565,0.6482428115015976,0.6146964856230032,4.69073482428115,0.3754526091586794,13.08,13.0,12.54,12.1,2,0,-1
307,1205740684,1,12,14,13,10,1173,0.5423940149625935,0.11097256857855362,0.5251989389920424,0.15915119363395225,185,0.7810810810810811,0.6972972972972973,6.848648648648648,0.35945945945945945,1341,0.5141800246609125,0.02096177558569667,0.5223880597014925,0.04291044776119403,2974,0.5376877381752968,0.6156691324815063,4.23537323470074,0.38581596054696266,853,0.181651376146789,0.15229357798165138,0.2229299363057325,0.18789808917197454,1569,0.6491395793499045,0.6137667304015296,4.691523263224984,0.37513278096452085,13.06,13.02,12.58,12.02,-2,-1,2
308,1205740685,1,12,13,13,12,1178,0.5409429280397022,0.11166253101736973,0.5238095238095238,0.16137566137566137,186,0.782258064516129,0.6989247311827957,6.849462365591398,0.3588709677419355,1345,0.5147420147420148,0.020884520884520884,0.5232774674115456,0.04283054003724395,2985,0.5375488553880512,0.6164154103852596,4.235845896147404,0.3854829704075936,855,0.1809872029250457,0.15173674588665448,0.2229299363057325,0.18789808917197454,1574,0.6499364675984753,0.613722998729352,4.690597204574333,0.3750529436679373,13.04,13.04,12.56,12.02,-1,-1,0
309,1205740686,1,14,14,13,12,1182,0.540272614622057,0.11152416356877323,0.5249343832020997,0.16272965879265092,187,0.7834224598930482,0.6951871657754011,6.850267379679145,0.35962566844919786,1350,0.5134474327628362,0.02078239608801956,0.5241635687732342,0.04275092936802974,2992,0.5371267825311942,0.6163101604278075,4.234625668449198,0.385583778966132,860,0.18032786885245902,0.151183970856102,0.22712933753943218,0.1861198738170347,1578,0.6492395437262357,0.6140684410646388,4.690114068441065,0.37536966624419094,13.04,13.04,12.58,12.04,0,1,2
310,1205740687,1,11,12,12,11,1183,0.5396039603960396,0.11138613861386139,0.5249343832020997,0.16272965879265092,188,0.7845744680851063,0.6968085106382979,6.851063829787234,0.3603723404255319,1359,0.5121654501216545,0.02068126520681265,0.5285451197053407,0.0423572744014733,3002,0.5365034421496778,0.6159227181878747,4.235509660226516,0.3856318010215413,862,0.18,0.1509090909090909,0.22641509433962265,0.18553459119496854,1584,0.6480429292929293,0.6142676767676768,4.6875,0.37552609427609424,12.94,12.98,12.58,11.98,-1,-1,0
311,1205740688,1,13,13,13,12,1186,0.5388409371146733,0.11220715166461159,0.5249343832020997,0.16272965879265092,189,0.7857142857142857,0.6984126984126984,6.851851851851852,0.35978835978835977,1362,0.5109223300970874,0.02063106796116505,0.5294117647058824,0.042279411764705885,3013,0.5361489102776854,0.6163292399601726,4.235645536010621,0.38571744662020147,864,0.1793478260869565,0.1503623188405797,0.22641509433962265,0.18553459119496854,1590,0.6484276729559748,0.6138364779874214,4.6874213836477985,0.375524109014675,12.96,12.96,12.6,11.98,0,0,1
312,1205740689,1,12,13,11,11,1190,0.5399753997539976,0.11193111931119311,0.5248041775456919,0.16449086161879894,190,0.7842105263157895,0.7,6.847368421052631,0.3605263157894737,1364,0.5115151515151515,0.020606060606060607,0.5284403669724771,0.04220183486238532,3025,0.5366115702479337,0.6165289256198347,4.23504132231405,0.38570247933884305,869,0.1783783783783784,0.15135135135135136,0.225,0.184375,1594,0.6486825595984943,0.6135508155583438,4.687578419071518,0.375418235048097,12.96,13.02,12.54,11.96,-1,1,1
313,1205740690,1,13,14,13,13,1193,0.5398773006134969,0.1116564417177914,0.5234375,0.1640625,191,0.7853403141361257,0.6963350785340314,6.848167539267016,0.3612565445026178,1364,0.5115151515151515,0.020606060606060607,0.5284403669724771,0.04220183486238532,3034,0.5368874972533507,0.6166776532630192,4.235332893869479,0.38573939793451995,876,0.17805755395683454,0.1510791366906475,0.22392638036809817,0.18404907975460122,1600,0.649375,0.61375,4.688125,0.37526041666666665,13.0,13.08,12.54,11.94,-1,0,0
314,1205740691,1,12,12,12,11,1194,0.5404411764705882,0.11151960784313726,0.5234375,0.1640625,191,0.7853403141361257,0.6963350785340314,6.848167539267016,0.3612565445026178,1371,0.5126658624849216,0.020506634499396863,0.5291970802919708,0.041970802919708027,3041,0.5369670064671707,0.6169023347583031,4.234791187109503,0.385673572289817,880,0.1771019677996422,0.15026833631484796,0.22324159021406728,0.18654434250764526,1606,0.6500622665006227,0.6145703611457036,4.688044831880449,0.3752594437525944,13.02,13.06,12.54,11.9,0,0,1
315,1205740692,1,14,13,14,12,1199,0.5409035409035409,0.1111111111111111,0.5233160621761658,0.16580310880829016,192,0.78125,0.6979166666666666,6.848958333333333,0.3606770833333333,1374,0.5126353790613718,0.02045728038507822,0.5300546448087432,0.04189435336976321,3051,0.5362995739101931,0.616519174041298,4.233366109472304,0.3857205287883754,885,0.17793594306049823,0.1494661921708185,0.22492401215805471,0.1884498480243161,1609,0.6507147296457427,0.6146674953387197,4.689247980111871,0.3751812720116014,13.04,13.06,12.58,11.94,1,0,2
316,1205740693,1,14,14,13,11,1199,0.5409035409035409,0.1111111111111111,0.5233160621761658,0.16580310880829016,193,0.7823834196891192,0.694300518134715,6.849740932642487,0.3626943005181347,1380,0.513189448441247,0.02038369304556355,0.5307971014492754,0.041666666666666664,3060,0.5363562091503266,0.6160130718954249,4.234313725490196,0.3857298474945534,889,0.17907801418439717,0.14893617021276595,0.22356495468277945,0.1903323262839879,1614,0.6505576208178439,0.6158612143742255,4.687732342007435,0.3751032631144155,13.08,13.1,12.6,11.9,0,1,3
317,1205740694,1,12,14,11,12,1201,0.5420219244823387,0.11084043848964677,0.5233160621761658,0.16580310880829016,196,0.7857142857142857,0.6989795918367347,6.846938775510204,0.36096938775510207,1385,0.513126491646778,0.02028639618138425,0.5316455696202531,0.04159132007233273,3068,0.5369132985658407,0.6157105606258149,4.236310299869622,0.385674706649283,891,0.18053097345132743,0.1486725663716814,0.22289156626506024,0.1897590361445783,1619,0.6497838171710932,0.6164298949969117,4.691167387276097,0.37518015235742225,13.04,13.08,12.58,11.9,-2,1,0
318,1205740695,1,13,14,13,12,1206,0.5418181818181819,0.1103030303030303,0.524547803617571,0.165374677002584,196,0.7857142857142857,0.6989795918367347,6.846938775510204,0.36096938775510207,1387,0.513126491646778,0.02028639618138425,0.5297297297297298,0.04144144144144144,3080,0.5374729437229435,0.615909090909091,4.237337662337662,0.38587662337662343,896,0.1795774647887324,0.14788732394366197,0.2245508982035928,0.18862275449101795,1621,0.6502159161011721,0.6169031462060457,4.692165330043183,0.37502570429775856,13.02,13.06,12.6,11.92,-1,0,1
319,1205740696,1,13,12,13,12,1208,0.5417170495767836,0.11003627569528417,0.524547803617571,0.165374677002584,196,0.7857142857142857,0.6989795918367347,6.846938775510204,0.36096938775510207,1390,0.513095238095238,0.02023809523809524,0.5287769784172662,0.04136690647482014,3091,0.5371778281030948,0.6159818828857975,4.239081203494015,0.38579747654480756,900,0.1824561403508772,0.14736842105263157,0.2261904761904762,0.1875,1625,0.6504615384615384,0.6166153846153846,4.691692307692308,0.375025641025641,13.0,13.02,12.66,11.98,1,0,1
320,1205740697,1,12,12,13,12,1210,0.5416164053075995,0.1097708082026538,0.524547803617571,0.165374677002584,197,0.7868020304568528,0.700507614213198,6.847715736040609,0.3604060913705584,1394,0.5112692763938316,0.020166073546856466,0.5296229802513465,0.04129263913824058,3100,0.5371236559139783,0.6161290322580645,4.240322580645161,0.3858064516129033,902,0.18388791593695272,0.14711033274956217,0.22551928783382788,0.18694362017804153,1631,0.6503167790721439,0.6167995095033721,4.690987124463519,0.3751788268955651,12.94,13.0,12.7,11.98,0,-1,0
321,1205740698,1,13,14,14,12,1215,0.5443645083932853,0.1091127098321343,0.524547803617571,0.165374677002584,198,0.7878787878787878,0.702020202020202,6.848484848484849,0.3611111111111111,1403,0.5117924528301887,0.020047169811320754,0.5294117647058824,0.040998217468805706,3108,0.5375107250107247,0.6164736164736164,4.239703989703989,0.3856981981981983,904,0.18324607329842932,0.14659685863874344,0.22551928783382788,0.18694362017804153,1634,0.6506527947776418,0.6175030599755202,4.689718482252142,0.37515299877600977,12.92,13.0,12.72,11.96,-1,-1,1
322,1205740699,1,14,17,13,13,1218,0.5442583732057417,0.10885167464114832,0.5257731958762887,0.16494845360824742,199,0.7889447236180904,0.7035175879396985,6.849246231155779,0.36055276381909546,1409,0.5123384253819037,0.0199764982373678,0.5283687943262412,0.040780141843971635,3113,0.5376110932648033,0.6161259235464183,4.239640218438805,0.3856408609058786,904,0.18324607329842932,0.14659685863874344,0.22551928783382788,0.18694362017804153,1643,0.6491174680462568,0.6171637248934875,4.690809494826537,0.3753804017041996,12.92,13.08,12.7,11.96,-3,1,1
323,1205740700,1,12,12,11,10,1220,0.5436081242532855,0.1087216248506571,0.5269922879177378,0.16452442159383032,199,0.7889447236180904,0.7035175879396985,6.849246231155779,0.36055276381909546,1414,0.511137162954279,0.01992966002344666,0.5291005291005291,0.04056437389770723,3126,0.5372947323523137,0.6158029430582214,4.239923224568138,0.3854766474728088,907,0.18434782608695652,0.14608695652173914,0.22485207100591717,0.1863905325443787,1647,0.6490588949605343,0.6168791742562234,4.689738919247116,0.37553126897389194,12.9,13.06,12.68,11.92,0,1,2
324,1205740701,1,15,12,11,13,1224,0.544047619047619,0.10833333333333334,0.5282051282051282,0.1641025641025641,200,0.7875,0.705,6.85,0.36125,1416,0.5117096018735363,0.01990632318501171,0.528169014084507,0.040492957746478875,3138,0.5374707881878051,0.6163161249203314,4.239324410452517,0.38551625239005743,909,0.1857638888888889,0.14583333333333334,0.22713864306784662,0.18584070796460178,1651,0.6497072481324451,0.6159903089036948,4.690490611750454,0.37552998182919445,12.96,13.04,12.66,11.98,3,4,2
325,1205740702,1,14,13,11,14,1228,0.5444839857651246,0.10794780545670225,0.5294117647058824,0.1636828644501279,201,0.7885572139303483,0.7014925373134329,6.850746268656716,0.3619402985074627,1427,0.5122235157159488,0.01979045401629802,0.5278745644599303,0.04006968641114982,3143,0.5367748435677164,0.6162901686286987,4.238943684377983,0.385618835507477,910,0.1857638888888889,0.14583333333333334,0.22941176470588234,0.18529411764705883,1656,0.6501610305958132,0.6159420289855072,4.6896135265700485,0.3756038647342995,12.94,12.98,12.58,12.02,1,3,0
326,1205740703,1,13,13,13,11,1234,0.5436320754716981,0.10731132075471699,0.5306122448979592,0.16326530612244897,201,0.7885572139303483,0.7014925373134329,6.850746268656716,0.3619402985074627,1429,0.5116279069767442,0.019767441860465116,0.528695652173913,0.04,3155,0.5364236661384044,0.6164817749603804,4.237083993660856,0.38573692551505556,912,0.185121107266436,0.1453287197231834,0.22941176470588234,0.18529411764705883,1660,0.6501004016064258,0.6168674698795181,4.6897590361445785,0.37560240963855424,12.94,12.98,12.6,12.02,0,0,2
327,1205740704,1,13,12,13,11,1236,0.5441696113074205,0.1071849234393404,0.5318066157760815,0.1628498727735369,202,0.7896039603960396,0.7029702970297029,6.851485148514851,0.3613861386138614,1432,0.511600928074246,0.019721577726218097,0.5295138888888888,0.03993055555555555,3166,0.5359286165508526,0.6162349968414403,4.2413139608338595,0.38592335228469155,913,0.185121107266436,0.1453287197231834,0.2287390029325513,0.18475073313782991,1666,0.6498599439775911,0.6164465786314526,4.692677070828331,0.3754501800720288,12.94,12.94,12.64,12.04,1,0,2
328,1205740705,1,15,14,11,14,1243,0.5456674473067916,0.10655737704918032,0.5316455696202531,0.1620253164556962,202,0.7896039603960396,0.7029702970297029,6.851485148514851,0.3613861386138614,1438,0.5121387283236994,0.019653179190751446,0.5284974093264249,0.039723661485319514,3174,0.5354179794160888,0.6156269691241336,4.240705734089477,0.3862108800672128,913,0.185121107266436,0.1453287197231834,0.2287390029325513,0.18475073313782991,1671,0.6509076401356474,0.6175942549371634,4.692399760622382,0.3750748055056852,13.0,12.96,12.58,12.04,1,4,1
329,1205740706,1,14,16,12,14,1247,0.5460910151691949,0.10618436406067679,0.5303030303030303,0.16161616161616163,204,0.7916666666666666,0.7009803921568627,6.848039215686274,0.3602941176470588,1446,0.5120828538550057,0.019562715765247412,0.5283018867924528,0.03945111492281304,3181,0.5356020119459287,0.616472807293304,4.239232945614587,0.386382688881903,916,0.18448275862068966,0.14482758620689656,0.22807017543859648,0.18421052631578946,1674,0.6506371963361212,0.6182795698924731,4.691756272401434,0.3751493428912784,13.04,13.02,12.6,12.1,-2,2,0
330,1205740707,1,12,12,12,11,1250,0.5465116279069767,0.1058139534883721,0.5303030303030303,0.16161616161616163,204,0.7916666666666666,0.7009803921568627,6.848039215686274,0.3602941176470588,1452,0.5108820160366552,0.019473081328751432,0.5282051282051282,0.039316239316239315,3191,0.5362738953306171,0.6170479473519273,4.237543089940457,0.38626867230753165,920,0.18524871355060035,0.1457975986277873,0.22740524781341107,0.1836734693877551,1677,0.6505664877757901,0.6189624329159212,4.691115086463924,0.3753726893261777,13.0,12.98,12.58,12.08,0,0,1
331,1205740708,1,15,15,14,16,1251,0.5470383275261324,0.10569105691056911,0.5303030303030303,0.16161616161616163,205,0.7894308943089431,0.697560975609756,6.84390243902439,0.3621951219512195,1456,0.5114155251141552,0.019406392694063926,0.5290102389078498,0.03924914675767918,3200,0.5367968749999997,0.616875,4.2390625,0.3864322916666667,921,0.18524871355060035,0.1457975986277873,0.22674418604651161,0.18313953488372092,1683,0.6512180629827689,0.6191325014854426,4.690433749257279,0.3753713606654783,13.08,13.0,12.58,12.2,0,1,-1
332,1205740709,1,15,14,13,13,1252,0.5475638051044084,0.10556844547563805,0.5303030303030303,0.16161616161616163,205,0.7894308943089431,0.697560975609756,6.84390243902439,0.3621951219512195,1463,0.5125284738041003,0.0193621867881549,0.5279187817258884,0.038917089678511,3208,0.5363933915211967,0.6168952618453866,4.239713216957606,0.3862479218620117,921,0.18524871355060035,0.1457975986277873,0.22674418604651161,0.18313953488372092,1692,0.651595744680851,0.6193853427895981,4.689716312056738,0.3754432624113475,13.1,13.04,12.58,12.24,1,2,2
333,1205740710,1,14,16,12,12,1256,0.5486111111111112,0.10532407407407407,0.5301507537688442,0.16080402010050251,205,0.7894308943089431,0.697560975609756,6.84390243902439,0.3621951219512195,1467,0.5125,0.019318181818181818,0.5278246205733558,0.0387858347386172,3218,0.5360213383053654,0.6165320074580485,4.239589807333748,0.3862906567226021,922,0.18493150684931506,0.14554794520547945,0.22674418604651161,0.18313953488372092,1698,0.651060070671378,0.6189634864546525,4.689045936395759,0.3751472320376914,13.14,13.12,12.58,12.24,-2,2,2
334,1205740711,1,12,13,15,13,1257,0.5479768786127167,0.10635838150289018,0.5301507537688442,0.16080402010050251,205,0.7894308943089431,0.697560975609756,6.84390243902439,0.3621951219512195,1471,0.5118912797281994,0.01925254813137033,0.5286195286195287,0.03872053872053872,3227,0.5356626381572149,0.6166718314223737,4.239851255035637,0.3864528457803946,927,0.18739352640545145,0.14480408858603067,0.23121387283236994,0.18208092485549132,1704,0.6522887323943662,0.6185446009389671,4.689553990610329,0.375,13.14,13.12,12.6,12.24,-1,-3,-1
335,1205740712,1,13,15,14,12,1261,0.5478662053056517,0.1061130334486736,0.53,0.16,206,0.790453074433657,0.6990291262135923,6.844660194174757,0.3616504854368932,1475,0.5107344632768361,0.0192090395480226,0.5302013422818792,0.03859060402684564,3238,0.5353870702079471,0.6161210623841877,4.240271772699197,0.3865297508750258,930,0.1870748299319728,0.1445578231292517,0.22988505747126436,0.1839080459770115,1708,0.6523224043715847,0.6182669789227166,4.687939110070258,0.37504879000780644,13.12,13.16,12.68,12.22,-2,-1,1
336,1205740713,1,15,13,13,11,1268,0.5493119266055045,0.10550458715596331,0.5323383084577115,0.15920398009950248,206,0.790453074433657,0.6990291262135923,6.844660194174757,0.3616504854368932,1479,0.5095828635851184,0.019165727170236752,0.5301003344481605,0.038461538461538464,3249,0.5357289422386373,0.6161895967990151,4.238534933825792,0.3865291884682467,932,0.188135593220339,0.1440677966101695,0.22988505747126436,0.1839080459770115,1710,0.6521442495126706,0.6187134502923977,4.688304093567251,0.37519493177387914,13.16,13.16,12.66,12.14,2,2,4
337,1205740714,1,13,14,11,14,1268,0.5493119266055045,0.10550458715596331,0.5323383084577115,0.15920398009950248,208,0.7924679487179488,0.6971153846153846,6.841346153846154,0.36177884615384615,1490,0.5089686098654709,0.01905829596412556,0.5281456953642384,0.0380794701986755,3251,0.5357069619604222,0.6161181175023069,4.239003383574285,0.3865220957654056,934,0.18781725888324874,0.14382402707275804,0.23209169054441262,0.1833810888252149,1718,0.6520178502134265,0.6175785797438882,4.689755529685681,0.3754850601474583,13.16,13.18,12.6,12.18,-1,2,-1
338,1205740715,1,14,16,14,9,1272,0.5490867579908676,0.1050228310502283,0.5323383084577115,0.15920398009950248,210,0.7896825396825398,0.7,6.838095238095238,0.3607142857142857,1496,0.5100446428571429,0.018973214285714284,0.5264026402640264,0.037953795379537955,3259,0.53531246803723,0.6167536054004296,4.238109849647131,0.3864938120077734,937,0.18887015177065766,0.1433389544688027,0.23142857142857143,0.18285714285714286,1722,0.6522454510259389,0.6178861788617886,4.691056910569106,0.3754839334107627,13.16,13.26,12.64,12.12,-2,0,5
339,1205740716,1,13,13,10,11,1272,0.5490867579908676,0.1050228310502283,0.5323383084577115,0.15920398009950248,210,0.7896825396825398,0.7,6.838095238095238,0.3607142857142857,1504,0.5111111111111111,0.01888888888888889,0.5245901639344263,0.03770491803278689,3269,0.5358162536963391,0.6170082594065464,4.237993270113185,0.38607627205057615,940,0.18823529411764706,0.14285714285714285,0.23076923076923078,0.18233618233618235,1728,0.6522955246913581,0.6186342592592593,4.689814814814815,0.37509645061728397,13.24,13.3,12.6,12.1,0,3,2
340,1205740717,1,12,14,12,11,1275,0.5501138952164009,0.10478359908883828,0.5310173697270472,0.16129032258064516,211,0.7859399684044234,0.7014218009478673,6.834123222748815,0.36018957345971564,1506,0.51165371809101,0.018867924528301886,0.5237315875613748,0.03764320785597381,3281,0.5358376511226249,0.6171898811338007,4.238037183785432,0.3859595651732196,945,0.18896321070234115,0.14381270903010032,0.22946175637393768,0.1813031161473088,1731,0.6523204313498941,0.6187175043327556,4.688619295205084,0.37487964567687276,13.26,13.36,12.62,12.1,-2,0,1
341,1205740718,1,15,13,11,13,1283,0.5487528344671202,0.10430839002267574,0.5307125307125307,0.1597051597051597,212,0.7869496855345912,0.7028301886792453,6.834905660377358,0.3596698113207547,1512,0.5104972375690607,0.01878453038674033,0.5252854812398042,0.037520391517128875,3287,0.5356201196633199,0.6172801947064193,4.236385762093094,0.3860156170773756,946,0.18864774624373956,0.14357262103505844,0.22946175637393768,0.1813031161473088,1734,0.6529219530949635,0.6182237600922722,4.688581314878893,0.37495194156093814,13.24,13.32,12.54,12.14,2,4,2
342,1205740719,1,15,15,12,11,1285,0.5497737556561086,0.10407239819004525,0.5307125307125307,0.1597051597051597,213,0.7879499217527387,0.704225352112676,6.835680751173709,0.3591549295774648,1516,0.5099118942731278,0.018722466960352423,0.5244299674267101,0.03745928338762215,3296,0.5353711569579286,0.6168082524271845,4.235740291262136,0.38579591423948223,946,0.18864774624373956,0.14357262103505844,0.22946175637393768,0.1813031161473088,1742,0.6523153463451972,0.6176808266360505,4.688289322617681,0.37523918867202455,13.28,13.36,12.5,12.16,0,3,4
343,1205740720,1,12,12,14,12,1290,0.5496613995485328,0.1038374717832957,0.5341463414634147,0.15853658536585366,213,0.7879499217527387,0.704225352112676,6.835680751173709,0.3591549295774648,1520,0.5104281009879253,0.018660812294182216,0.5252032520325203,0.03739837398373984,3307,0.5347999193629672,0.6168732990625945,4.235258542485637,0.3859993952222559,950,0.1877076411960133,0.14451827242524917,0.23163841807909605,0.1807909604519774,1746,0.6525391370752196,0.6185567010309279,4.687857961053838,0.3750954562810233,13.24,13.36,12.52,12.16,0,-2,0
344,1205740721,1,14,13,11,13,1295,0.549438202247191,0.10337078651685393,0.5328467153284672,0.15815085158150852,215,0.7852713178294574,0.7023255813953488,6.832558139534884,0.36046511627906974,1524,0.5087527352297593,0.018599562363238512,0.525974025974026,0.037337662337662336,3312,0.5345460950080513,0.6165458937198067,4.2355072463768115,0.38602053140096626,952,0.1877076411960133,0.14451827242524917,0.2303370786516854,0.1797752808988764,1753,0.653070926031565,0.6195094124358242,4.6891043924700515,0.3751663814413387,13.26,13.38,12.5,12.18,1,3,1
345,1205740722,1,14,13,14,13,1295,0.549438202247191,0.10337078651685393,0.5328467153284672,0.15815085158150852,215,0.7852713178294574,0.7023255813953488,6.832558139534884,0.36046511627906974,1529,0.5087336244541485,0.018558951965065504,0.5250403877221325,0.03715670436187399,3324,0.5338196951464097,0.6161251504211793,4.2352587244284,0.3859807460890494,955,0.18739635157545606,0.14427860696517414,0.23184357541899442,0.1787709497206704,1758,0.6540576412590066,0.6194539249146758,4.687713310580205,0.3748103905953736,13.3,13.4,12.46,12.24,1,0,1
346,1205740723,1,14,14,10,11,1296,0.5488215488215489,0.10325476992143659,0.5328467153284672,0.15815085158150852,215,0.7852713178294574,0.7023255813953488,6.832558139534884,0.36046511627906974,1532,0.5092693565976009,0.018538713195201745,0.5265700483091788,0.037037037037037035,3336,0.533648081534772,0.6157074340527577,4.23621103117506,0.3859412470023981,956,0.18739635157545606,0.14427860696517414,0.23119777158774374,0.17827298050139276,1766,0.6539260098150246,0.6183465458663646,4.686862967157418,0.37438656096640244,13.32,13.44,12.42,12.2,0,4,3
347,1205740724,1,13,13,11,11,1298,0.5493273542600897,0.1031390134529148,0.5315533980582524,0.16019417475728157,215,0.7852713178294574,0.7023255813953488,6.832558139534884,0.36046511627906974,1541,0.509229098805646,0.018458197611292075,0.5271565495207667,0.038338658146964855,3343,0.533577624887825,0.6156147173197727,4.235118157343703,0.38610529464552806,960,0.18677685950413223,0.14380165289256197,0.2299168975069252,0.18005540166204986,1771,0.6546207415772634,0.6177300959909655,4.686617730095991,0.3742236024844721,13.28,13.4,12.36,12.18,0,2,2
348,1205740725,1,11,12,9,9,1302,0.5480984340044742,0.1040268456375839,0.5314009661835749,0.15942028985507245,215,0.7852713178294574,0.7023255813953488,6.832558139534884,0.36046511627906974,1547,0.509229098805646,0.018458197611292075,0.5300632911392406,0.0379746835443038,3349,0.5330198069075343,0.6157061809495372,4.23499552105106,0.38616004777545543,961,0.18677685950413223,0.14380165289256197,0.2292817679558011,0.18232044198895028,1778,0.6540119985001875,0.6152980877390326,4.689538807649044,0.37457817772778407,13.28,13.38,12.32,12.08,-1,2,2
349,1205740726,1,13,13,12,12,1307,0.5467706013363028,0.10356347438752785,0.5301204819277109,0.15903614457831325,216,0.7847222222222222,0.7037037037037037,6.833333333333333,0.36226851851851855,1554,0.5102702702702703,0.018378378378378378,0.5307086614173229,0.03779527559055118,3357,0.533090060569953,0.6154304438486744,4.233243967828418,0.3863320424982624,962,0.18646864686468648,0.14356435643564355,0.2292817679558011,0.18232044198895028,1783,0.6535801084314826,0.6152551878855861,4.689287717330342,0.37464946719012904,13.24,13.42,12.26,12.08,0,1,1
350,1205740727,1,11,11,13,11,1317,0.5442477876106194,0.10398230088495575,0.5322195704057279,0.15990453460620524,217,0.7811059907834101,0.7050691244239631,6.8341013824884795,0.3617511520737327,1555,0.5107991360691144,0.0183585313174946,0.5307086614173229,0.03779527559055118,3365,0.5335066864784545,0.6151560178306092,4.233580980683507,0.38645368994551765,965,0.18616144975288304,0.14332784184514002,0.22802197802197802,0.18406593406593408,1787,0.6537959335944787,0.6155567991046447,4.691662003357583,0.3747901510912144,13.18,13.36,12.28,12.04,0,-2,0
351,1205740728,1,15,13,12,12,1321,0.5452538631346578,0.10375275938189846,0.5344418052256532,0.15914489311163896,217,0.7811059907834101,0.7050691244239631,6.8341013824884795,0.3617511520737327,1561,0.5102260495156081,0.01829924650161464,0.5297805642633229,0.03761755485893417,3373,0.5343166320782683,0.6154758375333531,4.232434034983694,0.3863524063642653,968,0.18555008210180624,0.14285714285714285,0.2273972602739726,0.18356164383561643,1793,0.6541178657743075,0.615170105967652,4.689905186837702,0.3745119910764083,13.22,13.36,12.32,12.02,2,3,3
352,1205740729,1,13,14,9,12,1326,0.545054945054945,0.10329670329670329,0.5355450236966824,0.15876777251184834,218,0.7821100917431193,0.7018348623853211,6.834862385321101,0.3623853211009174,1567,0.5123258306538049,0.01822079314040729,0.528125,0.0375,3381,0.534186138223405,0.6154983732623485,4.232179828453121,0.38684314305432327,971,0.18494271685761046,0.14402618657937807,0.226775956284153,0.1830601092896175,1798,0.6548016314423434,0.6151279199110122,4.690211345939933,0.37444382647385993,13.2,13.36,12.22,11.98,-1,4,1
353,1205740730,1,12,12,10,12,1329,0.5449561403508771,0.10307017543859649,0.5342789598108747,0.15839243498817968,219,0.7831050228310502,0.7031963470319634,6.831050228310502,0.3618721461187215,1572,0.512273212379936,0.0192102454642476,0.5273010920436817,0.0374414976599064,3392,0.5340752751572324,0.6149764150943396,4.232311320754717,0.38662047955974854,973,0.184640522875817,0.1437908496732026,0.22615803814713897,0.18256130790190736,1803,0.654926973562581,0.6150859678313921,4.689961175818081,0.3746533555185802,13.14,13.3,12.18,11.92,0,2,0
354,1205740731,1,13,10,12,12,1331,0.5448577680525164,0.10393873085339168,0.5342789598108747,0.15839243498817968,219,0.7831050228310502,0.7031963470319634,6.831050228310502,0.3618721461187215,1576,0.5122470713525027,0.019169329073482427,0.5272161741835147,0.03732503888024884,3404,0.5343468468468465,0.6157461809635723,4.230904817861339,0.38665295730513133,977,0.18566775244299674,0.14332247557003258,0.22493224932249323,0.18157181571815717,1807,0.6551374285187236,0.6153846153846154,4.688987271721085,0.37451577199778646,13.18,13.28,12.18,11.96,3,1,1
355,1205740732,1,14,15,9,14,1335,0.5446623093681917,0.10348583877995643,0.5342789598108747,0.15839243498817968,220,0.7840909090909091,0.7045454545454546,6.831818181818182,0.3613636363636364,1579,0.5117021276595745,0.019148936170212766,0.5286821705426357,0.037209302325581395,3415,0.5337969741337235,0.6152269399707174,4.230453879941435,0.3868716447047341,981,0.18770226537216828,0.1423948220064725,0.22493224932249323,0.18157181571815717,1810,0.6548802946593003,0.6160220994475138,4.6878453038674035,0.37444751381215474,13.2,13.32,12.16,12.0,-1,5,0
356,1205740733,1,12,12,11,12,1337,0.5445652173913044,0.10434782608695652,0.5342789598108747,0.15839243498817968,221,0.7850678733031674,0.7058823529411765,6.832579185520362,0.3608597285067873,1587,0.513255567338282,0.019088016967126194,0.5276923076923077,0.036923076923076927,3424,0.5334160825545168,0.6153621495327103,4.229264018691588,0.3868769470404985,984,0.18870967741935485,0.14193548387096774,0.22432432432432434,0.1810810810810811,1815,0.6558310376492196,0.615426997245179,4.687603305785124,0.3742424242424243,13.18,13.34,12.12,11.96,0,1,0
357,1205740734,1,12,12,12,14,1339,0.5450597176981542,0.10423452768729642,0.535377358490566,0.1580188679245283,221,0.7850678733031674,0.7058823529411765,6.832579185520362,0.3608597285067873,1587,0.513255567338282,0.019088016967126194,0.5276923076923077,0.036923076923076927,3438,0.5333769633507851,0.6151832460732984,4.230075625363583,0.38711944929222425,987,0.19001610305958133,0.14170692431561996,0.22311827956989247,0.18010752688172044,1821,0.6564158887058393,0.615595826468973,4.686436024162548,0.3739703459637562,13.18,13.3,12.1,12.04,0,0,-2
358,1205740735,1,14,13,12,13,1342,0.5449620801733478,0.10400866738894908,0.5364705882352941,0.15764705882352942,222,0.786036036036036,0.7027027027027027,6.833333333333333,0.36036036036036034,1592,0.5137420718816068,0.019027484143763214,0.5276073619631901,0.03680981595092025,3447,0.532951358669374,0.6156077748767044,4.230925442413693,0.38719659607388074,992,0.1904,0.1408,0.2225201072386059,0.17962466487935658,1825,0.6568949771689498,0.6158904109589041,4.685479452054794,0.3739726027397261,13.22,13.3,12.08,12.06,1,2,1
359,1205740736,1,13,14,12,14,1346,0.5459459459459459,0.10378378378378378,0.5362997658079626,0.15690866510538642,222,0.786036036036036,0.7027027027027027,6.833333333333333,0.36036036036036034,1599,0.5152471083070452,0.01892744479495268,0.5259938837920489,0.03669724770642202,3455,0.5326821032320306,0.6153400868306802,4.230390738060781,0.3874577906415823,995,0.1900958466453674,0.14057507987220447,0.224,0.17866666666666667,1830,0.6570127504553734,0.6158469945355192,4.685245901639345,0.3741803278688525,13.2,13.3,12.06,12.1,-1,1,-1
360,1205740737,1,16,16,13,12,1351,0.5457481162540366,0.10333692142088267,0.5373831775700935,0.15654205607476634,222,0.786036036036036,0.7027027027027027,6.833333333333333,0.36036036036036034,1603,0.5152151101783841,0.01888772298006296,0.5274390243902439,0.036585365853658534,3463,0.5328953701029933,0.6150736355760901,4.228992203291943,0.3875012031956878,996,0.1900958466453674,0.14057507987220447,0.22606382978723405,0.17819148936170212,1835,0.6568574023614896,0.6158038147138964,4.685013623978201,0.37425068119891014,13.3,13.38,12.08,12.12,0,3,4
361,1205740738,1,15,16,13,11,1353,0.5451612903225806,0.1032258064516129,0.5384615384615384,0.1561771561771562,222,0.786036036036036,0.7027027027027027,6.833333333333333,0.36036036036036034,1609,0.51619644723093,0.018808777429467086,0.5273556231003039,0.0364741641337386,3468,0.5331362937331793,0.614475201845444,4.228085351787774,0.38751922337562483,999,0.19138755980861244,0.14035087719298245,0.22486772486772486,0.17989417989417988,1842,0.656532754252624,0.6156351791530945,4.688382193268187,0.37432138979370255,13.34,13.44,12.08,12.1,-1,2,4
362,1205740739,1,14,12,13,11,1356,0.546137339055794,0.10300429184549356,0.5395348837209303,0.1558139534883721,222,0.786036036036036,0.7027027027027027,6.833333333333333,0.36036036036036034,1616,0.5166320166320166,0.01975051975051975,0.5272727272727272,0.03636363636363636,3476,0.5332038741848866,0.6150747986191024,4.2272727272727275,0.38741848868431156,1003,0.1907790143084261,0.13990461049284578,0.22631578947368422,0.17894736842105263,1846,0.6568255687974,0.6159263271939328,4.68851570964247,0.3744582881906826,13.38,13.42,12.12,12.1,2,1,3
363,1205740740,1,13,14,13,13,1360,0.5470085470085471,0.10256410256410256,0.5395348837209303,0.1558139534883721,223,0.7847533632286996,0.7040358744394619,6.834080717488789,0.3609865470852018,1622,0.515527950310559,0.019668737060041408,0.525679758308157,0.0377643504531722,3487,0.5335770958799347,0.6154287353025524,4.227702896472612,0.3873434662078196,1005,0.1901743264659271,0.13946117274167988,0.22631578947368422,0.17894736842105263,1850,0.6562162162162163,0.6162162162162163,4.687027027027027,0.3744594594594595,13.38,13.42,12.12,12.1,-1,0,0
364,1205740741,1,13,14,14,14,1368,0.5462274176408076,0.10201912858660998,0.5404157043879908,0.15473441108545036,224,0.7857142857142857,0.7053571428571429,6.834821428571429,0.36049107142857145,1626,0.5149638802889577,0.0196078431372549,0.526395173453997,0.03770739064856712,3496,0.5339197177726923,0.6161327231121282,4.22683066361556,0.3872044241037377,1008,0.1895734597156398,0.13902053712480253,0.22572178477690288,0.1784776902887139,1852,0.6558675305975523,0.6160907127429806,4.686285097192225,0.3747300215982722,13.4,13.46,12.16,12.16,-1,-1,-1
365,1205740742,1,13,14,13,11,1371,0.5461293743372216,0.10286320254506894,0.5414746543778802,0.1543778801843318,225,0.7866666666666666,0.7022222222222222,6.835555555555556,0.3611111111111111,1634,0.5149023638232272,0.019527235354573486,0.5292353823088456,0.037481259370314844,3505,0.5338326200665713,0.6165477888730385,4.22567760342368,0.38713742272943424,1012,0.18838304552590268,0.13814756671899528,0.22572178477690288,0.1784776902887139,1855,0.6558849955076371,0.615633423180593,4.6862533692722375,0.3749326145552561,13.38,13.48,12.14,12.14,-1,0,2
366,1205740743,1,13,13,12,13,1374,0.5465116279069767,0.10253699788583509,0.5414746543778802,0.1543778801843318,226,0.7876106194690266,0.7035398230088495,6.836283185840708,0.3606194690265487,1636,0.5143737166324436,0.019507186858316223,0.5299401197604791,0.0374251497005988,3513,0.5337555745326878,0.6165670367207515,4.226017648733277,0.3869674542176678,1013,0.18838304552590268,0.13814756671899528,0.225130890052356,0.17801047120418848,1863,0.655483986401861,0.6151368760064412,4.686527106816962,0.37479871175523355,13.36,13.46,12.12,12.18,0,1,0
367,1205740744,1,12,12,12,11,1380,0.5468914646996839,0.10326659641728135,0.540045766590389,0.15331807780320367,227,0.788546255506608,0.7048458149779736,6.8370044052863435,0.3601321585903084,1638,0.5148717948717949,0.019487179487179488,0.5291479820627802,0.03736920777279522,3525,0.5337825059101652,0.6167375886524823,4.226099290780142,0.386855791962175,1018,0.18876755070202808,0.1372854914196568,0.22715404699738903,0.17754569190600522,1865,0.655585344057194,0.6155495978552279,4.686327077747989,0.37479892761394107,13.36,13.42,12.14,12.16,0,0,1
368,1205740745,1,14,14,12,14,1388,0.5465968586387434,0.10261780104712041,0.5421412300683371,0.15261958997722094,227,0.788546255506608,0.7048458149779736,6.8370044052863435,0.3601321585903084,1642,0.5158648925281474,0.019447287615148412,0.5290611028315947,0.037257824143070044,3534,0.5339794378419164,0.6165817770232032,4.225806451612903,0.38719109601961904,1020,0.18847352024922118,0.13707165109034267,0.2265625,0.17708333333333334,1869,0.6563224540752632,0.6158373461744249,4.685928303905832,0.3745318352059926,13.38,13.42,12.12,12.2,0,2,0
369,1205740746,1,15,15,14,12,1392,0.5464025026068822,0.1032325338894682,0.5421412300683371,0.15261958997722094,227,0.788546255506608,0.7048458149779736,6.8370044052863435,0.3601321585903084,1643,0.5153374233128835,0.019427402862985686,0.5290611028315947,0.037257824143070044,3548,0.53412720781661,0.6169673055242391,4.227452085682074,0.3869550920706502,1021,0.18847352024922118,0.13707165109034267,0.22597402597402597,0.17662337662337663,1876,0.6554726368159206,0.6162046908315565,4.686034115138593,0.37473347547974417,13.42,13.48,12.14,12.2,0,1,3
370,1205740747,1,13,12,13,10,1394,0.546875,0.103125,0.5431818181818182,0.15227272727272728,229,0.7903930131004366,0.7030567685589519,6.834061135371179,0.35917030567685587,1648,0.5162932790224033,0.019348268839103868,0.5282738095238095,0.03720238095238095,3558,0.5331881206670411,0.616919617762788,4.22681281618887,0.3867106988945101,1025,0.1875968992248062,0.13643410852713178,0.22797927461139897,0.17616580310880828,1882,0.6555083244775064,0.6163655685441021,4.687035069075452,0.37473432518597244,13.44,13.48,12.14,12.16,1,0,3
371,1205740748,1,12,11,11,12,1398,0.5472481827622014,0.102803738317757,0.5419501133786848,0.15192743764172337,230,0.7913043478260869,0.7043478260869566,6.834782608695652,0.358695652173913,1652,0.5152439024390244,0.019308943089430895,0.5281899109792285,0.037091988130563795,3568,0.5333753736920774,0.617152466367713,4.226177130044843,0.38688807922272056,1026,0.1873065015479876,0.13622291021671826,0.22797927461139897,0.17616580310880828,1887,0.6547429782723901,0.6163222045574986,4.687334393216746,0.3750662427133016,13.42,13.42,12.08,12.16,1,1,0
372,1205740749,1,14,11,11,11,1402,0.5476190476190477,0.10248447204968944,0.5429864253393665,0.1515837104072398,232,0.7931034482758621,0.7025862068965517,6.831896551724138,0.3577586206896552,1656,0.5157041540020263,0.019250253292806486,0.5274074074074074,0.037037037037037035,3578,0.5328162847028132,0.6168250419228619,4.226103968697596,0.38699459660890634,1029,0.18701700154559506,0.13601236476043277,0.2268041237113402,0.17525773195876287,1890,0.6544973544973546,0.6158730158730159,4.686772486772487,0.37500000000000006,13.42,13.3,12.04,12.12,3,3,3
373,1205740750,1,14,14,13,13,1405,0.5485537190082644,0.10227272727272728,0.5440180586907449,0.15124153498871332,232,0.7931034482758621,0.7025862068965517,6.831896551724138,0.3577586206896552,1663,0.5176589303733602,0.01917255297679112,0.5265486725663717,0.03687315634218289,3587,0.5327339466592321,0.616671313074993,4.225536660161695,0.3871387417526253,1032,0.18798151001540833,0.13559322033898305,0.2262210796915167,0.17480719794344474,1895,0.6554089709762534,0.6158311345646438,4.686543535620053,0.37493403693931404,13.46,13.34,12.08,12.18,0,1,1
374,1205740751,1,15,13,12,12,1411,0.5498458376156218,0.10277492291880781,0.545045045045045,0.15090090090090091,233,0.7939914163090128,0.703862660944206,6.832618025751073,0.3572961373390558,1665,0.5176233635448136,0.019133937562940583,0.5265486725663717,0.03687315634218289,3599,0.532578494026118,0.6165601555987774,4.225896082245068,0.38716773177734565,1033,0.18769230769230769,0.13538461538461538,0.2262210796915167,0.17480719794344474,1900,0.6550000000000001,0.6168421052631579,4.684736842105263,0.37486842105263163,13.46,13.36,12.1,12.16,2,3,3
375,1205740752,1,13,12,11,13,1415,0.5497435897435897,0.10358974358974359,0.5448430493273543,0.15022421524663676,233,0.7939914163090128,0.703862660944206,6.832618025751073,0.3572961373390558,1669,0.5175879396984925,0.019095477386934675,0.5279411764705882,0.03676470588235294,3608,0.5320814855875828,0.6166851441241685,4.226995565410199,0.3869641537324465,1034,0.18769230769230769,0.13538461538461538,0.22564102564102564,0.17692307692307693,1908,0.6547868623340323,0.6163522012578616,4.684486373165618,0.3748689727463313,13.44,13.34,12.1,12.14,1,2,0
376,1205740753,1,12,12,13,13,1419,0.548618219037871,0.10337768679631525,0.5424107142857143,0.14955357142857142,234,0.7948717948717948,0.7008547008547008,6.833333333333333,0.3579059829059829,1674,0.5185185185185185,0.01901901901901902,0.5286343612334802,0.03671071953010279,3615,0.531811894882434,0.616597510373444,4.228492392807746,0.3872291378515446,1036,0.18769230769230769,0.13538461538461538,0.22704081632653061,0.17857142857142858,1916,0.6549234516353515,0.615866388308977,4.686847599164927,0.37473903966597083,13.42,13.32,12.1,12.18,0,-1,-1
377,1205740754,1,9,12,10,12,1421,0.5495403472931563,0.10316649642492338,0.5424107142857143,0.14955357142857142,235,0.7914893617021277,0.6978723404255319,6.834042553191489,0.3574468085106383,1678,0.5169660678642715,0.018962075848303395,0.5278592375366569,0.036656891495601175,3626,0.5322669608383891,0.6169332597904027,4.230281301709873,0.3869507262364406,1037,0.18769230769230769,0.13538461538461538,0.22646310432569974,0.178117048346056,1919,0.6549418099704708,0.6159458051068265,4.687337154768108,0.37480458572173014,13.34,13.32,12.04,12.2,-3,-1,-3
378,1205740755,1,16,15,14,13,1426,0.5488798370672098,0.10285132382892057,0.5422222222222223,0.14888888888888888,236,0.7923728813559322,0.6991525423728814,6.834745762711864,0.3569915254237288,1683,0.5179282868525896,0.018924302788844622,0.527007299270073,0.0364963503649635,3634,0.5327462850853051,0.6169510181618052,4.229499174463402,0.387062006971198,1041,0.1883614088820827,0.13476263399693722,0.22842639593908629,0.17766497461928935,1922,0.6553069719042665,0.6155046826222684,4.688345473465141,0.3751300728407909,13.36,13.34,12.1,12.18,1,2,3
379,1205740756,1,10,12,11,12,1432,0.5486815415821501,0.10446247464503043,0.5420353982300885,0.14823008849557523,237,0.7932489451476793,0.70042194092827,6.8354430379746836,0.35654008438818563,1687,0.5163853028798411,0.018867924528301886,0.5276967930029155,0.03644314868804665,3646,0.5322270981897967,0.6168403730115195,4.227372462973121,0.38695373925763404,1047,0.18693009118541035,0.1337386018237082,0.22784810126582278,0.17721518987341772,1924,0.6554054054054055,0.6159043659043659,4.6886694386694385,0.3751299376299377,13.28,13.26,12.08,12.14,-2,-1,-2
380,1205740757,1,13,13,12,12,1434,0.5495951417004049,0.10425101214574899,0.5420353982300885,0.14823008849557523,237,0.7932489451476793,0.70042194092827,6.8354430379746836,0.35654008438818563,1692,0.5163528245787908,0.018830525272547076,0.5297532656023222,0.036284470246734396,3656,0.5320021881838072,0.6176148796498906,4.225929978118162,0.3869894237782641,1053,0.1870286576168929,0.13423831070889894,0.22727272727272727,0.17676767676767677,1927,0.6549039958484693,0.6165023352361183,4.689154125583809,0.37519460300985996,13.3,13.28,12.08,12.16,0,1,1
381,1205740758,1,12,12,14,14,1439,0.5494949494949495,0.10404040404040404,0.5428571428571428,0.14725274725274726,237,0.7932489451476793,0.70042194092827,6.8354430379746836,0.35654008438818563,1696,0.5173095944609297,0.018793273986152326,0.5282199710564399,0.03762662807525326,3666,0.5319148936170209,0.6167484997272231,4.2261320240043645,0.386956719403528,1055,0.1870286576168929,0.13423831070889894,0.228643216080402,0.17587939698492464,1933,0.6544231764097259,0.6171753750646664,4.6885669943093635,0.37493533367822046,13.24,13.22,12.08,12.12,0,-2,-2
382,1205740759,1,13,14,14,12,1443,0.549949545913219,0.10393541876892028,0.5414847161572053,0.15065502183406113,237,0.7932489451476793,0.70042194092827,6.8354430379746836,0.35654008438818563,1699,0.5172754195459033,0.018756169792694965,0.5289017341040463,0.03757225433526012,3676,0.531510700036271,0.6164309031556039,4.226060935799782,0.38712821907870887,1058,0.18646616541353384,0.13383458646616542,0.22807017543859648,0.17794486215538846,1940,0.6551546391752578,0.6164948453608248,4.687628865979382,0.37500000000000006,13.2,13.22,12.1,12.1,-1,-1,1
383,1205740760,1,14,12,12,12,1448,0.5503018108651911,0.10362173038229376,0.5413043478260869,0.15,237,0.7932489451476793,0.70042194092827,6.8354430379746836,0.35654008438818563,1704,0.5167322834645669,0.018700787401574805,0.5288184438040345,0.037463976945244955,3686,0.531379996382709,0.6169289202387411,4.225990233315247,0.38723096400795814,1060,0.18590704647676162,0.13343328335832083,0.22807017543859648,0.17794486215538846,1944,0.6553497942386832,0.6157407407407407,4.68775720164609,0.37512860082304533,13.2,13.14,12.1,12.1,2,2,2
384,1205740761,1,16,14,13,11,1451,0.5507537688442211,0.1035175879396985,0.5411255411255411,0.14935064935064934,238,0.7941176470588235,0.6974789915966386,6.836134453781512,0.35714285714285715,1708,0.5181550539744848,0.018645731108930325,0.5280575539568345,0.03741007194244604,3694,0.5316278650063163,0.6172171088251218,4.226312939902544,0.38747518498465994,1062,0.18562874251497005,0.13323353293413173,0.23,0.1775,1949,0.6554643406875322,0.6157003591585428,4.687532067727039,0.37493586454592104,13.28,13.16,12.06,12.06,2,3,5
385,1205740762,1,14,13,14,13,1455,0.5501002004008017,0.10420841683366733,0.5399568034557235,0.1490280777537797,238,0.7941176470588235,0.6974789915966386,6.836134453781512,0.35714285714285715,1713,0.5176125244618396,0.018590998043052837,0.5279770444763271,0.03730272596843615,3704,0.5316774658027356,0.6171706263498921,4.226781857451404,0.38753149748020166,1062,0.18562874251497005,0.13323353293413173,0.23,0.1775,1955,0.6554987212276217,0.6158567774936061,4.6869565217391305,0.3749786871270248,13.3,13.12,12.06,12.08,1,0,1
386,1205740763,1,14,15,12,12,1460,0.5514485514485514,0.1038961038961039,0.5376344086021505,0.15053763440860216,239,0.7949790794979079,0.694560669456067,6.836820083682008,0.3577405857740586,1718,0.5180487804878049,0.018536585365853658,0.5293276108726752,0.03719599427753934,3714,0.5315921737569554,0.617124394184168,4.226709746903608,0.3874528809908455,1062,0.18562874251497005,0.13323353293413173,0.23,0.1775,1961,0.6557878633350332,0.6160122386537481,4.687404385517593,0.3747237803841578,13.28,13.16,12.04,12.1,-1,2,2
387,1205740764,1,11,13,13,13,1464,0.551345962113659,0.1036889332003988,0.5374732334047109,0.14989293361884368,239,0.7949790794979079,0.694560669456067,6.836820083682008,0.3577405857740586,1722,0.5180136319376826,0.018500486854917234,0.5292439372325249,0.037089871611982884,3724,0.5314178302900104,0.6160042964554243,4.226638023630505,0.3876208378088078,1068,0.18507462686567164,0.1328358208955224,0.22772277227722773,0.1806930693069307,1966,0.6556459816887081,0.615971515768057,4.686673448626653,0.37487283825025436,13.24,13.14,12.08,12.08,-2,-2,-2
388,1205740765,1,14,12,11,10,1468,0.5512437810945273,0.10348258706467661,0.5373134328358209,0.14925373134328357,240,0.7958333333333333,0.6958333333333333,6.8375,0.3572916666666667,1727,0.5174757281553398,0.018446601941747572,0.5305832147937412,0.03698435277382646,3734,0.5308427066595248,0.6162292447777182,4.226834493840386,0.3877878950187467,1072,0.18452380952380953,0.1324404761904762,0.229064039408867,0.18226600985221675,1969,0.6559167089893349,0.6155408836973083,4.685627221940071,0.37493651599796857,13.24,13.06,12.02,12.1,2,3,4
389,1205740766,1,14,13,13,12,1475,0.552917903066271,0.10286844708209693,0.5382978723404256,0.14893617021276595,241,0.7966804979253111,0.6929460580912863,6.838174273858921,0.3578838174273859,1730,0.5174418604651163,0.018410852713178296,0.53125,0.036931818181818184,3742,0.5307767682166397,0.6167824692677712,4.226349545697488,0.387782825583467,1073,0.18452380952380953,0.1324404761904762,0.2285012285012285,0.18181818181818182,1976,0.6562500000000001,0.6158906882591093,4.685728744939271,0.37512651821862353,13.26,13.06,12.08,12.12,1,1,2
390,1205740767,1,12,12,15,12,1481,0.5527093596059113,0.10344827586206896,0.5360169491525424,0.1483050847457627,242,0.7933884297520661,0.6942148760330579,6.838842975206612,0.3584710743801653,1734,0.5179090029041626,0.018393030009680542,0.5289957567185289,0.036775106082036775,3751,0.5304363280902867,0.6163689682751267,4.226872833910957,0.3878076957255843,1074,0.18452380952380953,0.1324404761904762,0.22794117647058823,0.18382352941176472,1983,0.6569591527987898,0.6157337367624811,4.685325264750378,0.3753151790216844,13.26,13.02,12.14,12.14,0,-3,0
391,1205740768,1,13,13,12,11,1484,0.5531496062992126,0.10334645669291338,0.5358649789029536,0.14767932489451477,243,0.7901234567901234,0.6954732510288066,6.839506172839506,0.35905349794238683,1741,0.5192678227360308,0.018304431599229287,0.5275035260930888,0.036671368124118475,3759,0.5306375809169103,0.6163873370577281,4.227720138334663,0.38771393101002044,1074,0.18452380952380953,0.1324404761904762,0.22794117647058823,0.18382352941176472,1991,0.6580863887493723,0.6152687091913611,4.684580612757409,0.3750627825213461,13.22,13.02,12.16,12.1,0,1,2
392,1205740769,1,14,14,14,11,1490,0.5518590998043053,0.10371819960861056,0.5358649789029536,0.14767932489451477,244,0.7868852459016393,0.6967213114754098,6.840163934426229,0.35860655737704916,1745,0.5196926032660903,0.01825168107588857,0.528169014084507,0.036619718309859155,3767,0.5307052473232454,0.6164056278205469,4.227236527740908,0.3878196619768162,1074,0.18452380952380953,0.1324404761904762,0.22794117647058823,0.18382352941176472,1998,0.6576993660326994,0.6156156156156156,4.6841841841841845,0.37525025025025033,13.2,13.0,12.2,12.1,0,0,3
393,1205740770,1,15,14,12,11,1493,0.551219512195122,0.10341463414634146,0.5358649789029536,0.14767932489451477,244,0.7868852459016393,0.6967213114754098,6.840163934426229,0.35860655737704916,1752,0.5196172248803828,0.01818181818181818,0.5287517531556802,0.0364656381486676,3777,0.5310210925778834,0.6163621922160445,4.226899655811491,0.3881166710793399,1078,0.1837037037037037,0.13333333333333333,0.2273838630806846,0.18337408312958436,1999,0.6578706019676506,0.615807903951976,4.684842421210606,0.37518759379689853,13.26,13.04,12.16,12.08,1,3,4
394,1205740771,1,13,14,12,12,1496,0.5501460564751705,0.10321324245374879,0.5347368421052632,0.14947368421052631,245,0.7877551020408163,0.6979591836734694,6.840816326530613,0.35816326530612247,1758,0.5185891325071497,0.01811248808388942,0.5300699300699301,0.03636363636363636,3788,0.5311070045758534,0.6164202745512144,4.227296726504751,0.3881115804294263,1081,0.1831610044313146,0.1329394387001477,0.22682926829268293,0.18292682926829268,2003,0.6573889166250624,0.6155766350474289,4.685971043434848,0.37556165751372944,13.24,13.06,12.18,12.06,-1,1,1
395,1205740772,1,13,13,13,11,1496,0.5501460564751705,0.10321324245374879,0.5347368421052632,0.14947368421052631,246,0.7886178861788617,0.6951219512195121,6.841463414634147,0.35772357723577236,1759,0.5190476190476191,0.018095238095238095,0.5300699300699301,0.03636363636363636,3800,0.5299561403508769,0.6163157894736843,4.23,0.3882675438596491,1083,0.18262150220913106,0.1325478645066274,0.22682926829268293,0.18292682926829268,2011,0.6579230896734626,0.6161113873694679,4.685231228244654,0.3756837394331179,13.22,13.06,12.16,12.02,0,0,2
396,1205740773,1,12,13,13,12,1500,0.5499515033947624,0.10475266731328807,0.5347368421052632,0.14947368421052631,246,0.7886178861788617,0.6951219512195121,6.841463414634147,0.35772357723577236,1763,0.5185537583254044,0.01807802093244529,0.532033426183844,0.036211699164345405,3808,0.52984943977591,0.6163340336134454,4.229254201680672,0.38830532212885155,1086,0.18208516886930984,0.13362701908957417,0.22627737226277372,0.18248175182481752,2018,0.6578708292038321,0.6154608523290387,4.684836471754212,0.3758671952428147,13.18,13.04,12.22,12.04,-1,-1,0
397,1205740774,1,17,13,14,14,1505,0.5508228460793805,0.10454985479186835,0.5355648535564853,0.14853556485355648,247,0.7894736842105263,0.6923076923076923,6.842105263157895,0.3582995951417004,1772,0.5189035916824196,0.017958412098298678,0.5319444444444444,0.03611111111111111,3812,0.5299492829660718,0.616211962224554,4.228488982161595,0.38822577824414134,1086,0.18208516886930984,0.13362701908957417,0.22627737226277372,0.18248175182481752,2023,0.6582221123743615,0.6154226396440929,4.684626791893228,0.3759268413247653,13.26,13.04,12.28,12.1,4,3,3
398,1205740775,1,14,14,15,13,1510,0.5501930501930502,0.10521235521235521,0.5354166666666667,0.15,247,0.7894736842105263,0.6923076923076923,6.842105263157895,0.3582995951417004,1775,0.5184135977337111,0.01794145420207743,0.5332409972299169,0.036011080332409975,3822,0.5294784580498864,0.6159079016221873,4.228937728937729,0.3880603523460667,1089,0.18208516886930984,0.13362701908957417,0.2246376811594203,0.18357487922705315,2030,0.6584975369458128,0.6137931034482759,4.683743842364532,0.3761083743842365,13.32,13.08,12.4,12.18,0,-1,1
399,1205740776,1,15,14,13,12,1514,0.548604427333975,0.10587102983638114,0.5363825363825364,0.1496881496881497,247,0.7894736842105263,0.6923076923076923,6.842105263157895,0.3582995951417004,1782,0.5183443085606774,0.017873941674506115,0.5310344827586206,0.03586206896551724,3830,0.5293298520452565,0.6159268929503916,4.228981723237598,0.38809834638816365,1090,0.18181818181818182,0.13343108504398826,0.2246376811594203,0.18357487922705315,2036,0.6590127701375246,0.6139489194499018,4.68369351669941,0.37635068762278984,13.36,13.1,12.42,12.18,1,2,3
400,1205740777,1,13,14,12,12,1517,0.5489443378119002,0.10652591170825336,0.5363825363825364,0.1496881496881497,248,0.7883064516129032,0.6935483870967742,6.842741935483871,0.36088709677419356,1786,0.5178236397748592,0.01876172607879925,0.5316804407713499,0.03581267217630854,3840,0.529253472222222,0.6158854166666666,4.227864583333333,0.38799913194444446,1094,0.181021897810219,0.13576642335766423,0.22650602409638554,0.18313253012048192,2041,0.6593581577658011,0.6144047035766781,4.682998530132288,0.37604115629593343,13.4,13.16,12.4,12.2,-1,1,1
401,1205740778,1,14,14,12,13,1523,0.5506692160611855,0.10611854684512428,0.5383022774327122,0.14906832298136646,248,0.7883064516129032,0.6935483870967742,6.842741935483871,0.36088709677419356,1790,0.5177902621722846,0.018726591760299626,0.5315934065934066,0.03571428571428571,3850,0.5289610389610387,0.6153246753246753,4.228571428571429,0.3881601731601732,1095,0.181021897810219,0.13576642335766423,0.22596153846153846,0.18509615384615385,2047,0.6600309395863866,0.6150464093795799,4.682462139716659,0.37603810454323405,13.38,13.18,12.4,12.22,0,2,1
402,1205740779,1,14,13,12,11,1527,0.5514285714285714,0.10571428571428572,0.5383022774327122,0.14906832298136646,248,0.7883064516129032,0.6935483870967742,6.842741935483871,0.36088709677419356,1794,0.5182413470533208,0.018709073900841908,0.5321477428180574,0.03556771545827633,3861,0.528921695588362,0.6156436156436157,4.228697228697229,0.38826297159630496,1096,0.181021897810219,0.13576642335766423,0.22541966426858512,0.18465227817745802,2054,0.6597289840960726,0.6144109055501461,4.681596884128529,0.3763388510223954,13.4,13.16,12.46,12.2,1,2,3
403,1205740780,1,12,12,13,11,1534,0.5511363636363636,0.10606060606060606,0.5371900826446281,0.15082644628099173,249,0.7891566265060241,0.6907630522088354,6.843373493975903,0.3604417670682731,1798,0.5177238805970149,0.018656716417910446,0.5314207650273224,0.03551912568306011,3871,0.5284594850598465,0.6161198656677861,4.227331438904676,0.3882287092052011,1099,0.1816860465116279,0.13662790697674418,0.22541966426858512,0.18465227817745802,2058,0.6595804988662131,0.6141885325558795,4.681243926141885,0.3763362487852284,13.4,13.16,12.52,12.18,0,-1,1
404,1205740781,1,13,12,12,15,1538,0.5519848771266541,0.10586011342155009,0.5370370370370371,0.1522633744855967,250,0.79,0.692,6.844,0.36,1807,0.5185528756957328,0.01855287569573284,0.5306122448979592,0.03537414965986395,3878,0.5282791817087844,0.6157813305827746,4.2261474987106755,0.3881725975588792,1100,0.1816860465116279,0.13662790697674418,0.22488038277511962,0.18421052631578946,2064,0.6598433462532299,0.6143410852713178,4.6812015503875966,0.3765746124031008,13.4,13.2,12.52,12.24,1,1,-2
405,1205740782,1,14,14,11,13,1543,0.5509433962264151,0.10660377358490566,0.5378323108384458,0.15132924335378323,250,0.79,0.692,6.844,0.36,1810,0.5180722891566265,0.018535681186283594,0.5318860244233379,0.035278154681139755,3889,0.5287134653295619,0.6155824119310876,4.226022113653896,0.388124625010714,1102,0.18287373004354138,0.13642960812772134,0.2243436754176611,0.18377088305489261,2068,0.6602595099935524,0.6136363636363636,4.680851063829787,0.3766924564796906,13.4,13.18,12.56,12.22,0,3,1
406,1205740783,1,13,15,15,11,1547,0.5512699905926622,0.10724365004703669,0.536734693877551,0.15306122448979592,250,0.79,0.692,6.844,0.36,1819,0.518450184501845,0.01845018450184502,0.5303643724696356,0.03508771929824561,3898,0.5285188985804684,0.616213442791175,4.224730631092868,0.3881263896015051,1105,0.18208092485549132,0.13583815028901733,0.2243436754176611,0.18377088305489261,2070,0.6598631239935587,0.6135265700483091,4.681159420289855,0.37693236714975853,13.42,13.24,12.64,12.2,-2,-2,2
407,1205740784,1,13,15,13,13,1551,0.5521126760563381,0.10704225352112676,0.5386178861788617,0.1524390243902439,251,0.7908366533864541,0.6892430278884463,6.844621513944223,0.3595617529880478,1829,0.5188246097337006,0.018365472910927456,0.5294906166219839,0.03485254691689008,3908,0.5283179802115318,0.6164278403275333,4.222876151484135,0.3880288297509383,1105,0.18208092485549132,0.13583815028901733,0.2243436754176611,0.18377088305489261,2073,0.6593905772632255,0.613603473227207,4.68113844669561,0.3769094709760412,13.44,13.3,12.66,12.18,-2,0,0
408,1205740785,1,14,13,11,12,1558,0.5518207282913166,0.10737628384687208,0.539553752535497,0.15212981744421908,252,0.7916666666666666,0.6865079365079365,6.845238095238095,0.35912698412698413,1831,0.518348623853211,0.01926605504587156,0.5301204819277109,0.03480589022757698,3918,0.5284583971413985,0.6166411434405309,4.223328228688106,0.38805938403947593,1107,0.1829971181556196,0.13544668587896252,0.2243436754176611,0.18377088305489261,2077,0.6593243460118761,0.6129032258064516,4.680789600385171,0.37678542770020873,13.44,13.3,12.64,12.16,1,3,2
409,1205740786,1,13,12,14,12,1562,0.5512104283054003,0.10707635009310987,0.5404858299595142,0.15182186234817813,253,0.7924901185770751,0.6837944664031621,6.845849802371541,0.35968379446640314,1835,0.5183150183150184,0.019230769230769232,0.5313751668891856,0.03471295060080107,3929,0.5282938830915413,0.6166963603970476,4.222193942479002,0.3880546364639009,1111,0.1824712643678161,0.13649425287356323,0.22327790973871733,0.1876484560570071,2081,0.6590181002723049,0.61268620855358,4.681403171552138,0.37678199583533567,13.44,13.26,12.68,12.12,1,-1,1
410,1205740787,1,13,14,13,13,1567,0.5495829471733086,0.10843373493975904,0.5404858299595142,0.15182186234817813,254,0.7913385826771654,0.6850393700787402,6.846456692913386,0.36023622047244097,1840,0.5191605839416058,0.01916058394160584,0.532,0.034666666666666665,3938,0.5278059928897917,0.617064499746064,4.220924327069579,0.38805654308447607,1117,0.18285714285714286,0.1357142857142857,0.22458628841607564,0.18912529550827423,2084,0.6590291106845808,0.6127639155470249,4.682341650671785,0.3765994881637877,13.38,13.22,12.68,12.14,-1,0,0
411,1205740788,1,13,14,14,12,1570,0.5504162812210915,0.10823311748381129,0.5393939393939394,0.15151515151515152,254,0.7913385826771654,0.6850393700787402,6.846456692913386,0.36023622047244097,1845,0.5191256830601093,0.01912568306010929,0.5312084993359893,0.034528552456839307,3949,0.5280239723136657,0.6166118004558115,4.222587996961256,0.38817844179961175,1120,0.1825962910128388,0.1355206847360913,0.22588235294117648,0.18823529411764706,2088,0.6584849936143039,0.6120689655172413,4.682471264367816,0.37671615581098344,13.34,13.18,12.7,12.16,-1,-1,1
412,1205740789,1,13,14,11,13,1574,0.5507380073800738,0.10793357933579335,0.5403225806451613,0.15120967741935484,254,0.7913385826771654,0.6850393700787402,6.846456692913386,0.36023622047244097,1851,0.52,0.019090909090909092,0.5284015852047557,0.034346103038309116,3958,0.5280865757116388,0.616978271854472,4.222081859525012,0.3880747852450733,1122,0.18349928876244664,0.13655761024182078,0.22588235294117648,0.18823529411764706,2093,0.658823060996974,0.6120401337792643,4.682752030578118,0.37653288740245267,13.32,13.22,12.66,12.2,-1,2,0
413,1205740790,1,12,14,13,14,1578,0.5506445672191529,0.10865561694290976,0.5421686746987951,0.15060240963855423,255,0.792156862745098,0.6862745098039216,6.847058823529411,0.35980392156862745,1859,0.5180831826401446,0.0189873417721519,0.52832674571805,0.034255599472990776,3967,0.5284009747080076,0.6165868414418957,4.2215780186538945,0.3880136123014873,1123,0.18349928876244664,0.13655761024182078,0.22769953051643194,0.18779342723004694,2097,0.6592354156731839,0.6118264186933715,4.684310920362423,0.37664918137021147,13.3,13.22,12.66,12.22,-2,-1,-2
414,1205740791,1,14,14,12,14,1585,0.5517873510540788,0.10815765352887259,0.544,0.15,255,0.792156862745098,0.6862745098039216,6.847058823529411,0.35980392156862745,1863,0.5176151761517616,0.018970189701897018,0.5288713910761155,0.03412073490813648,3976,0.5282109322602279,0.6167002012072434,4.221579476861167,0.38816230717639166,1126,0.18271954674220964,0.1359773371104816,0.22769953051643194,0.18779342723004694,2101,0.6591702363953672,0.612565445026178,4.684435982865303,0.3766460415675076,13.32,13.22,12.62,12.22,0,2,0
415,1205740792,1,11,11,13,12,1590,0.5515981735159817,0.10776255707762557,0.5429141716566867,0.15169660678642716,256,0.7916666666666666,0.6875,6.84765625,0.361328125,1867,0.5171171171171172,0.01891891891891892,0.5294888597640891,0.03407601572739188,3986,0.5285164743268104,0.6164074259909684,4.220270948319117,0.38831744438869376,1132,0.18309859154929578,0.13661971830985917,0.2266355140186916,0.18925233644859812,2104,0.6589432826362484,0.6121673003802282,4.684885931558935,0.3767031051964513,13.28,13.16,12.62,12.24,0,-2,-1
416,1205740793,1,15,15,12,12,1594,0.5523202911737943,0.10828025477707007,0.5429141716566867,0.15169660678642716,256,0.7916666666666666,0.6875,6.84765625,0.361328125,1873,0.517921146953405,0.01881720430107527,0.5294888597640891,0.03407601572739188,3991,0.5285642696066147,0.6163868704585317,4.220997243798546,0.3883320805144909,1133,0.1828410689170183,0.13642756680731363,0.2266355140186916,0.18925233644859812,2113,0.6594494399747594,0.6138192143871273,4.686701372456223,0.37699163905978866,13.32,13.2,12.62,12.22,0,3,3
417,1205740794,1,13,14,13,14,1597,0.5522252497729337,0.10899182561307902,0.5418326693227091,0.15139442231075698,257,0.7905317769130998,0.688715953307393,6.848249027237354,0.36186770428015563,1880,0.5183199285075961,0.01876675603217158,0.530638852672751,0.03389830508474576,4000,0.5286249999999999,0.6165,4.22025,0.3882708333333333,1135,0.182328190743338,0.13604488078541374,0.2266355140186916,0.18925233644859812,2118,0.66025338369531,0.6142587346553352,4.686968838526912,0.37704595530374574,13.34,13.24,12.64,12.28,-1,0,-1
418,1205740795,1,12,12,13,12,1601,0.5521305530371714,0.10879419764279238,0.5416666666666666,0.1527777777777778,258,0.7913436692506459,0.689922480620155,6.848837209302325,0.36143410852713176,1887,0.5200356188780053,0.018699910952804988,0.5285714285714286,0.033766233766233764,4008,0.5290668662674649,0.6167664670658682,4.220059880239521,0.38818196939454425,1139,0.18181818181818182,0.13706293706293707,0.2255813953488372,0.19069767441860466,2122,0.6604225573358466,0.614043355325165,4.6856738925541945,0.3769242852654729,13.3,13.2,12.66,12.24,0,-1,0
419,1205740796,1,11,14,13,15,1606,0.552536231884058,0.10869565217391304,0.5413385826771654,0.15354330708661418,258,0.7913436692506459,0.689922480620155,6.848837209302325,0.36143410852713176,1890,0.52,0.018666666666666668,0.5291828793774319,0.03372243839169909,4017,0.5291262135922329,0.6166293253671894,4.220313666915609,0.3880590822338395,1144,0.181058495821727,0.13788300835654596,0.22453703703703703,0.18981481481481483,2128,0.6604401629072681,0.6132518796992481,4.68515037593985,0.3770363408521304,13.22,13.18,12.64,12.3,-3,-2,-4
420,1205740797,1,14,12,14,12,1614,0.5513513513513514,0.10810810810810811,0.5431372549019607,0.15294117647058825,259,0.7921492921492921,0.6911196911196911,6.8494208494208495,0.361003861003861,1894,0.5203900709219859,0.018617021276595744,0.5297927461139896,0.03367875647668394,4027,0.5293435973843225,0.6170846784206605,4.219269927986094,0.38833705819054715,1149,0.18118948824343015,0.13831258644536654,0.22453703703703703,0.18981481481481483,2129,0.6605996555503365,0.6134335368717708,4.684828558008455,0.3769766713637076,13.24,13.18,12.66,12.34,2,0,2
421,1205740798,1,12,14,14,13,1617,0.552158273381295,0.1079136690647482,0.5420743639921722,0.15459882583170254,260,0.7929487179487179,0.6923076923076923,6.85,0.3605769230769231,1900,0.5216622458001768,0.01856763925729443,0.5290322580645161,0.03354838709677419,4036,0.529360753221011,0.6169474727452924,4.219772051536174,0.38840023125206474,1152,0.1820689655172414,0.13793103448275862,0.22401847575057737,0.18937644341801385,2135,0.6599141295862606,0.6140515222482436,4.68384074941452,0.3767759562841531,13.24,13.24,12.72,12.36,-2,-2,-1
422,1205740799,1,14,14,13,12,1620,0.5516621743036837,0.1078167115902965,0.5399610136452242,0.15789473684210525,260,0.7929487179487179,0.6923076923076923,6.85,0.3605769230769231,1903,0.5216240070609003,0.018534863195057368,0.529639175257732,0.03350515463917526,4046,0.5290410281759763,0.6164112703905091,4.2194760257044,0.3883671115505025,1152,0.1820689655172414,0.13793103448275862,0.22401847575057737,0.18937644341801385,2144,0.660020211442786,0.6138059701492538,4.684701492537314,0.3765935945273633,13.24,13.3,12.76,12.38,0,1,2
423,1205740800,1,14,14,13,12,1625,0.5515695067264574,0.10762331838565023,0.5406976744186046,0.1569767441860465,260,0.7929487179487179,0.6923076923076923,6.85,0.3605769230769231,1908,0.5224669603524229,0.018502202643171806,0.5301668806161746,0.03465982028241335,4056,0.5290927021696252,0.616370808678501,4.219921104536489,0.3882314266929651,1153,0.1820689655172414,0.13793103448275862,0.22350230414746544,0.1889400921658986,2150,0.6605038759689922,0.6130232558139534,4.684186046511628,0.37624031007751946,13.24,13.3,12.76,12.36,0,1,2
424,1205740801,1,12,14,11,10,1626,0.5515695067264574,0.10762331838565023,0.539651837524178,0.15667311411992263,261,0.7937420178799489,0.6896551724137931,6.850574712643678,0.3611111111111111,1914,0.5223880597014925,0.018437225636523266,0.5300896286811779,0.034571062740076826,4067,0.5295057782149004,0.6166707646914187,4.2193262847307595,0.38834931562986635,1159,0.18106995884773663,0.13717421124828533,0.22247706422018348,0.19036697247706422,2153,0.6600479950456727,0.6130980027868091,4.6846261031119365,0.3760644062548383,13.18,13.32,12.74,12.32,-2,1,2
425,1205740802,1,12,14,12,12,1629,0.552772808586762,0.1073345259391771,0.539651837524178,0.15667311411992263,261,0.7937420178799489,0.6896551724137931,6.850574712643678,0.3611111111111111,1923,0.5227272727272727,0.018356643356643356,0.5299363057324841,0.034394904458598725,4078,0.5295487984306032,0.616969102501226,4.218244237371261,0.3884052640183096,1162,0.18032786885245902,0.1366120218579235,0.22247706422018348,0.19036697247706422,2155,0.6603634957463264,0.6129930394431554,4.68491879350348,0.3759474091260635,13.16,13.36,12.76,12.3,-2,0,0
426,1205740803,1,12,12,13,12,1630,0.552772808586762,0.1073345259391771,0.5386100386100386,0.15637065637065636,261,0.7937420178799489,0.6896551724137931,6.850574712643678,0.3611111111111111,1926,0.5226876090750436,0.01832460732984293,0.5292620865139949,0.03435114503816794,4087,0.5297284071446049,0.6170785417176413,4.219965745045266,0.38834515944865833,1162,0.18032786885245902,0.1366120218579235,0.22247706422018348,0.19036697247706422,2167,0.6602445777572681,0.6123673281033687,4.6862021227503465,0.3764036302107369,13.16,13.36,12.76,12.28,0,-1,0
427,1205740804,1,13,14,12,13,1636,0.551693404634581,0.10873440285204991,0.5403846153846154,0.15576923076923077,261,0.7937420178799489,0.6896551724137931,6.850574712643678,0.3611111111111111,1929,0.5217770034843205,0.018292682926829267,0.5298602287166455,0.03430749682337993,4099,0.5294787346507278,0.6164918272749451,4.219077823859478,0.38867203382938925,1166,0.18119891008174388,0.1362397820163488,0.2237442922374429,0.18949771689497716,2170,0.6602534562211981,0.6124423963133641,4.686175115207373,0.3763440860215055,13.24,13.4,12.8,12.3,-1,1,0
428,1205740805,1,16,12,13,13,1641,0.5501330967169477,0.10913930789707187,0.5403846153846154,0.15576923076923077,262,0.794529262086514,0.6908396946564885,6.851145038167939,0.3606870229007634,1934,0.5226086956521739,0.018260869565217393,0.5303797468354431,0.03417721518987342,4108,0.5299821486530348,0.6163583252190847,4.2181110029211295,0.3887942226549821,1170,0.18095238095238095,0.1360544217687075,0.22448979591836735,0.18820861678004536,2171,0.6599493321050207,0.6126209120221097,4.685859051128512,0.3762858897589437,13.24,13.34,12.78,12.3,4,3,3
429,1205740806,1,10,10,13,9,1641,0.5501330967169477,0.10913930789707187,0.5403846153846154,0.15576923076923077,263,0.7953105196451203,0.688212927756654,6.85171102661597,0.3602661596958175,1937,0.5225694444444444,0.018229166666666668,0.5297092288242731,0.03413400758533502,4118,0.5299902865468675,0.6160757649344342,4.218795531811559,0.3887607252711672,1174,0.18181818181818182,0.13568521031207598,0.2234762979683973,0.1873589164785553,2178,0.6594352617079889,0.6134067952249771,4.6850321395775945,0.37626262626262635,13.24,13.3,12.82,12.24,0,-3,1
430,1205740807,1,15,13,15,12,1647,0.5508399646330681,0.10875331564986737,0.5402298850574713,0.15517241379310345,263,0.7953105196451203,0.688212927756654,6.85171102661597,0.3602661596958175,1944,0.523356401384083,0.018166089965397925,0.5302267002518891,0.03400503778337532,4126,0.5302956858943287,0.6160930683470673,4.217886572952011,0.3887340442720956,1175,0.18181818181818182,0.13568521031207598,0.22297297297297297,0.18693693693693694,2182,0.6596012832263978,0.6127406049495875,4.685151237396884,0.3763748854262146,13.28,13.3,12.88,12.24,2,0,3
431,1205740808,1,14,15,11,10,1653,0.5505716798592788,0.10817941952506596,0.5402298850574713,0.15517241379310345,264,0.7960858585858586,0.6893939393939394,6.8522727272727275,0.35984848484848486,1949,0.5245901639344263,0.0181190681622088,0.5288944723618091,0.03391959798994975,4134,0.5302773746169973,0.6161103047895501,4.217464925012095,0.38864699242057726,1177,0.18181818181818182,0.13568521031207598,0.2242152466367713,0.1860986547085202,2187,0.6596936442615455,0.6131687242798354,4.6854138088705986,0.3763145861911295,13.32,13.36,12.82,12.16,-1,3,4
432,1205740809,1,13,14,12,13,1657,0.5508771929824562,0.10789473684210527,0.5391969407265774,0.15487571701720843,264,0.7960858585858586,0.6893939393939394,6.8522727272727275,0.35984848484848486,1952,0.524547803617571,0.01808785529715762,0.5282308657465495,0.033877038895859475,4145,0.5306393244873342,0.6159227985524729,4.217852834740651,0.38866103739445107,1184,0.18328840970350405,0.13611859838274934,0.22321428571428573,0.18526785714285715,2190,0.6594748858447489,0.6136986301369863,4.68675799086758,0.37636986301369874,13.32,13.36,12.78,12.18,-1,1,0
433,1205740810,1,13,14,12,11,1657,0.5508771929824562,0.10789473684210527,0.5391969407265774,0.15487571701720843,265,0.7968553459119496,0.690566037735849,6.8528301886792455,0.3594339622641509,1955,0.524505588993981,0.018056749785038694,0.5288220551378446,0.03383458646616541,4156,0.5305181264035933,0.6157362848893166,4.219201154956689,0.38883541867179977,1187,0.1827956989247312,0.135752688172043,0.22271714922049,0.18485523385300667,2198,0.6588186229905975,0.6128298453139217,4.685623293903548,0.3762511373976343,13.3,13.4,12.78,12.16,-1,1,2
434,1205740811,1,10,10,13,13,1663,0.5507880910683012,0.10770577933450087,0.5370018975332068,0.15370018975332067,265,0.7968553459119496,0.690566037735849,6.8528301886792455,0.3594339622641509,1959,0.5236051502145923,0.018025751072961373,0.53,0.03375,4168,0.5294705694177865,0.6151631477927063,4.219769673704414,0.38867562380038384,1188,0.1827956989247312,0.135752688172043,0.2222222222222222,0.18666666666666668,2202,0.6589842567363003,0.6130790190735694,4.6857402361489555,0.37602179836512273,13.18,13.32,12.78,12.2,0,-3,-3
435,1205740812,1,13,14,13,13,1666,0.5506993006993007,0.10751748251748251,0.5378787878787878,0.1534090909090909,265,0.7968553459119496,0.690566037735849,6.8528301886792455,0.3594339622641509,1969,0.5234842015371477,0.017933390264730998,0.5310945273631841,0.033582089552238806,4178,0.5292803574277966,0.6146481570129249,4.2197223551938725,0.3886428913355672,1189,0.1825503355704698,0.13557046979865772,0.2222222222222222,0.18666666666666668,2205,0.6589947089947089,0.6131519274376417,4.686167800453514,0.3758503401360545,13.16,13.34,12.76,12.2,-1,0,0
436,1205740813,1,12,14,13,13,1672,0.5518744551002616,0.10723626852659111,0.536723163841808,0.1544256120527307,265,0.7968553459119496,0.690566037735849,6.8528301886792455,0.3594339622641509,1973,0.5225531914893617,0.017872340425531916,0.5310945273631841,0.033582089552238806,4189,0.5295217633484525,0.614705180233946,4.219145380759131,0.3887562664120315,1190,0.1825503355704698,0.13557046979865772,0.22172949002217296,0.18625277161862527,2210,0.6596153846153846,0.6135746606334842,4.686425339366516,0.3760180995475114,13.12,13.32,12.78,12.22,-2,-1,-1
437,1205740814,1,12,13,11,11,1675,0.5522648083623694,0.10714285714285714,0.5365853658536586,0.15572232645403378,266,0.7976190476190476,0.6879699248120301,6.853383458646617,0.35902255639097747,1976,0.5221088435374149,0.017857142857142856,0.532258064516129,0.033498759305210915,4199,0.5290942287846314,0.6146701595618004,4.220290545367945,0.38878304358180515,1191,0.18230563002680966,0.1353887399463807,0.22172949002217296,0.18625277161862527,2218,0.6600165314096784,0.6140667267808837,4.684851217312895,0.3761271415689812,13.14,13.32,12.74,12.18,-1,1,1
438,1205740815,1,12,14,13,11,1677,0.5526544821583986,0.10704960835509138,0.5355805243445693,0.15730337078651685,266,0.7976190476190476,0.6879699248120301,6.853383458646617,0.35902255639097747,1983,0.5241320914479255,0.017781541066892465,0.530940594059406,0.03341584158415842,4207,0.5291577529514303,0.6146898027097695,4.221060137865463,0.38893510815307814,1194,0.18181818181818182,0.13502673796791445,0.22123893805309736,0.18805309734513273,2226,0.6604896675651393,0.6141060197663971,4.685534591194968,0.37612309074573236,13.1,13.36,12.78,12.2,-2,-1,1
439,1205740816,1,12,12,12,11,1682,0.5529513888888888,0.10677083333333333,0.5335820895522388,0.15858208955223882,266,0.7976190476190476,0.6879699248120301,6.853383458646617,0.35902255639097747,1985,0.5240912933220625,0.01775147928994083,0.530940594059406,0.03341584158415842,4218,0.5287260945155684,0.6149834044570887,4.220483641536273,0.38880986249407296,1198,0.1810918774966711,0.13448735019973368,0.22075055187637968,0.18763796909492272,2232,0.6609543010752689,0.6137992831541219,4.685035842293907,0.37612007168458794,13.06,13.34,12.76,12.18,0,0,1
440,1205740817,1,14,15,14,13,1682,0.5529513888888888,0.10677083333333333,0.5335820895522388,0.15858208955223882,266,0.7976190476190476,0.6879699248120301,6.853383458646617,0.35902255639097747,1987,0.5236486486486487,0.017736486486486486,0.5315203955500618,0.03337453646477132,4228,0.5287764112267426,0.6158940397350994,4.2216177861873225,0.3885998107852412,1199,0.18218085106382978,0.13430851063829788,0.22075055187637968,0.18763796909492272,2241,0.6612003569834896,0.6140116019634092,4.684069611780455,0.3759854231741783,13.1,13.4,12.74,12.2,-1,0,1
441,1205740818,1,12,10,11,10,1689,0.5536332179930796,0.10640138408304499,0.5324675324675324,0.15955473098330242,268,0.7978855721393034,0.6902985074626866,6.850746268656716,0.36007462686567165,1990,0.523167649536647,0.017691659646166806,0.5315203955500618,0.03337453646477132,4238,0.5288264904829324,0.6153846153846154,4.220386974988202,0.3885677206229353,1206,0.18253968253968253,0.1349206349206349,0.21929824561403508,0.18859649122807018,2242,0.6613514719000892,0.6141837644959858,4.684210526315789,0.3759292298542969,13.08,13.34,12.72,12.18,2,1,2
442,1205740819,1,13,14,13,12,1694,0.5544041450777202,0.10621761658031088,0.533210332103321,0.15867158671586715,268,0.7978855721393034,0.6902985074626866,6.850746268656716,0.36007462686567165,1997,0.5222876366694701,0.017661900756938603,0.5331695331695332,0.033169533169533166,4246,0.5290076935154657,0.6154027319830428,4.219971738106453,0.3884832783796514,1209,0.18361955085865259,0.13474240422721268,0.2183406113537118,0.18995633187772926,2247,0.6616599910992434,0.6132621272808189,4.683578104138852,0.3760940513276963,13.06,13.34,12.7,12.2,-1,0,1
443,1205740820,1,14,13,14,13,1697,0.5551724137931034,0.1060344827586207,0.5322283609576427,0.15837937384898712,269,0.7986369268897149,0.6914498141263941,6.851301115241636,0.36059479553903345,2004,0.5205364626990779,0.01760268231349539,0.5336597307221542,0.03427172582619339,4256,0.5291353383458649,0.6156015037593985,4.219924812030075,0.38845159774436083,1212,0.18421052631578946,0.13421052631578947,0.2183406113537118,0.18995633187772926,2249,0.661293908403735,0.6136060471320587,4.68297020898177,0.3760930784052173,13.04,13.32,12.74,12.24,1,0,1
444,1205740821,1,11,12,12,10,1702,0.5554600171969045,0.1057609630266552,0.5321100917431193,0.1596330275229358,270,0.7993827160493826,0.6925925925925925,6.851851851851852,0.36018518518518516,2010,0.520066889632107,0.017558528428093644,0.5341463414634147,0.03414634146341464,4265,0.5291910902696368,0.6157092614302462,4.219226260257913,0.3885111371629542,1215,0.1834862385321101,0.1349934469200524,0.2183406113537118,0.18995633187772926,2253,0.6614513981358189,0.6142920550377274,4.683089214380826,0.37598017458203886,13.0,13.28,12.74,12.2,-1,-1,1
445,1205740822,1,14,12,13,14,1707,0.5566037735849056,0.10548885077186965,0.5319926873857403,0.1590493601462523,271,0.8001230012300122,0.6937269372693727,6.85239852398524,0.35977859778597787,2017,0.5212323064113239,0.017485428809325562,0.5328467153284672,0.0340632603406326,4271,0.5297354249590263,0.6153125731678764,4.2191524233200655,0.38843362210255206,1215,0.1834862385321101,0.1349934469200524,0.2183406113537118,0.18995633187772926,2260,0.6621312684365782,0.6146017699115044,4.682743362831858,0.37603244837758126,13.02,13.26,12.74,12.26,2,1,0
446,1205740823,1,13,15,12,11,1710,0.5556506849315068,0.1053082191780822,0.531021897810219,0.15875912408759124,272,0.8008578431372548,0.6948529411764706,6.852941176470588,0.359375,2022,0.5203657522859518,0.017456359102244388,0.5333333333333333,0.03393939393939394,4281,0.5291987853305304,0.6148096239196449,4.218874094837655,0.38859690103558353,1215,0.1834862385321101,0.1349934469200524,0.2183406113537118,0.18995633187772926,2268,0.6622207524985303,0.6155202821869489,4.682098765432099,0.3759185773074663,13.04,13.3,12.72,12.24,-2,1,2
447,1205740824,1,12,14,12,12,1718,0.5537542662116041,0.10494880546075085,0.5271739130434783,0.15942028985507245,273,0.8015873015873015,0.6959706959706959,6.853479853479853,0.358974358974359,2024,0.520764119601329,0.01744186046511628,0.5326876513317191,0.03389830508474576,4292,0.5291239515377448,0.6150978564771669,4.220410065237651,0.38853292948120527,1217,0.1830065359477124,0.134640522875817,0.2183406113537118,0.18995633187772926,2271,0.6619330691325407,0.6155878467635403,4.68251871422281,0.37597240569499496,12.94,13.32,12.68,12.2,-2,0,0
448,1205740825,1,14,14,11,10,1721,0.5548936170212766,0.1046808510638298,0.5271739130434783,0.15942028985507245,274,0.8023114355231142,0.6970802919708029,6.854014598540146,0.3594890510948905,2030,0.5198675496688742,0.0173841059602649,0.532608695652174,0.033816425120772944,4301,0.5292567619933352,0.6156707742385492,4.219948849104859,0.38859180035650615,1222,0.18311688311688312,0.13376623376623376,0.2183406113537118,0.18995633187772926,2274,0.6619393139841688,0.6152154793315743,4.68249780123131,0.3761360304895926,12.94,13.32,12.6,12.14,0,3,4
449,1205740826,1,13,12,10,11,1724,0.5551782682512734,0.10526315789473684,0.5271739130434783,0.15942028985507245,275,0.803030303030303,0.6981818181818182,6.858181818181818,0.35909090909090907,2035,0.5214521452145214,0.017326732673267328,0.5319662243667069,0.033775633293124246,4309,0.5296665893091981,0.6156880946855419,4.220468786261313,0.3883344936953662,1224,0.1828793774319066,0.13359273670557717,0.22004357298474944,0.1895424836601307,2280,0.6619517543859649,0.6153508771929824,4.682894736842106,0.3758040935672516,12.9,13.28,12.54,12.12,1,3,2
450,1205740827,1,12,15,12,12,1728,0.5559322033898305,0.10508474576271186,0.5252707581227437,0.16064981949458484,276,0.8037439613526569,0.6956521739130435,6.855072463768116,0.358695652173913,2038,0.5205930807248764,0.01729818780889621,0.5325301204819277,0.033734939759036145,4319,0.530138149262947,0.6161148413984718,4.220652928918732,0.3882457358956548,1227,0.18369987063389392,0.1332470892626132,0.2217391304347826,0.1891304347826087,2283,0.6615929332749306,0.6154183092422252,4.681997371879106,0.37618630457001034,12.88,13.3,12.54,12.12,-3,0,0
451,1205740828,1,16,15,13,11,1732,0.5562130177514792,0.10481825866441251,0.5261261261261261,0.16036036036036036,277,0.8044524669073405,0.6967509025270758,6.855595667870036,0.3583032490974729,2042,0.5213815789473685,0.017269736842105265,0.5324519230769231,0.03365384615384615,4326,0.5300508552935741,0.6162736939435969,4.219833564493759,0.3883687779318847,1231,0.18404118404118405,0.13384813384813385,0.2217391304347826,0.1891304347826087,2289,0.6611693607106451,0.6155526430755789,4.682394058540847,0.3760739769914083,12.92,13.32,12.56,12.08,1,3,5
452,1205740829,1,14,14,14,11,1734,0.5565878378378378,0.10472972972972973,0.5269784172661871,0.16007194244604317,277,0.8044524669073405,0.6967509025270758,6.855595667870036,0.3583032490974729,2045,0.5209531635168447,0.01725554642563681,0.5323741007194245,0.03357314148681055,4336,0.5297509225092254,0.6162361623616236,4.220479704797048,0.38839560270602697,1232,0.18380462724935734,0.13367609254498714,0.2217391304347826,0.1891304347826087,2296,0.6611135307781649,0.6158536585365854,4.68205574912892,0.37590737514518013,12.92,13.34,12.6,12.08,0,0,3
453,1205740830,1,14,13,14,12,1735,0.5561181434599156,0.10464135021097046,0.5269784172661871,0.16007194244604317,278,0.8051558752997601,0.6942446043165468,6.856115107913669,0.3597122302158273,2055,0.5200327064595257,0.017170891251022075,0.5346062052505967,0.03341288782816229,4344,0.5302716390423576,0.6169429097605893,4.220303867403315,0.3882558317986494,1234,0.18356867779204109,0.13350449293966624,0.22342733188720174,0.18872017353579176,2301,0.6611255975662755,0.615819209039548,4.681877444589309,0.3760683760683762,12.96,13.36,12.62,12.1,1,0,2
454,1205740831,1,10,12,10,10,1740,0.5554621848739496,0.10504201680672269,0.5269784172661871,0.16007194244604317,279,0.8058542413381122,0.6917562724014337,6.85663082437276,0.3593189964157706,2055,0.5200327064595257,0.017170891251022075,0.5346062052505967,0.03341288782816229,4359,0.5301292345339148,0.6173434273916035,4.223904565267263,0.3880859524355738,1236,0.18461538461538463,0.13333333333333333,0.22510822510822512,0.18831168831168832,2307,0.6611400086692675,0.6150845253576073,4.682704811443433,0.3757404999277562,12.9,13.36,12.58,12.0,-2,0,0
455,1205740832,1,13,14,14,13,1743,0.5549958018471872,0.10579345088161209,0.5286738351254481,0.15949820788530467,279,0.8058542413381122,0.6917562724014337,6.85663082437276,0.3593189964157706,2061,0.5203915171288744,0.017128874388254486,0.535077288941736,0.03329369797859691,4371,0.5298177381224742,0.6170212765957447,4.223747426218257,0.387878441241516,1238,0.18414322250639387,0.1329923273657289,0.22510822510822512,0.18831168831168832,2311,0.661726525313717,0.6153180441367373,4.681955863262657,0.3755228616760422,12.88,13.36,12.64,12.0,-1,-1,0
456,1205740833,1,12,12,12,12,1747,0.5544388609715243,0.10552763819095477,0.5295169946332737,0.1592128801431127,280,0.806547619047619,0.6928571428571428,6.857142857142857,0.35982142857142857,2065,0.5203583061889251,0.01710097719869707,0.534994068801898,0.03440094899169632,4382,0.5299710938688578,0.6168416248288453,4.223642172523961,0.38781758709873715,1243,0.183206106870229,0.13231552162849872,0.22462203023758098,0.1879049676025918,2315,0.6610151187904968,0.6155507559395248,4.6812095032397405,0.3753059755219584,12.86,13.3,12.58,12.02,0,0,0
457,1205740834,1,13,13,13,12,1751,0.5542570951585977,0.10601001669449082,0.5295169946332737,0.1592128801431127,280,0.806547619047619,0.6928571428571428,6.857142857142857,0.35982142857142857,2072,0.5202922077922078,0.017045454545454544,0.5354609929078015,0.034278959810874705,4392,0.5297890103217976,0.6163479052823315,4.223360655737705,0.3879022465088038,1246,0.18401015228426396,0.1319796954314721,0.22413793103448276,0.1875,2319,0.6611686071582579,0.6153514445881846,4.680896938335489,0.37541325283886745,12.86,13.26,12.58,12.0,0,0,1
458,1205740835,1,13,12,12,12,1759,0.5544472152950956,0.1055694098088113,0.5302491103202847,0.1583629893238434,281,0.8072360616844602,0.693950177935943,6.857651245551601,0.3594306049822064,2076,0.520259319286872,0.017017828200972446,0.5341981132075472,0.03419811320754717,4403,0.5300552653493833,0.6161707926413809,4.222348398818987,0.3880687410099174,1249,0.18377693282636248,0.13181242078580482,0.22317596566523606,0.1888412017167382,2319,0.6611686071582579,0.6153514445881846,4.680896938335489,0.37541325283886745,12.84,13.24,12.6,12.0,1,1,1
459,1205740836,1,14,13,15,13,1759,0.5544472152950956,0.1055694098088113,0.5302491103202847,0.1583629893238434,281,0.8072360616844602,0.693950177935943,6.857651245551601,0.3594306049822064,2079,0.5202265372168284,0.01699029126213592,0.5335689045936396,0.03415783274440518,4414,0.530093641443891,0.6166742183960127,4.222247394653376,0.38778130191813914,1253,0.18434343434343434,0.13131313131313133,0.22483940042826553,0.18843683083511778,2325,0.6611827956989247,0.6150537634408603,4.6812903225806455,0.375304659498208,12.86,13.26,12.62,12.02,1,-1,1
460,1205740837,1,13,13,12,13,1764,0.5550952775476388,0.1052195526097763,0.5310834813499112,0.15808170515097691,281,0.8072360616844602,0.693950177935943,6.857651245551601,0.3594306049822064,2085,0.5209677419354839,0.016935483870967744,0.5334900117508813,0.03407755581668625,4421,0.5300459926110235,0.6170549649400588,4.221669305586971,0.38780818819271645,1258,0.18341708542713567,0.13190954773869346,0.2264957264957265,0.18803418803418803,2330,0.6619098712446352,0.6150214592274678,4.68068669527897,0.3753576537911303,12.86,13.24,12.6,12.02,0,1,0
461,1205740838,1,11,12,11,10,1767,0.5550952775476388,0.1052195526097763,0.5300353356890459,0.15901060070671377,281,0.8072360616844602,0.693950177935943,6.857651245551601,0.3594306049822064,2091,0.5205148833467418,0.016894609814963796,0.5339578454332553,0.03395784543325527,4432,0.5300842358604095,0.6168772563176895,4.223826714801444,0.3875789711191335,1259,0.18318695106649938,0.13174404015056462,0.2264957264957265,0.18803418803418803,2335,0.6620628122769451,0.6145610278372591,4.6796573875803,0.375410421127766,12.82,13.2,12.54,11.98,-1,0,1
462,1205740839,1,12,13,12,12,1772,0.5537190082644629,0.10661157024793388,0.5299295774647887,0.15845070422535212,281,0.8072360616844602,0.693950177935943,6.857651245551601,0.3594306049822064,2095,0.5204819277108433,0.016867469879518072,0.5338785046728972,0.03387850467289719,4442,0.5308044424433441,0.6170643854119766,4.223547951373256,0.38738180999549743,1263,0.1825,0.13125,0.2260127931769723,0.18763326226012794,2340,0.6619301994301995,0.6145299145299146,4.67948717948718,0.37514245014245023,12.8,13.18,12.56,11.96,-1,0,0
463,1205740840,1,14,13,13,12,1779,0.5547325102880658,0.10617283950617284,0.5298245614035088,0.15789473684210525,283,0.8085983510011778,0.696113074204947,6.862190812720848,0.3586572438162544,2097,0.5208667736757624,0.016853932584269662,0.5332555425904317,0.0338389731621937,4449,0.5309807447366452,0.6172173522139807,4.223420993481681,0.38722184760620354,1265,0.18204488778054864,0.13092269326683292,0.2260127931769723,0.18763326226012794,2345,0.6615849324804549,0.6149253731343284,4.681023454157782,0.37519545131485443,12.84,13.16,12.56,11.92,1,1,2
464,1205740841,1,13,12,11,13,1783,0.5546425636811833,0.10599835661462613,0.5297202797202797,0.1590909090909091,283,0.8085983510011778,0.696113074204947,6.862190812720848,0.3586572438162544,2102,0.5212169735788631,0.016813450760608487,0.5331781140861467,0.033760186263096625,4459,0.5309112656051435,0.6171787396277192,4.223592733796815,0.38710099424385125,1266,0.18181818181818182,0.1307596513075965,0.2260127931769723,0.18763326226012794,2351,0.6604636324968098,0.6150574223734581,4.6805614632071455,0.3753012902311074,12.82,13.12,12.54,11.9,1,2,0
465,1205740842,1,15,13,12,12,1787,0.5553732567678425,0.10582444626743231,0.5296167247386759,0.15853658536585366,283,0.8085983510011778,0.696113074204947,6.862190812720848,0.3586572438162544,2107,0.521982414068745,0.016786570743405275,0.5336426914153132,0.033642691415313224,4469,0.5309539792645637,0.6166927724323115,4.222868650704855,0.3871857984634891,1269,0.1813664596273292,0.13167701863354037,0.225531914893617,0.18723404255319148,2356,0.6603353140916808,0.6141765704584041,4.682088285229202,0.37524759479343534,12.9,13.16,12.52,11.9,2,3,3
466,1205740843,1,14,15,12,14,1790,0.5552825552825553,0.10565110565110565,0.528695652173913,0.16,284,0.8057511737089201,0.6971830985915493,6.862676056338028,0.35827464788732394,2115,0.5218774860779634,0.016706443914081145,0.5347222222222222,0.03356481481481482,4476,0.5312406910932383,0.6168453976764968,4.222296693476318,0.38713881441763465,1271,0.1809169764560099,0.13135068153655513,0.225531914893617,0.18723404255319148,2361,0.6606310885218127,0.614570097416349,4.683185091063109,0.3750882394465623,12.88,13.16,12.52,11.94,-1,2,0
467,1205740844,1,13,14,12,12,1796,0.5547385620915033,0.10620915032679738,0.5294117647058824,0.16089965397923875,284,0.8057511737089201,0.6971830985915493,6.862676056338028,0.35827464788732394,2118,0.5210484511517077,0.016679904686258934,0.5352601156069364,0.03352601156069364,4487,0.5309412376495063,0.6162246489859594,4.221528861154447,0.38719263056236525,1272,0.1806930693069307,0.1311881188118812,0.225531914893617,0.18723404255319148,2367,0.6606463878326996,0.6142796789184621,4.683565694972539,0.37477115899169144,12.88,13.16,12.5,11.9,-1,1,1
468,1205740845,1,12,12,12,12,1798,0.5546492659053833,0.1068515497553018,0.5294117647058824,0.16089965397923875,285,0.8064327485380116,0.6982456140350877,6.863157894736842,0.35789473684210527,2123,0.5202220459952419,0.016653449643140365,0.5357142857142857,0.03341013824884793,4500,0.5317777777777781,0.6166666666666667,4.222222222222222,0.38720370370370355,1276,0.18002466091245375,0.13070283600493218,0.22505307855626328,0.18895966029723993,2370,0.6606540084388186,0.6139240506329114,4.6835443037974684,0.3747187060478201,12.88,13.16,12.48,11.9,0,0,0
469,1205740846,1,10,12,10,12,1803,0.5552845528455285,0.10650406504065041,0.5284974093264249,0.16234887737478412,286,0.8053613053613053,0.6993006993006993,6.863636363636363,0.3583916083916084,2128,0.5197784810126582,0.01740506329113924,0.5344827586206896,0.034482758620689655,4510,0.5314855875831489,0.6170731707317073,4.221286031042129,0.387121212121212,1280,0.18058968058968058,0.13022113022113022,0.2245762711864407,0.1885593220338983,2374,0.660804549283909,0.6141533277169334,4.683656276326874,0.3747191800056165,12.86,13.12,12.42,11.84,-2,0,-2
470,1205740847,1,14,13,11,13,1805,0.5556458164094232,0.10641754670999187,0.5275862068965518,0.16379310344827586,286,0.8053613053613053,0.6993006993006993,6.863636363636363,0.3583916083916084,2135,0.5205047318611987,0.017350157728706624,0.5349369988545246,0.03436426116838488,4517,0.5313261013947314,0.6174452069957936,4.220943103829976,0.3871301010995497,1283,0.1799265605875153,0.12974296205630356,0.2245762711864407,0.1885593220338983,2380,0.6613795518207283,0.6142857142857143,4.683193277310925,0.3748249299719889,12.86,13.14,12.36,11.86,1,3,1
471,1205740848,1,14,13,12,12,1808,0.5563665855636658,0.10624493106244931,0.5283993115318416,0.16351118760757316,286,0.8053613053613053,0.6993006993006993,6.863636363636363,0.3583916083916084,2140,0.5200629425649095,0.01730920535011802,0.536,0.03428571428571429,4527,0.5314777998674622,0.6176275679257787,4.221117738016346,0.3871585302996832,1285,0.17970660146699266,0.1295843520782396,0.226215644820296,0.18816067653276955,2387,0.661325233905879,0.6141600335148723,4.683703393380813,0.37487781036168144,12.9,13.12,12.32,11.84,1,2,2
472,1205740849,1,13,15,12,13,1809,0.5567260940032415,0.10615883306320907,0.5283993115318416,0.16351118760757316,287,0.8060394889663182,0.6968641114982579,6.86411149825784,0.35801393728222997,2148,0.5207843137254902,0.017254901960784313,0.534698521046644,0.034129692832764506,4537,0.5316288296230993,0.618029534934979,4.220409962530306,0.38718683417823807,1288,0.17904993909866018,0.12911084043848964,0.226215644820296,0.18816067653276955,2390,0.6615411436541143,0.6138075313807532,4.68326359832636,0.3749302649930266,12.88,13.14,12.3,11.86,-2,1,0
473,1205740850,1,14,12,11,12,1811,0.557085020242915,0.10607287449392712,0.5292096219931272,0.16323024054982818,288,0.8049768518518517,0.6979166666666666,6.861111111111111,0.3585069444444444,2150,0.5203761755485894,0.017241379310344827,0.5352272727272728,0.03409090909090909,4548,0.5316622691292879,0.617854001759015,4.220536499560247,0.3870749047200233,1290,0.17861482381530985,0.13001215066828675,0.226215644820296,0.18816067653276955,2396,0.6617626599888703,0.6143572621035058,4.68322203672788,0.37493043962159167,12.88,13.1,12.26,11.86,2,3,2
474,1205740851,1,13,13,13,13,1817,0.5573505654281099,0.10581583198707593,0.5299145299145299,0.1623931623931624,289,0.8056516724336793,0.698961937716263,6.86159169550173,0.35899653979238755,2154,0.5195618153364632,0.017214397496087636,0.5351473922902494,0.034013605442176874,4559,0.5313665277473133,0.6178986619872779,4.219565694231191,0.3869086788038311,1293,0.17796610169491525,0.12953995157384987,0.226215644820296,0.18816067653276955,2399,0.6614214255939975,0.6140058357649021,4.6823676531888285,0.3751910518271503,12.9,13.08,12.3,11.92,0,0,0
475,1205740852,1,12,11,12,9,1821,0.5580645161290323,0.10564516129032259,0.5298126064735945,0.16183986371379896,289,0.8056516724336793,0.698961937716263,6.86159169550173,0.35899653979238755,2160,0.5187207488299532,0.0171606864274571,0.5361990950226244,0.033936651583710405,4567,0.5309466462302025,0.6179111013794614,4.219181081672871,0.386997299467192,1298,0.178743961352657,0.1292270531400966,0.226890756302521,0.18907563025210083,2403,0.6611527257594674,0.6133999167707033,4.682480233042031,0.3752947704258567,12.9,13.02,12.3,11.86,1,0,3
476,1205740853,1,13,14,12,12,1822,0.5576148267526189,0.10556003223207092,0.5298126064735945,0.16183986371379896,289,0.8056516724336793,0.698961937716263,6.86159169550173,0.35899653979238755,2163,0.5183164458300857,0.0171473109898675,0.536117381489842,0.033860045146726865,4575,0.5313661202185797,0.6179234972677595,4.21879781420765,0.38708561020036414,1302,0.1778846153846154,0.12860576923076922,0.226890756302521,0.18907563025210083,2409,0.660958904109589,0.613947696139477,4.6828559568285595,0.3751902587519027,12.92,13.06,12.28,11.86,-1,1,1
477,1205740854,1,14,13,15,11,1827,0.5583266291230893,0.10539018503620273,0.5305084745762711,0.16101694915254236,290,0.8063218390804597,0.7,6.862068965517241,0.3586206896551724,2171,0.5174825174825175,0.017094017094017096,0.5359550561797752,0.033707865168539325,4583,0.5316386646301553,0.6174994545057823,4.217106698668994,0.3870099643610443,1305,0.17767106842737096,0.12845138055222088,0.22594142259414227,0.18828451882845187,2412,0.6613805970149254,0.6135986733001658,4.683250414593698,0.3750345494748481,12.94,13.04,12.34,11.82,1,-1,3
478,1205740855,1,12,13,10,11,1832,0.557784911717496,0.10513643659711075,0.5304054054054054,0.16047297297297297,291,0.8069873997709048,0.697594501718213,6.859106529209622,0.3582474226804124,2175,0.517829457364341,0.017054263565891473,0.5353535353535354,0.03367003367003367,4591,0.5318376533798014,0.6175125245044653,4.217381834023088,0.3869345821534886,1309,0.17724550898203592,0.1281437125748503,0.225,0.1875,2417,0.6606330161357055,0.613156805957799,4.685974348365742,0.3749827609984831,12.86,13.06,12.28,11.78,-1,2,1
479,1205740856,1,12,14,11,13,1839,0.5584,0.1048,0.5277310924369748,0.16134453781512606,291,0.8069873997709048,0.697594501718213,6.859106529209622,0.3582474226804124,2177,0.5182029434546863,0.017041053446940357,0.5358744394618834,0.033632286995515695,4602,0.5320512820512825,0.6179921773142112,4.2175141242937855,0.3870961900622916,1312,0.17801672640382318,0.12783751493428913,0.22453222453222454,0.18711018711018712,2422,0.660439031103771,0.6127167630057804,4.68579686209744,0.37555050922102956,12.9,13.14,12.24,11.86,-2,1,-1
480,1205740857,1,13,12,13,9,1842,0.5586592178770949,0.10454908220271349,0.5277310924369748,0.16134453781512606,292,0.8042237442922374,0.6986301369863014,6.859589041095891,0.3578767123287671,2184,0.5177469135802469,0.016975308641975308,0.5369127516778524,0.03355704697986577,4611,0.5319887226198226,0.6185209282151377,4.217740186510518,0.38699125280127217,1315,0.1773809523809524,0.12857142857142856,0.22453222453222454,0.18711018711018712,2426,0.6603805990656774,0.6129431162407255,4.686314921681781,0.3754465512503436,12.86,13.12,12.2,11.8,1,0,4
481,1205740858,1,13,12,14,15,1844,0.5586592178770949,0.10454908220271349,0.5276381909547738,0.1624790619765494,293,0.8048919226393628,0.6996587030716723,6.860068259385666,0.3575085324232082,2191,0.5188316679477325,0.016910069177555727,0.5368303571428571,0.03459821428571429,4617,0.5319110533535489,0.6185834957764782,4.2181069958847734,0.38702981734170805,1319,0.1767497034400949,0.13048635824436536,0.22614107883817428,0.18672199170124482,2432,0.6606016995614035,0.6130756578947368,4.685855263157895,0.3755482456140352,12.84,13.06,12.26,11.9,1,-1,-2
482,1205740859,1,16,16,13,10,1846,0.5593625498007968,0.10438247011952191,0.5276381909547738,0.1624790619765494,293,0.8048919226393628,0.6996587030716723,6.860068259385666,0.3575085324232082,2198,0.5199386503067485,0.01687116564417178,0.5366666666666666,0.034444444444444444,4625,0.5320000000000004,0.619027027027027,4.218810810810811,0.38717117117117106,1322,0.17633136094674556,0.1301775147928994,0.22567287784679088,0.18840579710144928,2437,0.6608877034605389,0.6122281493639721,4.685268773081658,0.375700998495418,12.9,13.1,12.28,11.84,0,3,6
483,1205740860,1,13,13,12,13,1851,0.5599682287529786,0.10405083399523431,0.5267558528428093,0.16220735785953178,294,0.8055555555555555,0.6972789115646258,6.860544217687075,0.35714285714285715,2203,0.5206422018348624,0.017584097859327217,0.5360710321864595,0.03440621531631521,4634,0.5315062580923612,0.6189037548554165,4.219033232628399,0.3871205581930656,1324,0.17612293144208038,0.13120567375886524,0.22520661157024793,0.19008264462809918,2443,0.660901896575249,0.6131805157593123,4.686860417519443,0.37569927684540877,12.9,13.08,12.28,11.88,0,1,0
484,1205740861,1,15,14,13,13,1855,0.5598731165741475,0.10388580491673276,0.5266666666666666,0.16333333333333333,295,0.8062146892655366,0.6983050847457627,6.861016949152543,0.35677966101694913,2206,0.5206106870229008,0.017557251908396947,0.5354767184035477,0.03547671840354767,4645,0.5318622174381059,0.6189451022604952,4.217868675995694,0.3871187656978829,1330,0.17647058823529413,0.13058823529411764,0.22633744855967078,0.18930041152263374,2446,0.6611133823930226,0.6128372853638594,4.687653311529027,0.3756473153447807,13.0,13.16,12.28,11.88,1,2,2
485,1205740862,1,14,13,12,13,1862,0.5588003157063931,0.10339384372533544,0.5274542429284526,0.16306156405990016,296,0.8068693693693693,0.6993243243243243,6.861486486486487,0.3564189189189189,2213,0.5213089802130898,0.01750380517503805,0.5359116022099447,0.03535911602209945,4649,0.5317272531727257,0.6186276618627662,4.217035921703592,0.38716211371621123,1332,0.17647058823529413,0.13058823529411764,0.22540983606557377,0.1885245901639344,2453,0.6609933414866149,0.6127191194455769,4.686913982878108,0.37630792227204796,13.02,13.14,12.26,11.88,1,2,1
486,1205740863,1,13,10,12,10,1863,0.5583596214511041,0.10410094637223975,0.5274542429284526,0.16306156405990016,297,0.8041526374859708,0.7003367003367004,6.858585858585859,0.3560606060606061,2217,0.5227617602427921,0.017450682852807285,0.5359116022099447,0.03535911602209945,4657,0.5312432896714627,0.6182091475198626,4.218380931930428,0.3871233268914178,1333,0.1762632197414806,0.13043478260869565,0.22540983606557377,0.1885245901639344,2464,0.6606128246753246,0.6132305194805194,4.688311688311688,0.3761498917748919,13.04,13.06,12.24,11.82,3,1,3
487,1205740864,1,13,14,13,13,1866,0.5587076438140268,0.10401891252955082,0.5257048092868989,0.1625207296849088,297,0.8041526374859708,0.7003367003367004,6.858585858585859,0.3560606060606061,2221,0.5230885692657078,0.0174110522331567,0.5364238410596026,0.03532008830022075,4668,0.5312767780634109,0.6188946015424165,4.219580119965724,0.38690731219651514,1336,0.1756440281030445,0.12997658079625293,0.22540983606557377,0.1885245901639344,2468,0.6607576985413289,0.6134521880064829,4.688411669367909,0.37614802809292286,13.06,13.08,12.28,11.86,-1,0,0
488,1205740865,1,12,12,13,11,1871,0.5600942655145326,0.10369206598586017,0.5248344370860927,0.16390728476821192,297,0.8041526374859708,0.7003367003367004,6.858585858585859,0.3560606060606061,2226,0.5226586102719033,0.017371601208459216,0.5374449339207048,0.03524229074889868,4680,0.5308760683760687,0.6188034188034188,4.21965811965812,0.3867699430199429,1339,0.1764018691588785,0.12967289719626168,0.2249488752556237,0.18813905930470348,2472,0.6611043689320387,0.613673139158576,4.688106796116505,0.37614617044228704,13.06,13.04,12.28,11.86,0,-1,1
489,1205740866,1,12,14,13,13,1876,0.5603448275862069,0.1042319749216301,0.523102310231023,0.16501650165016502,297,0.8041526374859708,0.7003367003367004,6.858585858585859,0.3560606060606061,2230,0.5233785822021116,0.017345399698340876,0.5362637362637362,0.035164835164835165,4691,0.5306970795139633,0.6190577701982519,4.218929865700277,0.3869821644283378,1343,0.17578579743888242,0.12922002328288706,0.22448979591836735,0.18775510204081633,2475,0.661111111111111,0.6137373737373737,4.6884848484848485,0.3760942760942762,13.06,13.08,12.3,11.9,-2,-1,-1
490,1205740867,1,13,13,13,12,1878,0.5606891151135474,0.10415035238841033,0.5238879736408567,0.16474464579901152,299,0.8054626532887402,0.6989966555183946,6.8561872909699,0.35618729096989965,2233,0.5229841748304446,0.01733232856066315,0.5361842105263158,0.03508771929824561,4704,0.5308956916099777,0.6190476190476191,4.2204506802721085,0.3869756235827663,1345,0.1765389082462253,0.1289198606271777,0.22448979591836735,0.18775510204081633,2478,0.6607142857142856,0.6138014527845036,4.688458434221146,0.3760425073984397,13.04,13.04,12.28,11.88,0,0,1
491,1205740868,1,11,11,13,10,1881,0.5602503912363067,0.10406885758998435,0.5254515599343186,0.16420361247947454,300,0.806111111111111,0.7,6.8566666666666665,0.35583333333333333,2237,0.5221971407072987,0.01730624529721595,0.5361050328227571,0.0350109409190372,4713,0.5303769714972775,0.6187141947803947,4.22002970507108,0.3871914562557464,1348,0.17708333333333334,0.12962962962962962,0.22448979591836735,0.18775510204081633,2483,0.6613975030205396,0.6129681836488119,4.69109947643979,0.3758893811249833,13.02,13.06,12.32,11.88,0,-2,1
492,1205740869,1,16,15,13,13,1890,0.5592823712948518,0.10374414976599064,0.5276872964169381,0.16286644951140064,300,0.806111111111111,0.7,6.8566666666666665,0.35583333333333333,2241,0.5225563909774437,0.017293233082706767,0.5365321701199564,0.03489640130861505,4723,0.5301009245536034,0.6182511115816218,4.2191403768791025,0.38732444068035843,1349,0.17708333333333334,0.12962962962962962,0.2240325865580448,0.18737270875763748,2486,0.6614038616251005,0.6126307320997586,4.6914722445695896,0.3760391525878253,13.08,13.08,12.32,11.9,1,3,3
493,1205740870,1,13,13,12,11,1894,0.5584112149532711,0.10358255451713395,0.5292207792207793,0.16233766233766234,301,0.8050941306755259,0.7009966777408638,6.857142857142857,0.35631229235880396,2243,0.5221637866265966,0.01728024042073629,0.5359477124183006,0.034858387799564274,4734,0.530559076186453,0.6178707224334601,4.218842416561047,0.38737501760315435,1351,0.17803468208092485,0.12947976878612716,0.22357723577235772,0.18699186991869918,2491,0.661280610196708,0.6122039341629868,4.691288639100763,0.37578616352201266,13.06,13.08,12.28,11.86,0,1,2
494,1205740871,1,12,12,12,12,1898,0.5594405594405595,0.10334110334110334,0.5283630470016207,0.16369529983792544,301,0.8050941306755259,0.7009966777408638,6.857142857142857,0.35631229235880396,2248,0.5213803450862715,0.0172543135783946,0.5352877307274702,0.03691639522258415,4742,0.5308238436665266,0.618093631379165,4.2184732180514555,0.38719597919302673,1352,0.17782909930715934,0.12933025404157045,0.22357723577235772,0.18699186991869918,2497,0.6604925911093311,0.6123348017621145,4.691229475370444,0.37578427446268864,13.08,13.08,12.28,11.9,0,0,0
495,1205740872,1,14,15,12,12,1901,0.5601241272304112,0.10318076027928627,0.529126213592233,0.1634304207119741,302,0.8057395143487858,0.7019867549668874,6.857615894039735,0.35596026490066224,2252,0.5209580838323353,0.01721556886227545,0.53470715835141,0.0368763557483731,4753,0.5308577039063053,0.6181359141594782,4.2179675994108985,0.3872992495967458,1356,0.1774193548387097,0.12903225806451613,0.22469635627530365,0.1862348178137652,2501,0.6609023057443688,0.6121551379448221,4.69172331067573,0.3760829001732641,13.08,13.14,12.26,11.86,-1,2,2
496,1205740873,1,14,13,11,13,1904,0.5604651162790698,0.10310077519379846,0.5274193548387097,0.16451612903225807,302,0.8057395143487858,0.7019867549668874,6.857615894039735,0.35596026490066224,2258,0.5212527964205816,0.01715137956748695,0.5352112676056338,0.03683640303358613,4761,0.5311209129734654,0.6183574879227053,4.217391304347826,0.38717356297696554,1358,0.1774193548387097,0.12903225806451613,0.22379032258064516,0.18548387096774194,2508,0.6614500265816055,0.6124401913875598,4.6913875598086126,0.3760632642211591,13.1,13.1,12.24,11.9,1,3,1
497,1205740874,1,10,12,10,11,1909,0.5590733590733591,0.10270270270270271,0.5274193548387097,0.16451612903225807,303,0.8063806380638063,0.7029702970297029,6.858085808580858,0.3556105610561056,2262,0.5208333333333334,0.01711309523809524,0.5357142857142857,0.0367965367965368,4771,0.5309508838119197,0.618319010689583,4.217354852232236,0.38720044714595114,1360,0.17701149425287357,0.12988505747126436,0.22379032258064516,0.18548387096774194,2515,0.6608018555334658,0.6119284294234593,4.6910536779324055,0.3759111994698477,13.06,13.06,12.2,11.88,-2,0,-1
498,1205740875,1,14,14,14,12,1911,0.5594135802469136,0.10262345679012345,0.5281803542673108,0.1642512077294686,303,0.8063806380638063,0.7029702970297029,6.858085808580858,0.3556105610561056,2267,0.5207715133531158,0.017062314540059347,0.5362162162162162,0.036756756756756756,4779,0.5308990723303345,0.6179116970077422,4.218246495082654,0.38712771151565867,1361,0.17701149425287357,0.12988505747126436,0.22334004024144868,0.1851106639839034,2524,0.66141706286318,0.6125198098256736,4.690966719492868,0.3761555731642896,13.06,13.06,12.26,11.92,0,0,2
499,1205740876,1,11,11,15,13,1912,0.5594135802469136,0.10262345679012345,0.5273311897106109,0.1639871382636656,304,0.8070175438596491,0.7039473684210527,6.858552631578948,0.35526315789473684,2269,0.5203854707190512,0.01704966641957005,0.5356371490280778,0.0367170626349892,4789,0.5305213336117496,0.6178742952599707,4.219670077260388,0.3870501844504767,1367,0.176,0.12914285714285714,0.22289156626506024,0.18473895582329317,2531,0.6612340313446594,0.6120110628210194,4.691031212959305,0.3763993151586989,13.02,13.04,12.36,11.96,0,-4,-2
500,1205740877,1,14,12,14,11,1917,0.5581216320246344,0.10238645111624327,0.5272435897435898,0.16346153846153846,305,0.8076502732240437,0.7049180327868853,6.859016393442623,0.3549180327868853,2278,0.5203252032520326,0.016999260901699925,0.5381310418904404,0.036519871106337275,4795,0.5305874174487317,0.6179353493222106,4.218769551616267,0.3870351060132081,1369,0.17579908675799086,0.12899543378995434,0.22244488977955912,0.18637274549098196,2535,0.6611768573307034,0.611439842209073,4.691124260355029,0.3765943458251152,13.06,12.98,12.4,11.94,2,0,3
501,1205740878,1,11,11,12,11,1920,0.5572636433512682,0.10222905457340507,0.5264,0.1648,307,0.8072747014115091,0.7035830618892508,6.859934853420196,0.3550488599348534,2282,0.5202952029520295,0.017712177121771217,0.5369774919614148,0.03644158628081458,4800,0.530555555555556,0.6177083333333333,4.219375,0.387048611111111,1370,0.17579908675799086,0.12899543378995434,0.224,0.186,2546,0.6615278868813824,0.6111547525530243,4.694815396700707,0.37653836082744185,12.96,12.9,12.38,11.94,0,-1,0
502,1205740879,1,10,13,12,11,1922,0.5576036866359447,0.10215053763440861,0.5271565495207667,0.1645367412140575,307,0.8072747014115091,0.7035830618892508,6.859934853420196,0.3550488599348534,2287,0.5198821796759941,0.017673048600883652,0.5368983957219251,0.03636363636363636,4812,0.5306871709614857,0.6176226101413134,4.219451371571072,0.3869146577999445,1376,0.17747440273037543,0.1296928327645051,0.22266401590457258,0.18687872763419483,2549,0.6613377795213808,0.6112200863083562,4.6947822675559046,0.3765855891199164,12.88,12.88,12.34,11.94,-3,-2,-1
503,1205740880,1,13,13,13,15,1931,0.5572519083969466,0.10229007633587786,0.5263157894736842,0.16586921850079744,308,0.8079004329004328,0.7012987012987013,6.8603896103896105,0.3555194805194805,2289,0.5202354672553348,0.017660044150110375,0.5363247863247863,0.03632478632478633,4823,0.5308936346672201,0.6180800331743728,4.219365540120257,0.38693067938350945,1378,0.17727272727272728,0.12954545454545455,0.2222222222222222,0.1865079365079365,2552,0.6615399686520376,0.6112852664576802,4.6947492163009406,0.3765673981191224,12.86,12.88,12.32,12.0,0,0,-2
504,1205740881,1,15,15,12,13,1934,0.5579268292682927,0.10213414634146341,0.5254777070063694,0.16719745222929935,308,0.8079004329004328,0.7012987012987013,6.8603896103896105,0.3555194805194805,2295,0.5198237885462555,0.01762114537444934,0.5356762513312034,0.0362087326943557,4833,0.5309676529415827,0.6180426236292158,4.218497827436375,0.3870439340644181,1384,0.17760180995475114,0.12895927601809956,0.22134387351778656,0.1857707509881423,2554,0.6616092404072043,0.6115896632732968,4.6949882537196554,0.3765661707126078,12.96,12.94,12.36,12.06,0,3,2
505,1205740882,1,13,13,13,13,1940,0.5565679574791192,0.1017463933181473,0.5246422893481717,0.1685214626391097,309,0.808522114347357,0.7022653721682848,6.86084142394822,0.3551779935275081,2302,0.5197657393850659,0.017569546120058566,0.535031847133758,0.036093418259023353,4840,0.5306818181818187,0.6183884297520661,4.217561983471074,0.387207300275482,1388,0.17792792792792791,0.12837837837837837,0.22134387351778656,0.1857707509881423,2558,0.6621383893666927,0.6118060985144644,4.695074276778733,0.3764659890539485,12.96,12.92,12.34,12.06,0,0,0
506,1205740883,1,13,12,10,13,1943,0.5564821834723275,0.10159211523881728,0.5253968253968254,0.16825396825396827,309,0.808522114347357,0.7022653721682848,6.86084142394822,0.3551779935275081,2305,0.5190058479532164,0.017543859649122806,0.5355249204665959,0.036055143160127257,4853,0.5309087162579852,0.6185864413764681,4.217185246239439,0.38714884264029115,1394,0.1791713325867861,0.1276595744680851,0.22090729783037474,0.1854043392504931,2560,0.6622070312499999,0.61171875,4.6953125,0.37656250000000013,12.98,12.92,12.3,12.08,1,3,0
507,1205740884,1,12,12,14,14,1951,0.5562264150943397,0.1018867924528302,0.5268987341772152,0.16772151898734178,309,0.808522114347357,0.7022653721682848,6.86084142394822,0.3551779935275081,2308,0.5193571950328707,0.017531044558071585,0.5354497354497354,0.03597883597883598,4863,0.5309822468983485,0.6185482212625951,4.216738638700391,0.3872780862293508,1396,0.1789709172259508,0.12751677852348994,0.2204724409448819,0.18700787401574803,2564,0.6622139885595423,0.6115444617784711,4.695397815912637,0.37656006240249623,12.96,12.9,12.32,12.12,0,-2,-2
508,1205740885,1,12,13,12,13,1959,0.5555555555555556,0.10285285285285285,0.5260663507109005,0.1674565560821485,309,0.808522114347357,0.7022653721682848,6.86084142394822,0.3551779935275081,2312,0.5197080291970803,0.017518248175182483,0.5337552742616034,0.035864978902953586,4873,0.5309186674875167,0.6183049456187154,4.215883439359738,0.38756070866680337,1398,0.1787709497206704,0.12737430167597766,0.2200392927308448,0.18664047151277013,2569,0.6621577786427922,0.6119112495134293,4.695212144803426,0.3766056831451928,12.94,12.92,12.32,12.14,-1,0,-1
509,1205740886,1,14,12,13,12,1963,0.5558052434456929,0.10262172284644194,0.5252365930599369,0.167192429022082,309,0.808522114347357,0.7022653721682848,6.86084142394822,0.3551779935275081,2317,0.5189504373177842,0.01749271137026239,0.5341745531019979,0.035751840168243953,4883,0.5308553484879518,0.6180626663936105,4.216055703460987,0.38753498532323016,1398,0.1787709497206704,0.12737430167597766,0.2200392927308448,0.18664047151277013,2574,0.6626197876197876,0.6122766122766122,4.695027195027195,0.3765540015540017,12.94,12.9,12.28,12.12,2,1,2
510,1205740887,1,12,15,11,15,1970,0.5556385362210605,0.10306198655713218,0.5259026687598116,0.16797488226059654,309,0.808522114347357,0.7022653721682848,6.86084142394822,0.3551779935275081,2320,0.5189228529839883,0.017467248908296942,0.5336134453781513,0.03571428571428571,4895,0.5313925774599936,0.6179775280898876,4.21511746680286,0.3875042560435818,1405,0.17777777777777778,0.12666666666666668,0.22113502935420742,0.18786692759295498,2575,0.6627508090614886,0.6124271844660194,4.695533980582525,0.37650485436893216,12.92,12.94,12.26,12.16,-3,1,-3
511,1205740888,1,12,13,12,13,1975,0.5548098434004475,0.10365398956002983,0.528125,0.1671875,310,0.8091397849462365,0.7032258064516129,6.861290322580645,0.3548387096774194,2325,0.5188953488372093,0.01744186046511628,0.5329842931937173,0.0356020942408377,4906,0.5315260225574131,0.6178149205055035,4.214023644516918,0.387654572632151,1411,0.17679558011049723,0.12596685082872927,0.220703125,0.1875,2575,0.6627508090614886,0.6124271844660194,4.695533980582525,0.37650485436893216,12.94,12.96,12.28,12.22,-1,0,-1
512,1205740889,1,11,11,12,12,1976,0.5551415797317437,0.10357675111773472,0.528125,0.1671875,311,0.8097534833869239,0.7041800643086816,6.858520900321543,0.3545016077170418,2328,0.5188679245283019,0.01741654571843251,0.5324267782426778,0.03556485355648536,4918,0.5313474312050973,0.617934119560797,4.2159414396095976,0.38762369526907947,1411,0.17679558011049723,0.12596685082872927,0.220703125,0.1875,2581,0.6631473589048172,0.6121658271987601,4.695079426578846,0.3763076327005038,12.92,12.92,12.28,12.22,0,-1,-1
513,1205740890,1,14,14,12,11,1978,0.5551415797317437,0.10357675111773472,0.5264797507788161,0.16822429906542055,312,0.8087606837606837,0.7051282051282052,6.858974358974359,0.35496794871794873,2335,0.5191612436731743,0.01735357917570499,0.5323590814196242,0.03549060542797495,4927,0.531188688180773,0.6178201745484068,4.216155875786483,0.38752452472769083,1413,0.17770419426048564,0.12582781456953643,0.2202729044834308,0.18908382066276802,2587,0.663348795258343,0.611905682257441,4.695013529184384,0.37611132586006973,12.92,12.94,12.26,12.2,0,2,3
514,1205740891,1,14,12,11,14,1985,0.5563798219584569,0.10311572700296735,0.5256609642301711,0.16951788491446346,314,0.8089171974522292,0.7038216560509554,6.856687898089172,0.35668789808917195,2336,0.5187861271676301,0.017341040462427744,0.5323590814196242,0.03549060542797495,4933,0.5311507534292862,0.6178795864585445,4.215892965740928,0.3875599702682613,1414,0.17750826901874311,0.12679162072767364,0.2202729044834308,0.18908382066276802,2593,0.6629708188713201,0.6120323949093713,4.695719244118782,0.37620516775935225,12.94,12.94,12.26,12.22,2,3,0
515,1205740892,1,13,13,13,12,1989,0.5558845299777943,0.10362694300518134,0.5263975155279503,0.16925465838509315,314,0.8089171974522292,0.7038216560509554,6.856687898089172,0.35668789808917195,2340,0.5191059841384282,0.017303532804614274,0.5318039624608968,0.035453597497393116,4942,0.5313975448536359,0.6177660866046135,4.216309186564144,0.38752866585727763,1420,0.1778265642151482,0.12843029637760703,0.21941747572815534,0.1883495145631068,2597,0.6630406879733025,0.6122448979591837,4.695802849441663,0.3763958413554102,12.9,12.94,12.28,12.22,0,0,1
516,1205740893,1,13,13,14,11,1993,0.5568685376661743,0.103397341211226,0.5255813953488372,0.16899224806201552,315,0.8095238095238094,0.7047619047619048,6.857142857142857,0.35634920634920636,2347,0.5176132278936018,0.017253774263120056,0.5311850311850311,0.035343035343035345,4949,0.5317572573583893,0.6177005455647605,4.215599110931501,0.3874351720886373,1421,0.17763157894736842,0.12828947368421054,0.21941747572815534,0.1883495145631068,2602,0.6633038688188573,0.6126056879323597,4.696387394312068,0.37644119907763274,12.88,12.9,12.32,12.16,0,-1,2
517,1205740894,1,14,13,13,12,1997,0.556047197640118,0.10324483775811209,0.5239567233384853,0.16846986089644514,315,0.8095238095238094,0.7047619047619048,6.857142857142857,0.35634920634920636,2354,0.5189964157706093,0.017204301075268817,0.5316062176165803,0.035233160621761656,4957,0.5320422298433196,0.6177123260036312,4.215251159975792,0.3874823481944723,1422,0.1774370208105148,0.12814895947426067,0.21941747572815534,0.1883495145631068,2607,0.6639496228103823,0.6121979286536249,4.6965861143076335,0.37629459148446504,12.9,12.88,12.34,12.16,1,1,2
518,1205740895,1,14,12,12,10,1999,0.5563743551952837,0.10316875460574797,0.5246913580246914,0.16820987654320987,315,0.8095238095238094,0.7047619047619048,6.857142857142857,0.35634920634920636,2359,0.5189421015010722,0.017869907076483203,0.5320910973084886,0.035196687370600416,4968,0.5323067632850246,0.6179549114331723,4.2159822866344605,0.38747987117552324,1424,0.1772428884026258,0.12800875273522977,0.2189922480620155,0.187984496124031,2613,0.6641472126546752,0.6111748947569843,4.697282816685802,0.3763872942977422,12.94,12.88,12.34,12.12,2,2,4
519,1205740896,1,14,14,14,12,2003,0.5573529411764706,0.10294117647058823,0.5238828967642527,0.1694915254237288,315,0.8095238095238094,0.7047619047619048,6.857142857142857,0.35634920634920636,2369,0.5188612099644128,0.017793594306049824,0.5329896907216495,0.03505154639175258,4977,0.532248342374925,0.6184448462929476,4.216395418927065,0.3874321880650993,1425,0.17704918032786884,0.12786885245901639,0.2189922480620155,0.187984496124031,2618,0.6634517443340973,0.6111535523300229,4.696715049656226,0.3767188693659283,13.02,12.92,12.42,12.12,0,0,2
520,1205740897,1,12,11,13,12,2005,0.5569434239529758,0.10286554004408523,0.5246153846153846,0.16923076923076924,317,0.8107255520504731,0.7003154574132492,6.854889589905363,0.3556782334384858,2371,0.519203413940256,0.017780938833570414,0.5324407826982492,0.035015447991761074,4986,0.5323238400855733,0.6187324508624148,4.217208182912154,0.38743481748896896,1426,0.17685589519650655,0.1277292576419214,0.2189922480620155,0.187984496124031,2628,0.6635908168442415,0.610730593607306,4.697869101978691,0.3764269406392695,12.98,12.88,12.46,12.1,1,-1,0
521,1205740898,1,12,15,13,10,2010,0.5571847507331378,0.10263929618768329,0.5260736196319018,0.1687116564417178,317,0.8107255520504731,0.7003154574132492,6.854889589905363,0.3556782334384858,2376,0.5191761363636364,0.01775568181818182,0.5328542094455853,0.03593429158110883,4996,0.5320256204963975,0.6184947958366693,4.2171737389911925,0.3875266880170802,1430,0.17647058823529413,0.12854030501089325,0.21814671814671815,0.1891891891891892,2632,0.6635321681864235,0.6109422492401215,4.697568389057751,0.3763297872340427,12.94,12.92,12.48,12.06,-3,-1,2
522,1205740899,1,14,13,12,13,2015,0.5570175438596491,0.1023391812865497,0.5267993874425727,0.16845329249617153,317,0.8107255520504731,0.7003154574132492,6.854889589905363,0.3556782334384858,2380,0.5188076650106459,0.017743080198722498,0.5332650972364381,0.03582395087001024,5005,0.532667332667333,0.6187812187812188,4.215784215784216,0.3874791874791873,1433,0.1769815418023887,0.1281216069489685,0.21814671814671815,0.1891891891891892,2636,0.6629046535154274,0.6111532625189682,4.697647951441578,0.37623292867981806,12.96,12.88,12.48,12.06,1,2,1
523,1205740900,1,12,13,13,10,2019,0.5575801749271136,0.10276967930029154,0.5267993874425727,0.16845329249617153,319,0.8087774294670846,0.7021943573667712,6.852664576802508,0.3550156739811912,2383,0.518781006378455,0.01771793054571226,0.532719836400818,0.03578732106339468,5015,0.5330009970089734,0.6189431704885344,4.216350947158524,0.3874044533067463,1434,0.1769815418023887,0.1281216069489685,0.21772639691714837,0.18882466281310212,2641,0.6627855610248643,0.6111321469140477,4.697841726618705,0.37627792502839846,12.92,12.9,12.52,12.02,-1,-1,2
524,1205740901,1,13,12,12,12,2023,0.5574963609898108,0.10262008733624454,0.5251908396946565,0.16793893129770993,320,0.809375,0.7,6.853125,0.35546875,2387,0.5187544232130219,0.017692852087756547,0.5336734693877551,0.03571428571428571,5027,0.5330548372123869,0.6194549433061468,4.2162323453351895,0.38757376831775064,1440,0.17583603020496225,0.12944983818770225,0.21772639691714837,0.18882466281310212,2643,0.6626623786101652,0.6114264093832765,4.69731365872115,0.3762769580022703,12.92,12.88,12.5,12.0,1,1,1
525,1205740902,1,10,16,13,13,2026,0.5566860465116279,0.10319767441860465,0.5259146341463414,0.1676829268292683,320,0.809375,0.7,6.853125,0.35546875,2391,0.5183875530410184,0.01768033946251768,0.5340793489318413,0.03560528992878942,5036,0.5329957638337309,0.619340746624305,4.216838760921366,0.3875761186126554,1440,0.17583603020496225,0.12944983818770225,0.21772639691714837,0.18882466281310212,2651,0.6621715076071922,0.6114673708034704,4.696341003394945,0.3762102351313971,12.88,12.98,12.52,12.08,-6,-3,-3
526,1205740903,1,13,13,12,11,2032,0.556118754525706,0.10282404055032585,0.5266362252663622,0.167427701674277,320,0.809375,0.7,6.853125,0.35546875,2394,0.5187279151943462,0.0176678445229682,0.534010152284264,0.03553299492385787,5048,0.5331154252509249,0.6196513470681458,4.216323296354992,0.3875627311146327,1443,0.17526881720430107,0.13010752688172042,0.21772639691714837,0.18882466281310212,2655,0.6626804770872566,0.6112994350282486,4.696421845574388,0.37630257376020104,12.88,12.96,12.52,12.06,0,1,2
527,1205740904,1,12,13,11,10,2034,0.5560375994215474,0.10267534345625452,0.5266362252663622,0.167427701674277,320,0.809375,0.7,6.853125,0.35546875,2400,0.5186751233262861,0.017618040873854827,0.5339412360688957,0.0364741641337386,5057,0.5330564893546903,0.6199327664623294,4.216333794739964,0.3874826972513346,1444,0.17508055853920515,0.12996777658431793,0.21772639691714837,0.18882466281310212,2663,0.6625672800100137,0.6117161096507698,4.695456252346977,0.3762047815746653,12.84,12.96,12.44,12.04,-1,1,2
528,1205740905,1,12,13,11,13,2036,0.555956678700361,0.10252707581227437,0.5266362252663622,0.167427701674277,321,0.8099688473520249,0.7009345794392523,6.853582554517134,0.35514018691588783,2409,0.5189340813464236,0.01753155680224404,0.5338725985844287,0.03640040444893832,5067,0.5332872837313339,0.6200907835010855,4.216498914545095,0.38731004539175035,1446,0.17470525187566988,0.12968917470525188,0.21772639691714837,0.18882466281310212,2667,0.6625109361329833,0.6119235095613048,4.694413198350206,0.37610923634545695,12.84,12.96,12.46,12.08,-1,1,-1
529,1205740906,1,14,13,13,14,2039,0.5562770562770563,0.10245310245310245,0.5250379362670713,0.1669195751138088,322,0.8105590062111802,0.7018633540372671,6.854037267080745,0.3548136645962733,2416,0.5202797202797202,0.017482517482517484,0.5332661290322581,0.036290322580645164,5075,0.5334318555008214,0.6202955665024631,4.216551724137931,0.3873234811165844,1451,0.17484008528784648,0.12899786780383796,0.21772639691714837,0.18882466281310212,2670,0.6625156054931335,0.6116104868913858,4.693632958801498,0.3759675405742823,12.88,12.94,12.5,12.1,1,1,0
530,1205740907,1,12,13,13,13,2042,0.5572354211663066,0.10223182145428365,0.5250379362670713,0.1669195751138088,322,0.8105590062111802,0.7018633540372671,6.854037267080745,0.3548136645962733,2421,0.5202231520223152,0.017433751743375175,0.5337361530715005,0.03625377643504532,5084,0.5335693679517445,0.6201809598741149,4.216168371361133,0.3874082087595068,1451,0.17484008528784648,0.12899786780383796,0.21772639691714837,0.18882466281310212,2677,0.6628377537043955,0.6111318640268958,4.69331341053418,0.3760117046445027,12.86,12.96,12.5,12.18,-1,-1,-1
531,1205740908,1,13,14,13,14,2048,0.5563531945441493,0.10265613783201723,0.5249621785173979,0.16792738275340394,322,0.8105590062111802,0.7018633540372671,6.854037267080745,0.3548136645962733,2426,0.5198329853862212,0.017397355601948505,0.5346733668341709,0.036180904522613064,5095,0.5334641805691859,0.6204121687929343,4.215897939156036,0.38740595354923113,1453,0.17553191489361702,0.12872340425531914,0.21772639691714837,0.18882466281310212,2680,0.6625932835820895,0.610820895522388,4.692910447761194,0.3762437810945275,12.86,13.0,12.48,12.16,-1,0,-1
532,1205740909,1,12,13,14,12,2051,0.5565902578796562,0.10243553008595989,0.5249621785173979,0.16792738275340394,323,0.8111455108359134,0.6996904024767802,6.854489164086687,0.3560371517027864,2433,0.5194174757281553,0.017337031900138695,0.5336008024072216,0.03610832497492478,5103,0.5332157554379781,0.620615324319028,4.215559474818734,0.3874354954601867,1455,0.17553191489361702,0.12872340425531914,0.21880998080614203,0.19001919385796545,2686,0.662416232315711,0.610945644080417,4.693224125093075,0.37605485232067526,12.78,12.94,12.5,12.2,-1,-2,0
533,1205740910,1,14,15,12,13,2055,0.5561115082201572,0.10221586847748391,0.525679758308157,0.16767371601208458,323,0.8111455108359134,0.6996904024767802,6.854489164086687,0.3560371517027864,2435,0.5200831024930748,0.01731301939058172,0.5336008024072216,0.03610832497492478,5114,0.5332094902880984,0.620453656628862,4.21607352366054,0.38753096076130866,1458,0.1751592356687898,0.12951167728237792,0.21839080459770116,0.1896551724137931,2692,0.6631686478454679,0.6110698365527489,4.692793462109956,0.3759596334819219,12.8,12.98,12.5,12.2,-1,2,1
534,1205740911,1,14,15,11,12,2055,0.5561115082201572,0.10221586847748391,0.525679758308157,0.16767371601208458,324,0.8117283950617284,0.7006172839506173,6.854938271604938,0.3557098765432099,2444,0.5189786059351277,0.01725327812284334,0.5344655344655345,0.03596403596403597,5123,0.5333138135207239,0.6205348428655085,4.215498731212181,0.3875821458780661,1460,0.17497348886532343,0.12937433722163308,0.2179732313575526,0.18929254302103252,2697,0.6630515387467556,0.6110493140526511,4.693362995921394,0.37581881102459536,12.78,13.0,12.46,12.18,-1,3,2
535,1205740912,1,13,11,11,13,2058,0.5556348074179743,0.10199714693295292,0.525679758308157,0.16767371601208458,324,0.8117283950617284,0.7006172839506173,6.854938271604938,0.3557098765432099,2449,0.5192837465564738,0.01721763085399449,0.5333998005982054,0.03589232303090728,5132,0.5333528189140041,0.6204208885424786,4.216095089633671,0.38758443751623783,1463,0.17566137566137566,0.13015873015873017,0.21755725190839695,0.18893129770992367,2704,0.6634923570019723,0.6105769230769231,4.693417159763314,0.3759245562130179,12.76,12.96,12.44,12.18,2,2,0
536,1205740913,1,15,15,12,11,2060,0.5552387740555952,0.10192444761225944,0.5248868778280543,0.167420814479638,325,0.8123076923076923,0.6984615384615385,6.855384615384615,0.35615384615384615,2453,0.5195876288659794,0.01718213058419244,0.5328685258964143,0.035856573705179286,5141,0.5335862024249501,0.6203073332036568,4.216300330674966,0.3875867211307786,1464,0.17566137566137566,0.13015873015873017,0.21904761904761905,0.18857142857142858,2711,0.663377597442518,0.6108447067502767,4.6931021763187015,0.37606049428255267,12.8,13.06,12.44,12.2,0,3,4
537,1205740914,1,13,13,12,12,2064,0.5547652916073968,0.10241820768136557,0.5256024096385542,0.16716867469879518,325,0.8123076923076923,0.6984615384615385,6.855384615384615,0.35615384615384615,2457,0.5195607412491421,0.017158544955387784,0.532803180914513,0.03578528827037773,5149,0.5336311257849424,0.6207030491357545,4.216158477374248,0.3875671651453355,1467,0.17616033755274263,0.12974683544303797,0.21904761904761905,0.18857142857142858,2717,0.6624647282542018,0.611336032388664,4.693043798306956,0.37615016562384995,12.8,13.04,12.42,12.18,0,1,1
538,1205740915,1,13,13,12,13,2069,0.5539007092198581,0.10425531914893617,0.5263157894736842,0.16691729323308271,326,0.8128834355828221,0.6993865030674846,6.855828220858895,0.3558282208588957,2460,0.518848526387937,0.017135023989033583,0.5332671300893744,0.03574975173783516,5159,0.5338566905731089,0.6206629191703819,4.215545648381469,0.3876881824643017,1471,0.17560462670872765,0.12933753943217666,0.22053231939163498,0.188212927756654,2720,0.6624693627450979,0.6113970588235295,4.6933823529411764,0.3761029411764707,12.82,13.06,12.4,12.22,0,1,0
539,1205740916,1,12,12,12,14,2072,0.553508150248051,0.1041814316087881,0.527736131934033,0.1664167916041979,326,0.8128834355828221,0.6993865030674846,6.855828220858895,0.3558282208588957,2462,0.518848526387937,0.017135023989033583,0.5322101090188305,0.036669970267591674,5170,0.5338813668600907,0.6206963249516441,4.215473887814313,0.387830431979368,1478,0.1755485893416928,0.12852664576802508,0.22011385199240988,0.18785578747628084,2722,0.6623499877541023,0.6116825863335783,4.693240264511389,0.37601028655400454,12.82,13.02,12.38,12.24,0,0,-2
540,1205740917,1,15,14,13,13,2077,0.553041018387553,0.10396039603960396,0.5276532137518685,0.16591928251121077,327,0.8134556574923547,0.7003058103975535,6.856269113149847,0.3555045871559633,2468,0.5181134654818865,0.0177717019822283,0.533135509396637,0.036597428288822946,5176,0.5340030911901086,0.6207496136012365,4.215030911901082,0.38786385883565155,1480,0.1762252346193952,0.12825860271115747,0.22011385199240988,0.18785578747628084,2727,0.661868964674245,0.6112944627796113,4.693802713604693,0.3760542720938762,12.86,13.04,12.38,12.26,1,2,2
541,1205740918,1,13,12,14,11,2082,0.5521861777150917,0.10437235543018336,0.5268656716417911,0.16567164179104477,327,0.8134556574923547,0.7003058103975535,6.856269113149847,0.3555045871559633,2471,0.5180887372013652,0.018430034129692834,0.532608695652174,0.036561264822134384,5187,0.5341237709658767,0.6211683053788317,4.214767688451899,0.3878124799177429,1488,0.17512953367875647,0.12849740932642487,0.21928166351606806,0.1890359168241966,2729,0.6618724807621837,0.6115793330890436,4.6940271161597655,0.3761451080982046,12.9,13.06,12.4,12.28,1,-1,2
542,1205740919,1,13,13,11,14,2089,0.5519662921348315,0.10393258426966293,0.5275707898658718,0.16542473919523099,328,0.8140243902439024,0.698170731707317,6.8567073170731705,0.3559451219512195,2475,0.5184174624829468,0.018417462482946793,0.5310344827586206,0.0374384236453202,5196,0.5338080574801133,0.6214395688991532,4.213625866050808,0.38791057223505243,1493,0.17458677685950413,0.128099173553719,0.22033898305084745,0.18832391713747645,2732,0.661877745241581,0.6120058565153733,4.6943631039531475,0.3760065885797952,12.84,13.02,12.36,12.3,0,2,-1
543,1205740920,1,15,13,14,14,2094,0.5515066573230554,0.10371408549404344,0.5274888558692422,0.1649331352154532,329,0.8145896656534954,0.6990881458966566,6.857142857142857,0.3556231003039514,2477,0.5183923705722071,0.018392370572207085,0.5310344827586206,0.0374384236453202,5207,0.5335445874143785,0.6214710966007297,4.213174572690609,0.3878112796875999,1496,0.17404737384140062,0.12873326467559218,0.22033898305084745,0.18832391713747645,2737,0.6615820241139933,0.6123492875411034,4.693825356229448,0.3759590792838876,12.88,13.02,12.4,12.36,2,1,1
544,1205740921,1,15,10,13,12,2098,0.5518207282913166,0.10364145658263306,0.5266272189349113,0.16568047337278108,330,0.8151515151515152,0.7,6.857575757575757,0.3553030303030303,2486,0.5190217391304348,0.018342391304347828,0.5323529411764706,0.03725490196078431,5212,0.5332246098746487,0.6210667689946278,4.2122026093630085,0.38791890509081595,1499,0.1747173689619733,0.12846865364850976,0.2199248120300752,0.18984962406015038,2741,0.662075884713608,0.6118205034658883,4.693907333090113,0.3760488872674208,12.94,12.98,12.42,12.36,5,2,3
545,1205740922,1,13,13,13,13,2101,0.5524475524475524,0.1034965034965035,0.5258493353028065,0.16691285081240767,330,0.8151515151515152,0.7,6.857575757575757,0.3553030303030303,2490,0.518970189701897,0.018970189701897018,0.5323529411764706,0.03725490196078431,5220,0.532982120051086,0.621455938697318,4.213218390804598,0.3877554278416346,1501,0.1753846153846154,0.1282051282051282,0.2199248120300752,0.18984962406015038,2751,0.6614867320974189,0.6114140312613595,4.693929480189023,0.3758633224282081,12.92,12.94,12.44,12.38,0,0,0
546,1205740923,1,12,12,11,11,2105,0.5526866713189114,0.10327983251919051,0.5250737463126843,0.16666666666666666,331,0.8157099697885196,0.6978851963746223,6.854984894259819,0.3549848942598187,2492,0.5189445196211097,0.018944519621109608,0.5323529411764706,0.03725490196078431,5230,0.5329190567240284,0.6210325047801147,4.2139579349904395,0.38768323773103874,1505,0.17484662576687116,0.1278118609406953,0.21951219512195122,0.1894934333958724,2759,0.6613205267609035,0.6110909749909388,4.693729612178325,0.37577020659659316,12.88,12.92,12.44,12.34,0,1,1
547,1205740924,1,16,15,14,14,2112,0.5532359081419624,0.10299234516353514,0.5227606461086637,0.17033773861967694,331,0.8157099697885196,0.6978851963746223,6.854984894259819,0.3549848942598187,2497,0.5192437542201216,0.018906144496961513,0.5322896281800391,0.03718199608610567,5238,0.5327733231513304,0.6208476517754868,4.213822069492172,0.38771159475626815,1509,0.17617107942973523,0.12830957230142567,0.21951219512195122,0.1894934333958724,2762,0.6613263335747042,0.61151339608979,4.693700217233888,0.37581462708182495,13.0,12.98,12.52,12.4,1,2,2
548,1205740925,1,14,13,12,11,2116,0.5544760582928522,0.10270645385149202,0.5227606461086637,0.17033773861967694,331,0.8157099697885196,0.6978851963746223,6.854984894259819,0.3549848942598187,2498,0.5188933873144399,0.018893387314439947,0.5322896281800391,0.03718199608610567,5250,0.5328571428571433,0.6209523809523809,4.213904761904762,0.3878253968253967,1512,0.17784552845528456,0.12804878048780488,0.21910112359550563,0.1891385767790262,2767,0.6610348150825199,0.6118539934947597,4.693530899891579,0.37585833032164817,13.0,12.96,12.48,12.38,1,2,3
549,1205740926,1,14,14,11,13,2122,0.5532503457814661,0.10235131396957123,0.5219941348973607,0.17008797653958943,332,0.8162650602409639,0.6957831325301205,6.855421686746988,0.35542168674698793,2505,0.5191661062542031,0.01882985877605918,0.5322265625,0.037109375,5259,0.5329593712366107,0.6210306141852063,4.2135386955695,0.3879856753501932,1513,0.17784552845528456,0.12804878048780488,0.21869158878504674,0.18878504672897195,2771,0.6607422109948271,0.6124142908697221,4.693973294839408,0.37594731143991356,13.06,13.02,12.4,12.38,0,3,1
550,1205740927,1,14,12,13,12,2125,0.5531767955801105,0.10220994475138122,0.5226939970717424,0.1698389458272328,333,0.8153153153153153,0.6966966966966966,6.8558558558558556,0.35585585585585583,2514,0.5187667560321716,0.01876675603217158,0.5321011673151751,0.03696498054474708,5267,0.5328776659705087,0.62084678184925,4.213404214923107,0.38804506043921255,1514,0.17868020304568527,0.12791878172588833,0.21869158878504674,0.18878504672897195,2776,0.6604526897214215,0.6120317002881844,4.693804034582133,0.37590057636887625,13.06,13.02,12.38,12.4,2,1,2
551,1205740928,1,15,15,13,12,2127,0.5531767955801105,0.10220994475138122,0.5226277372262774,0.16934306569343066,334,0.8158682634730539,0.6946107784431138,6.8562874251497,0.3562874251497006,2518,0.5183946488294314,0.018729096989966554,0.532555879494655,0.0369290573372206,5277,0.5330996146800586,0.6213757816941444,4.213378813719917,0.3878782136314824,1515,0.17849898580121704,0.12778904665314403,0.21869158878504674,0.18878504672897195,2782,0.6599269110951351,0.6117900790797987,4.692667145938174,0.37598849748382474,13.14,13.1,12.4,12.42,0,2,3
552,1205740929,1,14,12,10,12,2131,0.5527222605099931,0.10268780151619572,0.521865889212828,0.16909620991253643,334,0.8158682634730539,0.6946107784431138,6.8562874251497,0.3562874251497006,2520,0.518048128342246,0.01871657754010695,0.5330097087378641,0.036893203883495145,5287,0.5332261521972138,0.6211462076792131,4.213353508606015,0.3878538553685138,1519,0.17795753286147623,0.12740141557128412,0.22014925373134328,0.1884328358208955,2788,0.6594033955045431,0.6115494978479197,4.692252510760402,0.3760760401721666,13.22,13.08,12.36,12.44,2,4,2
553,1205740930,1,12,13,11,10,2134,0.5522696011004127,0.10247592847317744,0.521865889212828,0.16909620991253643,335,0.8149253731343283,0.6955223880597015,6.853731343283582,0.3567164179104478,2528,0.5183211192538307,0.018654230512991338,0.5324298160696999,0.036786060019361085,5296,0.5335473313192352,0.6214123867069486,4.213557401812689,0.3878084088620341,1523,0.1774193548387097,0.12701612903225806,0.21973929236499068,0.18808193668528864,2791,0.6597694971933594,0.6116087423862415,4.6936581870297385,0.3759405231099966,13.2,13.08,12.32,12.34,-1,1,2
554,1205740931,1,12,11,12,13,2138,0.5521262002743484,0.10356652949245541,0.521865889212828,0.16909620991253643,336,0.8154761904761905,0.6934523809523809,6.854166666666667,0.35639880952380953,2533,0.519281914893617,0.018617021276595744,0.5323671497584541,0.03671497584541063,5307,0.5335720118083039,0.621631807047296,4.213491614848314,0.38771119904528595,1527,0.17688442211055277,0.12763819095477386,0.2211895910780669,0.18773234200743494,2796,0.660377920839294,0.6112303290414879,4.693490701001431,0.3758941344778256,13.14,13.0,12.32,12.34,1,0,-1
555,1205740932,1,13,12,13,12,2141,0.5527397260273973,0.10342465753424658,0.5211062590975255,0.16885007278020378,336,0.8154761904761905,0.6934523809523809,6.854166666666667,0.35639880952380953,2536,0.5192563081009296,0.01859229747675963,0.5328185328185329,0.03667953667953668,5317,0.5332267569431388,0.6217791987963137,4.213654316343803,0.3876402733370947,1528,0.17771084337349397,0.12751004016064257,0.2211895910780669,0.18773234200743494,2802,0.6598560551986674,0.6102783725910065,4.693433261955746,0.3757137758743756,13.14,12.98,12.32,12.32,1,0,1
556,1205740933,1,11,13,11,12,2144,0.5522898154477102,0.1038961038961039,0.5211062590975255,0.16885007278020378,336,0.8154761904761905,0.6934523809523809,6.854166666666667,0.35639880952380953,2541,0.5202120609675281,0.01855533465871438,0.5317919075144508,0.03757225433526012,5327,0.5333521056254307,0.6217383142481697,4.213628684062324,0.3875226831862836,1530,0.17735470941883769,0.12725450901803606,0.2211895910780669,0.18773234200743494,2809,0.6592796962145483,0.6098255606977572,4.69312922748309,0.375489498042008,13.1,13.0,12.34,12.3,-2,0,-1
557,1205740934,1,13,14,13,13,2149,0.5521472392638037,0.10429447852760736,0.5203488372093024,0.17005813953488372,337,0.8160237388724035,0.6943620178041543,6.85459940652819,0.35682492581602376,2548,0.5191545574636723,0.018494055482166448,0.5317307692307692,0.0375,5336,0.5333895552223893,0.6221889055472264,4.212893553223388,0.38754060469765106,1533,0.17882117882117882,0.12687312687312688,0.2211895910780669,0.18773234200743494,2812,0.6594653864390705,0.6098862019914651,4.693100995732575,0.3755334281650073,13.12,13.04,12.32,12.28,-1,0,0
558,1205740935,1,13,14,11,11,2153,0.552076242341729,0.10415248468345814,0.5202898550724637,0.17101449275362318,337,0.8160237388724035,0.6943620178041543,6.85459940652819,0.35682492581602376,2555,0.5187623436471362,0.018433179723502304,0.5326295585412668,0.03742802303262956,5345,0.5336607421265985,0.6222637979420018,4.212722170252572,0.38758964764577475,1534,0.17864271457085829,0.12674650698602793,0.2211895910780669,0.18773234200743494,2818,0.6593032883841966,0.609652235628105,4.692689850958127,0.37570972320794904,13.14,13.06,12.3,12.24,-1,2,2
559,1205740936,1,13,14,12,12,2159,0.5526137135098439,0.10386965376782077,0.5216763005780347,0.17052023121387283,337,0.8160237388724035,0.6943620178041543,6.85459940652819,0.35682492581602376,2562,0.5193696651346028,0.018384766907419567,0.5330143540669856,0.03732057416267943,5352,0.5333364474339816,0.6218236173393124,4.212630792227205,0.3877366716492276,1534,0.17864271457085829,0.12674650698602793,0.2211895910780669,0.18773234200743494,2825,0.6596165191740411,0.6099115044247788,4.693805309734513,0.3758112094395282,13.12,13.1,12.28,12.24,-1,1,1
560,1205740937,1,12,11,11,13,2166,0.5520974289580515,0.10419485791610285,0.5230547550432276,0.17002881844380405,338,0.8165680473372781,0.6952662721893491,6.855029585798817,0.3572485207100592,2564,0.5186885245901639,0.018360655737704918,0.5330143540669856,0.03732057416267943,5365,0.533442062752408,0.6219944082013048,4.21192917054986,0.3876825100963031,1536,0.17828685258964144,0.12749003984063745,0.2211895910780669,0.18773234200743494,2829,0.6595675739366087,0.6097560975609756,4.693884764934606,0.3758984328973726,13.12,13.02,12.28,12.2,1,1,-1
561,1205740938,1,14,14,15,11,2167,0.5524002704530088,0.10412440838404327,0.5230547550432276,0.17002881844380405,338,0.8165680473372781,0.6952662721893491,6.855029585798817,0.3572485207100592,2569,0.518324607329843,0.01832460732984293,0.5329512893982808,0.03724928366762178,5375,0.5337519379844966,0.6223255813953489,4.212279069767442,0.38770542635658906,1541,0.1775793650793651,0.12797619047619047,0.22263450834879406,0.18738404452690166,2834,0.6596389084921193,0.6100917431192661,4.693719124911786,0.375764525993884,13.16,13.04,12.34,12.16,0,-1,3
562,1205740939,1,13,13,11,12,2172,0.5523295070898042,0.10465901417960838,0.5222381635581061,0.17216642754662842,339,0.8171091445427728,0.696165191740413,6.855457227138643,0.35693215339233036,2570,0.5186396337475474,0.01831262262916939,0.5329512893982808,0.03724928366762178,5386,0.5333426166604782,0.6223542517638322,4.2116598588934275,0.387517019433098,1543,0.17722772277227722,0.12772277227722773,0.22263450834879406,0.18738404452690166,2841,0.6596562243341545,0.6099964801126364,4.693769799366421,0.37580664085415955,13.2,13.08,12.32,12.16,0,2,1
563,1205740940,1,14,15,11,15,2175,0.5526315789473685,0.10458839406207827,0.5221745350500715,0.17310443490701002,340,0.8176470588235294,0.6970588235294117,6.855882352941176,0.3573529411764706,2575,0.5179621162638798,0.018288700195950358,0.5333333333333333,0.037142857142857144,5396,0.5331881640721526,0.6223128243143069,4.21182357301705,0.3874474919693599,1547,0.17751479289940827,0.12721893491124261,0.22263450834879406,0.18738404452690166,2843,0.6598956501348339,0.6102708406612734,4.693281744635948,0.3757181381170127,13.2,13.1,12.3,12.24,-1,3,-1
564,1205740941,1,14,14,15,12,2180,0.5531628532974427,0.10430686406460296,0.5228571428571429,0.17285714285714285,340,0.8176470588235294,0.6970588235294117,6.855882352941176,0.3573529411764706,2582,0.5185667752442997,0.018241042345276872,0.533713200379867,0.037037037037037035,5404,0.5335091290402175,0.6226868985936344,4.211509992598075,0.3875215889464593,1550,0.17797443461160276,0.12684365781710916,0.22263450834879406,0.18738404452690166,2847,0.6603734925652732,0.6101159114857745,4.693010186160871,0.37571712914178684,13.2,13.14,12.38,12.2,0,-1,2
565,1205740942,1,17,14,14,13,2183,0.553763440860215,0.10416666666666667,0.5221112696148359,0.17261055634807418,340,0.8176470588235294,0.6970588235294117,6.855882352941176,0.3573529411764706,2587,0.5188556566970091,0.018205461638491547,0.533649289099526,0.03696682464454976,5413,0.5336689451320898,0.6227600221688527,4.212266765194901,0.38766241763655385,1552,0.1787819253438114,0.12671905697445973,0.22407407407407406,0.18703703703703703,2854,0.6601553375379582,0.6103714085494043,4.6927119831815,0.37584676477458556,13.28,13.16,12.4,12.22,3,3,4
566,1205740943,1,13,15,14,13,2185,0.553763440860215,0.10416666666666667,0.5234708392603129,0.1721194879089616,341,0.8181818181818182,0.6950146627565983,6.8563049853372435,0.35703812316715544,2588,0.5191682910981157,0.018193632228719947,0.533649289099526,0.03696682464454976,5425,0.5335944700460834,0.6223041474654378,4.212165898617512,0.38781874039938546,1554,0.1787819253438114,0.12671905697445973,0.22324723247232472,0.1863468634686347,2862,0.6604064756580478,0.6097134870719776,4.6921733053808525,0.3760773351968323,13.28,13.2,12.4,12.26,-2,-1,0
567,1205740944,1,13,13,13,13,2193,0.5522088353413654,0.10508701472556894,0.524822695035461,0.17163120567375886,342,0.8187134502923976,0.695906432748538,6.856725146198831,0.3567251461988304,2595,0.5191186001296176,0.01814646791963707,0.5340264650283554,0.036862003780718335,5434,0.5339068825910935,0.6221935958778064,4.21163047478837,0.3877745061955587,1555,0.1786064769381747,0.12659470068694798,0.22324723247232472,0.1863468634686347,2864,0.6604690409683425,0.609986033519553,4.692039106145251,0.3761056797020486,13.26,13.2,12.4,12.28,0,0,0
568,1205740945,1,13,13,14,11,2200,0.5527369826435247,0.1048064085447263,0.5240112994350282,0.17231638418079095,342,0.8187134502923976,0.695906432748538,6.856725146198831,0.3567251461988304,2601,0.5197411003236246,0.018122977346278317,0.5338983050847458,0.03672316384180791,5442,0.533581403895627,0.6221977214259463,4.212054391767732,0.38772510106578456,1557,0.1784313725490196,0.1264705882352941,0.22467771639042358,0.1860036832412523,2869,0.6607122109910536,0.6096200766817707,4.693621470895782,0.3761473219472524,13.24,13.22,12.44,12.3,0,-1,2
569,1205740946,1,14,14,13,13,2202,0.5533333333333333,0.10466666666666667,0.5240112994350282,0.17231638418079095,343,0.8192419825072886,0.6938775510204082,6.857142857142857,0.35714285714285715,2609,0.5203357004519045,0.018076178179470628,0.5337711069418386,0.036585365853658534,5449,0.5334465039456785,0.6226830611121307,4.212149018168471,0.38773169388878687,1559,0.1780821917808219,0.12622309197651663,0.22467771639042358,0.1860036832412523,2876,0.6606687528975427,0.6091794158553546,4.692976356050069,0.37636184515530846,13.24,13.22,12.42,12.32,0,1,1
570,1205740947,1,15,15,13,12,2206,0.5532623169107856,0.10452729693741677,0.523943661971831,0.17183098591549295,343,0.8192419825072886,0.6938775510204082,6.857142857142857,0.35714285714285715,2614,0.520618556701031,0.01804123711340206,0.5337078651685393,0.03651685393258427,5456,0.533586876832845,0.6226173020527859,4.212060117302053,0.3876924486803518,1559,0.1780821917808219,0.12622309197651663,0.22467771639042358,0.1860036832412523,2883,0.6604520753844373,0.6097814776274714,4.69233437391606,0.3761995606428491,13.3,13.3,12.42,12.32,0,2,3
571,1205740948,1,13,13,13,13,2210,0.5534883720930233,0.10431893687707641,0.5246132208157525,0.17158931082981715,343,0.8192419825072886,0.6938775510204082,6.857142857142857,0.35714285714285715,2618,0.5209003215434084,0.0180064308681672,0.5332086061739943,0.03648269410664172,5469,0.5338727372462977,0.6229658072773816,4.211921740720424,0.3875479978058145,1560,0.17790811339198437,0.12609970674486803,0.22467771639042358,0.1860036832412523,2888,0.6604051246537395,0.6101108033240997,4.69286703601108,0.37632733148661146,13.32,13.26,12.42,12.38,0,0,0
572,1205740949,1,12,11,11,12,2211,0.5537848605577689,0.10424966799468792,0.5246132208157525,0.17158931082981715,343,0.8192419825072886,0.6938775510204082,6.857142857142857,0.35714285714285715,2623,0.521181001283697,0.01797175866495507,0.5331465919701214,0.036414565826330535,5481,0.5335249042145598,0.6234263820470717,4.212734902390075,0.38765736179529275,1563,0.1775609756097561,0.12585365853658537,0.22426470588235295,0.1875,2896,0.6597893646408838,0.6104972375690608,4.692334254143646,0.37606468692449374,13.28,13.22,12.4,12.36,1,1,0
573,1205740950,1,14,14,13,13,2213,0.5537848605577689,0.10424966799468792,0.5259467040673211,0.17110799438990182,344,0.8197674418604651,0.6918604651162791,6.857558139534884,0.35828488372093026,2629,0.5208199871877002,0.017937219730941704,0.5344506517690876,0.036312849162011177,5488,0.5337554664723037,0.6229956268221575,4.212645772594752,0.38766399416909614,1565,0.1775609756097561,0.12585365853658537,0.2271062271062271,0.18681318681318682,2901,0.6598586694243362,0.610134436401241,4.692175112030334,0.3760197633000117,13.32,13.24,12.4,12.42,0,1,1
574,1205740951,1,10,12,11,11,2218,0.5526141628060887,0.10522832561217736,0.5259467040673211,0.17110799438990182,345,0.8202898550724638,0.6898550724637681,6.857971014492754,0.358695652173913,2630,0.5211267605633803,0.01792573623559539,0.5344506517690876,0.036312849162011177,5499,0.5333242407710497,0.6228405164575377,4.212038552464084,0.3878583984966963,1572,0.17784256559766765,0.12536443148688048,0.22768670309653916,0.18579234972677597,2905,0.6592943201376935,0.6099827882960414,4.693975903614458,0.3761331038439474,13.26,13.24,12.38,12.4,-2,-1,-1
575,1205740952,1,11,13,13,12,2223,0.5521796565389696,0.10501981505944517,0.5272727272727272,0.17062937062937064,347,0.8213256484149856,0.69164265129683,6.855907780979827,0.3595100864553314,2632,0.5217391304347826,0.017902813299232736,0.5344506517690876,0.036312849162011177,5511,0.5334331337325353,0.6223915804754128,4.212665577935039,0.3878303998064477,1574,0.17766990291262136,0.12524271844660195,0.22727272727272727,0.18545454545454546,2910,0.6592497136311568,0.6099656357388317,4.6948453608247425,0.3762600229095076,13.28,13.18,12.38,12.38,-2,-2,-1
576,1205740953,1,13,12,14,12,2226,0.5524060646011866,0.10481212920237311,0.5272727272727272,0.17062937062937064,347,0.8213256484149856,0.69164265129683,6.855907780979827,0.3595100864553314,2637,0.5226547543075941,0.017868538608806637,0.5343866171003717,0.0362453531598513,5522,0.5332759869612463,0.6218761318362912,4.2122419413256065,0.38782747796692013,1577,0.17749757516973813,0.1251212415130941,0.22826086956521738,0.18659420289855072,2916,0.6594364426154549,0.6104252400548696,4.694444444444445,0.3763431641518063,13.28,13.16,12.42,12.4,1,-1,1
577,1205740954,1,14,13,12,12,2230,0.5529257067718606,0.10453648915187377,0.5272727272727272,0.17062937062937064,347,0.8213256484149856,0.69164265129683,6.855907780979827,0.3595100864553314,2642,0.5235668789808917,0.017834394904458598,0.5343228200371057,0.036178107606679034,5530,0.5332278481012662,0.6215189873417721,4.212296564195299,0.3876280892103676,1577,0.17749757516973813,0.1251212415130941,0.22826086956521738,0.18659420289855072,2923,0.6593397194663015,0.6106739651043448,4.693807731782416,0.37638271182575,13.32,13.16,12.44,12.44,1,2,2
578,1205740955,1,12,12,14,12,2231,0.5525624178712221,0.10446780551905388,0.5272727272727272,0.17062937062937064,347,0.8213256484149856,0.69164265129683,6.855907780979827,0.3595100864553314,2646,0.5238397965670692,0.017800381436745075,0.5338276181649676,0.03614457831325301,5538,0.5327284218129292,0.6213434452871073,4.213795594077284,0.38756470446611285,1578,0.17829457364341086,0.125,0.22826086956521738,0.18659420289855072,2934,0.6595944103612814,0.6104294478527608,4.693933197000682,0.3763349238809363,13.32,13.14,12.5,12.42,0,-2,0
579,1205740956,1,13,13,13,11,2237,0.5521311475409836,0.10426229508196722,0.5292479108635098,0.16991643454038996,347,0.8213256484149856,0.69164265129683,6.855907780979827,0.3595100864553314,2650,0.5244444444444445,0.017777777777777778,0.5328399629972248,0.03700277520814061,5547,0.5329457364341089,0.6215972597800613,4.212907878132324,0.3874917372754041,1582,0.17971014492753623,0.1246376811594203,0.22784810126582278,0.18625678119349007,2937,0.6597718760640108,0.6104868913857678,4.693564862104188,0.37629099988650566,13.3,13.14,12.5,12.36,0,0,2
580,1205740957,1,10,11,10,11,2239,0.5524246395806028,0.10419397116644823,0.5285118219749653,0.17107093184979139,350,0.8214285714285714,0.6942857142857143,6.851428571428571,0.35928571428571426,2656,0.5231158961367954,0.01773274224192527,0.5337026777469991,0.03693444136657433,5556,0.5329823614110876,0.6214902807775378,4.214182865370771,0.3874490040796736,1584,0.17936354869816779,0.12439729990356799,0.22784810126582278,0.18625678119349007,2941,0.6598945936756204,0.6099965997959877,4.69364161849711,0.37628924402130814,13.26,13.1,12.44,12.32,-1,0,-1
581,1205740958,1,13,14,13,12,2244,0.5522875816993464,0.10392156862745099,0.5291666666666667,0.17083333333333334,351,0.8219373219373219,0.6951566951566952,6.851851851851852,0.3596866096866097,2661,0.5230574857864814,0.017687934301958308,0.533210332103321,0.03690036900369004,5565,0.5332584606169516,0.6217430368373764,4.213836477987422,0.3874064091045223,1586,0.1791907514450867,0.12427745664739884,0.2292418772563177,0.18592057761732853,2947,0.6602477095351204,0.6104513064133017,4.695622667119104,0.3761169550955776,13.26,13.1,12.44,12.28,-1,0,1
582,1205740959,1,13,13,13,13,2250,0.5525114155251142,0.10371819960861056,0.5297372060857538,0.17012448132780084,351,0.8219373219373219,0.6951566951566952,6.851851851851852,0.3596866096866097,2664,0.5236593059936908,0.017665615141955835,0.5327188940092166,0.03686635944700461,5577,0.5328282828282833,0.6214810830195445,4.214093598708983,0.3873797143027912,1586,0.1791907514450867,0.12427745664739884,0.2292418772563177,0.18592057761732853,2952,0.6603150406504064,0.6107723577235772,4.69579945799458,0.37607271906052414,13.28,13.1,12.42,12.3,0,0,0
583,1205740960,1,13,14,12,12,2254,0.552734375,0.10416666666666667,0.5303867403314917,0.16988950276243095,351,0.8219373219373219,0.6951566951566952,6.851851851851852,0.3596866096866097,2671,0.5226415094339623,0.01761006289308176,0.5335786568537259,0.03679852805887764,5587,0.5328590179583561,0.621263647753714,4.213710399140862,0.38731280949823993,1587,0.17901828681424448,0.12415784408084697,0.2292418772563177,0.18592057761732853,2956,0.6602672530446548,0.6109607577807848,4.6955345060893094,0.37615584122688334,13.26,13.08,12.42,12.28,-1,1,1
584,1205740961,1,12,13,13,14,2260,0.5532467532467532,0.10454545454545454,0.5303030303030303,0.16942148760330578,351,0.8219373219373219,0.6951566951566952,6.851851851851852,0.3596866096866097,2674,0.5226130653266332,0.017587939698492462,0.5330882352941176,0.03676470588235294,5600,0.5326041666666671,0.6210714285714286,4.213571428571429,0.3873065476190476,1591,0.1785028790786948,0.1238003838771593,0.22882882882882882,0.1873873873873874,2959,0.6602737411287596,0.611355187563366,4.695843190266982,0.37611242536893114,13.22,13.04,12.46,12.32,-1,-1,-2
585,1205740962,1,13,13,13,12,2263,0.5538261997405967,0.10440985732814527,0.5295735900962861,0.16918844566712518,351,0.8219373219373219,0.6951566951566952,6.851851851851852,0.3596866096866097,2679,0.5225846925972396,0.01756587202007528,0.5334555453712191,0.03666361136571952,5610,0.5325460487225198,0.620855614973262,4.214081996434937,0.38728461081402255,1593,0.17833173537871524,0.12464046021093,0.2302158273381295,0.18705035971223022,2965,0.6600618324901628,0.6107925801011804,4.695446880269815,0.37633501967397437,13.22,13.08,12.5,12.3,0,0,1
586,1205740963,1,15,14,14,12,2267,0.5544041450777202,0.10427461139896373,0.5294924554183813,0.16872427983539096,351,0.8219373219373219,0.6951566951566952,6.851851851851852,0.3596866096866097,2685,0.5216030056355667,0.017532874139010644,0.5347349177330896,0.03656307129798903,5618,0.5328557019105261,0.620683517265931,4.213955144179423,0.387311617420197,1596,0.17894736842105263,0.12440191387559808,0.22980251346499103,0.1867145421903052,2969,0.6603514090041539,0.6113169417312226,4.69518356348939,0.3762770854384194,13.22,13.06,12.54,12.32,1,1,3
587,1205740964,1,13,12,13,11,2273,0.5555555555555556,0.10400516795865633,0.5294117647058824,0.16963064295485636,351,0.8219373219373219,0.6951566951566952,6.851851851851852,0.3596866096866097,2691,0.521875,0.0175,0.5341841385597083,0.03646308113035551,5628,0.5331526889362714,0.6208244491826581,4.213752665245202,0.3872009002606017,1598,0.17877629063097514,0.124282982791587,0.22939068100358423,0.1863799283154122,2974,0.6604180676978254,0.6106254203093476,4.695359784801614,0.3762329074198612,13.22,13.04,12.56,12.3,1,0,2
588,1205740965,1,14,14,14,13,2277,0.5557704706640877,0.1038039974210187,0.5300546448087432,0.16939890710382513,352,0.8224431818181818,0.6960227272727273,6.8522727272727275,0.3600852272727273,2694,0.521223470661673,0.017478152309612985,0.5346083788706739,0.03642987249544627,5636,0.5329281996687962,0.6208303761533002,4.213449254790632,0.3871392240359593,1600,0.17860553963705827,0.12416427889207259,0.22898032200357782,0.18604651162790697,2981,0.6608800178910879,0.6105333780610533,4.695404226769541,0.3759364866375938,13.24,13.06,12.6,12.3,0,0,1
589,1205740966,1,12,13,13,13,2281,0.5556270096463023,0.10353697749196142,0.5300546448087432,0.16939890710382513,353,0.8201133144475921,0.6968838526912181,6.852691218130311,0.3597733711048159,2698,0.5208722741433022,0.017445482866043614,0.535031847133758,0.036396724294813464,5646,0.5328403589561936,0.6207934821112292,4.2127169677647895,0.3872358011571614,1606,0.17887725975261656,0.12464319695528069,0.2281639928698752,0.18538324420677363,2983,0.6611073863001451,0.6104592691920885,4.695943680858196,0.3758520505084369,13.24,13.08,12.62,12.28,-1,-1,-1
590,1205740967,1,14,13,12,11,2285,0.5554842847979474,0.10391276459268763,0.5300546448087432,0.16939890710382513,354,0.8206214689265536,0.6949152542372882,6.853107344632768,0.3594632768361582,2703,0.5217391304347826,0.017391304347826087,0.535031847133758,0.036396724294813464,5654,0.53270545926188,0.6207994340290061,4.212239122744959,0.38708583893408793,1607,0.17887725975261656,0.12464319695528069,0.2277580071174377,0.18505338078291814,2990,0.6611761426978816,0.611371237458194,4.695652173913044,0.37589186176142714,13.22,13.06,12.6,12.24,1,2,3
591,1205740968,1,13,14,14,12,2289,0.5556978233034571,0.10371318822023047,0.5306957708049114,0.16916780354706684,354,0.8206214689265536,0.6949152542372882,6.853107344632768,0.3594632768361582,2708,0.521712158808933,0.017369727047146403,0.5353901996370236,0.036297640653357534,5663,0.532624050856437,0.6208723291541586,4.213137912767085,0.3870445582435693,1608,0.17887725975261656,0.12464319695528069,0.22735346358792186,0.1847246891651865,2997,0.6614670225781335,0.6116116116116116,4.6956956956956954,0.37601490379268177,13.22,13.1,12.6,12.26,-1,-1,1
592,1205740969,1,13,12,12,13,2297,0.5564773452456924,0.10338225909380983,0.532608695652174,0.16847826086956522,354,0.8206214689265536,0.6949152542372882,6.853107344632768,0.3594632768361582,2714,0.5210396039603961,0.017326732673267328,0.5353260869565217,0.036231884057971016,5672,0.5330130465444293,0.6205923836389281,4.2124471086036674,0.387091560883874,1610,0.17887725975261656,0.12464319695528069,0.22831858407079647,0.18584070796460178,2999,0.6616927864843835,0.6118706235411804,4.6958986328776255,0.37593086584417046,13.22,13.08,12.62,12.24,1,1,0
593,1205740970,1,13,14,11,12,2304,0.5563335455124124,0.10439210693825589,0.5331529093369418,0.16914749661705006,355,0.8211267605633803,0.6957746478873239,6.853521126760564,0.3598591549295775,2717,0.5213358070500927,0.017316017316017316,0.5343580470162749,0.03616636528028933,5684,0.5328260614590669,0.6203377902885292,4.2114707952146375,0.3871539995308468,1612,0.1794871794871795,0.12440645773979107,0.22831858407079647,0.18584070796460178,3001,0.6615850272131509,0.611462845718094,4.696101299566811,0.3760968566033546,13.18,13.1,12.56,12.2,-1,2,1
594,1205740971,1,13,13,13,12,2307,0.5559796437659033,0.10432569974554708,0.5344129554655871,0.16869095816464239,355,0.8211267605633803,0.6957746478873239,6.853521126760564,0.3598591549295775,2720,0.5213094502779494,0.017294626312538603,0.5338753387533876,0.036133694670280034,5694,0.5331781992740903,0.6197752019669828,4.211977520196698,0.3872790071420208,1614,0.1791469194312796,0.12417061611374408,0.22831858407079647,0.18584070796460178,3008,0.6609319592198579,0.6117021276595744,4.6974734042553195,0.3763851950354612,13.14,13.16,12.56,12.2,0,0,1
595,1205740972,1,12,13,14,11,2311,0.5552030456852792,0.10469543147208121,0.5344129554655871,0.16869095816464239,356,0.8188202247191011,0.6966292134831461,6.853932584269663,0.3595505617977528,2725,0.5203452527743526,0.01726263871763255,0.5347159603246168,0.03606853020739405,5706,0.5335465591774745,0.6202243252716438,4.211882229232387,0.38731160182264285,1617,0.17880794701986755,0.1239356669820246,0.22791519434628976,0.1872791519434629,3011,0.6609376729768623,0.6117568913982065,4.696778478910661,0.37625927155983635,13.12,13.16,12.58,12.16,-1,-2,1
596,1205740973,1,12,13,11,13,2313,0.5551330798479087,0.10456273764258556,0.5344129554655871,0.16869095816464239,357,0.819327731092437,0.6974789915966386,6.8543417366946775,0.3592436974789916,2731,0.5193846153846153,0.01723076923076923,0.5359712230215827,0.03597122302158273,5714,0.5334120872710307,0.6204060203010151,4.2114105705285265,0.3873818690934547,1621,0.17847025495750707,0.12370160528800755,0.2306338028169014,0.18661971830985916,3017,0.6599547011379956,0.6115346370566788,4.696055684454756,0.3765053585239202,13.12,13.18,12.58,12.2,-1,1,-1
597,1205740974,1,15,16,12,11,2316,0.5550632911392405,0.10506329113924051,0.5350404312668463,0.16846361185983827,358,0.8189013035381751,0.6983240223463687,6.854748603351955,0.36033519553072624,2735,0.519041769041769,0.0171990171990172,0.5363881401617251,0.03593890386343217,5722,0.5330740999650477,0.6198881509961552,4.211289758825585,0.38736455784690665,1621,0.17847025495750707,0.12370160528800755,0.2306338028169014,0.18661971830985916,3024,0.659584435626102,0.611441798941799,4.696097883597884,0.3764605379188714,13.1,13.2,12.54,12.14,-1,3,4
598,1205740975,1,12,11,12,13,2319,0.5547122074636306,0.10499683744465528,0.5349462365591398,0.16801075268817203,358,0.8189013035381751,0.6983240223463687,6.854748603351955,0.36033519553072624,2740,0.51931330472103,0.017167381974248927,0.5354260089686098,0.03587443946188341,5730,0.5331151832460739,0.6200698080279232,4.21151832460733,0.38726003490401395,1622,0.17847025495750707,0.12370160528800755,0.23022847100175747,0.18629173989455183,3033,0.6599351577096382,0.6109462578305308,4.694691724365315,0.3764149906583143,13.06,13.16,12.54,12.18,1,0,-1
599,1205740976,1,13,13,12,12,2325,0.5539432176656152,0.10473186119873817,0.5361930294906166,0.1675603217158177,359,0.819405756731662,0.6963788300835655,6.855153203342619,0.36002785515320335,2745,0.5204892966360857,0.01712538226299694,0.5349462365591398,0.035842293906810034,5739,0.5331794156937916,0.6199686356508103,4.211360864262066,0.3873497124934658,1625,0.17813383600377003,0.1234684260131951,0.22982456140350876,0.18596491228070175,3037,0.6598342662715396,0.6111294040171221,4.694764570299638,0.3764954450664034,13.04,13.14,12.56,12.16,0,1,1
600,1205740977,1,12,12,10,12,2329,0.552896725440806,0.10453400503778337,0.536813922356091,0.16733601070950468,360,0.8171296296296297,0.6972222222222222,6.855555555555555,0.3597222222222222,2754,0.5207317073170732,0.01707317073170732,0.5348214285714286,0.03571428571428571,5748,0.5328665042913483,0.6200417536534447,4.211377870563674,0.3874246114590582,1626,0.17796610169491525,0.12335216572504708,0.22982456140350876,0.18596491228070175,3041,0.6597884467828562,0.6113120683985531,4.694179546201907,0.3764934780225805,13.0,13.14,12.5,12.16,0,2,0
601,1205740978,1,14,15,14,12,2334,0.553391959798995,0.10427135678391959,0.5374331550802139,0.16711229946524064,361,0.8176361957525393,0.6980609418282548,6.85595567867036,0.3601108033240997,2762,0.5203647416413374,0.01762917933130699,0.5342831700801425,0.03561887800534283,5755,0.5327975673327546,0.6203301476976543,4.210425716768028,0.3874746597161888,1627,0.17873941674506114,0.12323612417685795,0.22982456140350876,0.18596491228070175,3046,0.6600186036331799,0.6112934996717005,4.694024950755089,0.3766141387612171,12.98,13.14,12.52,12.16,-1,0,2
602,1205740979,1,13,15,13,12,2338,0.5532581453634086,0.10401002506265664,0.5374331550802139,0.16711229946524064,362,0.8181399631675875,0.6988950276243094,6.856353591160221,0.35980662983425415,2769,0.5202907328891581,0.01756511205330103,0.5346975088967971,0.03558718861209965,5765,0.5327984966753403,0.6206418039895923,4.209713790112749,0.3874530211043654,1631,0.17823639774859287,0.12288930581613508,0.23117338003502627,0.18563922942206654,3048,0.6597495625546804,0.6115485564304461,4.693569553805775,0.3766130796150483,12.96,13.2,12.58,12.16,-2,0,1
603,1205740980,1,13,13,12,12,2343,0.553125,0.10375,0.5380507343124166,0.16688918558077437,362,0.8181399631675875,0.6988950276243094,6.856353591160221,0.35980662983425415,2773,0.5199516324062878,0.017533252720677146,0.5351111111111111,0.035555555555555556,5775,0.5329725829725835,0.6209523809523809,4.209350649350649,0.3874025974025974,1634,0.1790065604498594,0.12277413308341144,0.23036649214659685,0.1849912739965096,3053,0.6601430287149249,0.6121847363249263,4.693416311824435,0.3764876078174475,12.98,13.2,12.6,12.2,0,1,1
604,1205740981,1,12,13,12,12,2349,0.552434456928839,0.10362047440699126,0.5405046480743692,0.16600265604249667,363,0.8186409550045914,0.696969696969697,6.856749311294766,0.359504132231405,2778,0.5199034981905911,0.017490952955367914,0.5346358792184724,0.035523978685612786,5784,0.5331229829414482,0.6206777316735823,4.2086791147994465,0.3874913554633472,1637,0.17867165575304023,0.1225444340505145,0.22996515679442509,0.18466898954703834,3058,0.6602081970787004,0.6121648136036625,4.693263570961412,0.3766078046653588,12.98,13.24,12.6,12.18,-1,0,0
605,1205740982,1,12,11,16,11,2355,0.5516811955168119,0.10398505603985056,0.5417218543046357,0.16556291390728478,363,0.8186409550045914,0.696969696969697,6.856749311294766,0.359504132231405,2783,0.5201928872814949,0.017480409885473176,0.5345132743362832,0.035398230088495575,5793,0.5334167673629099,0.6205765579147247,4.208700155359917,0.3873640600725013,1641,0.17850467289719626,0.12242990654205607,0.23050259965337955,0.18370883882149047,3062,0.6604887872849986,0.6116917047681254,4.693990855649902,0.3765240583496627,12.96,13.22,12.66,12.16,1,-4,1
606,1205740983,1,14,13,13,12,2363,0.5521091811414393,0.10483870967741936,0.5429326287978864,0.16512549537648613,363,0.8186409550045914,0.696969696969697,6.856749311294766,0.359504132231405,2784,0.5198795180722892,0.01746987951807229,0.5345132743362832,0.035398230088495575,5805,0.5335199540625903,0.620671834625323,4.2084409991386735,0.38742463393626186,1644,0.1791044776119403,0.12220149253731344,0.2301038062283737,0.185121107266436,3064,0.6607104003481286,0.6119451697127938,4.693537859007833,0.37644147084421253,13.02,13.22,12.7,12.16,1,1,2
607,1205740984,1,13,10,12,12,2365,0.5521091811414393,0.10483870967741936,0.541501976284585,0.16600790513833993,364,0.8191391941391942,0.6978021978021978,6.857142857142857,0.3592032967032967,2788,0.5201443174984967,0.017438364401683705,0.5340406719717065,0.03536693191865606,5813,0.5331727736682155,0.620505762945123,4.208498193703767,0.3874505418888698,1646,0.1798695246971109,0.12208760484622554,0.229706390328152,0.1848013816925734,3072,0.6609971788194441,0.6119791666666666,4.693359375,0.37660047743055575,13.02,13.14,12.68,12.14,3,1,1
608,1205740985,1,14,12,16,12,2368,0.5523219814241486,0.10464396284829722,0.541501976284585,0.16600790513833993,364,0.8191391941391942,0.6978021978021978,6.857142857142857,0.3592032967032967,2796,0.5188962207558488,0.01739652069586083,0.5348017621145374,0.03524229074889868,5822,0.5332932554677665,0.6205771212641704,4.20834764685675,0.3873668842322226,1649,0.1812267657992565,0.12267657992565056,0.229706390328152,0.1848013816925734,3076,0.6610045513654094,0.6118335500650195,4.693433029908973,0.3768422193324666,13.04,13.1,12.78,12.16,2,-2,2
609,1205740986,1,13,13,13,14,2372,0.551575046324892,0.10438542310067943,0.541501976284585,0.16600790513833993,364,0.8191391941391942,0.6978021978021978,6.857142857142857,0.3592032967032967,2799,0.5191846522781774,0.01738609112709832,0.5338610378188214,0.03518029903254178,5834,0.5331105016569541,0.6210147411724375,4.208090503942406,0.387427151182722,1655,0.18055555555555555,0.12222222222222222,0.2306368330464716,0.18416523235800344,3079,0.661010068203962,0.6115621955180254,4.69373173108152,0.3768810219768325,13.04,13.08,12.8,12.2,0,0,-1
610,1205740987,1,12,13,12,12,2376,0.5520640788662969,0.10412815773259396,0.541501976284585,0.16600790513833993,364,0.8191391941391942,0.6978021978021978,6.857142857142857,0.3592032967032967,2808,0.5203106332138591,0.017323775388291517,0.5324561403508772,0.03508771929824561,5841,0.5327854819380249,0.6212977229926383,4.207841123095361,0.38751926040061635,1657,0.18022181146025879,0.12292051756007394,0.2306368330464716,0.18416523235800344,3084,0.6607490272373537,0.6115434500648509,4.69325551232166,0.3769185041072202,13.04,13.12,12.82,12.18,-1,0,0
611,1205740988,1,12,11,13,12,2377,0.5523399014778325,0.10406403940886699,0.541501976284585,0.16600790513833993,365,0.8196347031963471,0.6986301369863014,6.857534246575343,0.3595890410958904,2813,0.5211687537268933,0.0172927847346452,0.531523642732049,0.03502626970227671,5849,0.5328261241237825,0.6209608480082065,4.207385877927851,0.38750213711745596,1660,0.18005540166204986,0.123730378578024,0.22984562607204118,0.1835334476843911,3091,0.6611937884179874,0.6120996441281139,4.694273697832417,0.37679283942629155,13.0,13.06,12.78,12.2,1,-1,0
612,1205740989,1,13,13,12,11,2379,0.552890528905289,0.1039360393603936,0.541501976284585,0.16600790513833993,365,0.8196347031963471,0.6986301369863014,6.857534246575343,0.3595890410958904,2817,0.5214285714285715,0.017261904761904763,0.531933508311461,0.03499562554680665,5859,0.5329692211412648,0.6212664277180406,4.2072025942993685,0.38756613756613756,1663,0.17972350230414746,0.12350230414746544,0.22945205479452055,0.1832191780821918,3097,0.6610429447852758,0.6118824669034549,4.69422021310946,0.37662791949198166,13.0,13.06,12.8,12.18,0,1,2
613,1205740990,1,12,13,14,12,2382,0.5528255528255528,0.1038083538083538,0.5421052631578948,0.16578947368421051,369,0.8175248419150859,0.6964769647696477,6.853658536585366,0.3597560975609756,2822,0.5210932857991681,0.0172311348781937,0.5318777292576419,0.034934497816593885,5864,0.5327279445202371,0.6210777626193724,4.206173260572988,0.3876904274670304,1668,0.17972350230414746,0.12350230414746544,0.22750424448217318,0.18166383701188454,3103,0.6612149532710277,0.6113438607798904,4.695778279084757,0.37646363734020855,12.96,13.02,12.86,12.12,-1,-2,0
614,1205740991,1,16,13,13,13,2387,0.5535823637477036,0.10349050826699327,0.5421052631578948,0.16578947368421051,369,0.8175248419150859,0.6964769647696477,6.853658536585366,0.3597560975609756,2824,0.5207838479809976,0.0172209026128266,0.5322862129144852,0.034904013961605584,5876,0.532888019060586,0.6208304969366917,4.20575221238938,0.38779214885409574,1670,0.17972350230414746,0.12350230414746544,0.22673434856175972,0.18104906937394247,3108,0.6606338481338478,0.6113256113256114,4.695945945945946,0.3765015015015017,13.0,13.0,12.82,12.14,3,3,3
615,1205740992,1,12,12,13,13,2389,0.5538555691554468,0.10342717258261934,0.5427069645203679,0.16557161629434955,374,0.8163992869875224,0.6871657754010695,6.8449197860962565,0.36163101604278075,2828,0.5213523131672598,0.01720047449584816,0.5322299651567944,0.03484320557491289,5880,0.533035714285715,0.620578231292517,4.20578231292517,0.3877551020408163,1676,0.18031278748850046,0.12327506899724011,0.22521008403361345,0.17983193277310924,3114,0.6609666024405906,0.6120745022479126,4.698458574181117,0.3764986084350248,12.9,12.96,12.8,12.14,0,-1,-1
616,1205740993,1,14,15,11,11,2391,0.5541284403669725,0.10336391437308869,0.5433070866141733,0.16535433070866143,375,0.8155555555555557,0.688,6.8453333333333335,0.362,2837,0.5215848610289769,0.01714961561206387,0.5329861111111112,0.034722222222222224,5886,0.5329454071808818,0.6204553177030241,4.2054026503567785,0.38778457356439006,1679,0.1801470588235294,0.12316176470588236,0.22445561139028475,0.17922948073701842,3121,0.6610861903236139,0.6116629285485421,4.6984940724126885,0.37653529851543327,12.92,12.96,12.74,12.1,-1,3,3
617,1205740994,1,14,14,12,12,2395,0.55440097799511,0.10330073349633252,0.5437908496732026,0.16601307189542483,377,0.8165340406719718,0.6896551724137931,6.846153846153846,0.3620689655172414,2843,0.5206611570247934,0.01770956316410862,0.5341991341991342,0.03463203463203463,5892,0.5332795881421142,0.6203326544467074,4.205532926001358,0.3877715546503734,1683,0.17965169569202566,0.1228230980751604,0.22408026755852842,0.17892976588628762,3127,0.6610968979852891,0.6111288775183882,4.69971218420211,0.37661230146039887,12.94,12.98,12.72,12.08,0,2,2
618,1205740995,1,12,12,11,10,2398,0.5543345543345544,0.10378510378510379,0.5443864229765013,0.16579634464751958,377,0.8165340406719718,0.6896551724137931,6.846153846153846,0.3620689655172414,2850,0.5197407189157337,0.01767825574543312,0.5349439171699741,0.03451251078515962,5901,0.533567756877366,0.6204033214709371,4.205558379935604,0.38773089306897135,1687,0.17990867579908676,0.1232876712328767,0.22408026755852842,0.17892976588628762,3132,0.6613186462324391,0.6107918263090677,4.699233716475096,0.37659642401021726,12.92,12.96,12.66,12.06,0,1,2
619,1205740996,1,12,13,13,12,2400,0.5542682926829269,0.10365853658536585,0.5443864229765013,0.16579634464751958,378,0.8143738977072311,0.6904761904761905,6.8465608465608465,0.36177248677248675,2855,0.5194117647058824,0.01764705882352941,0.5348837209302325,0.034453057708871665,5913,0.5334996335757376,0.6206663284288855,4.204972095383054,0.387676870173065,1693,0.17925386715195632,0.12374886260236578,0.225,0.17833333333333334,3134,0.6612156987874918,0.6107211231652839,4.698787492022974,0.37659540523292934,12.88,12.94,12.66,12.04,-1,-1,0
620,1205740997,1,13,14,12,12,2406,0.5535279805352799,0.10401459854014598,0.5455729166666666,0.16536458333333334,378,0.8143738977072311,0.6904761904761905,6.8465608465608465,0.36177248677248675,2858,0.5193889541715628,0.018213866039952998,0.5344234079173839,0.03442340791738382,5922,0.5337020150849944,0.6203985140155353,4.204322863897332,0.3876787121467973,1696,0.18,0.12363636363636364,0.22591362126245848,0.17940199335548174,3138,0.6611695347355,0.609942638623327,4.698852772466539,0.3766730401529638,12.84,12.92,12.64,12.04,-1,1,1
621,1205740998,1,12,12,14,10,2408,0.5534629404617254,0.10449574726609964,0.5455729166666666,0.16536458333333334,379,0.814863676341249,0.6912928759894459,6.844327176781003,0.36147757255936674,2861,0.5193661971830986,0.018192488262910797,0.5348237317282889,0.034393809114359415,5932,0.5333923353562604,0.6201955495616993,4.205495616992582,0.38774162733198475,1698,0.17983651226158037,0.12352406902815623,0.22553897180762852,0.1791044776119403,3146,0.6610775588048312,0.6093452002542912,4.698029243483789,0.3765893197711381,12.82,12.9,12.66,11.98,0,-2,2
622,1205740999,1,15,15,15,11,2413,0.5533333333333333,0.10484848484848484,0.5461638491547465,0.16514954486345904,380,0.8144736842105265,0.6921052631578948,6.844736842105263,0.3625,2867,0.5193208430913349,0.018149882903981264,0.5339055793991416,0.034334763948497854,5941,0.5337064467261409,0.6202659484935196,4.20535263423666,0.3877854457723167,1700,0.17983651226158037,0.12352406902815623,0.22479338842975208,0.18016528925619835,3149,0.6614004445855824,0.6087646872022865,4.698316926008257,0.37654811051127357,12.88,12.98,12.74,11.96,0,0,4
623,1205741000,1,14,14,12,12,2416,0.5538740920096852,0.10472154963680387,0.5454545454545454,0.16493506493506493,380,0.8144736842105265,0.6921052631578948,6.844736842105263,0.3625,2870,0.5195791934541204,0.018702513150204558,0.5339055793991416,0.034334763948497854,5952,0.5338681675627246,0.6204637096774194,4.204805107526882,0.3879088261648746,1705,0.1802536231884058,0.12318840579710146,0.22405271828665568,0.1812191103789127,3154,0.6619372225745083,0.6093849080532657,4.697844007609385,0.3763474952441346,12.88,12.98,12.72,11.94,0,2,2
624,1205741001,1,12,12,14,11,2420,0.553743961352657,0.10507246376811594,0.5454545454545454,0.16493506493506493,381,0.81496062992126,0.6902887139107612,6.84514435695538,0.36286089238845143,2873,0.5192757009345794,0.019275700934579438,0.5338474721508141,0.03427592116538132,5962,0.533643631890865,0.6202616571620262,4.204797047970479,0.387859219501286,1707,0.1802536231884058,0.12318840579710146,0.2233169129720854,0.18226600985221675,3162,0.6616329327429894,0.6094244149272612,4.697027197975965,0.3764231499051235,12.92,12.98,12.78,11.94,0,-2,1
625,1205741002,1,15,15,11,13,2421,0.5540132770066385,0.10500905250452625,0.5454545454545454,0.16493506493506493,383,0.8133159268929505,0.6892950391644909,6.8433420365535245,0.3629242819843342,2878,0.5192532088681447,0.019253208868144692,0.5333333333333333,0.03418803418803419,5970,0.5334310441094366,0.6199329983249581,4.204355108877722,0.3878838637632608,1709,0.18009049773755656,0.12307692307692308,0.22295081967213115,0.18360655737704917,3170,0.6620136698212405,0.6088328075709779,4.696845425867508,0.3762881177707677,13.0,13.02,12.74,11.96,0,4,2
626,1205741003,1,12,10,11,12,2429,0.5536144578313253,0.10481927710843374,0.5445161290322581,0.1638709677419355,384,0.8138020833333335,0.6901041666666666,6.84375,0.3626302083333333,2880,0.5192532088681447,0.019253208868144692,0.5324232081911263,0.034129692832764506,5982,0.5329460604034331,0.619358074222668,4.203945168839853,0.38794160258553445,1711,0.17976513098464317,0.12285456187895212,0.22295081967213115,0.18360655737704917,3172,0.6622267759562839,0.6090794451450189,4.69672131147541,0.37620849096258946,12.98,12.98,12.68,11.96,2,1,0
627,1205741004,1,12,12,13,12,2431,0.5535499398315282,0.10529482551143202,0.5445161290322581,0.1638709677419355,385,0.8142857142857144,0.6909090909090909,6.8441558441558445,0.36233766233766235,2883,0.5186480186480187,0.019230769230769232,0.5328218243819267,0.03410059676044331,5993,0.5327465376272323,0.6193892875020858,4.205072584682129,0.3878969909338673,1714,0.18034265103697025,0.12263300270513977,0.2225859247135843,0.18330605564648117,3179,0.6619744154346229,0.6083674111355772,4.696759987417427,0.37632379154870516,12.94,12.96,12.7,11.96,0,-1,0
628,1205741005,1,13,14,13,12,2433,0.5534855769230769,0.10516826923076923,0.5445161290322581,0.1638709677419355,385,0.8142857142857144,0.6909090909090909,6.8441558441558445,0.36233766233766235,2889,0.5177428737638162,0.019197207678883072,0.532312925170068,0.034013605442176874,5998,0.5324691563854624,0.6192064021340447,4.2054018006002,0.38786539957763705,1714,0.18034265103697025,0.12263300270513977,0.2225859247135843,0.18330605564648117,3190,0.6619383490073143,0.6075235109717868,4.696238244514107,0.37651515151515164,12.96,13.0,12.68,11.96,-1,0,1
629,1205741006,1,13,13,13,11,2441,0.5533573141486811,0.10491606714628297,0.5468549422336328,0.16302952503209242,385,0.8142857142857144,0.6909090909090909,6.8441558441558445,0.36233766233766235,2890,0.5177428737638162,0.019197207678883072,0.5318606627017842,0.033984706881903144,6009,0.5323819825816837,0.6195706440339491,4.204526543518056,0.3878626504687414,1717,0.18075539568345322,0.1223021582733813,0.2225859247135843,0.18330605564648117,3193,0.6616296064307337,0.607892264328218,4.696523645474476,0.37655287608309856,12.96,13.0,12.68,11.96,0,0,2
630,1205741007,1,13,14,15,11,2443,0.5532934131736527,0.10479041916167664,0.5468549422336328,0.16302952503209242,386,0.8147668393782385,0.6917098445595855,6.844559585492228,0.3626943005181347,2894,0.5180023228803716,0.01916376306620209,0.5314091680814941,0.03395585738539898,6021,0.532483529867686,0.6193323368211261,4.20445108785916,0.3879615789182307,1721,0.18026905829596412,0.12197309417040358,0.2222222222222222,0.184640522875817,3198,0.6611684386074628,0.6078799249530957,4.695434646654159,0.3767979987492184,13.02,13.06,12.78,11.96,-1,-2,2
631,1205741008,1,15,14,12,13,2449,0.5531660692951016,0.10454002389486261,0.5480153649167734,0.16261203585147246,386,0.8147668393782385,0.6917098445595855,6.844559585492228,0.3626943005181347,2897,0.518282066163668,0.019152640742890307,0.5305084745762711,0.03389830508474576,6031,0.5328441938871393,0.6189686619134472,4.204112087547671,0.38809207980987126,1724,0.18010752688172044,0.12186379928315412,0.2247557003257329,0.18403908794788273,3202,0.6615917135123879,0.6080574640849469,4.695502810743285,0.3768738288569645,13.06,13.06,12.76,11.98,1,3,2
632,1205741009,1,15,11,11,9,2450,0.5534328358208955,0.1044776119402985,0.5480153649167734,0.16261203585147246,387,0.8152454780361759,0.6925064599483204,6.844961240310077,0.3624031007751938,2904,0.5182397220613781,0.01910828025477707,0.5308537616229924,0.0338123415046492,6041,0.5326242895767815,0.6191027975500745,4.2037742095679524,0.38798764001545,1727,0.17962466487935658,0.12153708668453976,0.2247557003257329,0.18403908794788273,3207,0.6614956865190726,0.608044901777362,4.694730277517929,0.37683193015279093,13.1,13.02,12.72,11.9,4,4,6
633,1205741010,1,13,14,12,12,2453,0.5539654144305307,0.10435301132975551,0.5473145780051151,0.16240409207161124,387,0.8152454780361759,0.6925064599483204,6.844961240310077,0.3624031007751938,2911,0.5181975736568457,0.019064124783362217,0.5295109612141653,0.03372681281618887,6050,0.5325206611570253,0.619504132231405,4.203636363636364,0.3880578512396694,1729,0.17946428571428572,0.12142857142857143,0.22439024390243903,0.183739837398374,3213,0.6615572154787839,0.6081543728602552,4.694366635543106,0.3768285091814505,13.1,13.02,12.72,11.9,-1,1,1
634,1205741011,1,13,13,12,12,2454,0.5536352800953516,0.10429082240762813,0.5473145780051151,0.16240409207161124,388,0.8157216494845362,0.6932989690721649,6.845360824742268,0.3627577319587629,2918,0.5178777393310265,0.01903114186851211,0.5302521008403361,0.03361344537815126,6058,0.5326427863981518,0.619511389897656,4.203697589963684,0.38819192252668644,1733,0.17882562277580072,0.12277580071174377,0.22439024390243903,0.183739837398374,3220,0.6615165631469977,0.6077639751552795,4.694099378881988,0.3771739130434784,13.12,13.02,12.7,11.86,0,1,1
635,1205741012,1,14,13,13,12,2456,0.5536352800953516,0.10429082240762813,0.548469387755102,0.16198979591836735,389,0.8136246786632392,0.6940874035989717,6.845758354755784,0.36246786632390743,2921,0.5178571428571429,0.019009216589861752,0.5298068849706129,0.033585222502099076,6068,0.5321769940672386,0.6191496374423203,4.204185893210283,0.38817018237749945,1733,0.17882562277580072,0.12277580071174377,0.22439024390243903,0.183739837398374,3227,0.6619925627517815,0.607685156492098,4.69507282305547,0.377285404400372,13.14,13.02,12.7,11.86,1,1,2
636,1205741013,1,10,11,12,9,2458,0.5535714285714286,0.10476190476190476,0.548469387755102,0.16198979591836735,391,0.8145780051150897,0.690537084398977,6.846547314578005,0.3625319693094629,2924,0.5175590097869891,0.018998272884283247,0.528918692372171,0.03352891869237217,6080,0.5321134868421059,0.6195723684210527,4.204276315789474,0.3882675438596491,1737,0.17834960070984915,0.1233362910381544,0.22402597402597402,0.18344155844155843,3227,0.6619925627517815,0.607685156492098,4.69507282305547,0.377285404400372,13.04,12.96,12.66,11.8,-1,-2,1
637,1205741014,1,13,12,11,13,2462,0.553837001784652,0.10469958358120167,0.5489199491740788,0.16264294790343076,392,0.8150510204081635,0.6913265306122449,6.846938775510204,0.3622448979591837,2930,0.5177956371986223,0.01894374282433984,0.5284757118927973,0.03433835845896147,6089,0.5321481359829207,0.6193135161767122,4.203974380029561,0.3883232057809164,1741,0.17964601769911503,0.12300884955752213,0.22366288492706646,0.18314424635332252,3231,0.6622046837924273,0.6081708449396471,4.696688331785825,0.37728257505416296,13.04,12.96,12.62,11.84,1,2,0
638,1205741015,1,13,15,14,13,2466,0.5531788472964944,0.10457516339869281,0.5487959442332065,0.16223067173637515,393,0.8155216284987279,0.6895674300254453,6.847328244274809,0.36259541984732824,2938,0.5174585002862049,0.018889524899828276,0.529657477025898,0.034252297410192145,6095,0.5321985233798201,0.6191960623461854,4.203937653814602,0.3882690730106645,1744,0.1794871794871795,0.1229000884173298,0.2245557350565428,0.1841680129240711,3236,0.6624175937371238,0.6081582200247219,4.696538936959209,0.377317676143387,13.02,12.98,12.62,11.84,-2,-1,0
639,1205741016,1,13,13,13,12,2467,0.5531788472964944,0.10457516339869281,0.549367088607595,0.1620253164556962,393,0.8155216284987279,0.6895674300254453,6.847328244274809,0.36259541984732824,2942,0.5174385363064609,0.018867924528301886,0.5296080066722268,0.03419516263552961,6106,0.5323042908614484,0.6193907631837536,4.204061578774976,0.38811551479419154,1747,0.17989417989417988,0.12345679012345678,0.2245557350565428,0.1841680129240711,3241,0.6621670266378687,0.6081456340635606,4.695772909595804,0.3774298056155509,13.04,12.98,12.62,11.82,0,0,1
640,1205741017,1,16,12,13,12,2470,0.5531157270029674,0.10445103857566766,0.549936788874842,0.16182048040455121,394,0.8159898477157362,0.6903553299492385,6.847715736040609,0.3623096446700508,2947,0.5176940639269406,0.018835616438356163,0.5303913405495421,0.03413821815154038,6113,0.5323490920988064,0.6193358416489448,4.203827907737608,0.38808004798516826,1747,0.17989417989417988,0.12345679012345678,0.2245557350565428,0.1841680129240711,3249,0.6627423822714679,0.6078793474915358,4.695290858725762,0.3775007694675286,13.08,12.96,12.64,11.84,4,3,4
641,1205741018,1,12,15,11,13,2475,0.5526627218934911,0.10532544378698225,0.549936788874842,0.16182048040455121,394,0.8159898477157362,0.6903553299492385,6.847715736040609,0.3623096446700508,2950,0.5173987450085568,0.018824871648602397,0.5303408146300914,0.03408146300914381,6125,0.5319047619047624,0.6195918367346939,4.203755102040816,0.3880816326530612,1752,0.18014059753954306,0.12390158172231985,0.22419354838709676,0.18387096774193548,3252,0.6627460024600244,0.6079335793357934,4.695571955719557,0.3775625256252564,13.06,12.98,12.58,11.86,-3,1,-1
642,1205741019,1,13,13,11,12,2476,0.5529272619751626,0.10526315789473684,0.549936788874842,0.16182048040455121,395,0.8164556962025318,0.6911392405063291,6.848101265822785,0.3620253164556962,2953,0.5182232346241458,0.01879271070615034,0.5303408146300914,0.03408146300914381,6136,0.5317660799652331,0.6196219035202086,4.204041720990873,0.3878748370273794,1754,0.17998244073748904,0.1237928007023705,0.22383252818035426,0.18357487922705315,3259,0.6628567045105858,0.6075483277078858,4.694998465787052,0.3775953769049812,13.06,13.0,12.56,11.84,0,2,1
643,1205741020,1,13,12,11,11,2481,0.5531286894923259,0.10566706021251476,0.5510718789407314,0.1614123581336696,395,0.8164556962025318,0.6911392405063291,6.848101265822785,0.3620253164556962,2955,0.518202502844141,0.01877133105802048,0.5303408146300914,0.03408146300914381,6146,0.5317957479119216,0.6197526846729581,4.20370972990563,0.38789456557110313,1758,0.18038528896672504,0.1234676007005254,0.22508038585209003,0.1832797427652733,3263,0.663116763714373,0.6074164878945756,4.6953723567269385,0.3775921953212791,13.06,12.96,12.56,11.82,1,2,2
644,1205741021,1,15,13,14,11,2485,0.5530660377358491,0.10554245283018868,0.5509433962264151,0.16226415094339622,396,0.816919191919192,0.6893939393939394,6.848484848484849,0.36174242424242425,2958,0.5181818181818182,0.01875,0.5299003322259136,0.0340531561461794,6155,0.5315055510425134,0.619821283509342,4.203249390739236,0.3878147847278635,1760,0.18038528896672504,0.1234676007005254,0.22756410256410256,0.18269230769230768,3269,0.6633781992454367,0.6072193331293974,4.695013765677578,0.37781686550423177,13.1,12.96,12.58,11.8,2,1,4
645,1205741022,1,14,14,12,12,2489,0.5532666274278988,0.1053560918187169,0.5515075376884422,0.1620603015075377,397,0.8173803526448364,0.6876574307304786,6.848866498740554,0.3614609571788413,2964,0.518140589569161,0.01870748299319728,0.5306799336650083,0.03399668325041459,6165,0.5317788591511224,0.6199513381995134,4.202757502027575,0.38787510137875103,1763,0.18006993006993008,0.12325174825174826,0.2272,0.1824,3272,0.663381214343928,0.6072738386308069,4.695293398533007,0.37777607986960077,13.14,12.98,12.54,11.82,0,2,2
646,1205741023,1,13,13,12,13,2492,0.5537918871252204,0.10523221634332745,0.5508155583437893,0.16311166875784192,398,0.8178391959798996,0.6884422110552764,6.849246231155779,0.3611809045226131,2966,0.5178470254957507,0.019263456090651557,0.5302402651201326,0.03396851698425849,6176,0.5317762305699488,0.6201424870466321,4.202396373056994,0.3879128886010363,1768,0.1794425087108014,0.12282229965156795,0.22843450479233227,0.18210862619808307,3276,0.6633343508343506,0.6074481074481074,4.694749694749695,0.3776963776963778,13.16,12.98,12.56,11.82,0,1,0
647,1205741024,1,15,15,12,12,2499,0.5542521994134897,0.10498533724340176,0.54875,0.16375,399,0.8157894736842106,0.6892230576441103,6.849624060150376,0.3609022556390977,2973,0.5180790960451978,0.01977401129943503,0.5293631100082713,0.03391232423490488,6184,0.532139391979302,0.6203104786545925,4.202296248382924,0.3878961836998706,1768,0.1794425087108014,0.12282229965156795,0.22843450479233227,0.18210862619808307,3281,0.6633394290358628,0.60774154221274,4.694910088387687,0.37788275932134524,13.16,12.96,12.56,11.84,0,3,3
648,1205741025,1,15,14,12,11,2504,0.5538641686182669,0.1053864168618267,0.5486284289276808,0.1633416458852868,400,0.8162500000000001,0.69,6.85,0.360625,2977,0.5183305132543711,0.019740552735476594,0.5289256198347108,0.033884297520661154,6190,0.5318659127625208,0.6198707592891761,4.201777059773828,0.3879644588045234,1772,0.18071242397914858,0.12250217202432667,0.22966507177033493,0.18181818181818182,3287,0.6634976168745561,0.6078491025250988,4.695466991177366,0.3778014400162257,13.22,13.02,12.56,11.8,1,3,4
649,1205741026,1,11,11,10,10,2506,0.553540081919251,0.1053247513165594,0.547945205479452,0.1643835616438356,400,0.8162500000000001,0.69,6.85,0.360625,2983,0.5177464788732394,0.01971830985915493,0.5296540362438221,0.03377265238879736,6199,0.5315776738183584,0.6192934344249073,4.202129375705759,0.3880061300209711,1775,0.18055555555555555,0.1232638888888889,0.2289348171701113,0.18124006359300476,3293,0.6636552282619697,0.6073489219556635,4.696932887944124,0.37766980463609684,13.18,12.98,12.52,11.76,0,1,1
650,1205741027,1,13,12,12,13,2511,0.55406195207481,0.10520163646990065,0.5483870967741935,0.16501240694789082,400,0.8162500000000001,0.69,6.85,0.360625,2990,0.5179977502812149,0.01968503937007874,0.5287356321839081,0.03366174055829228,6207,0.5318054884270453,0.6191396810053166,4.202674399871113,0.38811019816336395,1777,0.18039895923677363,0.12315698178664354,0.23015873015873015,0.18095238095238095,3299,0.6638122663433362,0.6074568050924523,4.696574719612004,0.3776144286147318,13.2,12.98,12.56,11.78,1,1,0
651,1205741028,1,14,14,13,12,2514,0.5542590431738623,0.10501750291715285,0.5483870967741935,0.16501240694789082,401,0.8167082294264341,0.6907730673316709,6.850374064837905,0.36034912718204487,2996,0.5185185185185185,0.01964085297418631,0.5286885245901639,0.03360655737704918,6216,0.5320007507507513,0.6195302445302445,4.201576576576577,0.3879906692406692,1782,0.18079584775086505,0.12283737024221453,0.22943037974683544,0.18037974683544303,3302,0.6638148596810012,0.6078134463961236,4.696850393700787,0.3776499091459722,13.2,12.96,12.54,11.78,0,1,2
652,1205741029,1,12,12,11,12,2517,0.5544554455445545,0.10483401281304601,0.5483870967741935,0.16501240694789082,402,0.8171641791044778,0.6890547263681592,6.848258706467662,0.36069651741293535,3001,0.5179171332586786,0.01959686450167973,0.5290745290745291,0.03357903357903358,6227,0.5317836304266372,0.6192387987795086,4.202023446282319,0.388228681548097,1782,0.18079584775086505,0.12283737024221453,0.22943037974683544,0.18037974683544303,3310,0.6639728096676736,0.6081570996978852,4.697583081570997,0.37764350453172213,13.18,12.9,12.5,11.78,0,1,0
653,1205741030,1,13,12,12,12,2520,0.5546511627906977,0.10523255813953489,0.5483870967741935,0.16501240694789082,402,0.8171641791044778,0.6890547263681592,6.848258706467662,0.36069651741293535,3006,0.5187255449972051,0.01956400223588597,0.5282093213409649,0.033524121013900246,6235,0.5317428495054803,0.6194065757818765,4.2025661587810745,0.38813151563753007,1783,0.1815038893690579,0.12273120138288678,0.22943037974683544,0.18037974683544303,3320,0.6630271084337348,0.608132530120482,4.696686746987952,0.3774849397590362,13.18,12.88,12.5,11.78,1,1,1
654,1205741031,1,12,12,11,10,2522,0.5545876887340302,0.10569105691056911,0.5483870967741935,0.16501240694789082,403,0.816377171215881,0.6898263027295285,6.84863523573201,0.3610421836228288,3014,0.5195094760312151,0.01950947603121516,0.5277324632952691,0.033442088091353996,6245,0.5317720843341346,0.6190552441953563,4.201921537229784,0.3879903923138511,1787,0.1815038893690579,0.12273120138288678,0.22955974842767296,0.18081761006289307,3323,0.6628297722941117,0.6084863075534156,4.6969605777911525,0.37767077941619026,13.18,12.86,12.48,11.74,0,1,2
655,1205741032,1,13,10,9,12,2527,0.5550405561993047,0.10544611819235226,0.5489467162329615,0.16480793060718713,404,0.816831683168317,0.6905940594059405,6.849009900990099,0.36076732673267325,3020,0.5200222469410456,0.01946607341490545,0.5276872964169381,0.033387622149837134,6255,0.5318012256861183,0.6191846522781774,4.201438848920863,0.38798294697575275,1788,0.18134715025906736,0.1234887737478411,0.22955974842767296,0.18081761006289307,3328,0.662735376602564,0.6084735576923077,4.697115384615385,0.3776292067307693,13.2,12.84,12.34,11.76,3,4,1
656,1205741033,1,14,14,13,12,2528,0.5552982049797336,0.10538506079907353,0.5489467162329615,0.16480793060718713,404,0.816831683168317,0.6905940594059405,6.849009900990099,0.36076732673267325,3024,0.5202665186007773,0.01943364797334814,0.5272579332790887,0.03336045565500407,6264,0.5319151766709244,0.6190932311621967,4.2014687100894,0.38786451681566625,1788,0.18134715025906736,0.1234887737478411,0.22955974842767296,0.18081761006289307,3337,0.6620966936369993,0.608930176805514,4.697632604135451,0.3776595744680852,13.2,12.86,12.34,11.76,0,1,2
657,1205741034,1,13,13,11,12,2532,0.5552342394447658,0.10526315789473684,0.5500618046971569,0.16440049443757726,405,0.8172839506172841,0.6888888888888889,6.849382716049383,0.3611111111111111,3028,0.5202440377149196,0.019412090959511925,0.5264012997562957,0.03330625507717303,6273,0.5316302672830655,0.6188426590148255,4.202295552367288,0.38782613316329245,1792,0.181190681622088,0.12338222605694564,0.22848200312989045,0.17996870109546165,3342,0.6622032714941152,0.6086175942549371,4.697785757031718,0.37784260921603835,13.2,12.92,12.32,11.76,0,2,1
658,1205741035,1,13,13,10,14,2536,0.5556837853433353,0.10559723023658396,0.5500618046971569,0.16440049443757726,405,0.8172839506172841,0.6888888888888889,6.849382716049383,0.3611111111111111,3032,0.5202216066481995,0.019390581717451522,0.5263584752635847,0.0332522303325223,6283,0.531739084301555,0.6188126691071144,4.202928537322935,0.3877261393177357,1794,0.181190681622088,0.12338222605694564,0.22776911076443057,0.1809672386895476,3348,0.6620121465551573,0.6087216248506571,4.6977299880525685,0.3778375149342892,13.18,12.94,12.2,11.8,0,3,-1
659,1205741036,1,13,13,12,12,2539,0.5564516129032258,0.1054147465437788,0.5500618046971569,0.16440049443757726,405,0.8172839506172841,0.6888888888888889,6.849382716049383,0.3611111111111111,3041,0.5204419889502763,0.019337016574585635,0.5270816491511722,0.033144704931285365,6291,0.5313543156890802,0.6186615800349706,4.20346526784295,0.38774969533195575,1796,0.1810344827586207,0.12327586206896551,0.22741433021806853,0.1806853582554517,3354,0.6618713973365136,0.6088252832438878,4.697376267143709,0.3779069767441861,13.18,12.94,12.18,11.76,0,1,1
660,1205741037,1,14,12,14,13,2540,0.5564516129032258,0.1054147465437788,0.5493827160493827,0.16419753086419753,407,0.8157248157248158,0.6904176904176904,6.847665847665848,0.3605651105651106,3051,0.5200880572372042,0.01926252063841497,0.5274193548387097,0.03306451612903226,6293,0.5314238042269194,0.6186238677896075,4.203400603845543,0.38775888553419147,1798,0.181739879414298,0.1231696813092162,0.22706065318818042,0.18040435458786935,3363,0.662181583903261,0.6089800773119238,4.6981861433244125,0.3780107047279216,13.22,12.92,12.22,11.78,2,0,1
661,1205741038,1,14,11,12,12,2544,0.5557471264367816,0.10517241379310345,0.5493827160493827,0.16419753086419753,408,0.8161764705882354,0.6887254901960784,6.848039215686274,0.3602941176470588,3052,0.5203520352035204,0.019251925192519254,0.5274193548387097,0.03306451612903226,6307,0.5314597537128064,0.6188362137307754,4.204217536071032,0.38782305374980186,1799,0.181739879414298,0.1231696813092162,0.22826086956521738,0.18012422360248448,3370,0.6620425321463896,0.6086053412462908,4.697922848664688,0.3782640949554897,13.26,12.92,12.2,11.78,3,2,2
662,1205741039,1,14,14,13,13,2546,0.5556831228473019,0.10505166475315729,0.5493827160493827,0.16419753086419753,411,0.8150851581508517,0.6861313868613139,6.849148418491485,0.36009732360097324,3059,0.5200219418540867,0.019199122325836534,0.5281803542673108,0.033011272141706925,6312,0.5316724757076473,0.618979721166033,4.2046894803548795,0.38783269961977196,1802,0.18158347676419967,0.12392426850258176,0.22755417956656346,0.17956656346749225,3377,0.6622988846115881,0.6085282795380516,4.697660645543381,0.37814628368374303,13.28,12.94,12.22,11.82,0,1,1
663,1205741040,1,12,12,12,11,2549,0.5558739255014327,0.10487106017191977,0.5493827160493827,0.16419753086419753,412,0.8131067961165049,0.6868932038834952,6.849514563106796,0.3598300970873786,3063,0.52,0.019178082191780823,0.5273311897106109,0.03295819935691318,6324,0.5320076955513394,0.6190702087286527,4.205249841872233,0.38778199451823747,1804,0.18142734307824593,0.12381771281169389,0.22720247295208656,0.18083462132921174,3382,0.6620096589789078,0.6082199881726789,4.696629213483146,0.3782032328011039,13.28,12.92,12.18,11.8,0,0,1
664,1205741041,1,14,14,11,11,2551,0.5555555555555556,0.10481099656357389,0.5499383477188656,0.16399506781750925,413,0.8135593220338985,0.6876513317191283,6.849878934624697,0.3595641646489104,3070,0.519672131147541,0.019672131147540985,0.5280898876404494,0.03290529695024077,6332,0.5319409349336708,0.6190777005685407,4.205306380290588,0.38777900610654886,1805,0.18127147766323023,0.12371134020618557,0.22720247295208656,0.18083462132921174,3388,0.662116292798111,0.6083234946871311,4.696576151121605,0.378271349862259,13.24,12.94,12.14,11.76,0,3,3
665,1205741042,1,13,14,12,13,2552,0.5558099599313108,0.10475100171722954,0.5499383477188656,0.16399506781750925,414,0.814009661835749,0.6859903381642513,6.85024154589372,0.35990338164251207,3074,0.519388312397597,0.019661387220098307,0.5292233787029623,0.03282626100880705,6342,0.5321270892462951,0.618889940081993,4.2048249763481556,0.38775885630190277,1810,0.18096054888507718,0.12435677530017153,0.22615384615384615,0.18,3394,0.6618296994696523,0.6078373600471421,4.696228638774308,0.3783392260852485,13.26,12.98,12.12,11.76,-1,1,0
666,1205741043,1,14,14,13,11,2554,0.5560640732265446,0.10469107551487414,0.5504926108374384,0.16379310344827586,415,0.8144578313253014,0.6867469879518072,6.8506024096385545,0.3602409638554217,3082,0.5193460490463215,0.019618528610354225,0.5291300877893057,0.03272146847565842,6352,0.5320765113350132,0.6187027707808564,4.204502518891688,0.3878043660789254,1811,0.18080548414738645,0.12425021422450729,0.22615384615384615,0.18,3399,0.6617877807198195,0.6075316269491027,4.696087084436599,0.3783710895361381,13.26,12.96,12.16,11.76,0,1,3
667,1205741044,1,13,12,10,12,2556,0.5557461406518011,0.10463121783876501,0.5510455104551045,0.16359163591635917,416,0.8149038461538463,0.6875,6.850961538461538,0.3605769230769231,3087,0.5195865070729053,0.01958650707290533,0.5290836653386454,0.03266932270916335,6361,0.5320049258502337,0.6187706335481843,4.204213174029241,0.3877665985432061,1815,0.18034188034188034,0.12393162393162394,0.22580645161290322,0.17972350230414746,3403,0.6620383974924086,0.6074052306788128,4.695856597120188,0.37829366245469687,13.24,12.92,12.12,11.76,1,3,1
668,1205741045,1,14,13,14,13,2561,0.5550484883057616,0.10496292070735881,0.5515970515970516,0.16339066339066338,417,0.8153477218225421,0.6882494004796164,6.851318944844125,0.3609112709832134,3092,0.5192829983704509,0.01955458989679522,0.5298329355608592,0.03261734287987271,6372,0.5322635488595947,0.6192718141870684,4.203703703703703,0.38780341075538827,1817,0.18003412969283278,0.12372013651877133,0.22580645161290322,0.17972350230414746,3405,0.6622369065100342,0.6073421439060206,4.695741556534508,0.37821830641213905,13.28,12.94,12.18,11.82,1,0,1
669,1205741046,1,14,14,14,12,2569,0.5551763367463026,0.10466439135381114,0.5507955936352509,0.16401468788249693,418,0.8157894736842106,0.6866028708133971,6.851674641148326,0.36064593301435405,3093,0.5195439739413681,0.019543973941368076,0.5298329355608592,0.03261734287987271,6383,0.5321296151235058,0.6191446028513238,4.20288265705781,0.3878531516006059,1818,0.17988064791133845,0.12361466325660699,0.22580645161290322,0.17972350230414746,3409,0.6621932140412633,0.6072161924317981,4.695805221472573,0.3782145301652489,13.32,12.96,12.2,11.82,0,0,2
670,1205741047,1,13,12,12,13,2576,0.5549886621315193,0.10487528344671201,0.5513447432762836,0.16381418092909536,418,0.8157894736842106,0.6866028708133971,6.851674641148326,0.36064593301435405,3095,0.5198046663049376,0.019533369506239826,0.5294117647058824,0.03259141494435612,6393,0.5320011470879614,0.6192710777412795,4.202565305803223,0.38783304656134326,1824,0.18011894647408666,0.1231945624468989,0.225114854517611,0.1807044410413476,3413,0.6620519581990428,0.6073835335481981,4.695868737181366,0.37835726145131365,13.32,12.92,12.2,11.84,1,1,0
671,1205741048,1,15,12,14,12,2578,0.5552407932011332,0.1048158640226629,0.5506715506715507,0.16483516483516483,419,0.8162291169451076,0.6873508353221957,6.852028639618139,0.360381861575179,3100,0.519501625135428,0.020043336944745395,0.5301587301587302,0.03253968253968254,6402,0.5316437571592216,0.619337706966573,4.202749140893471,0.3879516817661149,1826,0.179813401187447,0.12298558100084818,0.225114854517611,0.1807044410413476,3419,0.662206298137857,0.6074875694647558,4.69552500731208,0.3782782490006825,13.38,12.92,12.2,11.88,3,1,3
672,1205741049,1,13,13,13,12,2583,0.5542986425339367,0.10463800904977376,0.5505481120584653,0.16443361753958588,420,0.8166666666666668,0.6880952380952381,6.852380952380952,0.3607142857142857,3103,0.5194805194805194,0.02002164502164502,0.5297383029341792,0.03251387787470262,6414,0.5320522814676235,0.6192703461178671,4.203772996570003,0.3878884731316912,1829,0.17950889077053345,0.12277730736663844,0.22477064220183487,0.18042813455657492,3421,0.6619653122868556,0.6074247296112247,4.695995323004969,0.37834941050375137,13.34,12.88,12.16,11.9,0,0,1
673,1205741050,1,14,13,13,12,2584,0.5539853024307518,0.10457885811192764,0.5505481120584653,0.16443361753958588,421,0.8171021377672211,0.6864608076009501,6.852731591448931,0.36045130641330164,3108,0.5186385737439222,0.019989195029713667,0.5304829770387965,0.03246239113222486,6426,0.5320442992011626,0.6193588546529722,4.204014939309057,0.3878255005705987,1832,0.18074324324324326,0.12246621621621621,0.22477064220183487,0.18042813455657492,3424,0.6619694314641744,0.607768691588785,4.695677570093458,0.37838298286604366,13.34,12.86,12.18,11.9,1,1,2
674,1205741051,1,12,15,15,13,2587,0.5539243365330322,0.10446075663466968,0.5498783454987834,0.1654501216545012,422,0.8151658767772513,0.6872037914691943,6.8530805687203795,0.36018957345971564,3113,0.519158121964382,0.019967620075553156,0.5292259083728278,0.03238546603475513,6434,0.5322116879079893,0.6198321417469692,4.203605843953994,0.387887265568335,1839,0.17983193277310924,0.12352941176470589,0.22442748091603054,0.1801526717557252,3428,0.6622180085569817,0.6076429404900817,4.695740956826138,0.37837903539478807,13.34,12.92,12.2,11.94,-3,-3,-1
675,1205741052,1,14,13,9,12,2590,0.5541149943630215,0.10428410372040586,0.5498783454987834,0.1654501216545012,425,0.8129411764705884,0.6894117647058824,6.851764705882353,0.36,3120,0.518578352180937,0.01992460958535272,0.5295508274231678,0.03309692671394799,6438,0.5320363466915197,0.6197576887232059,4.2033240136688415,0.38791809050429754,1843,0.17937971500419111,0.12405699916177704,0.22560975609756098,0.1798780487804878,3434,0.6623713841972432,0.6077460687245195,4.696272568433314,0.37830033003300334,13.32,12.88,12.16,11.92,1,5,2
676,1205741053,1,14,16,15,14,2590,0.5541149943630215,0.10428410372040586,0.5498783454987834,0.1654501216545012,426,0.813380281690141,0.687793427230047,6.852112676056338,0.36032863849765256,3123,0.5188374596340151,0.01991388589881593,0.5295043273013376,0.03304484657749803,6448,0.5320125103391238,0.6192617866004962,4.203629032258065,0.3880531430934658,1849,0.1799163179916318,0.12384937238493723,0.22575757575757577,0.1787878787878788,3438,0.6617461702540236,0.6073298429319371,4.695753344968004,0.378296490207485,13.36,13.0,12.24,11.96,-2,-1,0
677,1205741054,1,12,12,13,12,2594,0.554305008441193,0.10467079347214406,0.5504252733900364,0.1652490886998785,428,0.8119158878504674,0.6869158878504673,6.850467289719626,0.3598130841121495,3127,0.5190962883270576,0.019903173749327596,0.5282574568288854,0.03296703296703297,6458,0.5318080933209461,0.6189222669557138,4.204242799628368,0.38795550738102624,1854,0.17946577629382304,0.12353923205342238,0.22507552870090636,0.1782477341389728,3442,0.6618971528181289,0.6072051133062173,4.6961069145845435,0.3783652914971916,13.36,13.0,12.24,11.96,0,-1,0
678,1205741055,1,12,14,13,12,2600,0.5544332210998878,0.10437710437710437,0.5497572815533981,0.1650485436893204,428,0.8119158878504674,0.6869158878504673,6.850467289719626,0.3598130841121495,3132,0.518796992481203,0.01987110633727175,0.5289968652037618,0.032915360501567396,6466,0.5319749458707089,0.6192390968141045,4.20368079183421,0.38793947829673175,1857,0.1793160967472894,0.12343619683069225,0.22439759036144577,0.17771084337349397,3447,0.6618073687264286,0.6069045546852335,4.695967507977952,0.37861425394062476,13.34,13.0,12.24,11.96,-2,-1,0
679,1205741056,1,13,14,13,13,2600,0.5544332210998878,0.10437710437710437,0.5497572815533981,0.1650485436893204,429,0.8123543123543124,0.6853146853146853,6.8508158508158505,0.36013986013986016,3140,0.5190144617032673,0.01981788966256026,0.5285379202501954,0.033620015637216574,6476,0.5319255713403341,0.6190549722050649,4.203829524397777,0.38803530986205487,1860,0.18,0.12333333333333334,0.22522522522522523,0.17717717717717718,3452,0.6619109694862879,0.6068945538818077,4.69611819235226,0.37857280803399,13.34,13.02,12.24,12.0,-1,0,0
680,1205741057,1,15,12,10,11,2602,0.554122265844083,0.10431856421761077,0.5503030303030303,0.16484848484848486,430,0.8127906976744187,0.686046511627907,6.851162790697674,0.3598837209302326,3144,0.5184590690208668,0.019796682718031033,0.5284933645589384,0.03356752537080406,6486,0.5317221708294795,0.6187172371261178,4.204131976564909,0.38805375680953863,1861,0.17985012489592006,0.12323064113238967,0.22522522522522523,0.17717717717717718,3459,0.6616796762069961,0.6071118820468343,4.695576756287944,0.3786017153319842,13.38,12.98,12.14,12.0,3,5,4
681,1205741058,1,15,13,12,16,2606,0.5537513997760358,0.10470324748040313,0.5508474576271186,0.16464891041162227,431,0.8132250580046405,0.6844547563805105,6.851508120649652,0.36020881670533644,3148,0.5181818181818182,0.019786096256684493,0.528816199376947,0.03426791277258567,6495,0.5317551963048505,0.6186297151655119,4.203541185527329,0.38809340518347457,1864,0.17955112219451372,0.1230257689110557,0.22488755622188905,0.17691154422788605,3462,0.6616839976891968,0.607163489312536,4.696129404968226,0.3786347005584441,13.38,12.96,12.14,12.06,2,3,-1
682,1205741059,1,11,12,13,12,2611,0.553381777529346,0.10452766908887647,0.5507246376811594,0.1642512077294686,432,0.8136574074074076,0.6851851851851852,6.851851851851852,0.3599537037037037,3154,0.5178857447944474,0.019754404698344902,0.5283605283605284,0.03418803418803419,6505,0.5315270304893678,0.6187548039969254,4.203228285933897,0.3881117089418397,1865,0.17940199335548174,0.12375415282392027,0.22488755622188905,0.17691154422788605,3468,0.6616926182237599,0.6069780853517878,4.696078431372549,0.3785563244905806,13.3,12.98,12.18,12.12,-1,-2,-1
683,1205741060,1,14,13,14,12,2615,0.5538805136795086,0.1044109436069235,0.5518072289156627,0.163855421686747,432,0.8136574074074076,0.6851851851851852,6.851851851851852,0.3599537037037037,3157,0.5173333333333333,0.019733333333333332,0.5287267080745341,0.034161490683229816,6518,0.5320778357369342,0.6187480822338141,4.202669530530837,0.38815587603559387,1869,0.17895608947804473,0.12344656172328086,0.2245508982035928,0.17664670658682635,3471,0.6619850187265917,0.6070296744454048,4.696341112071449,0.37858926342072413,13.32,12.96,12.22,12.12,1,0,2
684,1205741061,1,13,11,13,12,2621,0.5543175487465181,0.10417827298050139,0.5516826923076923,0.16346153846153846,432,0.8136574074074076,0.6851851851851852,6.851851851851852,0.3599537037037037,3163,0.5178286322511975,0.019691325172964343,0.5286821705426357,0.034108527131782945,6527,0.5321102088759517,0.6186609468362188,4.203002910985139,0.3881568867779992,1871,0.17880794701986755,0.12334437086092716,0.2242152466367713,0.17638266068759342,3476,0.6621355964710394,0.607307249712313,4.696490218642118,0.3786919831223629,13.32,12.92,12.24,12.12,2,0,1
685,1205741062,1,12,14,12,12,2626,0.5550611790878754,0.10400444938820912,0.5515587529976019,0.1630695443645084,432,0.8136574074074076,0.6851851851851852,6.851851851851852,0.3599537037037037,3170,0.5183218268720128,0.01964949548592671,0.5274555297757154,0.03480278422273782,6534,0.5324584226099384,0.6186103458830732,4.2027854300581575,0.388085399449036,1872,0.17880794701986755,0.12334437086092716,0.22388059701492538,0.17761194029850746,3484,0.6624808649062379,0.6073478760045924,4.696613088404133,0.37882701875239194,13.28,12.94,12.22,12.12,-2,0,0
686,1205741063,1,12,13,11,12,2634,0.5554323725055432,0.10421286031042129,0.5514354066985646,0.16267942583732056,432,0.8136574074074076,0.6851851851851852,6.851851851851852,0.3599537037037037,3172,0.5180467091295117,0.019639065817409766,0.5278207109737248,0.0347758887171561,6543,0.5323883030210409,0.6185236130215498,4.203270670946049,0.3880482958887362,1875,0.17880794701986755,0.12334437086092716,0.22436849925705796,0.17830609212481427,3488,0.662772362385321,0.6072247706422018,4.696674311926605,0.37889430428134563,13.32,12.98,12.2,12.18,-1,1,0
687,1205741064,1,13,13,12,10,2640,0.5547566371681416,0.10453539823008849,0.5525059665871122,0.162291169451074,433,0.8140877598152426,0.6859122401847575,6.852193995381063,0.3596997690531178,3175,0.5177718832891247,0.019628647214854113,0.5285493827160493,0.034722222222222224,6552,0.5322929385429392,0.6184371184371185,4.202075702075702,0.38808760683760696,1883,0.17889530090684255,0.12283594394064304,0.22337278106508876,0.17899408284023668,3491,0.6629666762150289,0.606989401317674,4.696934975651676,0.3790699894968013,13.32,13.0,12.22,12.12,0,1,3
688,1205741065,1,14,14,14,13,2644,0.554696132596685,0.10441988950276243,0.5535714285714286,0.1619047619047619,433,0.8140877598152426,0.6859122401847575,6.852193995381063,0.3596997690531178,3178,0.517478813559322,0.020127118644067795,0.5285493827160493,0.034722222222222224,6562,0.532548511632633,0.6187138067662298,4.20237732398659,0.3879914660164585,1885,0.1787479406919275,0.12273476112026359,0.22451994091580502,0.17872968980797638,3497,0.6626870651034218,0.6068058335716329,4.696597083214184,0.3790630063864265,13.34,12.98,12.22,12.12,0,0,1
689,1205741066,1,15,12,13,12,2651,0.5553719008264463,0.10413223140495868,0.5534441805225653,0.16152019002375298,433,0.8140877598152426,0.6859122401847575,6.852193995381063,0.3596997690531178,3183,0.5174418604651163,0.02061310782241015,0.5289128758673862,0.03469545104086353,6570,0.5325342465753431,0.6187214611872146,4.202130898021309,0.3879756468797566,1886,0.1787479406919275,0.12273476112026359,0.22418879056047197,0.17846607669616518,3502,0.6630258899676373,0.6070816676185037,4.6961736150770985,0.3790215115172283,13.38,12.96,12.22,12.12,3,2,3
690,1205741067,1,14,12,10,11,2651,0.5553719008264463,0.10413223140495868,0.5534441805225653,0.16152019002375298,434,0.8133640552995393,0.6866359447004609,6.852534562211981,0.36002304147465436,3194,0.5173867228661749,0.02054794520547945,0.5291858678955453,0.03533026113671275,6577,0.5326516648928089,0.6186711266534894,4.202067812072373,0.3879428310779992,1887,0.17860082304526748,0.12263374485596708,0.22418879056047197,0.17846607669616518,3508,0.6627470543519572,0.6068985176738882,4.696123147092361,0.3788008361839605,13.34,12.96,12.16,12.1,2,4,3
691,1205741068,1,14,13,14,10,2652,0.5553719008264463,0.10413223140495868,0.5539739027283511,0.16132858837485173,435,0.813793103448276,0.6850574712643678,6.852873563218391,0.3603448275862069,3196,0.5176408636124276,0.020537124802527645,0.5295471987720645,0.035303146584804296,6589,0.5322886629230542,0.6186067688571862,4.203065715586583,0.3878560226640362,1887,0.17860082304526748,0.12263374485596708,0.22418879056047197,0.17846607669616518,3518,0.6625686943339016,0.6074474133030131,4.69613416714042,0.3788610953193103,13.38,12.92,12.22,12.04,1,0,4
692,1205741069,1,15,12,11,13,2655,0.5556167400881057,0.10407488986784141,0.5550295857988166,0.16094674556213018,436,0.8134556574923549,0.6857798165137615,6.853211009174312,0.36123853211009177,3203,0.5181292695743562,0.020493956910141883,0.5290964777947933,0.03522205206738132,6596,0.5324060036385695,0.6185567010309279,4.202395391146149,0.3879371336163333,1891,0.17898193760262726,0.12233169129720854,0.22385861561119294,0.17820324005891017,3522,0.6629519212568614,0.6073253833049403,4.698182850653038,0.3787147454098051,13.42,12.9,12.22,12.06,3,4,2
693,1205741070,1,12,14,12,14,2658,0.5557998900494777,0.10390324354040682,0.5550295857988166,0.16094674556213018,436,0.8134556574923549,0.6857798165137615,6.853211009174312,0.36123853211009177,3209,0.5186156266386995,0.02045097011012061,0.5282874617737003,0.035168195718654434,6605,0.5323618470855419,0.6184708554125662,4.20227100681302,0.38793843048195825,1894,0.17950819672131146,0.1221311475409836,0.2235294117647059,0.17941176470588235,3528,0.6627692743764171,0.6077097505668935,4.697562358276644,0.37863756613756616,13.4,12.94,12.24,12.12,-2,0,-2
694,1205741071,1,13,15,12,12,2663,0.5556774547449259,0.10367526055951728,0.5555555555555556,0.1607565011820331,437,0.8127383676582763,0.6864988558352403,6.853546910755148,0.36155606407322655,3213,0.518848167539267,0.020418848167539267,0.5286478227654698,0.03514132925897632,6615,0.5321617535903257,0.618442932728647,4.201209372637944,0.38794406651549523,1898,0.17906786590351595,0.12183156173344235,0.22466960352422907,0.17914831130690162,3532,0.6627265005662513,0.6075877689694225,4.697904869762175,0.3787042280105701,13.36,12.98,12.2,12.14,-2,1,1
695,1205741072,1,14,14,11,12,2667,0.5556164383561644,0.10356164383561643,0.5554245283018868,0.16037735849056603,438,0.8108828006088282,0.6872146118721462,6.853881278538813,0.3618721461187215,3220,0.5188087774294671,0.02037617554858934,0.5289634146341463,0.0350609756097561,6623,0.5320222457093972,0.6184508530877246,4.201117318435754,0.38804167295787423,1902,0.17929910350448247,0.12143439282803586,0.22466960352422907,0.17914831130690162,3534,0.6625872476891151,0.6075268817204301,4.697509903791738,0.3788436144123751,13.36,12.98,12.18,12.14,0,3,2
696,1205741073,1,15,15,13,13,2671,0.5557986870897156,0.10339168490153172,0.5547703180212014,0.160188457008245,439,0.8090356871678058,0.6879271070615034,6.851936218678816,0.36161731207289294,3225,0.5195618153364632,0.02034428794992175,0.528158295281583,0.0350076103500761,6633,0.5322001105583202,0.6182722749886929,4.201417156641037,0.38798432082014184,1902,0.17929910350448247,0.12143439282803586,0.22466960352422907,0.17914831130690162,3540,0.6628766478342749,0.607909604519774,4.69774011299435,0.37876647834274957,13.4,13.02,12.2,12.14,0,2,2
697,1205741074,1,13,15,12,14,2677,0.5551310043668122,0.10316593886462883,0.5558166862514688,0.1598119858989424,440,0.8094696969696972,0.6863636363636364,6.8522727272727275,0.3619318181818182,3232,0.5190005205622071,0.02030192608016658,0.5292331055429005,0.03492786636294609,6640,0.532090863453816,0.6183734939759036,4.200903614457832,0.38791415662650613,1903,0.17996742671009772,0.12133550488599348,0.22466960352422907,0.17914831130690162,3545,0.6630700517160318,0.607898448519041,4.697602256699577,0.37879642689233667,13.36,13.02,12.2,12.18,-2,1,-1
698,1205741075,1,13,13,11,13,2685,0.5547087642896026,0.10288513881328253,0.5550351288056206,0.1592505854800937,440,0.8094696969696972,0.6863636363636364,6.8522727272727275,0.3619318181818182,3234,0.5192507804370448,0.02029136316337149,0.5288315629742033,0.03490136570561457,6652,0.5322584686309888,0.6181599518941672,4.200841852074564,0.3878783323311286,1905,0.1796747967479675,0.12276422764227642,0.22466960352422907,0.17914831130690162,3549,0.6628158166619704,0.6074950690335306,4.69737954353339,0.37900347515732136,13.32,13.0,12.18,12.22,0,2,0
699,1205741076,1,13,14,12,12,2688,0.5546492659053833,0.10277324632952692,0.5543859649122806,0.16023391812865498,440,0.8094696969696972,0.6863636363636364,6.8522727272727275,0.3619318181818182,3239,0.52,0.02025974025974026,0.5287878787878788,0.035606060606060606,6661,0.5319896912375526,0.6182254916679177,4.201170995346044,0.3878046339388481,1907,0.17952883834281072,0.12266450040617384,0.22434017595307917,0.18035190615835778,3556,0.6627765279340082,0.6071428571428571,4.697131608548931,0.37903074615673044,13.36,13.06,12.22,12.26,-1,1,1
700,1205741077,1,13,12,10,11,2693,0.5550732501356483,0.10255018990775909,0.5549065420560748,0.16004672897196262,441,0.8076341647770221,0.6870748299319728,6.852607709750567,0.36167800453514737,3241,0.519730010384216,0.020249221183800622,0.5291445874337622,0.03557910673732021,6672,0.5321617705835338,0.61810551558753,4.20128896882494,0.3878397282174262,1908,0.1793831168831169,0.12256493506493507,0.22434017595307917,0.18035190615835778,3561,0.6622671534213235,0.607413647851727,4.696995226060095,0.37920059908265474,13.36,13.06,12.18,12.22,1,3,2
701,1205741078,1,13,14,14,12,2697,0.5547128927410617,0.10238353196099675,0.5554259043173863,0.15985997666277713,442,0.8080693815987935,0.6855203619909502,6.852941176470588,0.36255656108597284,3244,0.5194603009859886,0.020238713025428127,0.5298563869992441,0.03552532123960695,6685,0.5323485415108458,0.6183994016454749,4.201495886312641,0.3880204437796062,1912,0.1796116504854369,0.12216828478964402,0.22434017595307917,0.18035190615835778,3564,0.6622708567153011,0.6071829405162739,4.69668911335578,0.37937242798353915,13.34,13.06,12.2,12.22,-1,-1,1
702,1205741079,1,14,14,11,12,2705,0.5550755939524838,0.10205183585313175,0.5564610011641443,0.15948777648428406,442,0.8080693815987935,0.6855203619909502,6.852941176470588,0.36255656108597284,3247,0.5194401244167963,0.02021772939346812,0.5302114803625377,0.035498489425981876,6694,0.5323050492978794,0.6183149088736182,4.201075590080669,0.3879842645154866,1913,0.17946645109135004,0.12206952303961197,0.22434017595307917,0.18035190615835778,3569,0.662463808723265,0.6074530680862987,4.696553656486411,0.3794013262351733,13.38,13.1,12.2,12.22,0,3,2
703,1205741080,1,11,12,12,13,2713,0.5543595263724435,0.10172228202368137,0.5551684088269454,0.1602787456445993,443,0.8085026335590672,0.6862302483069977,6.853273137697517,0.3623024830699774,3249,0.518902123252201,0.02019678922837908,0.5302114803625377,0.035498489425981876,6706,0.5325703350233627,0.6185505517447062,4.200268416343573,0.3880728700666071,1919,0.17954911433172302,0.1215780998389694,0.2240117130307467,0.1815519765739385,3569,0.662463808723265,0.6074530680862987,4.696553656486411,0.3794013262351733,13.34,13.1,12.2,12.24,-1,-1,-2
704,1205741081,1,13,13,13,13,2714,0.5545992469069392,0.10166756320602474,0.5551684088269454,0.1602787456445993,443,0.8085026335590672,0.6862302483069977,6.853273137697517,0.3623024830699774,3254,0.5191313340227508,0.02016546018614271,0.5301659125188537,0.03544494720965309,6713,0.5324618898654359,0.6182034857738716,4.200506479964249,0.3880033765330951,1920,0.17940466613032985,0.12148028962188254,0.2240117130307467,0.1815519765739385,3579,0.6622892800596069,0.6074322436434758,4.6954456552109525,0.3795054484492876,13.36,13.12,12.24,12.3,0,0,0
705,1205741082,1,14,15,13,13,2719,0.5541845493562232,0.10246781115879829,0.5551684088269454,0.1602787456445993,444,0.8089339339339341,0.6846846846846847,6.853603603603603,0.36204954954954954,3259,0.5193598347960764,0.020134228187919462,0.5301204819277109,0.035391566265060244,6723,0.5324136050374343,0.6184738955823293,4.1996132678863605,0.3879840349050524,1924,0.1791164658634538,0.121285140562249,0.22481751824817517,0.181021897810219,3582,0.6622929462125441,0.6074818537130094,4.69570072585148,0.37953657174762706,13.38,13.22,12.32,12.32,-1,1,1
706,1205741083,1,13,12,14,12,2726,0.5540106951871657,0.10213903743315508,0.5556844547563805,0.16009280742459397,445,0.80936329588015,0.6853932584269663,6.851685393258427,0.36179775280898874,3264,0.5190721649484537,0.020103092783505156,0.530827067669173,0.035338345864661655,6733,0.5322912025347796,0.618743502153572,4.200207931085697,0.3879276201792169,1927,0.17868589743589744,0.12099358974358974,0.22481751824817517,0.181021897810219,3584,0.6623883928571427,0.6077008928571429,4.6953125,0.3796037946428572,13.36,13.18,12.34,12.32,1,-1,1
707,1205741084,1,13,12,13,13,2729,0.5536572343833422,0.10197544046983449,0.5556844547563805,0.16009280742459397,445,0.80936329588015,0.6853932584269663,6.851685393258427,0.36179775280898874,3271,0.5195272353545735,0.020041109969167522,0.5311795642374155,0.035311795642374154,6741,0.5323270533550913,0.6188992731048806,4.199673638925975,0.3878751916135095,1931,0.1782573940847322,0.12070343725019984,0.22448979591836735,0.18075801749271136,3589,0.6625801058790748,0.6082474226804123,4.696015603232098,0.3795625522429647,13.36,13.16,12.38,12.34,1,0,0
708,1205741085,1,14,16,14,14,2735,0.553248136315229,0.10170394036208733,0.5561993047508691,0.15990730011587487,445,0.80936329588015,0.6853932584269663,6.851685393258427,0.36179775280898874,3276,0.5195071868583162,0.02002053388090349,0.5314842578710645,0.03523238380809595,6750,0.5324320987654327,0.6189629629629629,4.199703703703704,0.387888888888889,1933,0.17956903431763768,0.12051077414205906,0.22448979591836735,0.18075801749271136,3592,0.6628619153674832,0.6082962138084632,4.696269487750556,0.37947754268745365,13.38,13.22,12.46,12.34,-2,0,0
709,1205741086,1,13,10,11,10,2741,0.553134962805526,0.10148777895855472,0.5572254335260116,0.15953757225433526,445,0.80936329588015,0.6853932584269663,6.851685393258427,0.36179775280898874,3281,0.5194871794871795,0.02,0.531039640987285,0.035153328347045626,6760,0.5323101577909276,0.6186390532544379,4.199556213017751,0.3879684418145958,1933,0.17956903431763768,0.12051077414205906,0.22448979591836735,0.18075801749271136,3597,0.6631915485126493,0.6088407005838199,4.6964136780650545,0.3793670651468817,13.38,13.16,12.44,12.3,3,2,3
710,1205741087,1,12,12,11,13,2746,0.5530222693531283,0.10180275715800637,0.5577367205542725,0.15935334872979215,446,0.8097907324364725,0.6860986547085202,6.852017937219731,0.36154708520179374,3284,0.5197132616487455,0.019969278033794162,0.531039640987285,0.035153328347045626,6772,0.5324005709785397,0.6187241582988777,4.199793266391022,0.3879085449891712,1937,0.17914012738853502,0.12022292993630573,0.22416302765647744,0.1819505094614265,3601,0.6631028418032028,0.6087198000555402,4.696473201888364,0.37943163935943724,13.34,13.16,12.38,12.3,0,1,-1
711,1205741088,1,13,14,13,12,2751,0.5532027527792482,0.10217046056114346,0.5576036866359447,0.16013824884792627,446,0.8097907324364725,0.6860986547085202,6.852017937219731,0.36154708520179374,3292,0.5199182839632278,0.020429009193054137,0.5298507462686567,0.03582089552238806,6780,0.5325835791543762,0.6184365781710914,4.199852507374631,0.3879301868239922,1938,0.17899761336515513,0.12012728719172633,0.22416302765647744,0.1819505094614265,3607,0.6626929119305054,0.6088161907402273,4.695869143332409,0.3795166805286018,13.32,13.22,12.4,12.3,-1,0,1
712,1205741089,1,14,17,12,8,2757,0.5528541226215645,0.10200845665961945,0.5579793340987371,0.16073478760045926,446,0.8097907324364725,0.6860986547085202,6.852017937219731,0.36154708520179374,3293,0.5196528841245533,0.02041858090862685,0.5298507462686567,0.03582089552238806,6792,0.5327468590498632,0.6188162544169611,4.199793875147232,0.3879441499803692,1943,0.17922283901665345,0.11974623314829501,0.2238372093023256,0.18313953488372092,3608,0.6627864005912786,0.6086474501108647,4.696230598669623,0.37955007390983003,13.32,13.28,12.38,12.2,-3,2,6
713,1205741090,1,14,13,14,12,2764,0.5525065963060686,0.10184696569920844,0.5588571428571428,0.16114285714285714,447,0.8102162565249815,0.6868008948545862,6.852348993288591,0.36129753914988816,3299,0.5196128374936322,0.020376974019358125,0.5305514157973175,0.03576751117734724,6798,0.5329386093949207,0.6188584877905267,4.199617534568991,0.3880430518780034,1945,0.1789390340459224,0.11955661124307206,0.2238372093023256,0.18313953488372092,3613,0.6625611218747116,0.6086354829781345,4.6960974259618045,0.3795783743887813,13.36,13.3,12.42,12.22,1,0,2
714,1205741091,1,13,12,12,10,2770,0.5518694049499737,0.10215903106898368,0.5598631698973774,0.16077537058152794,448,0.8106398809523812,0.6875,6.852678571428571,0.36104910714285715,3301,0.5193482688391039,0.020366598778004074,0.5309009679821296,0.035740878629932984,6808,0.5332084802193503,0.6188307873090482,4.199030552291422,0.388060614962789,1949,0.17837411207576953,0.11917916337805841,0.2238372093023256,0.18313953488372092,3617,0.662173993180352,0.6085153442079071,4.69615703621786,0.3797115473228274,13.34,13.26,12.44,12.2,1,1,3
715,1205741092,1,14,13,12,13,2771,0.5518694049499737,0.10215903106898368,0.5592255125284739,0.16173120728929385,449,0.8110616184112845,0.6859688195991092,6.853006681514477,0.361358574610245,3305,0.5195729537366548,0.020335536349771224,0.5305059523809523,0.03571428571428571,6820,0.5331500488758559,0.6189149560117302,4.199120234604106,0.38808651026392976,1954,0.1795275590551181,0.1188976377952756,0.2246376811594203,0.1826086956521739,3620,0.6624539594843462,0.6082872928176796,4.696408839779005,0.3796731123388582,13.36,13.24,12.44,12.2,1,2,1
716,1205741093,1,12,12,14,11,2773,0.5523408732246187,0.1020515518148343,0.5592255125284739,0.16173120728929385,450,0.8114814814814817,0.6866666666666666,6.8533333333333335,0.3611111111111111,3311,0.5192893401015228,0.02030456852791878,0.5308092056421678,0.035634743875278395,6827,0.5331160587861926,0.6187197890727992,4.19891606855134,0.3880547824813243,1956,0.1800314465408805,0.11871069182389937,0.2246376811594203,0.1826086956521739,3627,0.6622323315871702,0.608767576509512,4.696167631651503,0.3797674846061943,13.32,13.2,12.46,12.2,0,-2,1
717,1205741094,1,14,16,15,12,2775,0.5522858644245927,0.10194429847609038,0.5592255125284739,0.16173120728929385,451,0.8118994826311902,0.6873614190687362,6.853658536585366,0.3614190687361419,3316,0.5190065889508363,0.02027369488089204,0.5315048183839881,0.03558191252779837,6839,0.5333503923575577,0.6189501389091973,4.19915192279573,0.38794658088414496,1958,0.17974882260596547,0.1185243328100471,0.2246376811594203,0.1826086956521739,3631,0.6617782061874597,0.6080969429909115,4.695676122280363,0.37976223262645736,13.34,13.28,12.56,12.2,-2,-1,2
718,1205741095,1,12,13,13,11,2778,0.552755905511811,0.10183727034120735,0.558589306029579,0.1626848691695108,451,0.8118994826311902,0.6873614190687362,6.853658536585366,0.3614190687361419,3322,0.5184810126582279,0.020759493670886076,0.532150776053215,0.03547671840354767,6850,0.5334428223844287,0.6192700729927008,4.199416058394161,0.38779805352798064,1961,0.17946708463949843,0.11912225705329153,0.22431259044862517,0.18234442836468887,3636,0.6618307664099743,0.6075357535753575,4.695269526952695,0.3797213054638797,13.3,13.28,12.54,12.16,-1,-1,1
719,1205741096,1,14,13,11,11,2782,0.5534591194968553,0.10167714884696016,0.5590909090909091,0.1625,451,0.8118994826311902,0.6873614190687362,6.853658536585366,0.3614190687361419,3329,0.5189489641232946,0.020717534108135423,0.5317109144542773,0.035398230088495575,6858,0.5336468358121906,0.6192767570720327,4.199183435403908,0.3878438806260329,1963,0.1793265465935787,0.11902897415818324,0.2239884393063584,0.18208092485549132,3640,0.661790293040293,0.6076923076923076,4.69532967032967,0.37971611721611725,13.3,13.26,12.48,12.14,1,3,3
720,1205741097,1,14,14,14,12,2784,0.5534031413612566,0.10157068062827225,0.5590909090909091,0.1625,453,0.8116261957321562,0.6865342163355408,6.852097130242826,0.36147902869757176,3334,0.5186868686868686,0.02070707070707071,0.5308823529411765,0.03529411764705882,6869,0.5338841170476057,0.6193041199592372,4.198718881933323,0.38784151016644836,1967,0.17904612978889758,0.11884284597341674,0.22334293948126802,0.18155619596541786,3643,0.6619315582395461,0.6080153719461981,4.694757068350261,0.37967792112727605,13.32,13.3,12.52,12.12,0,0,2
721,1205741098,1,14,13,13,13,2791,0.5538140020898642,0.1013584117032393,0.5605889014722537,0.16194790486976218,454,0.8120411160058739,0.6872246696035242,6.852422907488987,0.36123348017621143,3339,0.518406454866364,0.020675743822491176,0.5315712187958884,0.03524229074889868,6880,0.5339752906976749,0.6193313953488372,4.19796511627907,0.3879481589147288,1970,0.17862714508580343,0.11856474258970359,0.22334293948126802,0.18155619596541786,3644,0.6620243322356385,0.6081229418221734,4.69456641053787,0.3796423344310282,13.3,13.32,12.5,12.14,1,1,1
722,1205741099,1,12,12,12,11,2798,0.5539343408025013,0.10109431995831163,0.559322033898305,0.1615819209039548,454,0.8120411160058739,0.6872246696035242,6.852422907488987,0.36123348017621143,3344,0.5181268882175226,0.020644511581067473,0.530791788856305,0.03519061583577713,6891,0.5338484980409235,0.6192134668408068,4.197939341169642,0.3879093503603735,1972,0.17834890965732086,0.11838006230529595,0.22334293948126802,0.18155619596541786,3649,0.6619393441125422,0.6083858591394903,4.694162784324472,0.37973874120763684,13.28,13.3,12.48,12.12,0,0,1
723,1205741100,1,12,13,13,12,2803,0.5533021320852834,0.10088403536141445,0.5598194130925508,0.1613995485327314,455,0.8124542124542126,0.6857142857142857,6.852747252747252,0.360989010989011,3349,0.5188536953242836,0.020613373554550025,0.5300146412884333,0.03513909224011713,6902,0.5335410026079402,0.6195305708490293,4.197478991596639,0.3878706655075824,1975,0.17793317793317792,0.11810411810411811,0.22334293948126802,0.18155619596541786,3653,0.6617620220823067,0.608540925266904,4.694771420750069,0.37973355233141715,13.24,13.3,12.48,12.12,-1,-1,0
724,1205741101,1,13,14,13,10,2804,0.553014553014553,0.10135135135135136,0.5598194130925508,0.1613995485327314,456,0.8128654970760235,0.6864035087719298,6.853070175438597,0.3607456140350877,3355,0.5188158554942298,0.020572002007024585,0.5299707602339181,0.03508771929824561,6914,0.5334827885449818,0.6194677466010993,4.197714781602546,0.38792064410375093,1982,0.177107501933488,0.11832946635730858,0.22302158273381295,0.18273381294964028,3655,0.661673506611947,0.6084815321477428,4.694391244870041,0.37966256269949844,13.26,13.28,12.44,12.06,-1,0,3
725,1205741102,1,12,13,13,10,2808,0.5537104307213285,0.10119356512714063,0.5591882750845547,0.16234498308906425,458,0.8093158660844252,0.6855895196506551,6.858078602620087,0.36026200873362446,3362,0.5185370741482966,0.020541082164328657,0.5298833819241983,0.03498542274052478,6923,0.5339207472675628,0.6196735519283547,4.198179979777553,0.3879339400067409,1984,0.17697063369397217,0.11823802163833076,0.22413793103448276,0.1824712643678161,3658,0.6612675414616366,0.6082558775287042,4.694641880809185,0.37969291051576454,13.22,13.28,12.52,12.02,-1,-1,2
726,1205741103,1,14,14,12,12,2813,0.5541170378042465,0.10098394614189539,0.5585585585585585,0.16216216216216217,459,0.8075526506899058,0.6862745098039216,6.85838779956427,0.3600217864923747,3366,0.5187593796898449,0.02051025512756378,0.5294974508375819,0.03495994173343044,6933,0.5339920188470605,0.6199336506562816,4.197028703303044,0.388107601326987,1989,0.17733230531996916,0.117964533538936,0.22492836676217765,0.1819484240687679,3661,0.6615451151780023,0.6080305927342257,4.694892105981972,0.37972320859510156,13.22,13.24,12.46,11.98,0,2,2
727,1205741104,1,13,13,11,11,2815,0.5545783755819969,0.10087946197620279,0.5585585585585585,0.16216216216216217,459,0.8075526506899058,0.6862745098039216,6.85838779956427,0.3600217864923747,3369,0.5187406296851574,0.02048975512243878,0.529839883551674,0.034934497816593885,6943,0.5338710451773974,0.62019300014403,4.19760910269336,0.38798069998559714,1990,0.17719568567026195,0.11787365177195686,0.22492836676217765,0.1819484240687679,3669,0.6616017080039974,0.6075224856909239,4.694194603434179,0.37964477150903975,13.24,13.26,12.42,11.96,0,2,2
728,1205741105,1,13,12,12,13,2818,0.5540051679586563,0.10180878552971576,0.5590551181102362,0.16197975253093364,460,0.8079710144927538,0.6869565217391305,6.858695652173913,0.35978260869565215,3372,0.5187219171243135,0.020469296055916127,0.5301818181818182,0.03490909090909091,6955,0.5338126048406427,0.620273184759166,4.197555715312725,0.3879583033788643,1997,0.1772831926323868,0.11742133537989255,0.22428571428571428,0.18142857142857144,3672,0.6614696804647785,0.6072984749455338,4.693899782135076,0.3796069353667393,13.26,13.22,12.4,11.98,1,1,0
729,1205741106,1,15,12,10,12,2821,0.5539494062983996,0.10170366546205473,0.5595505617977528,0.16179775280898875,461,0.8083875632682576,0.6876355748373102,6.859002169197397,0.35954446854663774,3377,0.5194416749750748,0.020438683948155532,0.5301379811183733,0.034858387799564274,6965,0.5339794209140948,0.6203876525484565,4.1972720746590095,0.38801148600143587,2001,0.17750573833205815,0.11782708492731446,0.22428571428571428,0.18142857142857144,3674,0.6615178733442206,0.6075122482308111,4.693794229722373,0.37960442750861917,13.3,13.18,12.34,11.96,3,5,3
730,1205741107,1,12,12,11,11,2824,0.5538937596699329,0.10159876224858175,0.5600448933782267,0.16161616161616163,461,0.8083875632682576,0.6876355748373102,6.859002169197397,0.35954446854663774,3378,0.5196811160936722,0.02042850024912805,0.5301379811183733,0.034858387799564274,6976,0.5342842125382268,0.6204128440366973,4.200114678899083,0.38800888761467905,2001,0.17750573833205815,0.11782708492731446,0.22428571428571428,0.18142857142857144,3680,0.6612545289855072,0.6073369565217391,4.695652173913044,0.3795289855072464,13.24,13.18,12.36,11.96,0,1,1
731,1205741108,1,14,14,13,12,2831,0.5542974781266083,0.10138960370560988,0.5604026845637584,0.1610738255033557,461,0.8083875632682576,0.6876355748373102,6.859002169197397,0.35954446854663774,3384,0.5191447041272998,0.020387866732968673,0.5300942712110225,0.03480783176214648,6984,0.5343165330278737,0.620418098510882,4.199885452462772,0.3879820542191677,2002,0.17750573833205815,0.11782708492731446,0.2253922967189729,0.181169757489301,3686,0.6613537710255019,0.6074335322843191,4.6953336950623985,0.3795216133116296,13.22,13.2,12.38,11.88,0,1,2
732,1205741109,1,15,14,12,12,2836,0.5549845837615622,0.10123329907502569,0.5602678571428571,0.16183035714285715,462,0.808802308802309,0.6883116883116883,6.859307359307359,0.3593073593073593,3389,0.5188679245283019,0.02035749751737835,0.5300506879073136,0.03475742215785663,6991,0.5346397749487442,0.6206551280217423,4.199542268631097,0.3879154150574549,2006,0.17772692601067888,0.11823035850495804,0.2253922967189729,0.181169757489301,3689,0.6613580916237463,0.6072106261859582,4.694768229872595,0.3794840516851902,13.3,13.24,12.36,11.88,1,3,3
733,1205741110,1,12,12,13,12,2842,0.5550999487442337,0.10097385955920041,0.5607580824972129,0.1616499442586399,463,0.8070554355651549,0.6889848812095032,6.859611231101512,0.35907127429805613,3390,0.5191066997518611,0.020347394540942927,0.5300506879073136,0.03475742215785663,7001,0.5348521639765753,0.6209112983859448,4.198543065276389,0.3878969670999382,2011,0.17732115677321156,0.1187214611872146,0.22475106685633,0.1806543385490754,3693,0.6611833197942053,0.6068237205523964,4.6953696181965885,0.37943406444624966,13.26,13.22,12.34,11.88,0,-1,0
734,1205741111,1,13,12,12,14,2847,0.5560102301790282,0.10076726342710997,0.5612472160356348,0.16146993318485522,463,0.8070554355651549,0.6889848812095032,6.859611231101512,0.35907127429805613,3393,0.5185919682697074,0.020823004462072386,0.5296671490593343,0.03473227206946455,7013,0.5351490089833172,0.6212747754170825,4.198345928989021,0.387732306668568,2016,0.17678300455235205,0.11911987860394538,0.22585227272727273,0.18039772727272727,3696,0.6611877705627706,0.6068722943722944,4.695616883116883,0.37932900432900435,13.26,13.24,12.32,11.92,1,1,-1
735,1205741112,1,12,12,9,12,2849,0.556237218813906,0.10071574642126789,0.560622914349277,0.16240266963292546,464,0.8074712643678162,0.6896551724137931,6.859913793103448,0.3588362068965517,3395,0.518830525272547,0.02081268582755203,0.5300072306579898,0.03470715835140998,7022,0.5349852843444418,0.6213329535744802,4.199088578752492,0.3877337890439572,2019,0.17638152914458743,0.12036336109008328,0.22585227272727273,0.18039772727272727,3703,0.6609730848861284,0.6068052930056711,4.695382122603295,0.37937708164551265,13.26,13.2,12.26,11.92,0,3,0
736,1205741113,1,15,14,14,12,2849,0.556237218813906,0.10071574642126789,0.560622914349277,0.16240266963292546,464,0.8074712643678162,0.6896551724137931,6.859913793103448,0.3588362068965517,3403,0.5195061728395062,0.02123456790123457,0.5296242774566474,0.03468208092485549,7028,0.5349554164295206,0.6212293682413205,4.198634035287422,0.3877584898501234,2023,0.17687074829931973,0.12018140589569161,0.22662889518413598,0.17988668555240794,3709,0.6604430664150266,0.6069021299541656,4.695335669991912,0.3793700008987148,13.32,13.22,12.32,11.92,1,1,3
737,1205741114,1,13,12,12,13,2850,0.5564639754726622,0.10066428206438426,0.560622914349277,0.16240266963292546,464,0.8074712643678162,0.6896551724137931,6.859913793103448,0.3588362068965517,3408,0.519980266403552,0.021213616181549086,0.5299206921413122,0.03460706560922855,7038,0.5344794922800044,0.6211992043194089,4.198351804489912,0.3876693189353037,2026,0.17673716012084592,0.12009063444108761,0.2288135593220339,0.17937853107344634,3715,0.6608568864961867,0.6072678331090176,4.69528936742934,0.37931807985643784,13.32,13.2,12.32,11.98,1,1,0
738,1205741115,1,14,13,14,12,2855,0.5561224489795918,0.10051020408163265,0.560488346281909,0.16204217536071033,465,0.8078853046594984,0.6903225806451613,6.860215053763441,0.35913978494623655,3410,0.519723865877712,0.021203155818540435,0.5302593659942363,0.0345821325648415,7050,0.5348463356974,0.6208510638297873,4.197730496453901,0.38771867612293154,2030,0.17633760361718162,0.12057272042200452,0.229901269393512,0.17912552891396333,3716,0.6609481521349121,0.6071044133476857,4.695102260495156,0.37928327951202007,13.32,13.18,12.32,11.96,1,0,2
739,1205741116,1,11,13,11,12,2856,0.5561224489795918,0.10051020408163265,0.5609756097560976,0.16186252771618626,466,0.8061516452074393,0.6909871244635193,6.860515021459228,0.35890557939914164,3415,0.5194485475135401,0.02117183653372723,0.5309352517985612,0.034532374100719423,7062,0.5345275181723785,0.6203625035400736,4.197960917587086,0.38790946851694524,2034,0.1769578313253012,0.12048192771084337,0.22893258426966293,0.18258426966292135,3722,0.6612260433458714,0.606931757119828,4.695325094035465,0.37923159591617406,13.24,13.2,12.28,11.96,-2,0,-1
740,1205741117,1,10,10,11,12,2861,0.5563488016318205,0.10045894951555329,0.5584988962472406,0.16445916114790288,467,0.8065667380442543,0.6916488222698073,6.860813704496788,0.35867237687366166,3416,0.5196850393700787,0.021161417322834646,0.5309352517985612,0.034532374100719423,7072,0.5341251885369538,0.6200509049773756,4.197822398190045,0.387891214177979,2038,0.17655897821187078,0.12096168294515403,0.22861150070126227,0.182328190743338,3727,0.6607414363652625,0.6069224577408103,4.695197209551918,0.3791253018513549,13.16,13.16,12.3,11.98,0,-1,-2
741,1205741118,1,15,13,14,11,2864,0.5562913907284768,0.10035659704533877,0.557883131201764,0.16538037486218302,467,0.8065667380442543,0.6916488222698073,6.860813704496788,0.35867237687366166,3421,0.5196656833824975,0.021632251720747297,0.5312275664034458,0.03445800430725054,7081,0.5343877983335692,0.6199689309419574,4.198277079508544,0.3878924822294404,2039,0.17655897821187078,0.12096168294515403,0.22829131652661064,0.18347338935574228,3733,0.6606616662201984,0.6067506027323868,4.695419233860166,0.37931958210554506,13.18,13.16,12.3,12.0,2,1,4
742,1205741119,1,13,13,15,12,2871,0.556968463886063,0.10020345879959308,0.557628979143798,0.16465422612513722,467,0.8065667380442543,0.6916488222698073,6.860813704496788,0.35867237687366166,3427,0.5203730976926854,0.021600392734413353,0.5315186246418339,0.034383954154727794,7090,0.5342266102491777,0.6197461212976022,4.198166431593794,0.3880347907851435,2041,0.17642642642642642,0.12087087087087087,0.22937062937062938,0.18321678321678322,3739,0.6608050280823751,0.6065792992778818,4.695640545600428,0.37937951323883384,13.14,13.18,12.38,11.98,0,-2,1
743,1205741120,1,14,13,16,13,2873,0.5571936959837316,0.10015251652262329,0.5581140350877193,0.16447368421052633,468,0.8069800569800571,0.6901709401709402,6.861111111111111,0.358974358974359,3437,0.5208027410670583,0.021536955457660302,0.5328571428571428,0.03428571428571429,7095,0.534038054968288,0.6198731501057082,4.19830866807611,0.3880079868451963,2042,0.17629407351837958,0.12153038259564891,0.22937062937062938,0.18321678321678322,3745,0.6607699154428128,0.6066755674232309,4.695060080106809,0.37943925233644854,13.18,13.16,12.46,11.96,1,-2,1
744,1205741121,1,13,12,13,13,2876,0.556910569105691,0.10010162601626016,0.5579868708971554,0.16411378555798686,469,0.8073916133617628,0.6908315565031983,6.861407249466951,0.35874200426439234,3442,0.5205479452054794,0.021526418786692758,0.5327635327635327,0.03418803418803419,7103,0.5341405040123897,0.6197381388145854,4.199070815148529,0.3880285325449342,2045,0.17739520958083832,0.12125748502994012,0.22937062937062938,0.18321678321678322,3752,0.6602922885572141,0.6060767590618337,4.695628997867804,0.37966417910447753,13.18,13.1,12.48,11.98,1,0,0
745,1205741122,1,15,14,13,14,2880,0.5575849822425165,0.09994926433282597,0.5573770491803278,0.16393442622950818,469,0.8073916133617628,0.6908315565031983,6.861407249466951,0.35874200426439234,3449,0.5205078125,0.021484375,0.5330490405117271,0.03411513859275053,7110,0.5341772151898739,0.619831223628692,4.19929676511955,0.3879981247069856,2049,0.17849141150112025,0.12098581030619865,0.22905027932960895,0.18435754189944134,3756,0.6602547035853747,0.6062300319488818,4.69542066027689,0.37979233226837056,13.2,13.1,12.52,12.02,1,2,1
746,1205741123,1,14,14,14,12,2883,0.5572441742654508,0.10030395136778116,0.5573770491803278,0.16393442622950818,469,0.8073916133617628,0.6908315565031983,6.861407249466951,0.35874200426439234,3455,0.5202340321794247,0.02145294978059483,0.5326241134751774,0.03475177304964539,7118,0.5342792919359376,0.6199775217757797,4.19963472885642,0.38792497892666494,2053,0.17883755588673622,0.12071535022354694,0.2301255230125523,0.18410041841004185,3762,0.660663654084707,0.6063264221158958,4.695906432748538,0.3796517809675704,13.18,13.08,12.54,12.0,0,0,2
747,1205741124,1,15,13,12,12,2884,0.5574683544303798,0.10025316455696202,0.5573770491803278,0.16393442622950818,470,0.8078014184397164,0.6893617021276596,6.861702127659575,0.35904255319148937,3463,0.5206812652068127,0.02141119221411192,0.5318246110325319,0.034653465346534656,7128,0.5344416386083057,0.6200897867564534,4.199074074074074,0.38797699214365894,2054,0.17870439314966494,0.12062546537602382,0.2301255230125523,0.18410041841004185,3767,0.6607601097248033,0.6068489514202283,4.696310061056543,0.37961242367932035,13.22,13.04,12.54,11.96,2,3,3
748,1205741125,1,14,13,12,14,2891,0.558526740665994,0.10040363269424823,0.5573770491803278,0.16393442622950818,470,0.8078014184397164,0.6893617021276596,6.861702127659575,0.35904255319148937,3468,0.5208940719144801,0.021379980563654033,0.5324858757062146,0.0346045197740113,7138,0.5347202764546563,0.6204819277108434,4.198795180722891,0.3880288596245448,2056,0.17857142857142858,0.12053571428571429,0.2298050139275766,0.18384401114206128,3771,0.6611199504994256,0.6067356138955184,4.696101829753381,0.3794749403341288,13.24,13.04,12.56,11.98,1,2,0
749,1205741126,1,16,17,14,14,2895,0.5584677419354839,0.10080645161290322,0.5583424209378408,0.16357688113413305,471,0.8082094833687192,0.6878980891719745,6.861995753715499,0.35881104033970274,3471,0.5213592233009708,0.021359223300970873,0.5328158080451658,0.03458009880028229,7146,0.53440152999347,0.6206269241533725,4.199132381752029,0.38794430450601747,2056,0.17857142857142858,0.12053571428571429,0.2298050139275766,0.18384401114206128,3780,0.6612654320987655,0.6066137566137566,4.696031746031746,0.3796296296296296,13.3,13.1,12.6,12.02,-1,2,2
750,1205741127,1,14,14,11,14,2896,0.5581863979848867,0.10075566750629723,0.5583424209378408,0.16357688113413305,472,0.8086158192090397,0.6864406779661016,6.860169491525424,0.3585805084745763,3474,0.5213385063045587,0.02133850630455868,0.5331452750352609,0.03455571227080395,7157,0.5346979646965679,0.6209305574961576,4.1999441106608915,0.3878720134134415,2063,0.17851851851851852,0.12074074074074075,0.22948539638386647,0.1835883171070932,3782,0.6613564251718669,0.6065573770491803,4.696192490745637,0.37969328397673185,13.32,13.14,12.62,12.08,0,3,0
751,1205741128,1,13,14,13,12,2899,0.5586311021640664,0.10065425264217413,0.5588235294117647,0.16339869281045752,473,0.8069062720225513,0.6849894291754757,6.858350951374208,0.3583509513742072,3476,0.5213385063045587,0.02133850630455868,0.5330985915492957,0.03450704225352113,7165,0.5342405210514077,0.6210746685275645,4.200837404047453,0.3879274249825542,2063,0.17851851851851852,0.12074074074074075,0.22948539638386647,0.1835883171070932,3792,0.6614583333333335,0.6060126582278481,4.6969936708860756,0.37948312236286913,13.32,13.14,12.6,12.08,-1,0,1
752,1205741129,1,14,14,12,11,2903,0.5590749120160885,0.10055304172951232,0.558695652173913,0.1641304347826087,473,0.8069062720225513,0.6849894291754757,6.858350951374208,0.3583509513742072,3479,0.5218023255813954,0.02131782945736434,0.5327234342012667,0.034482758620689655,7175,0.5339837398373989,0.6206271777003485,4.200696864111499,0.38811846689895485,2065,0.17912657290895634,0.12065136935603257,0.23055555555555557,0.18333333333333332,3798,0.661466561348078,0.6055818852027383,4.696682464454977,0.37947604002106367,13.32,13.14,12.62,12.06,0,2,3
753,1205741130,1,14,14,14,9,2909,0.5586760280842528,0.10080240722166499,0.5591748099891423,0.16395222584147665,474,0.8073136427566809,0.6835443037974683,6.858649789029536,0.35864978902953587,3485,0.5222437137330754,0.02127659574468085,0.5326774420238932,0.03443429374560787,7184,0.5339411655530814,0.6208240534521158,4.200584632516704,0.3881194320712696,2066,0.17912657290895634,0.12065136935603257,0.2302357836338419,0.18446601941747573,3802,0.6612966859547608,0.6057338243029984,4.6964755391899,0.37947133087848495,13.38,13.18,12.66,11.98,0,0,5
754,1205741131,1,11,11,12,10,2911,0.5586172344689379,0.10070140280561123,0.5591748099891423,0.16395222584147665,475,0.8077192982456142,0.6842105263157895,6.8589473684210525,0.358421052631579,3489,0.5222222222222223,0.021256038647342997,0.5326315789473685,0.0343859649122807,7197,0.5339261729424302,0.6208142281506183,4.200361261636793,0.38817099717474884,2071,0.17872968980797638,0.12038404726735598,0.23236514522821577,0.1839557399723375,3805,0.6610381077529568,0.6057818659658344,4.6959264126149804,0.3794349540078843,13.34,13.14,12.64,11.92,0,-1,1
755,1205741132,1,14,13,11,11,2915,0.5577788894447223,0.10105052526263132,0.5585683297180043,0.16377440347071584,477,0.8074772886093642,0.6855345911949685,6.8574423480083855,0.3590146750524109,3490,0.521970062771608,0.021245774987928536,0.5326315789473685,0.0343859649122807,7208,0.53394376618572,0.6209766925638179,4.199778024417314,0.38809887162412143,2077,0.17893961708394698,0.12002945508100148,0.23310344827586207,0.18344827586206897,3808,0.6610425420168068,0.6060924369747899,4.695378151260504,0.37939863445378147,13.34,13.1,12.6,11.88,1,3,3
756,1205741133,1,11,12,12,10,2915,0.5577788894447223,0.10105052526263132,0.5585683297180043,0.16377440347071584,480,0.8079861111111113,0.6833333333333333,6.854166666666667,0.359375,3493,0.5212150433944069,0.021215043394406944,0.5326315789473685,0.0343859649122807,7216,0.5339061345158911,0.6209811529933481,4.200526607538802,0.3880497043606801,2083,0.17880794701986755,0.12067696835908756,0.2328767123287671,0.18356164383561643,3816,0.6608359538784069,0.6058700209643606,4.69601677148847,0.3793894129979035,13.3,13.1,12.56,11.84,-1,-1,1
757,1205741134,1,14,11,12,12,2921,0.5576635047428856,0.10134797803295058,0.5595238095238095,0.1634199134199134,481,0.8083853083853085,0.683991683991684,6.854469854469855,0.3591476091476091,3496,0.5211946050096339,0.02119460500963391,0.532258064516129,0.034361851332398316,7225,0.5339561707035759,0.621038062283737,4.199861591695502,0.3880507497116495,2087,0.1792799412196914,0.12049963262307127,0.2336065573770492,0.1830601092896175,3820,0.6610602094240838,0.6057591623036649,4.69607329842932,0.37931937172774866,13.32,13.08,12.54,11.82,3,2,2
758,1205741135,1,13,12,14,11,2924,0.5576059850374064,0.10174563591022444,0.56,0.16324324324324324,482,0.808782849239281,0.6846473029045643,6.854771784232365,0.35892116182572614,3497,0.5209436687530091,0.02118440057775638,0.532258064516129,0.034361851332398316,7236,0.534111848166575,0.6209231619679381,4.199834162520729,0.3879099871015295,2093,0.1794871794871795,0.12014652014652015,0.23433242506811988,0.18256130790190736,3826,0.6610690015682176,0.6055933089388396,4.696288552012546,0.3794868443979787,13.3,13.0,12.54,11.76,1,-1,2
759,1205741136,1,14,14,13,12,2925,0.5573280159521435,0.1016949152542373,0.56,0.16324324324324324,483,0.8091787439613528,0.6853002070393375,6.855072463768116,0.358695652173913,3501,0.5209235209235209,0.021164021164021163,0.5315126050420168,0.03431372549019608,7248,0.5340553715967628,0.6211368653421634,4.200469094922737,0.38788861295069915,2096,0.17982456140350878,0.11988304093567251,0.23433242506811988,0.18256130790190736,3830,0.6611183637946042,0.6054830287206266,4.696605744125327,0.37967798085291554,13.32,13.08,12.58,11.8,0,1,2
760,1205741137,1,14,14,15,15,2935,0.5580933465739821,0.10228401191658391,0.5609492988133765,0.162891046386192,483,0.8091787439613528,0.6853002070393375,6.855072463768116,0.358695652173913,3502,0.5209235209235209,0.021164021164021163,0.5311406578026592,0.034289713086074175,7260,0.5341368227731869,0.6213498622589532,4.200137741046832,0.38800505050505063,2097,0.17969320672023376,0.1197954711468225,0.23433242506811988,0.18256130790190736,3833,0.6613835985737891,0.6055309157318027,4.696843203756848,0.37964170797460645,13.36,13.12,12.66,11.84,0,-1,-1
761,1205741138,1,14,13,14,12,2937,0.5578163771712159,0.1022332506203474,0.5614224137931034,0.1627155172413793,484,0.8095730027548211,0.6838842975206612,6.855371900826446,0.3584710743801653,3514,0.5218016291327264,0.021082894106372783,0.5303558967201675,0.034193998604326585,7268,0.533961658411301,0.6212162905888827,4.200055035773253,0.387956338286553,2097,0.17969320672023376,0.1197954711468225,0.23433242506811988,0.18256130790190736,3839,0.6617825822696884,0.6058869497264913,4.69653555613441,0.3795693322913953,13.38,13.1,12.68,11.84,1,0,2
762,1205741139,1,12,14,11,12,2940,0.5577590480912246,0.10213187902825979,0.5608180839612487,0.16254036598493002,485,0.8099656357388318,0.6845360824742268,6.855670103092783,0.3582474226804124,3518,0.522488038277512,0.021052631578947368,0.5299860529986054,0.03417015341701534,7279,0.5340706140953432,0.6213765627146586,4.199615331776343,0.38803407061409545,2102,0.17916970138383104,0.12017479970866715,0.23401360544217686,0.18231292517006803,3843,0.6617442969901988,0.6060369502992454,4.696851418162893,0.37949952294214584,13.34,13.04,12.66,11.92,-2,1,0
763,1205741140,1,12,12,13,12,2941,0.5577590480912246,0.10213187902825979,0.5602150537634408,0.16344086021505377,485,0.8099656357388318,0.6845360824742268,6.855670103092783,0.3582474226804124,3522,0.5224665391969407,0.021032504780114723,0.5306406685236769,0.034122562674094706,7290,0.533470507544582,0.6212620027434842,4.199314128943759,0.38799725651577516,2106,0.17877906976744187,0.11991279069767442,0.23369565217391305,0.18206521739130435,3850,0.6620995670995673,0.6059740259740259,4.696883116883117,0.37926406926406925,13.3,13.02,12.64,11.92,0,-1,0
764,1205741141,1,14,16,12,13,2944,0.558197127290738,0.1020307082714215,0.5596133190118152,0.16326530612244897,485,0.8099656357388318,0.6845360824742268,6.855670103092783,0.3582474226804124,3529,0.5224236641221374,0.02099236641221374,0.5302293259207783,0.034051424600416956,7299,0.5333607343471712,0.6213179887655843,4.1993423756679,0.3879412704936751,2106,0.17877906976744187,0.11991279069767442,0.23369565217391305,0.18206521739130435,3856,0.6621066735822961,0.6060684647302904,4.696576763485477,0.37938710235131395,13.32,13.1,12.64,11.98,-2,2,1
765,1205741142,1,14,13,11,12,2949,0.5586343394359228,0.10192973775358734,0.5578158458244111,0.16381156316916487,485,0.8099656357388318,0.6845360824742268,6.855670103092783,0.3582474226804124,3534,0.5216769890424011,0.02096236303001429,0.5308813324080499,0.034004163775156145,7308,0.5331828133552275,0.6212370005473454,4.199370552818829,0.38794243751140317,2109,0.17851959361393324,0.1204644412191582,0.23473541383989144,0.18181818181818182,3859,0.6618942731277534,0.6061155739828972,4.69655351127235,0.3794808672367625,13.32,13.1,12.62,11.96,1,3,2
766,1205741143,1,14,13,12,13,2952,0.5585763717251606,0.10182896688087,0.5572192513368984,0.16363636363636364,485,0.8099656357388318,0.6845360824742268,6.855670103092783,0.3582474226804124,3538,0.5214081826831589,0.02093244529019981,0.5312066574202496,0.03398058252427184,7320,0.5334016393442627,0.6213114754098361,4.199453551912568,0.3878984517304191,2112,0.1783901377810007,0.12037708484408992,0.23410013531799728,0.18267929634641408,3864,0.6619435817805385,0.6061076604554866,4.696687370600414,0.37937801932367143,13.36,13.12,12.58,12.0,1,2,1
767,1205741144,1,11,13,14,12,2954,0.5590123456790124,0.1017283950617284,0.5572192513368984,0.16363636363636364,485,0.8099656357388318,0.6845360824742268,6.855670103092783,0.3582474226804124,3542,0.5216152019002376,0.020902612826603325,0.5308385308385308,0.03395703395703396,7329,0.5328830672670218,0.6212307272479193,4.199754400327466,0.387899667985628,2115,0.1781317885590152,0.12092686459087618,0.23378378378378378,0.1837837837837838,3873,0.6624709527498065,0.6065065840433772,4.698424993545055,0.37914192271279795,13.3,13.06,12.56,12.0,-2,-3,-1
768,1205741145,1,14,14,14,12,2962,0.559272011805214,0.10132808657156911,0.5572192513368984,0.16363636363636364,485,0.8099656357388318,0.6845360824742268,6.855670103092783,0.3582474226804124,3545,0.5211200759373517,0.0208827717133365,0.5311634349030471,0.03393351800554017,7340,0.5331516802906453,0.6215258855585831,4.200136239782016,0.38793142597638525,2115,0.1781317885590152,0.12092686459087618,0.23378378378378378,0.1837837837837838,3876,0.6624742002063985,0.6065531475748194,4.699174406604747,0.3791064671482628,13.34,13.08,12.58,12.02,0,0,2
769,1205741146,1,14,12,12,12,2969,0.5591556210112911,0.10112911143838979,0.5575692963752665,0.1631130063965885,486,0.8103566529492457,0.6831275720164609,6.8559670781893,0.35802469135802467,3549,0.5211000474158369,0.020862968231389285,0.5311203319502075,0.0338865836791148,7351,0.5331700902371563,0.6215480886954156,4.199836756903823,0.38796308892214226,2116,0.17872648335745298,0.12083936324167872,0.23378378378378378,0.1837837837837838,3879,0.6624774426398558,0.6065996390822377,4.698891466872905,0.3791355160264673,13.34,13.06,12.6,12.04,2,2,2
770,1205741147,1,12,12,12,13,2973,0.5590975968612065,0.10102991662579695,0.5563829787234043,0.16276595744680852,486,0.8103566529492457,0.6831275720164609,6.8559670781893,0.35802469135802467,3555,0.5205868433506863,0.02082347373402745,0.5317679558011049,0.03383977900552486,7363,0.5330481235003852,0.6216216216216216,4.199511068857802,0.38787405495948224,2118,0.17846820809248554,0.12066473988439307,0.23378378378378378,0.1837837837837838,3883,0.6625676023693022,0.6067473602884368,4.698944115374711,0.3791312559017941,13.3,13.02,12.56,12.06,0,0,-1
771,1205741148,1,13,10,12,12,2979,0.5589242053789731,0.10073349633251834,0.5563829787234043,0.16276595744680852,487,0.8097193702943192,0.6837782340862423,6.854209445585216,0.35831622176591377,3558,0.5210401891252955,0.020803782505910164,0.5314009661835749,0.033816425120772944,7373,0.5330711153307115,0.6221348162213481,4.198969211989692,0.38792440887924423,2123,0.1785457163426926,0.12095032397408208,0.23378378378378378,0.1837837837837838,3885,0.6626126126126127,0.6066924066924066,4.699356499356499,0.3791291291291291,13.28,12.96,12.54,12.04,3,1,1
772,1205741149,1,15,13,13,11,2983,0.5595703125,0.1005859375,0.5557917109458024,0.16259298618490967,487,0.8097193702943192,0.6837782340862423,6.854209445585216,0.35831622176591377,3563,0.5210203117619272,0.020784128483703354,0.53099173553719,0.0337465564738292,7384,0.532705850487541,0.6218851570964247,4.1993499458288195,0.38793336944745416,2123,0.1785457163426926,0.12095032397408208,0.23378378378378378,0.1837837837837838,3892,0.6628340184994862,0.6066289825282631,4.699383350462488,0.37915381980130175,13.34,12.98,12.56,12.04,2,2,4
773,1205741150,1,14,14,12,12,2986,0.5595121951219513,0.10048780487804879,0.5552016985138004,0.1624203821656051,488,0.8101092896174865,0.6844262295081968,6.854508196721311,0.35809426229508196,3568,0.5207547169811321,0.020754716981132074,0.530949105914718,0.03370013755158184,7395,0.5325670498084295,0.6217714672075727,4.19945909398242,0.38800991661032247,2124,0.17841726618705037,0.12086330935251799,0.23378378378378378,0.1837837837837838,3897,0.6628817038747756,0.6066204772902233,4.699512445470875,0.37911641433581383,13.38,13.0,12.54,12.04,0,2,2
774,1205741151,1,12,13,12,12,2991,0.5598831548198637,0.10077896786757547,0.5556733828207847,0.16224814422057265,488,0.8101092896174865,0.6844262295081968,6.854508196721311,0.35809426229508196,3575,0.5206961429915334,0.020696142991533398,0.5312714776632302,0.03367697594501718,7404,0.5325274626328115,0.6215559157212318,4.198946515397083,0.38804475058526944,2126,0.17828900071890727,0.1207764198418404,0.23346828609986506,0.18353576248313092,3902,0.6628011276268582,0.6066119938493081,4.699641209636084,0.37914317444045786,13.36,12.98,12.52,12.08,-1,0,0
775,1205741152,1,13,13,13,12,2993,0.5598831548198637,0.10077896786757547,0.5555555555555556,0.1619047619047619,489,0.810497614178596,0.6850715746421268,6.85480572597137,0.35787321063394684,3580,0.5204321277595115,0.020666979802724285,0.5312285518188058,0.033630748112560054,7413,0.5326116282206937,0.6216106839336301,4.198704977741805,0.388113224515491,2129,0.1780330222541278,0.12060301507537688,0.23315363881401618,0.18328840970350405,3906,0.662762416794675,0.6065028161802355,4.699692780337942,0.3790749274620242,13.38,12.98,12.52,12.12,0,0,1
776,1205741153,1,13,13,14,10,3000,0.5605250364608654,0.1006319883325231,0.5542676501580611,0.16227608008429925,490,0.8108843537414968,0.6857142857142857,6.855102040816327,0.35816326530612247,3582,0.5201877934272301,0.020657276995305163,0.5308641975308642,0.033607681755829906,7425,0.5327609427609431,0.6215488215488215,4.1989225589225585,0.38809203142536497,2132,0.17836676217765043,0.12034383954154727,0.23315363881401618,0.18328840970350405,3910,0.6628090366581417,0.6063938618925832,4.699744245524297,0.37913469735720373,13.36,12.96,12.56,12.08,0,-1,3
777,1205741154,1,12,10,10,12,3006,0.5599805730937348,0.1010199125789218,0.5540398740818469,0.1626442812172088,490,0.8108843537414968,0.6857142857142857,6.855102040816327,0.35816326530612247,3586,0.5199436884091976,0.020647583294228063,0.5304585900068446,0.03353867214236824,7436,0.5329814416352882,0.6211672942442173,4.1982248520710055,0.3881230948538643,2135,0.17823908375089478,0.12025769506084466,0.23387096774193547,0.18413978494623656,3914,0.6631536365184808,0.6060296371997956,4.699795605518651,0.37900272525975126,13.34,12.9,12.54,12.1,2,2,0
778,1205741155,1,12,13,13,11,3007,0.5601941747572815,0.10097087378640776,0.5540398740818469,0.1626442812172088,491,0.8092328581126954,0.6863543788187373,6.855397148676171,0.3579429735234216,3591,0.5199249882794187,0.02062822315986873,0.5307377049180327,0.03346994535519126,7447,0.5328432030795403,0.621324023096549,4.198334899959716,0.3881540665144803,2140,0.17857142857142858,0.12071428571428572,0.23324396782841822,0.18498659517426275,3919,0.6635833971251172,0.6060219443735647,4.6996682827251846,0.3788381389810325,13.32,12.92,12.56,12.06,-1,-1,1
779,1205741156,1,14,14,14,13,3014,0.5608337372758119,0.10082404265632573,0.5517241379310345,0.16405433646812956,491,0.8092328581126954,0.6863543788187373,6.855397148676171,0.3579429735234216,3595,0.5199063231850117,0.020608899297423888,0.5306957708049114,0.03342428376534789,7458,0.5330405828193443,0.6212121212121212,4.1979082864038615,0.3881625994457855,2144,0.1783166904422254,0.12054208273894436,0.232620320855615,0.1858288770053476,3920,0.663669217687075,0.6061224489795919,4.7,0.3788052721088435,13.3,12.96,12.64,12.08,0,0,1
780,1205741157,1,12,13,12,11,3017,0.560562015503876,0.10125968992248062,0.5505735140771637,0.16475495307612095,492,0.8096205962059623,0.6869918699186992,6.855691056910569,0.35823170731707316,3598,0.5203556387459055,0.020589611605053813,0.5303340149965917,0.03408316291751875,7467,0.5332686040801754,0.6211329851345923,4.19860720503549,0.38816347484487324,2149,0.17806267806267806,0.12037037037037036,0.23169107856191745,0.18508655126498003,3926,0.6635039904907456,0.6057055527254203,4.699949057564951,0.3789268127016471,13.3,12.98,12.66,12.08,-1,0,1
781,1205741158,1,14,11,11,12,3021,0.5607160135462023,0.10111272375423319,0.55,0.16458333333333333,492,0.8096205962059623,0.6869918699186992,6.855691056910569,0.35823170731707316,3599,0.5203556387459055,0.020589611605053813,0.5299727520435967,0.03474114441416894,7478,0.5333756797717754,0.6208879379513239,4.198582508692164,0.3882276901132212,2151,0.17793594306049823,0.12099644128113879,0.23138297872340424,0.1848404255319149,3932,0.663212105798576,0.6060528992878942,4.6996439471007125,0.3789208206171583,13.3,12.92,12.62,12.08,3,3,2
782,1205741159,1,14,14,11,11,3025,0.561352657004831,0.10096618357487923,0.5494276795005203,0.16545265348595214,492,0.8096205962059623,0.6869918699186992,6.855691056910569,0.35823170731707316,3605,0.5205415499533147,0.02054154995331466,0.5302927161334241,0.03471749489448604,7487,0.5334913850674506,0.6209429678108722,4.198076666221451,0.38827300654467767,2157,0.17768301350390903,0.12082444918265814,0.23148148148148148,0.18386243386243387,3934,0.6632562277580073,0.6062531774275547,4.6997966446365025,0.3789188273174038,13.28,12.92,12.6,12.06,0,3,3
783,1205741160,1,12,12,10,11,3028,0.5612934362934363,0.10135135135135136,0.5488565488565489,0.1652806652806653,493,0.81000676132522,0.6876267748478702,6.855983772819473,0.3580121703853955,3607,0.5209888059701493,0.020522388059701493,0.5302927161334241,0.03471749489448604,7499,0.5334377917055612,0.6208827843712496,4.197626350180024,0.3883184424589948,2163,0.17872340425531916,0.12127659574468085,0.230566534914361,0.1831357048748353,3937,0.6631318262636527,0.6062992125984252,4.7000254000508,0.3788840911015155,13.28,12.92,12.54,12.04,0,2,1
784,1205741161,1,14,13,11,14,3029,0.5610226724553786,0.10130246020260492,0.5488565488565489,0.1652806652806653,494,0.8103913630229421,0.6882591093117408,6.8562753036437245,0.35779352226720645,3613,0.5204841713221602,0.020484171322160148,0.53025152957172,0.03467029231815092,7508,0.5334865032853848,0.6212040490143846,4.197655833777304,0.38835242408098053,2167,0.1791784702549575,0.12110481586402266,0.23127463863337713,0.18265440210249673,3941,0.6629662522202489,0.6059375792945952,4.699568637401675,0.37900702021483546,13.3,12.94,12.52,12.04,1,3,0
785,1205741162,1,15,14,11,13,3033,0.561386615310544,0.10110736639383726,0.5488565488565489,0.1652806652806653,494,0.8103913630229421,0.6882591093117408,6.8562753036437245,0.35779352226720645,3619,0.5202231520223152,0.020455602045560205,0.5298507462686567,0.03459972862957938,7518,0.5336636516804117,0.6215748869380154,4.197259909550413,0.3884011705240758,2172,0.17925194071983064,0.1213832039520113,0.23127463863337713,0.18265440210249673,3944,0.66309584178499,0.606237322515213,4.699543610547668,0.3790356659905341,13.36,12.98,12.56,12.06,1,4,2
786,1205741163,1,14,12,11,12,3034,0.561386615310544,0.10110736639383726,0.54932502596054,0.16510903426791276,495,0.8107744107744109,0.6868686868686869,6.856565656565657,0.35808080808080806,3630,0.5194624652455978,0.020852641334569044,0.5311231393775372,0.03450608930987822,7526,0.5339268314288248,0.6217114004783417,4.196651607759766,0.3884533616795113,2175,0.1795774647887324,0.12183098591549296,0.23127463863337713,0.18265440210249673,3949,0.663079260572297,0.6064826538364143,4.6991643454039,0.3792521313412678,13.34,12.94,12.5,12.06,2,3,2
787,1205741164,1,12,13,11,11,3041,0.5614793467819404,0.10086455331412104,0.5492227979274611,0.16476683937823836,495,0.8107744107744109,0.6868686868686869,6.856565656565657,0.35808080808080806,3631,0.5196850393700787,0.020842982862436313,0.5311231393775372,0.03450608930987822,7537,0.5340321082658885,0.6214674273583654,4.196364601300252,0.3884171420989786,2177,0.1795774647887324,0.12183098591549296,0.23197903014416776,0.1834862385321101,3953,0.6630407285605872,0.6063749051353402,4.699468757905389,0.3792478286533434,13.32,12.96,12.48,12.02,-1,1,1
788,1205741165,1,13,13,14,10,3043,0.5619001919385797,0.10076775431861804,0.5492227979274611,0.16476683937823836,495,0.8107744107744109,0.6868686868686869,6.856565656565657,0.35808080808080806,3636,0.5196668209162425,0.020823692734844978,0.5307224848075625,0.03578663065496286,7547,0.5341195176891483,0.6214389823771035,4.196766927255863,0.3883993639856899,2181,0.17945109078114005,0.12174524982406756,0.23368146214099217,0.18276762402088773,3959,0.6635514018691591,0.6062136903258398,4.699166456175802,0.3790729982318767,13.3,12.96,12.48,11.98,0,-1,3
789,1205741166,1,14,14,12,11,3047,0.5615716339242932,0.10062290368950647,0.5496894409937888,0.16459627329192547,496,0.8111559139784948,0.6854838709677419,6.854838709677419,0.35836693548387094,3641,0.5196486361534906,0.020804438280166437,0.5316711590296496,0.03571428571428571,7557,0.5340082043138815,0.6214106126769883,4.196903533148075,0.388458824048344,2182,0.17945109078114005,0.12174524982406756,0.2333767926988266,0.18252933507170796,3964,0.6635973763874876,0.6059535822401615,4.699041372351161,0.37916246215943483,13.36,12.98,12.5,11.96,0,2,3
790,1205741167,1,13,16,12,13,3053,0.5619320899091343,0.10090865614538498,0.5495867768595041,0.1652892561983471,496,0.8111559139784948,0.6854838709677419,6.854838709677419,0.35836693548387094,3645,0.5203139427516159,0.02077562326869806,0.5313131313131313,0.03569023569023569,7569,0.5338882282996436,0.6213502444180209,4.1969877130400315,0.38840445677544394,2185,0.1791988756148981,0.12227687983134224,0.23307291666666666,0.18229166666666666,3967,0.6638517771615833,0.6062515754978574,4.699268968994202,0.37906478447189307,13.42,13.1,12.52,11.98,-3,1,0
791,1205741168,1,9,9,13,10,3055,0.5621414913957935,0.10086042065009561,0.5490196078431373,0.1651186790505676,496,0.8111559139784948,0.6854838709677419,6.854838709677419,0.35836693548387094,3645,0.5203139427516159,0.02077562326869806,0.5313131313131313,0.03569023569023569,7579,0.5335136561551659,0.6209262435677531,4.196991687557725,0.3883867704622424,2190,0.1788218793828892,0.12342215988779803,0.23246753246753246,0.18311688311688312,3975,0.6635849056603775,0.6060377358490566,4.69937106918239,0.37918238993710685,13.3,13.02,12.5,11.96,0,-4,-1
792,1205741169,1,14,13,12,12,3062,0.5620821394460362,0.10076408787010506,0.5492813141683778,0.16427104722792607,497,0.8115358819584174,0.6861167002012073,6.855130784708249,0.358148893360161,3653,0.5204974666052511,0.020727775218793182,0.5315860215053764,0.035618279569892476,7586,0.5335486422356976,0.6206169259161614,4.196546269443712,0.3884238509535111,2191,0.17869656622284513,0.12333566923615978,0.23246753246753246,0.18311688311688312,3979,0.6636717768283491,0.6059311384770043,4.699170645890927,0.37919912875931966,13.32,13.02,12.44,11.96,1,2,2
793,1205741170,1,14,13,12,13,3065,0.5625,0.1006679389312977,0.5497435897435897,0.1641025641025641,497,0.8115358819584174,0.6861167002012073,6.855130784708249,0.358148893360161,3658,0.5211397058823529,0.02068014705882353,0.5315860215053764,0.035618279569892476,7593,0.5334079634751309,0.6205715790860002,4.197023574344791,0.3884608630756401,2191,0.17869656622284513,0.12333566923615978,0.23246753246753246,0.18311688311688312,3989,0.6643895713211333,0.6066683379293056,4.698922035597894,0.3791259296398428,13.32,13.02,12.36,11.96,1,2,1
794,1205741171,1,15,12,12,12,3068,0.5624404194470924,0.1005719733079123,0.5502049180327869,0.16393442622950818,497,0.8115358819584174,0.6861167002012073,6.855130784708249,0.358148893360161,3662,0.5206611570247934,0.02066115702479339,0.5322147651006711,0.03557046979865772,7605,0.5336182336182339,0.62077580539119,4.196844181459566,0.38843962305500795,2197,0.1787709497206704,0.12290502793296089,0.23216601815823606,0.1828793774319066,3991,0.6643071911801556,0.6068654472563267,4.699072914056627,0.37906122108076495,13.36,13.02,12.34,11.94,3,3,3
795,1205741172,1,11,12,13,13,3072,0.5623215984776403,0.10085632730732635,0.5502049180327869,0.16393442622950818,497,0.8115358819584174,0.6861167002012073,6.855130784708249,0.358148893360161,3664,0.5211009174311927,0.020642201834862386,0.5322147651006711,0.03557046979865772,7618,0.5337358886846945,0.621160409556314,4.1969020740351795,0.38834558501794025,2204,0.17884481558803061,0.12247738343771747,0.2315653298835705,0.18369987063389392,3995,0.6638923654568213,0.6070087609511889,4.699374217772215,0.37905715477680424,13.28,12.98,12.34,11.92,-1,-2,-2
796,1205741173,1,12,10,13,9,3080,0.5616113744075829,0.1014218009478673,0.5502049180327869,0.16393442622950818,497,0.8115358819584174,0.6861167002012073,6.855130784708249,0.358148893360161,3668,0.5206232813932172,0.020623281393217233,0.5328418230563002,0.035522788203753354,7628,0.5340194022024125,0.6215259570005244,4.197168327215522,0.3883280894948438,2207,0.17929117442668518,0.12230715774843641,0.23126614987080105,0.1834625322997416,3999,0.6638534633658417,0.6071517879469868,4.699424856214054,0.3789905809785779,13.24,12.9,12.32,11.86,2,-1,3
797,1205741174,1,15,14,13,13,3084,0.5617605300520587,0.1012778040700426,0.5506653019447287,0.16376663254861823,497,0.8115358819584174,0.6861167002012073,6.855130784708249,0.358148893360161,3670,0.5203847915712323,0.020613834173156206,0.5331547220361688,0.03549899531145345,7639,0.5341667757559893,0.6215473229480298,4.196491687393638,0.3882598071300784,2212,0.1794871794871795,0.12196812196812197,0.23225806451612904,0.1832258064516129,4003,0.6641893579815141,0.607044716462653,4.699475393454909,0.37886168706803225,13.24,12.92,12.34,11.88,1,2,2
798,1205741175,1,12,14,11,12,3092,0.5609065155807366,0.10103871576959396,0.5520408163265306,0.16326530612244897,498,0.811914323962517,0.6847389558232931,6.855421686746988,0.35843373493975905,3673,0.5208237986270023,0.020594965675057208,0.5327978580990629,0.03547523427041499,7648,0.5338650627615066,0.6213389121338913,4.196129707112971,0.3883259239888427,2215,0.17993079584775087,0.12179930795847752,0.23195876288659795,0.18427835051546393,4008,0.663859780439122,0.6067864271457086,4.699850299401198,0.3788256819693945,13.2,12.94,12.32,11.84,-2,1,0
799,1205741176,1,15,15,13,14,3093,0.5609065155807366,0.10103871576959396,0.5514780835881753,0.16309887869520898,498,0.811914323962517,0.6847389558232931,6.855421686746988,0.35843373493975905,3676,0.5210430009149131,0.02058554437328454,0.5327540106951871,0.03542780748663102,7656,0.5336990595611288,0.6212121212121212,4.19644723092999,0.3883773075583423,2215,0.17993079584775087,0.12179930795847752,0.23195876288659795,0.18427835051546393,4018,0.6634519661523148,0.606769537083126,4.699352911896466,0.3788161606105856,13.18,12.9,12.3,11.84,0,2,1
800,1205741177,1,13,15,15,11,3093,0.5609065155807366,0.10103871576959396,0.5514780835881753,0.16309887869520898,498,0.811914323962517,0.6847389558232931,6.855421686746988,0.35843373493975905,3683,0.5212425765189584,0.02055733211512106,0.5326666666666666,0.035333333333333335,7664,0.5338596033402926,0.6210855949895616,4.1965031315240084,0.3883089770354909,2219,0.1798063623789765,0.12171507607192254,0.23234916559691912,0.18485237483953787,4025,0.6631677018633543,0.6067080745341615,4.699130434782608,0.37884057971014484,13.16,12.92,12.38,11.78,-2,-2,2
801,1205741178,1,14,14,13,12,3098,0.5609985869053227,0.10080075365049458,0.5514780835881753,0.16309887869520898,498,0.811914323962517,0.6847389558232931,6.855421686746988,0.35843373493975905,3689,0.5207667731629393,0.020538566864445457,0.5325797872340425,0.03590425531914894,7674,0.5341412561897319,0.6211884284597342,4.196377378160021,0.38825905655460025,2222,0.1796821008984105,0.1216309606081548,0.23431498079385404,0.18437900128040974,4028,0.6631703078450847,0.6065044687189672,4.6993545183714005,0.37880668652763977,13.18,12.92,12.38,11.78,0,1,2
802,1205741179,1,15,14,11,13,3102,0.5614117647058824,0.10070588235294117,0.5523906408952187,0.16276703967446593,499,0.8122912491649968,0.685370741482966,6.855711422845691,0.35821643286573146,3696,0.5211845102505694,0.02050113895216401,0.5335102853351028,0.035832780358327807,7681,0.5341101419086058,0.621533654472074,4.196588985809139,0.388230699127718,2224,0.18012422360248448,0.12146307798481712,0.23431498079385404,0.18437900128040974,4034,0.6634234010907291,0.6063460585027268,4.699553792761527,0.3787390513964633,13.2,12.92,12.36,11.82,1,4,2
803,1205741180,1,14,15,10,14,3107,0.561618062088429,0.1006585136406397,0.5531914893617021,0.16312056737588654,499,0.8122912491649968,0.685370741482966,6.855711422845691,0.35821643286573146,3701,0.521383075523203,0.020473157415832575,0.532803180914513,0.03578528827037773,7690,0.5343953185955789,0.6210663198959688,4.196618985695709,0.38823146944083253,2227,0.18056512749827705,0.12129565816678153,0.23529411764705882,0.18414322250639387,4037,0.6635496655932626,0.6063908843200396,4.699529353480307,0.3787053092230203,13.2,12.94,12.28,11.92,-1,4,0
804,1205741181,1,16,14,10,13,3111,0.5615601503759399,0.10103383458646617,0.5540950455005056,0.16279069767441862,500,0.8126666666666669,0.684,6.856,0.359,3702,0.521383075523203,0.020473157415832575,0.5331125827814569,0.03576158940397351,7701,0.5343678310176171,0.6209583171016752,4.196857550967406,0.3882612647708093,2229,0.18031658637302134,0.12112869924294563,0.23529411764705882,0.18414322250639387,4042,0.6634710539336964,0.6061355764473033,4.698911429985156,0.3786698004288305,13.3,13.0,12.24,11.98,2,6,3
805,1205741182,1,13,14,14,12,3113,0.5615601503759399,0.10103383458646617,0.5529767911200807,0.16246215943491424,500,0.8126666666666669,0.684,6.856,0.359,3706,0.5208900999091735,0.020435967302452316,0.5331125827814569,0.03576158940397351,7711,0.5341287338434274,0.6211905070678252,4.197120995979769,0.38834133056672315,2231,0.18019257221458046,0.12104539202200826,0.23499361430395913,0.18518518518518517,4050,0.6637654320987657,0.6061728395061728,4.698518518518519,0.3786625514403291,13.28,13.02,12.3,12.0,-1,-1,1
806,1205741183,1,13,15,12,11,3114,0.5612963832785345,0.10098637858149366,0.5529767911200807,0.16246215943491424,501,0.8130405854956755,0.6846307385229541,6.8562874251497,0.3587824351297405,3712,0.5208522212148685,0.020398912058023574,0.533068783068783,0.03571428571428571,7718,0.5341625637038959,0.62140450894014,4.1970717802539514,0.3883130344648876,2231,0.18019257221458046,0.12104539202200826,0.23499361430395913,0.18518518518518517,4059,0.6636486819413651,0.6063069721606307,4.697955161369795,0.37868522624620177,13.32,13.08,12.3,12.02,-2,1,2
807,1205741184,1,12,13,13,13,3121,0.5609756097560976,0.10084427767354597,0.5537688442211055,0.16180904522613065,502,0.8124169986719789,0.6832669322709163,6.854581673306773,0.35906374501992033,3715,0.5203804347826086,0.020380434782608696,0.5327164573694646,0.0356906807666887,7729,0.5341139431578042,0.6206495018760513,4.196791305472894,0.3883102600595164,2235,0.18019257221458046,0.12104539202200826,0.2337992376111817,0.18424396442185514,4062,0.663527818808469,0.6061053668143771,4.697932053175776,0.3786517314951583,13.28,13.12,12.32,12.04,-1,-1,-1
808,1205741185,1,12,10,12,14,3125,0.5613295880149812,0.10065543071161048,0.5537688442211055,0.16180904522613065,502,0.8124169986719789,0.6832669322709163,6.854581673306773,0.35906374501992033,3717,0.5201448619284744,0.020371208691715707,0.5323645970937912,0.035667107001321,7743,0.53411683671273,0.6205605062637221,4.1960480433940335,0.388350768436007,2242,0.17982155113246398,0.12148249828414551,0.23388116308470291,0.18710493046776233,4064,0.6635703740157483,0.6062992125984252,4.698080708661418,0.37864993438320205,13.26,13.08,12.28,12.1,2,0,-2
809,1205741186,1,14,14,14,10,3128,0.5617399438727783,0.10056127221702525,0.5542168674698795,0.16164658634538154,502,0.8124169986719789,0.6832669322709163,6.854581673306773,0.35906374501992033,3719,0.5203619909502263,0.020361990950226245,0.5326732673267327,0.03564356435643564,7751,0.533888100460156,0.6205650883756935,4.196877822216488,0.38830473487291994,2244,0.17969821673525377,0.12139917695473251,0.2335858585858586,0.18686868686868688,4073,0.663208936901547,0.6061870856862264,4.698502332433096,0.37861117931090915,13.26,13.08,12.3,12.06,0,0,4
810,1205741187,1,14,14,13,12,3131,0.5614198972442783,0.10088743577767398,0.5542168674698795,0.16164658634538154,503,0.8127899271040426,0.68389662027833,6.854870775347912,0.3588469184890656,3720,0.5205789235639982,0.0203527815468114,0.5326732673267327,0.03564356435643564,7762,0.5333891608691921,0.6204586446792064,4.197500644163875,0.38836640041226517,2245,0.17957505140507196,0.12131596984235778,0.2335858585858586,0.18686868686868688,4081,0.6629298374581395,0.6054888507718696,4.697623131585396,0.3785428408069917,13.26,13.08,12.26,12.0,0,1,2
811,1205741188,1,13,14,11,14,3136,0.5610438024231128,0.1015843429636533,0.5542168674698795,0.16164658634538154,503,0.8127899271040426,0.68389662027833,6.854870775347912,0.3588469184890656,3724,0.520776874435411,0.02032520325203252,0.5323218997361477,0.03562005277044855,7770,0.533676533676534,0.6205920205920206,4.197425997425998,0.38835263835263867,2247,0.17945205479452056,0.12123287671232877,0.23455233291298866,0.18663303909205547,4088,0.6630177756033923,0.6054305283757339,4.6974070450097845,0.3785061969993476,13.24,13.1,12.2,12.04,-1,2,-1
812,1205741189,1,12,14,10,11,3138,0.5607824871914299,0.10153702841173731,0.5546639919759278,0.16148445336008024,503,0.8127899271040426,0.68389662027833,6.854870775347912,0.3588469184890656,3727,0.521425349571493,0.02029769959404601,0.5323218997361477,0.03562005277044855,7779,0.5336375712388056,0.620388224707546,4.19719758323692,0.3883211209667055,2252,0.17932922655715264,0.12114989733059549,0.23337515683814303,0.18695106649937265,4095,0.6624949124949127,0.6053724053724053,4.696947496947497,0.3784696784696784,13.24,13.1,12.18,12.02,-2,2,1
813,1205741190,1,14,14,14,13,3143,0.5609869646182495,0.10148975791433892,0.5544455544455544,0.16083916083916083,503,0.8127899271040426,0.68389662027833,6.854870775347912,0.3588469184890656,3733,0.5207207207207207,0.02072072072072072,0.533245556287031,0.03554970375246873,7787,0.5337956423098329,0.6205213817901631,4.197123410812893,0.3883074354693723,2255,0.17920656634746923,0.1210670314637483,0.2327909887359199,0.18898623279098872,4100,0.662418699186992,0.6051219512195122,4.696829268292683,0.3784349593495934,13.28,13.14,12.2,12.04,0,0,1
814,1205741191,1,11,11,14,12,3145,0.5611912517449976,0.10144253140995813,0.5548902195608783,0.16067864271457086,505,0.8095709570957098,0.6831683168316832,6.855445544554455,0.3589108910891089,3735,0.5209365150832959,0.020711391265195857,0.5335526315789474,0.035526315789473684,7796,0.533371814605781,0.620318111852232,4.198178553104156,0.38836155293312835,2257,0.17908407382091593,0.12098427887901572,0.2325,0.19,4108,0.6624675430055179,0.6049172346640701,4.697176241480039,0.3783674131775397,13.22,13.04,12.24,12.02,0,-3,-1
815,1205741192,1,14,14,12,12,3149,0.5615992561599256,0.10134821013482101,0.5547808764940239,0.1603585657370518,505,0.8095709570957098,0.6831683168316832,6.855445544554455,0.3589108910891089,3739,0.5211521152115212,0.020702070207020702,0.5331582403151675,0.03545633617859488,7807,0.5335809743392684,0.6202126296913026,4.197130780069169,0.38830536697835305,2261,0.1795221843003413,0.12150170648464163,0.23316708229426433,0.19077306733167082,4112,0.6625526913099872,0.6050583657587548,4.6979571984435795,0.3783641374837872,13.22,13.06,12.26,12.02,0,2,2
816,1205741193,1,13,13,14,13,3153,0.5612813370473537,0.10167130919220056,0.5552238805970149,0.16019900497512438,506,0.809947299077734,0.6818181818181818,6.853754940711463,0.358695652173913,3741,0.5213675213675214,0.0206927575348628,0.5328083989501312,0.03543307086614173,7817,0.5333461259647779,0.6203146987335295,4.197134450556479,0.3882243827555331,2263,0.17939972714870395,0.12210095497953616,0.2328767123287671,0.1917808219178082,4120,0.6626011326860843,0.6050970873786408,4.699029126213592,0.37823624595469246,13.2,13.06,12.3,12.02,0,-1,0
817,1205741194,1,11,13,14,12,3155,0.5610208816705337,0.10162412993039444,0.5556660039761432,0.16003976143141152,507,0.8103221564760028,0.6824457593688363,6.854043392504931,0.358974358974359,3744,0.5213483146067416,0.020674157303370785,0.5331147540983606,0.03540983606557377,7825,0.533184238551651,0.6203194888178913,4.197699680511182,0.3882747603833869,2271,0.17891156462585034,0.12244897959183673,0.23172242874845106,0.19083023543990088,4125,0.6628888888888891,0.6048484848484849,4.700121212121212,0.37814141414141406,13.2,13.06,12.3,12.02,-2,-3,-1
818,1205741195,1,15,15,14,12,3156,0.5612244897959183,0.10157699443413729,0.5556660039761432,0.16003976143141152,507,0.8103221564760028,0.6824457593688363,6.854043392504931,0.358974358974359,3745,0.5213483146067416,0.020674157303370785,0.5334207077326344,0.035386631716906945,7829,0.5331672840294633,0.6202580150721676,4.1982373227743,0.3882679780304001,2271,0.17891156462585034,0.12244897959183673,0.23172242874845106,0.19083023543990088,4138,0.662578540357661,0.6051232479458676,4.700579990333495,0.3782221685194135,13.22,13.08,12.3,12.02,0,1,3
819,1205741196,1,11,13,11,15,3160,0.5609078276980083,0.10143584993052339,0.5551142005958292,0.15988083416087387,508,0.810695538057743,0.6811023622047244,6.854330708661418,0.359251968503937,3752,0.5219730941704036,0.02062780269058296,0.5333769633507853,0.03534031413612566,7838,0.5328102407076638,0.6203113039040572,4.197882112783874,0.3882367951007913,2274,0.17854718262050237,0.12219959266802444,0.23172242874845106,0.19083023543990088,4143,0.6625030171373403,0.6053584359160029,4.700699975862901,0.37812776570922835,13.16,13.1,12.28,12.08,-2,0,-4
820,1205741197,1,14,12,12,11,3162,0.5611111111111111,0.10138888888888889,0.5545634920634921,0.16071428571428573,508,0.810695538057743,0.6811023622047244,6.854330708661418,0.359251968503937,3759,0.5214861235452104,0.020590868397493287,0.5342913128674069,0.03527106466361855,7846,0.5328405132126777,0.6204435381085903,4.197680346673464,0.38820205624946924,2277,0.17886178861788618,0.12262872628726287,0.23172242874845106,0.19083023543990088,4148,0.662508036001286,0.6051108968177434,4.700578592092575,0.3781541305046608,13.2,13.1,12.28,12.04,2,2,3
821,1205741198,1,13,13,13,11,3164,0.5613142063859324,0.1013419713095789,0.554013875123885,0.1605550049554014,509,0.8110674525212838,0.6797642436149313,6.854616895874264,0.3600196463654224,3765,0.5216808225301743,0.02056325435851587,0.5338983050847458,0.035202086049543675,7857,0.5326036230961778,0.620593101692758,4.19663993890798,0.38821008866827916,2281,0.17874069058903183,0.12254570074475288,0.23333333333333334,0.19012345679012346,4152,0.6625923249839437,0.6052504816955684,4.700626204238921,0.37821130378933837,13.2,13.16,12.3,12.02,0,0,2
822,1205741199,1,12,12,11,13,3169,0.561662817551963,0.10115473441108545,0.5534653465346535,0.1603960396039604,509,0.8110674525212838,0.6797642436149313,6.854616895874264,0.3600196463654224,3765,0.5216808225301743,0.02056325435851587,0.5338983050847458,0.035202086049543675,7867,0.5323291385958225,0.6204398118723783,4.196771323249015,0.38822507520867794,2282,0.17874069058903183,0.12254570074475288,0.23304562268803947,0.18988902589395806,4160,0.66239983974359,0.6055288461538462,4.700240384615385,0.3780248397435897,13.14,13.14,12.26,12.06,0,1,-1
823,1205741200,1,12,13,12,12,3172,0.5614035087719298,0.10110803324099724,0.5543478260869565,0.1600790513833992,509,0.8110674525212838,0.6797642436149313,6.854616895874264,0.3600196463654224,3769,0.521875,0.020535714285714286,0.5335504885993485,0.03517915309446254,7879,0.5323010534331771,0.620383297372763,4.197233151415154,0.3882366628590772,2286,0.17905405405405406,0.12297297297297298,0.23275862068965517,0.19088669950738915,4164,0.6623238872878645,0.6056676272814602,4.699807877041306,0.3781420108869676,13.1,13.12,12.26,12.06,-1,0,0
824,1205741201,1,14,13,12,13,3174,0.5616059067835718,0.1010613751730503,0.5547877591312932,0.15992102665350444,509,0.8110674525212838,0.6797642436149313,6.854616895874264,0.3600196463654224,3773,0.5223015165031222,0.020517395182872437,0.5335068314899154,0.03513337670787248,7890,0.5321292775665403,0.6200253485424588,4.197465145754119,0.38823405154203666,2289,0.1794871794871795,0.12280701754385964,0.23247232472324722,0.1906519065190652,4170,0.6624500399680259,0.6059952038369305,4.699520383693046,0.3780175859312549,13.14,13.12,12.26,12.08,1,2,1
825,1205741202,1,11,15,13,13,3179,0.5616942909760589,0.10082872928176796,0.5547877591312932,0.15992102665350444,509,0.8110674525212838,0.6797642436149313,6.854616895874264,0.3600196463654224,3775,0.5220686580472581,0.02050824788230049,0.5338101430429129,0.035110533159947985,7903,0.5320553376354974,0.6201442490193597,4.197899531823358,0.38823864355308146,2291,0.1792452830188679,0.12331536388140162,0.23247232472324722,0.1906519065190652,4176,0.6621767241379313,0.6056034482758621,4.699712643678161,0.37817289272030646,13.1,13.16,12.26,12.1,-4,-2,-2
826,1205741203,1,16,13,11,12,3184,0.5620404411764706,0.10064338235294118,0.5552268244575936,0.15976331360946747,510,0.8114379084967323,0.6803921568627451,6.854901960784313,0.3602941176470588,3782,0.5222419928825622,0.020462633451957295,0.5337662337662338,0.03506493506493506,7909,0.5320099464744809,0.6203059805285118,4.1978758376533065,0.3883023559657777,2293,0.180349932705249,0.12314939434724091,0.23247232472324722,0.1906519065190652,4182,0.662422285987566,0.6054519368723099,4.699186991869919,0.37828790052606404,13.16,13.16,12.2,12.14,3,5,4
827,1205741204,1,12,12,12,12,3185,0.5622416169039963,0.10059715204409739,0.5552268244575936,0.15976331360946747,511,0.8118069145466408,0.6790606653620352,6.85518590998043,0.36056751467710374,3782,0.5222419928825622,0.020462633451957295,0.5337662337662338,0.03506493506493506,7919,0.5317801069158566,0.6201540598560424,4.200025255714105,0.3881908490129229,2293,0.180349932705249,0.12314939434724091,0.23247232472324722,0.1906519065190652,4192,0.662432410941476,0.6052003816793893,4.699666030534351,0.3782204198473282,13.16,13.2,12.24,12.14,0,0,0
828,1205741205,1,12,12,13,14,3186,0.5619834710743802,0.10055096418732783,0.5552268244575936,0.15976331360946747,512,0.8121744791666669,0.6796875,6.85546875,0.3603515625,3786,0.5220097821253891,0.020453534904401955,0.5346727154893065,0.03499675955930007,7929,0.5315298272165471,0.6200025223861774,4.199772985244041,0.3882057426325307,2297,0.180658159838818,0.1229012760241773,0.2321867321867322,0.1904176904176904,4199,0.6626379296657936,0.6049059299833294,4.699452250535842,0.3781455902198936,13.16,13.18,12.24,12.2,0,-1,-2
829,1205741206,1,13,12,13,13,3192,0.5621274644658414,0.10041265474552957,0.5545722713864307,0.1592920353982301,512,0.8121744791666669,0.6796875,6.85546875,0.3603515625,3790,0.5219902265659707,0.020435362061306087,0.5339805825242718,0.03495145631067961,7941,0.5317340385341899,0.6199471099357764,4.199345170633421,0.38815430466356077,2299,0.18053691275167785,0.12281879194630872,0.2331288343558282,0.1901840490797546,4202,0.6627597969221007,0.605188005711566,4.699428843407901,0.37817309217832773,13.14,13.14,12.22,12.2,1,0,0
830,1205741207,1,13,13,12,12,3195,0.5627289377289377,0.10027472527472528,0.5545722713864307,0.1592920353982301,513,0.8112410656270307,0.6803118908382066,6.853801169590644,0.3611111111111111,3793,0.5224145583666223,0.020417221482467822,0.5336351875808538,0.03492884864165589,7951,0.5317360499727499,0.6199220223871211,4.199849075587976,0.3881377604494197,2300,0.18053691275167785,0.12281879194630872,0.23284313725490197,0.19117647058823528,4209,0.6622515245109687,0.6048942741743882,4.699453551912568,0.3782569097964678,13.16,13.14,12.22,12.22,0,1,1
831,1205741208,1,14,11,12,13,3197,0.5631290027447392,0.10018298261665141,0.5545722713864307,0.1592920353982301,514,0.8096627756160831,0.6809338521400778,6.85408560311284,0.36089494163424124,3799,0.5223748338502436,0.020824102791315906,0.5335917312661499,0.03488372093023256,7960,0.5317629815745396,0.6198492462311558,4.2,0.38804438860971563,2300,0.18053691275167785,0.12281879194630872,0.23284313725490197,0.19117647058823528,4215,0.6622578094108345,0.6052194543297746,4.699406880189798,0.3781929616449189,13.16,13.14,12.24,12.24,3,2,1
832,1205741209,1,13,13,14,12,3199,0.5630712979890311,0.10054844606946983,0.5545722713864307,0.1592920353982301,515,0.8080906148867315,0.6815533980582524,6.854368932038835,0.36067961165048545,3809,0.5227373068432671,0.02075055187637969,0.5335483870967742,0.03483870967741935,7967,0.5319861093678091,0.6199322204091879,4.199824275134931,0.3879858583322877,2300,0.18053691275167785,0.12281879194630872,0.23284313725490197,0.19117647058823528,4221,0.6622640764431811,0.605543710021322,4.699597251836058,0.37824765063571025,13.14,13.12,12.3,12.26,0,-1,1
833,1205741210,1,13,14,14,11,3202,0.5625570776255707,0.10136986301369863,0.5540275049115914,0.15913555992141454,516,0.8065245478036177,0.6821705426356589,6.854651162790698,0.36046511627906974,3812,0.5227172474636083,0.0211733568592854,0.533204384268214,0.03481624758220503,7975,0.5319958202716825,0.6200626959247649,4.2,0.38794148380355314,2302,0.18029490616621985,0.12265415549597855,0.23284313725490197,0.19117647058823528,4229,0.6622724048238356,0.6053440529676046,4.699929061243793,0.37835973831481035,13.16,13.16,12.38,12.26,-1,-1,2
834,1205741211,1,11,13,14,12,3205,0.5625,0.10173357664233576,0.5534838076545633,0.1589793915603533,516,0.8065245478036177,0.6821705426356589,6.854651162790698,0.36046511627906974,3814,0.5224867724867724,0.021164021164021163,0.5335051546391752,0.03479381443298969,7987,0.5316347397854849,0.6198823087517216,4.201452360085138,0.3879220399816372,2302,0.18029490616621985,0.12265415549597855,0.23284313725490197,0.19117647058823528,4239,0.6617716442557209,0.6050955414012739,4.699929228591649,0.3782928363607768,13.1,13.16,12.44,12.22,-2,-3,-1
835,1205741212,1,12,14,12,13,3207,0.5626994984040128,0.10168718650250798,0.553921568627451,0.1588235294117647,516,0.8065245478036177,0.6821705426356589,6.854651162790698,0.36046511627906974,3821,0.5217965653896962,0.021136063408190225,0.5340616966580977,0.03470437017994859,7998,0.531653746770026,0.619904976244061,4.202550637659415,0.38788863882637364,2302,0.18029490616621985,0.12265415549597855,0.23284313725490197,0.19117647058823528,4247,0.6615846479868145,0.6048975747586531,4.700023546032494,0.3782277686209873,13.04,13.16,12.46,12.22,-2,0,-1
836,1205741213,1,10,12,12,11,3210,0.5628415300546448,0.10200364298724955,0.553921568627451,0.1588235294117647,516,0.8065245478036177,0.6821705426356589,6.854651162790698,0.36046511627906974,3822,0.5217965653896962,0.021136063408190225,0.5343609505459217,0.03468208092485549,8008,0.5317390942390944,0.620004995004995,4.202672327672327,0.387893356643357,2306,0.17981283422459893,0.12299465240641712,0.23284313725490197,0.19117647058823528,4256,0.6615953947368424,0.6045582706766918,4.701127819548872,0.3780936716791979,12.96,13.16,12.48,12.2,-2,-2,-1
837,1205741214,1,14,13,13,13,3211,0.5630405097860719,0.10195721438324988,0.553921568627451,0.1588235294117647,516,0.8065245478036177,0.6821705426356589,6.854651162790698,0.36046511627906974,3827,0.5215479331574319,0.021108179419525065,0.5349583066067992,0.03463758819756254,8016,0.531749001996008,0.6201347305389222,4.203717564870259,0.38788048902195643,2309,0.1801200800533689,0.12274849899933289,0.23284313725490197,0.19117647058823528,4262,0.6613679023932428,0.6044110746128578,4.700610042233693,0.3780306585327701,13.0,13.16,12.52,12.24,1,1,1
838,1205741215,1,16,14,13,13,3216,0.5629831741700773,0.10186448385629832,0.555229716520039,0.15835777126099707,517,0.8068987749838815,0.6808510638297872,6.854932301740813,0.3607350096711799,3833,0.5219683655536028,0.0210896309314587,0.5335892514395394,0.0345489443378119,8021,0.5316668744545568,0.6201221792793916,4.203216556539085,0.38785687570128446,2312,0.18054630246502332,0.12258494337108594,0.23378212974296206,0.1909424724602203,4267,0.6615694086399502,0.6044059057886103,4.700492149050856,0.3781149910163268,13.06,13.18,12.5,12.3,2,3,3
839,1205741216,1,15,14,14,13,3219,0.5631818181818182,0.10181818181818182,0.5551219512195122,0.15804878048780488,517,0.8068987749838815,0.6808510638297872,6.854932301740813,0.3607350096711799,3834,0.5221783047870004,0.021080368906455864,0.5335892514395394,0.0345489443378119,8033,0.5314328395369103,0.6200672227063364,4.203784389393751,0.3878376696128473,2312,0.18054630246502332,0.12258494337108594,0.23378212974296206,0.1909424724602203,4275,0.6617348927875245,0.6044444444444445,4.7003508771929825,0.37810916179337223,13.08,13.18,12.54,12.34,1,1,2
840,1205741217,1,15,14,13,12,3222,0.5635785649409628,0.10172570390554042,0.5555555555555556,0.15789473684210525,518,0.8072715572715574,0.6795366795366795,6.855212355212355,0.361003861003861,3840,0.5217010083296799,0.02104340201665936,0.534185303514377,0.03450479233226837,8041,0.5315259296107451,0.6203208556149733,4.203830369357045,0.38787671516809713,2316,0.18018617021276595,0.12234042553191489,0.23471882640586797,0.19070904645476772,4280,0.6615070093457946,0.6044392523364486,4.700233644859813,0.37825155763239865,13.12,13.14,12.56,12.32,1,2,3
841,1205741218,1,12,12,13,8,3226,0.563265306122449,0.10204081632653061,0.5559883154819864,0.15774099318403115,519,0.8076429030186257,0.6782273603082851,6.853564547206166,0.36127167630057805,3844,0.5212439772229522,0.02102496714848883,0.5341416719846841,0.03446075303126994,8049,0.5313082370480806,0.6202012672381663,4.203752018884334,0.3877707375657435,2318,0.18006644518272424,0.12225913621262459,0.23565323565323565,0.19047619047619047,4287,0.6617098203872174,0.6043853510613483,4.700489853044087,0.3782754062670087,13.18,13.2,12.56,12.28,0,-1,4
842,1205741219,1,12,13,12,13,3227,0.563265306122449,0.10204081632653061,0.5554474708171206,0.1575875486381323,520,0.8080128205128206,0.676923076923077,6.8538461538461535,0.3610576923076923,3849,0.5205599300087489,0.021434820647419073,0.5340981516889739,0.03441682600382409,8060,0.5312655086848637,0.6198511166253102,4.203846153846154,0.3877688172043014,2323,0.1806108897742364,0.12217795484727756,0.2345078979343864,0.19076549210206561,4292,0.661521435228332,0.6041472506989748,4.700372786579683,0.378300714507611,13.14,13.2,12.56,12.3,-1,0,-1
843,1205741220,1,13,13,14,11,3232,0.5636034404708012,0.10185604345857854,0.5549076773566569,0.15743440233236153,521,0.8083813179782471,0.6756238003838771,6.854126679462572,0.3613243761996161,3855,0.5207514198339886,0.021406727828746176,0.5337150127226463,0.03435114503816794,8068,0.5310692447529336,0.6198562221120476,4.2033961328705995,0.3879110890761861,2324,0.1806108897742364,0.12217795484727756,0.2354368932038835,0.19053398058252427,4297,0.6614498487316735,0.6043751454503141,4.700255992552944,0.37838414397641756,13.12,13.2,12.6,12.26,0,-1,2
844,1205741221,1,12,13,11,10,3236,0.5630936227951153,0.10176390773405698,0.5548011639185257,0.1571290009699321,521,0.8083813179782471,0.6756238003838771,6.854126679462572,0.3613243761996161,3858,0.5202968136185072,0.02182453077258839,0.533375715193897,0.034329307056579786,8079,0.5312126088212239,0.6198786978586459,4.203738086396831,0.38787803771093815,2325,0.1804910418049104,0.12209688122096882,0.2354368932038835,0.19053398058252427,4304,0.6613034386617103,0.60432156133829,4.699349442379182,0.37846576827757117,13.06,13.22,12.58,12.22,-1,1,2
845,1205741222,1,13,12,14,10,3237,0.5628390596745028,0.10171790235081374,0.5548011639185257,0.1571290009699321,522,0.80874840357599,0.6762452107279694,6.854406130268199,0.3611111111111111,3867,0.520679146713104,0.021767522855899,0.5329949238578681,0.03426395939086294,8087,0.5310580767486914,0.6196364535674539,4.203660195375294,0.3879271258398255,2327,0.1804910418049104,0.12209688122096882,0.23728813559322035,0.1900726392251816,4310,0.6613495746326374,0.6044083526682135,4.699303944315545,0.37848027842227366,13.1,13.22,12.6,12.16,1,-1,3
846,1205741223,1,10,10,13,9,3237,0.5628390596745028,0.10171790235081374,0.5548011639185257,0.1571290009699321,523,0.8091140854047165,0.6768642447418738,6.852772466539197,0.36089866156787764,3868,0.52088772845953,0.02175805047867711,0.5329949238578681,0.03426395939086294,8095,0.5307185505456045,0.6196417541692403,4.204447189623224,0.38791435042207156,2327,0.1804910418049104,0.12209688122096882,0.23728813559322035,0.1900726392251816,4321,0.661401681709481,0.6044897014579959,4.699143716732238,0.37832677620921074,13.06,13.22,12.6,12.16,0,-3,1
847,1205741224,1,14,14,13,14,3242,0.5636281588447654,0.10153429602888087,0.5542635658914729,0.1569767441860465,523,0.8091140854047165,0.6768642447418738,6.852772466539197,0.36089866156787764,3871,0.5206611570247934,0.02174858634188778,0.5329531051964512,0.03485424588086185,8107,0.530549730685416,0.6198347107438017,4.203774515850499,0.3878952345709472,2333,0.1800132362673726,0.12177365982792852,0.23671497584541062,0.18961352657004832,4323,0.661327010563652,0.6046726810085589,4.699514226231783,0.37838306731436494,13.04,13.22,12.6,12.18,0,1,0
848,1205741225,1,13,13,11,12,3248,0.5630630630630631,0.10135135135135136,0.5531914893617021,0.15667311411992263,523,0.8091140854047165,0.6768642447418738,6.852772466539197,0.36089866156787764,3875,0.5206431986093003,0.0217296827466319,0.5329113924050632,0.03481012658227848,8117,0.5305120939591804,0.6200566711839349,4.203153874584206,0.38800254609666984,2338,0.17941952506596306,0.12137203166226913,0.23671497584541062,0.18961352657004832,4325,0.6613680154142584,0.6046242774566474,4.699653179190752,0.3783815028901733,13.06,13.2,12.6,12.18,0,2,1
849,1205741226,1,14,14,16,12,3253,0.5629496402877698,0.10116906474820143,0.5526570048309178,0.1565217391304348,523,0.8091140854047165,0.6768642447418738,6.852772466539197,0.36089866156787764,3877,0.5208514335360556,0.021720243266724587,0.5332068311195446,0.03478810879190386,8127,0.5305360731717322,0.6200319921250154,4.203396087117017,0.38801730855994454,2340,0.17941952506596306,0.12137203166226913,0.236144578313253,0.1891566265060241,4330,0.661181678214011,0.6046189376443418,4.699769053117783,0.378406466512702,13.04,13.18,12.66,12.14,0,-2,2
850,1205741227,1,12,13,10,11,3256,0.5631460674157304,0.10112359550561797,0.5515911282545806,0.15814850530376084,524,0.8094783715012724,0.6774809160305344,6.853053435114504,0.3606870229007634,3884,0.5208152645273201,0.02168256721595837,0.5340909090909091,0.034722222222222224,8136,0.5303793838085875,0.619960668633235,4.20366273352999,0.38795681743690624,2342,0.17930125247198417,0.12129202373104812,0.2358604091456077,0.1901323706377858,4338,0.6611149531274014,0.6044260027662517,4.699400645458737,0.37828492392807733,13.02,13.14,12.56,12.14,-1,2,1
851,1205741228,1,11,13,10,12,3259,0.5637342908438061,0.10098743267504488,0.5515911282545806,0.15814850530376084,524,0.8094783715012724,0.6774809160305344,6.853053435114504,0.3606870229007634,3886,0.5207972270363952,0.021663778162911613,0.5340909090909091,0.034722222222222224,8147,0.5302769935763677,0.6201055603289555,4.203510494660612,0.38798535248148636,2349,0.1792514773473408,0.1221273801707157,0.23557692307692307,0.18990384615384615,4344,0.6612377225291591,0.6042817679558011,4.7000460405156534,0.3782803867403314,12.96,13.12,12.5,12.14,-2,1,-1
852,1205741229,1,13,13,12,12,3264,0.5633676668159426,0.10076130765785939,0.5515911282545806,0.15814850530376084,524,0.8094783715012724,0.6774809160305344,6.853053435114504,0.3606870229007634,3887,0.5207972270363952,0.021663778162911613,0.534384858044164,0.03470031545741325,8158,0.5303383182152489,0.6202500612895318,4.204339298847756,0.38798316580861353,2355,0.17889908256880735,0.12254259501965924,0.23592814371257484,0.18922155688622755,4349,0.661128995171304,0.604276845251782,4.701540584042308,0.37830535755346045,12.92,13.1,12.52,12.12,0,1,1
853,1205741230,1,13,13,11,12,3270,0.5638963360142984,0.10053619302949061,0.5510597302504817,0.1579961464354528,524,0.8094783715012724,0.6774809160305344,6.853053435114504,0.3606870229007634,3891,0.5212121212121212,0.021645021645021644,0.5337114051669817,0.03465658475110271,8169,0.53025666136206,0.6203941730934018,4.2044313869506675,0.38795038152364664,2358,0.1787819253438114,0.12246234446627374,0.23655913978494625,0.18876941457586618,4353,0.6610957960027569,0.6046404778313806,4.701585113714679,0.3783023202389156,12.9,13.06,12.54,12.08,0,2,1
854,1205741231,1,15,13,14,12,3276,0.564228367528992,0.10035682426404996,0.5509615384615385,0.15865384615384615,524,0.8094783715012724,0.6774809160305344,6.853053435114504,0.3606870229007634,3896,0.5207612456747405,0.022058823529411766,0.5339622641509434,0.03522012578616352,8178,0.5301418439716313,0.620078258742969,4.204328686720469,0.38801255400668494,2362,0.17866492146596857,0.12238219895287958,0.2369047619047619,0.1880952380952381,4356,0.6610613712886443,0.6046831955922864,4.701561065197429,0.37838613406795213,12.88,13.04,12.62,12.06,2,1,3
855,1205741232,1,13,13,11,12,3277,0.5644226482389657,0.10031208203299152,0.5509615384615385,0.15865384615384615,525,0.8079365079365081,0.6761904761904762,6.851428571428571,0.36047619047619045,3899,0.520968439256377,0.02204928664072633,0.5332914572864321,0.035175879396984924,8188,0.5301660967269175,0.6202979970688813,4.204323400097704,0.3879152418172939,2363,0.17920209287115763,0.1223021582733813,0.2369047619047619,0.1880952380952381,4364,0.6609570730216929,0.6044912923923006,4.701191567369386,0.37837992667277714,12.88,13.02,12.56,12.06,0,2,1
856,1205741233,1,16,12,14,13,3281,0.5650044523597507,0.10017809439002671,0.5504322766570605,0.1585014409221902,526,0.8083016476552599,0.6768060836501901,6.85171102661597,0.36074144486692017,3905,0.5213638325420803,0.0220112214069918,0.533249686323714,0.03513174404015056,8197,0.5301126428368103,0.6203489081371233,4.203855068927656,0.38800780773453736,2365,0.17896799477465708,0.12214239059438275,0.2369047619047619,0.1880952380952381,4368,0.6608096764346767,0.6046245421245421,4.701465201465202,0.3783768315018314,12.94,12.96,12.6,12.1,4,2,3
857,1205741234,1,12,13,12,13,3284,0.5651400622498889,0.10004446420631392,0.5504322766570605,0.1585014409221902,526,0.8083016476552599,0.6768060836501901,6.85171102661597,0.36074144486692017,3909,0.5215703192407247,0.02200172562553926,0.5322479649342517,0.03506574827802129,8209,0.530109229707232,0.6202947983920087,4.204897064197832,0.38801924716774305,2367,0.17885117493472585,0.12206266318537859,0.23662306777645659,0.187871581450654,4373,0.6606258098940471,0.6048479304825063,4.7015778641664765,0.3783443860050308,12.94,12.96,12.58,12.1,-1,0,-1
858,1205741235,1,12,11,13,13,3287,0.5653333333333334,0.1,0.5493767976989453,0.15819750719079578,527,0.8086654016445289,0.6755218216318786,6.851992409867172,0.3610056925996205,3917,0.5217578629900905,0.021973287376130978,0.5324594257178527,0.03495630461922597,8218,0.5297720451042428,0.6203455828668776,4.204185933317109,0.38798977853492367,2368,0.17873450750163078,0.12198303979125896,0.23662306777645659,0.187871581450654,4378,0.6606707781330899,0.6052992233896757,4.701461854728186,0.3782549109182274,12.94,12.98,12.6,12.08,1,-1,-1
859,1205741236,1,13,13,11,13,3289,0.5652753108348135,0.10035523978685613,0.5493767976989453,0.15819750719079578,531,0.8063402385436285,0.672316384180791,6.853107344632768,0.3615819209039548,3920,0.5213086526043909,0.021954369349978475,0.5321272613849033,0.034934497816593885,8227,0.5296179247194198,0.6205178072201288,4.205299623191929,0.3879299866293914,2374,0.1789199739752765,0.12166558230318802,0.23606168446026096,0.1874258600237248,4382,0.6605241137988744,0.6054313099041534,4.701049748973071,0.3782519397535371,12.92,12.96,12.54,12.14,0,2,0
860,1205741237,1,13,12,13,12,3299,0.565294378043382,0.10004426737494466,0.5497131931166348,0.1577437858508604,531,0.8063402385436285,0.672316384180791,6.853107344632768,0.3615819209039548,3922,0.5210843373493976,0.021944922547332185,0.5324189526184538,0.034912718204488775,8236,0.5297272138578599,0.6206896551724138,4.204589606605148,0.38793103448275895,2375,0.1788036410923277,0.12158647594278284,0.23606168446026096,0.1874258600237248,4385,0.6600722158874955,0.6052451539338655,4.701254275940707,0.3782212086659064,12.9,12.92,12.54,12.14,1,0,1
861,1205741238,1,16,12,12,13,3307,0.565121412803532,0.09977924944812362,0.5505725190839694,0.15744274809160305,531,0.8063402385436285,0.672316384180791,6.853107344632768,0.3615819209039548,3925,0.5212903225806451,0.02193548387096774,0.5323785803237858,0.034869240348692404,8244,0.5295164159792981,0.6209364386220282,4.204633672974285,0.3879791363415821,2377,0.17868745938921377,0.12150747238466536,0.23696682464454977,0.1872037914691943,4390,0.660079726651481,0.6050113895216401,4.701138952164009,0.3783029612756263,12.96,12.88,12.56,12.12,4,4,3
862,1205741239,1,13,13,12,13,3309,0.565063961182179,0.10013233348037054,0.5505725190839694,0.15744274809160305,531,0.8063402385436285,0.672316384180791,6.853107344632768,0.3615819209039548,3932,0.5212720240653201,0.02191663085517834,0.531967721911856,0.03476101800124146,8250,0.5295151515151516,0.620969696969697,4.204242424242424,0.38800000000000034,2380,0.17845554834523036,0.12199870214146658,0.2378698224852071,0.18698224852071005,4397,0.6606208778712762,0.6049579258585399,4.700250170570844,0.3782313698733984,12.98,12.86,12.6,12.16,0,1,0
863,1205741240,1,14,13,12,12,3311,0.5645658880564125,0.1004847950639048,0.5505725190839694,0.15744274809160305,533,0.8064415259537212,0.6716697936210131,6.849906191369606,0.3621013133208255,3937,0.5216831258050666,0.021897810218978103,0.5315985130111525,0.03469640644361834,8256,0.5294129521963825,0.6210029069767442,4.204457364341085,0.38804102067183494,2382,0.1782242384964355,0.1218405703175632,0.2378698224852071,0.18698224852071005,4405,0.6608967082860389,0.6047673098751419,4.700794551645857,0.3782822550132424,12.98,12.84,12.56,12.14,1,2,2
864,1205741241,1,15,13,12,11,3314,0.5647007042253521,0.10035211267605634,0.5505725190839694,0.15744274809160305,533,0.8064415259537212,0.6716697936210131,6.849906191369606,0.3621013133208255,3940,0.5214592274678111,0.02188841201716738,0.531559405940594,0.034653465346534656,8269,0.5292256218002983,0.621235941468134,4.20474059741202,0.38809610190672017,2386,0.178409825468649,0.12152553329023917,0.2378698224852071,0.18698224852071005,4410,0.6612811791383223,0.6047619047619047,4.700907029478458,0.37825018896447454,13.06,12.88,12.52,12.12,2,3,4
865,1205741242,1,13,14,12,14,3317,0.5642040457343888,0.10026385224274406,0.550047664442326,0.1572926596758818,533,0.8064415259537212,0.6716697936210131,6.849906191369606,0.3621013133208255,3941,0.5216645216645217,0.021879021879021878,0.531559405940594,0.034653465346534656,8281,0.529082638972749,0.621301775147929,4.204806182828161,0.38813750352211923,2392,0.17847938144329897,0.12177835051546392,0.23877068557919623,0.1867612293144208,4415,0.6613250283125711,0.6047565118912798,4.70079275198188,0.3781615704039259,13.04,12.88,12.52,12.16,-1,1,-1
866,1205741243,1,13,14,10,12,3321,0.5643390425999122,0.10057092665788318,0.5504761904761905,0.15714285714285714,534,0.8068039950062423,0.6722846441947565,6.850187265917603,0.36235955056179775,3948,0.521832191780822,0.02183219178082192,0.5315203955500618,0.034610630407911,8290,0.5289907519099317,0.6211097708082026,4.204825090470447,0.3881684760755934,2394,0.17824967824967825,0.12162162162162163,0.23877068557919623,0.1867612293144208,4420,0.6612933634992462,0.6052036199095022,4.7,0.37826168929110093,13.04,12.9,12.44,12.14,-1,3,1
867,1205741244,1,13,14,11,13,3324,0.564282580078982,0.10048266783677051,0.5499524262607041,0.15699333967649856,535,0.8071651090342681,0.6728971962616822,6.850467289719626,0.3621495327102804,3949,0.5220367993153616,0.021822849807445442,0.5315203955500618,0.034610630407911,8300,0.5288955823293173,0.6210843373493976,4.2055421686746985,0.38812248995983967,2396,0.1787781350482315,0.12154340836012861,0.2384887839433294,0.18654073199527746,4429,0.6609656054790399,0.605102731993678,4.699480695416573,0.37822683826296366,13.08,12.92,12.38,12.16,-1,2,0
868,1205741245,1,15,15,12,13,3327,0.5640350877192982,0.10087719298245613,0.5508072174738842,0.15669515669515668,535,0.8071651090342681,0.6728971962616822,6.850467289719626,0.3621495327102804,3953,0.5220179563916203,0.021804189824711415,0.5314814814814814,0.0345679012345679,8310,0.5288206979542721,0.6214199759326113,4.206016847172082,0.38804653028479774,2397,0.17866323907455012,0.12146529562982006,0.2384887839433294,0.18654073199527746,4436,0.6612751728283742,0.6050495942290351,4.699278629395852,0.37819356777877955,13.08,12.92,12.34,12.18,0,3,2
869,1205741246,1,14,13,15,13,3332,0.563922942206655,0.101138353765324,0.5512333965844403,0.15654648956356737,536,0.8075248756218907,0.6735074626865671,6.850746268656716,0.3619402985074627,3956,0.5219991456642461,0.021785561725758223,0.5311536088834053,0.0351634793337446,8319,0.5288696558079898,0.6214689265536724,4.206274792643346,0.3880474415995515,2400,0.1791907514450867,0.12138728323699421,0.23792697290930506,0.18610129564193167,4444,0.6612098709870989,0.6048604860486049,4.699144914491449,0.37818781878187807,13.14,12.92,12.42,12.14,1,-1,1
870,1205741247,1,15,14,13,11,3336,0.5643044619422573,0.1010498687664042,0.5501893939393939,0.15625,537,0.8072625698324024,0.6741154562383612,6.851024208566108,0.36266294227188084,3966,0.5221653878942881,0.021739130434782608,0.5313653136531366,0.03505535055350553,8323,0.5289759301533904,0.6215306980656014,4.206055508830951,0.3880111338059197,2400,0.1791907514450867,0.12138728323699421,0.23792697290930506,0.18610129564193167,4451,0.6608065603235231,0.6048079083352056,4.69916872612896,0.3782670560922638,13.16,12.96,12.44,12.14,1,2,4
871,1205741248,1,13,13,12,13,3341,0.5646288209606987,0.10087336244541485,0.5506149479659413,0.15610217596972564,538,0.8076208178438664,0.6747211895910781,6.851301115241636,0.362453531598513,3974,0.52190557209698,0.02211824755423224,0.5316144874155924,0.034990791896869246,8332,0.5291246599455914,0.621579452712434,4.205472875660106,0.3879820771323415,2401,0.1791907514450867,0.12138728323699421,0.2376470588235294,0.18705882352941178,4455,0.6607744107744111,0.6047138047138048,4.698989898989899,0.3782828282828281,13.16,12.96,12.42,12.18,0,1,0
872,1205741249,1,14,14,12,13,3343,0.5648188563945875,0.10082933216935835,0.5500945179584121,0.15595463137996218,540,0.8064814814814817,0.674074074074074,6.85,0.3625,3976,0.5216836734693877,0.022534013605442178,0.5312883435582823,0.03496932515337423,8340,0.5289168665067947,0.621462829736211,4.206115107913669,0.3879996003197445,2403,0.1791907514450867,0.12138728323699421,0.23708920187793428,0.18661971830985916,4463,0.6609716931809697,0.604750168048398,4.698857270894018,0.37850100829038746,13.2,13.0,12.44,12.18,0,2,1
873,1205741250,1,11,12,15,12,3345,0.5650087260034904,0.10078534031413612,0.5495750708215298,0.1558073654390935,540,0.8064814814814817,0.674074074074074,6.85,0.3625,3977,0.5216836734693877,0.022534013605442178,0.5309625996321276,0.03494788473329246,8353,0.5291112973382818,0.6215730875134682,4.2060337603256315,0.38793447463985026,2407,0.1797175866495507,0.12130937098844673,0.23625730994152047,0.1871345029239766,4469,0.660531811740136,0.6048332960393824,4.69859028865518,0.37849630789885863,13.18,12.98,12.5,12.18,-1,-4,-1
874,1205741251,1,13,12,11,12,3348,0.5655773420479303,0.10065359477124183,0.5495750708215298,0.1558073654390935,540,0.8064814814814817,0.674074074074074,6.85,0.3625,3978,0.5218869528261794,0.02252443688907777,0.5309625996321276,0.03494788473329246,8366,0.5291656705713604,0.6219220655032274,4.206191728424575,0.38789943421786627,2410,0.17937219730941703,0.1210762331838565,0.23625730994152047,0.1871345029239766,4476,0.6602435210008939,0.604781054512958,4.697944593386953,0.3786304736371759,13.16,12.96,12.48,12.16,1,2,1
875,1205741252,1,14,14,14,11,3352,0.56589821661592,0.10047846889952153,0.5495750708215298,0.1558073654390935,541,0.8068391866913126,0.6746765249537893,6.850277264325324,0.36229205175600737,3984,0.5216284987277354,0.022900763358778626,0.53125,0.034926470588235295,8375,0.5289850746268658,0.622089552238806,4.2058507462686565,0.38793034825870676,2412,0.17914267434420986,0.12156110044785669,0.23625730994152047,0.1871345029239766,4480,0.660435267857143,0.6051339285714286,4.6979910714285715,0.3785714285714284,13.22,12.94,12.5,12.12,0,0,3
876,1205741253,1,12,12,12,12,3356,0.5660295395308428,0.10034752389226759,0.5490566037735849,0.15566037735849056,542,0.8071955719557198,0.6752767527675276,6.850553505535055,0.3625461254612546,3985,0.5214073760067826,0.022891055532005086,0.53125,0.034926470588235295,8386,0.5291855473408064,0.6223467684235631,4.205461483424756,0.38789848159631163,2414,0.17914267434420986,0.12156110044785669,0.23570595099183198,0.18786464410735124,4486,0.6604436023183239,0.6047703967900133,4.697726259473919,0.3785666518056173,13.14,12.92,12.52,12.12,0,0,0
877,1205741254,1,13,12,14,11,3357,0.5662179765523231,0.10030395136778116,0.5490566037735849,0.15566037735849056,544,0.8051470588235297,0.6764705882352942,6.849264705882353,0.3625919117647059,3990,0.5215918712955123,0.02286198137171888,0.5312117503059975,0.03488372093023256,8393,0.5291016323126417,0.622185154295246,4.2062432979864175,0.3878728305333813,2417,0.17902813299232737,0.12148337595907928,0.2351571594877765,0.18742724097788127,4490,0.6606347438752787,0.6048997772828508,4.698218262806236,0.3785077951002226,13.16,12.92,12.56,12.1,1,-1,2
878,1205741255,1,13,13,13,13,3364,0.5658578856152513,0.10051993067590988,0.5499058380414312,0.1553672316384181,544,0.8051470588235297,0.6764705882352942,6.849264705882353,0.3625919117647059,3992,0.5213711383834109,0.022852306390181973,0.5308868501529052,0.03486238532110092,8403,0.5289479947637751,0.6220397477091515,4.20635487325955,0.3878575112063155,2417,0.17902813299232737,0.12148337595907928,0.2351571594877765,0.18742724097788127,4496,0.6607169335705815,0.6052046263345195,4.69817615658363,0.378447508896797,13.18,12.94,12.56,12.08,0,0,0
879,1205741256,1,14,14,15,12,3367,0.5660459073191858,0.10047639670853183,0.5507518796992481,0.1550751879699248,544,0.8051470588235297,0.6764705882352942,6.849264705882353,0.3625919117647059,3995,0.5213530655391121,0.022832980972515855,0.5311735941320294,0.03484107579462103,8415,0.5292038027332148,0.6222222222222222,4.205704099821747,0.38777975836799394,2422,0.17857142857142858,0.12181122448979592,0.23488372093023255,0.1872093023255814,4500,0.6606851851851854,0.6048888888888889,4.698222222222222,0.37849999999999984,13.2,12.98,12.6,12.06,0,-1,2
880,1205741257,1,13,13,11,13,3370,0.5664214625703159,0.10038944180008655,0.5511737089201878,0.15492957746478872,544,0.8051470588235297,0.6764705882352942,6.849264705882353,0.3625919117647059,3996,0.5211327134404058,0.02282333051563821,0.5311735941320294,0.03484107579462103,8429,0.5294518922766641,0.6224937715031439,4.207260647763673,0.38767944002847343,2426,0.1787531806615776,0.1227735368956743,0.23488372093023255,0.1872093023255814,4505,0.6608398076211619,0.6048834628190899,4.698779134295227,0.37846836847946713,13.2,12.98,12.58,12.08,0,2,0
881,1205741258,1,15,13,13,12,3373,0.5669835782195333,0.10025929127052723,0.5511737089201878,0.15492957746478872,544,0.8051470588235297,0.6764705882352942,6.849264705882353,0.3625919117647059,4002,0.5215189873417722,0.02278481012658228,0.5311355311355311,0.0347985347985348,8438,0.5296575017776727,0.6225408864659872,4.20715809433515,0.38773998577862084,2429,0.1792752701843611,0.12269548633184997,0.23433874709976799,0.18677494199535963,4510,0.6607723577235775,0.60509977827051,4.698669623059867,0.378381374722838,13.22,13.02,12.6,12.06,2,2,3
882,1205741259,1,14,13,12,12,3376,0.5671126456624946,0.10012947777298231,0.5511737089201878,0.15492957746478872,545,0.804587155963303,0.6770642201834862,6.84954128440367,0.3628440366972477,4009,0.5214827295703454,0.02274641954507161,0.5313833028641073,0.03473491773308958,8445,0.5296921255180582,0.6226169330965068,4.207815275310835,0.3877639628971781,2430,0.1797966963151207,0.12261753494282084,0.23433874709976799,0.18677494199535963,4517,0.6608921850785922,0.6054903697144122,4.697808279831746,0.3784591543059551,13.24,13.02,12.56,12.06,1,2,2
883,1205741260,1,14,14,13,13,3382,0.5669969840585954,0.0999569151227919,0.5510777881911902,0.15463917525773196,545,0.804587155963303,0.6770642201834862,6.84954128440367,0.3628440366972477,4014,0.5216659655027346,0.022717711400925537,0.5313451004260499,0.03469263542300669,8455,0.5298935541099943,0.622708456534595,4.207924305144885,0.3876601616400555,2433,0.1796825396825397,0.12253968253968255,0.2337962962962963,0.1875,4521,0.6608972941089731,0.6053970360539703,4.697854456978544,0.37862198628621974,13.26,13.02,12.54,12.1,0,1,1
884,1205741261,1,11,11,13,10,3384,0.5673697804563065,0.09987085665088248,0.5510777881911902,0.15463917525773196,545,0.804587155963303,0.6770642201834862,6.84954128440367,0.3628440366972477,4021,0.5212095758084838,0.02267954640907182,0.5303766707168894,0.03462940461725395,8464,0.5297436200378074,0.6226370510396976,4.207703213610586,0.3876614681789543,2434,0.17956852791878172,0.12246192893401016,0.2337962962962963,0.1875,4527,0.6609049407260145,0.6059200353434946,4.69759222443119,0.3785067373536557,13.26,12.98,12.52,12.06,0,-2,1
885,1205741262,1,13,12,13,11,3391,0.5672539750752041,0.09969918349806618,0.5504672897196262,0.15514018691588785,545,0.804587155963303,0.6770642201834862,6.84954128440367,0.3628440366972477,4023,0.5207721359630717,0.02308015107007973,0.5303766707168894,0.03462940461725395,8477,0.5297373284573947,0.6226259289843105,4.2078565530258345,0.38774527151901256,2436,0.1794546607482562,0.1223842739378567,0.23352601156069364,0.1884393063583815,4531,0.6610203781358053,0.6058265283601854,4.69763849039947,0.3785588170381813,13.28,12.94,12.54,12.02,1,0,2
886,1205741263,1,14,13,10,11,3393,0.5671962215543151,0.1000429368827823,0.5504672897196262,0.15514018691588785,546,0.8049450549450552,0.6758241758241759,6.8498168498168495,0.3626373626373626,4027,0.5215751989945538,0.02304147465437788,0.5303766707168894,0.03462940461725395,8488,0.5295613415017282,0.6226437323279924,4.207587181903865,0.3878612943763748,2441,0.17997465145754118,0.12230671736375158,0.23245109321058688,0.18757192174913695,4535,0.6609886071297318,0.6059536934950386,4.69768467475193,0.3786108048511575,13.36,12.96,12.5,12.02,1,4,3
887,1205741264,1,13,13,9,12,3396,0.567381974248927,0.1,0.5503731343283582,0.15485074626865672,548,0.8047445255474455,0.6751824817518248,6.848540145985401,0.36313868613138683,4030,0.5213389121338912,0.02301255230125523,0.5303766707168894,0.03462940461725395,8496,0.5292981010671691,0.6222928436911488,4.207509416195857,0.3878295668549909,2444,0.1798606713109563,0.12222925902469918,0.23191733639494833,0.18714121699196326,4543,0.6612554112554114,0.6062073519700638,4.697776799471715,0.37843935725291644,13.34,12.96,12.42,12.0,0,4,1
888,1205741265,1,11,12,12,11,3402,0.5668380462724936,0.10068551842330763,0.5512104283054003,0.15456238361266295,548,0.8047445255474455,0.6751824817518248,6.848540145985401,0.36313868613138683,4034,0.5209030100334449,0.022993311036789296,0.5309466019417476,0.0345873786407767,8508,0.5293743143707885,0.6220028208744711,4.207099200752233,0.38789962388340415,2447,0.18026565464895636,0.12207463630613535,0.231651376146789,0.18692660550458715,4546,0.6614789558586305,0.6060272767267928,4.69775626924769,0.3785195776506818,13.24,12.92,12.4,11.96,-1,-1,0
889,1205741266,1,11,11,12,10,3406,0.5673940949935815,0.10055626872058195,0.5506976744186046,0.15534883720930232,548,0.8047445255474455,0.6751824817518248,6.848540145985401,0.36313868613138683,4038,0.520685332218972,0.022983702465524447,0.530587522713507,0.034524530587522716,8520,0.5292351330203445,0.6221830985915493,4.207159624413146,0.3878521126760567,2450,0.18078381795195955,0.12199747155499367,0.2311212814645309,0.18764302059496568,4553,0.6608646313785784,0.6057544476169558,4.697562047001977,0.37859652976059727,13.16,12.86,12.36,11.9,0,-1,1
890,1205741267,1,12,14,13,11,3408,0.5673364685763147,0.10089781958101753,0.5506976744186046,0.15534883720930232,549,0.8051001821493626,0.6739526411657559,6.848816029143898,0.3633879781420765,4040,0.520685332218972,0.022983702465524447,0.52994555353902,0.034482758620689655,8532,0.5291940146897955,0.6223628691983122,4.2074542897327705,0.38774613220815785,2453,0.1810725552050473,0.12176656151419558,0.2311212814645309,0.18764302059496568,4560,0.6609466374269007,0.605701754385965,4.697368421052632,0.3785087719298244,13.1,12.86,12.36,11.88,-2,-1,1
891,1205741268,1,14,13,14,13,3410,0.5670940170940171,0.10085470085470086,0.550185873605948,0.15520446096654275,550,0.8054545454545456,0.6745454545454546,6.849090909090909,0.36318181818181816,4047,0.5208681135225376,0.022954924874791317,0.5292697646348823,0.0343995171997586,8543,0.529273479261774,0.6223808966405244,4.207187170783097,0.3877541066760314,2458,0.18061674008810572,0.12146003775959723,0.232,0.18742857142857142,4562,0.6608760777436798,0.605436212187637,4.697062691801841,0.37856203419552814,13.14,12.88,12.38,11.98,1,0,1
892,1205741269,1,13,12,11,11,3411,0.5672789406236651,0.10081161896625374,0.550185873605948,0.15520446096654275,550,0.8054545454545456,0.6745454545454546,6.849090909090909,0.36318181818181816,4051,0.5210504376823677,0.022926219258024176,0.5295536791314838,0.03437876960193004,8553,0.5289274718422389,0.6223547293347363,4.207880275926575,0.387709965314315,2459,0.18050314465408804,0.12138364779874214,0.232,0.18742857142857142,4570,0.6603756382202773,0.6054704595185996,4.696936542669584,0.37855579868708955,13.16,12.86,12.36,11.94,1,2,2
893,1205741270,1,13,13,10,10,3417,0.5673486786018755,0.1010230179028133,0.5506035283194057,0.15506035283194058,550,0.8054545454545456,0.6745454545454546,6.849090909090909,0.36318181818181816,4055,0.5212323064113239,0.02289758534554538,0.5298372513562387,0.034358047016274866,8564,0.5291238517826563,0.6220224194301728,4.207379729098552,0.3876985053713221,2463,0.180389692017599,0.12193588937774984,0.23234624145785876,0.1867881548974943,4573,0.6604891027042789,0.6057292805598076,4.697135359720097,0.37858080034987956,13.16,12.86,12.28,11.92,0,3,3
894,1205741271,1,13,13,13,11,3421,0.5679012345679012,0.10089399744572158,0.5500927643784786,0.1549165120593692,550,0.8054545454545456,0.6745454545454546,6.849090909090909,0.36318181818181816,4055,0.5212323064113239,0.02289758534554538,0.5298372513562387,0.034358047016274866,8573,0.5291515999844475,0.6219526420156305,4.207628601423073,0.38767059372448415,2463,0.180389692017599,0.12193588937774984,0.23234624145785876,0.1867881548974943,4582,0.6607194820311365,0.6056307289393278,4.697075512876473,0.3784373635966825,13.18,12.86,12.32,11.94,0,0,2
895,1205741272,1,14,15,15,14,3424,0.5671768707482994,0.10076530612244898,0.5500927643784786,0.1549165120593692,551,0.8058076225045374,0.6751361161524501,6.847549909255898,0.3629764065335753,4058,0.5212146422628952,0.022878535773710483,0.5301204819277109,0.03433734939759036,8584,0.5294637309723519,0.6219711090400746,4.208061509785647,0.38759125504815195,2464,0.18090452261306533,0.12185929648241206,0.23234624145785876,0.1867881548974943,4587,0.660544291839256,0.605624591236102,4.697187704381949,0.3783518639633746,13.2,12.92,12.34,12.02,-1,-1,0
896,1205741273,1,14,14,13,12,3429,0.566213921901528,0.10101867572156197,0.5495829471733086,0.15477293790546803,553,0.8047016274864378,0.6726943942133815,6.848101265822785,0.3639240506329114,4063,0.5213959285417532,0.022850020772746157,0.5306859205776173,0.03429602888086643,8591,0.529497924184224,0.6219299266674426,4.208939587940868,0.3875373452838245,2464,0.18090452261306533,0.12185929648241206,0.23234624145785876,0.1867881548974943,4594,0.6605898998693951,0.6055724858511101,4.696996081845886,0.37853722246408344,13.28,13.0,12.34,12.08,0,1,2
897,1205741274,1,14,13,13,13,3434,0.565677966101695,0.10084745762711865,0.55,0.15462962962962962,553,0.8047016274864378,0.6726943942133815,6.848101265822785,0.3639240506329114,4067,0.5213781652137817,0.023246160232461604,0.5306490384615384,0.034254807692307696,8599,0.5294704810636898,0.6215839051052447,4.208280032561926,0.38761290072489085,2467,0.1807909604519774,0.12178279974890144,0.23295454545454544,0.18636363636363637,4599,0.6607414655359862,0.6053489889106327,4.697977821265493,0.37839747771254606,13.28,12.98,12.34,12.06,1,1,1
898,1205741275,1,12,13,13,12,3441,0.5649048625792812,0.10063424947145877,0.5508317929759704,0.15434380776340112,554,0.805054151624549,0.6732851985559567,6.8483754512635375,0.3637184115523466,4072,0.5211442786069652,0.02321724709784411,0.5306122448979592,0.034213685474189674,8608,0.5297300960346967,0.6216310408921933,4.207597583643123,0.38759487298636963,2471,0.18130489335006272,0.12170639899623588,0.2332955832389581,0.1857304643261608,4601,0.6608889371875681,0.6050858509019779,4.698109106715932,0.3783960008693761,13.26,12.98,12.38,12.06,-1,-1,0
899,1205741276,1,15,14,15,13,3445,0.5648500211237854,0.10097169412758766,0.551660516605166,0.1540590405904059,555,0.8054054054054056,0.6738738738738739,6.848648648648648,0.3635135135135135,4078,0.5219370860927153,0.023178807947019868,0.5305755395683454,0.0341726618705036,8617,0.5299891686975361,0.6217941278867355,4.207380758964837,0.3875672121001125,2475,0.18096430807764557,0.12147777082028804,0.2341628959276018,0.18552036199095023,4603,0.6606741979868204,0.6050401911796655,4.697805778839887,0.37844883771453386,13.28,12.98,12.36,12.08,1,0,2
900,1205741277,1,16,15,15,14,3447,0.5647952722667793,0.10088644997889405,0.551660516605166,0.1540590405904059,555,0.8054054054054056,0.6738738738738739,6.848648648648648,0.3635135135135135,4085,0.521900826446281,0.023140495867768594,0.5314183123877917,0.03411131059245961,8626,0.5298419506917075,0.6219568745652678,4.207280315325759,0.3875396089342302,2480,0.18102372034956304,0.12109862671660425,0.2341628959276018,0.18552036199095023,4606,0.660895209147489,0.6048632218844985,4.697785497177595,0.3784737299174988,13.36,13.02,12.46,12.14,1,1,2
901,1205741278,1,14,13,11,13,3448,0.5645569620253165,0.10126582278481013,0.551660516605166,0.1540590405904059,556,0.8057553956834534,0.6726618705035972,6.848920863309353,0.36330935251798563,4089,0.5218827415359207,0.023121387283236993,0.5313807531380753,0.03407053197848177,8636,0.5297687972826929,0.6219314497452524,4.20796665122742,0.3874671916010502,2482,0.18091079226450404,0.12164691203992514,0.23389830508474577,0.18531073446327684,4615,0.6605814373420009,0.6045503791982665,4.6981581798483205,0.3785482123510291,13.42,13.02,12.48,12.16,1,3,1
902,1205741279,1,13,13,14,13,3450,0.5647406157739351,0.10122311261071278,0.552073732718894,0.15391705069124423,556,0.8057553956834534,0.6726618705035972,6.848920863309353,0.36330935251798563,4098,0.5224557066337041,0.023073753605274,0.5307096004770423,0.03398926654740608,8644,0.5299147771093632,0.6220499768625636,4.207427117075428,0.38736888786055873,2484,0.1806853582554517,0.12149532710280374,0.23389830508474577,0.18531073446327684,4620,0.6607323232323234,0.6043290043290044,4.697619047619048,0.3784992784992784,13.42,13.02,12.52,12.18,0,-1,0
903,1205741280,1,15,13,13,14,3457,0.563973063973064,0.10185185185185185,0.5528978840846366,0.15363385464581417,557,0.8061041292639141,0.6732495511669659,6.8491921005386,0.3631059245960503,4100,0.5224372169617126,0.023054755043227664,0.5307096004770423,0.03398926654740608,8654,0.5299765041214085,0.6219089438409984,4.206840767275248,0.3874123719282031,2489,0.18097014925373134,0.12126865671641791,0.23337091319052988,0.18602029312288612,4623,0.6606280193236718,0.6043694570625135,4.697815271468743,0.3784699689956016,13.46,13.02,12.56,12.22,2,2,1
904,1205741281,1,12,13,13,13,3464,0.5638119227539883,0.1015952980688497,0.5523897058823529,0.15349264705882354,557,0.8061041292639141,0.6732495511669659,6.8491921005386,0.3631059245960503,4104,0.5224187577128754,0.023035787741670095,0.5306730196545563,0.033948779035139966,8664,0.5297880116959068,0.6219990766389658,4.206602031394275,0.3874653739612192,2493,0.1805210918114144,0.12220843672456576,0.23337091319052988,0.18602029312288612,4626,0.6606319354373832,0.6046260268050151,4.698011240812797,0.37838665513762776,13.4,13.02,12.54,12.24,-1,-1,-1
905,1205741282,1,11,11,12,9,3467,0.5639949643306756,0.10155266470835082,0.5522935779816514,0.15321100917431194,559,0.8032200357781755,0.6744186046511628,6.847942754919499,0.3631484794275492,4108,0.522400328812166,0.02301685162351007,0.5312314098750743,0.03390838786436645,8671,0.5297255218544578,0.621958251643409,4.20678122477223,0.3875273901510787,2496,0.18029739776951673,0.12205700123915737,0.23310810810810811,0.18693693693693694,4632,0.6610715313759358,0.6044905008635578,4.700129533678757,0.37827432354634416,13.36,12.98,12.56,12.18,0,-1,2
906,1205741283,1,13,14,12,13,3471,0.5637049455155071,0.10142497904442582,0.5527039413382218,0.15307057745187902,560,0.8035714285714288,0.675,6.848214285714286,0.36339285714285713,4114,0.5225779967159278,0.022988505747126436,0.5314726840855107,0.033847980997624705,8681,0.5298640709595673,0.6219329570325999,4.206658219099182,0.38748416081096687,2498,0.1801857585139319,0.12260061919504645,0.23284589426321708,0.18672665916760406,4637,0.6611494500754801,0.6042700021565668,4.699805908992883,0.37851340665660255,13.3,13.02,12.52,12.18,-1,1,0
907,1205741284,1,13,13,12,13,3476,0.5636515912897823,0.10175879396984924,0.553016453382084,0.1526508226691042,560,0.8035714285714288,0.675,6.848214285714286,0.36339285714285713,4118,0.5223635617562576,0.022979072630283134,0.5317131001778305,0.033787788974510964,8691,0.5301748935680594,0.6216775975146703,4.2065354964906225,0.38746979634104284,2502,0.18046971569839307,0.12299134734239803,0.23258426966292134,0.18651685393258427,4640,0.6609015804597704,0.6043103448275862,4.6995689655172415,0.3785919540229884,13.32,13.02,12.52,12.18,0,1,0
908,1205741285,1,15,14,13,12,3482,0.5639632107023411,0.10158862876254181,0.552007299270073,0.15328467153284672,561,0.8039215686274512,0.6737967914438503,6.848484848484849,0.36363636363636365,4121,0.5227552275522755,0.022960229602296024,0.5319905213270142,0.03376777251184834,8700,0.5300095785440617,0.6219540229885058,4.206206896551724,0.3874712643678165,2505,0.1808641975308642,0.12283950617283951,0.23232323232323232,0.186307519640853,4644,0.6610859890898654,0.6044358311800172,4.699612403100775,0.37858886017800736,13.38,13.08,12.52,12.16,1,2,3
909,1205741286,1,11,14,11,10,3487,0.5640918580375783,0.10146137787056367,0.5519125683060109,0.15300546448087432,561,0.8039215686274512,0.6737967914438503,6.848484848484849,0.36363636363636365,4125,0.5229320229320229,0.02334152334152334,0.5316755476613381,0.03374777975133215,8709,0.5300359781069396,0.6221150533930416,4.206338270754392,0.3873866115512692,2506,0.18075262183837137,0.12338062924120913,0.23232323232323232,0.186307519640853,4652,0.6612388936658071,0.604256233877902,4.6996990541702495,0.3785289481226711,13.34,13.1,12.52,12.1,-3,0,1
910,1205741287,1,12,13,12,14,3491,0.5638031693077564,0.10216847372810675,0.5523202911737943,0.15286624203821655,562,0.8042704626334521,0.6743772241992882,6.8487544483985765,0.3634341637010676,4126,0.52312730249693,0.023331968890708144,0.5316755476613381,0.03374777975133215,8720,0.5301127675840982,0.6220183486238532,4.206307339449541,0.3873853211009178,2513,0.18092307692307694,0.1236923076923077,0.23154362416107382,0.18568232662192394,4656,0.6612077605956476,0.6041666666666666,4.69909793814433,0.3785259163802977,13.32,13.12,12.5,12.14,-1,0,-2
911,1205741288,1,16,16,12,15,3496,0.5641132389675271,0.10199833472106577,0.5527272727272727,0.15272727272727274,562,0.8042704626334521,0.6743772241992882,6.8487544483985765,0.3634341637010676,4130,0.5231083844580777,0.023312883435582823,0.5322294500295683,0.033707865168539325,8729,0.530253560927178,0.6218352617711078,4.206323748424791,0.38738687134837935,2515,0.18092307692307694,0.1236923076923077,0.23214285714285715,0.18526785714285715,4659,0.6612112756671679,0.6039922730199614,4.699291693496458,0.3786041353652428,13.32,13.2,12.5,12.18,0,4,1
912,1205741289,1,14,14,11,12,3497,0.5642946317103621,0.10195588847274241,0.5527272727272727,0.15272727272727274,563,0.8028419182948492,0.6749555950266429,6.849023090586146,0.3632326820603908,4131,0.5233033524121014,0.02330335241210139,0.5322294500295683,0.033707865168539325,8742,0.5303420269961111,0.6215968885838481,4.206932052161977,0.38732555479295394,2518,0.1819299323909035,0.12354025814382298,0.2318840579710145,0.1850613154960981,4665,0.6610039299749914,0.6036441586280814,4.699035369774919,0.3786530903894247,13.34,13.22,12.48,12.16,0,3,2
913,1205741290,1,13,15,12,12,3501,0.5644222776392352,0.10182876142975894,0.553133514986376,0.15258855585831063,563,0.8028419182948492,0.6749555950266429,6.849023090586146,0.3632326820603908,4136,0.5230706410779911,0.023274806043282973,0.5321913762551683,0.03366804489072652,8751,0.5299680036567254,0.6215289681179293,4.20729059536053,0.3872700262827109,2520,0.18181818181818182,0.12346437346437346,0.23162583518930957,0.18485523385300667,4672,0.6611907819634707,0.6040239726027398,4.699058219178082,0.3785673515981734,13.32,13.26,12.48,12.16,-2,1,1
914,1205741291,1,12,12,11,10,3502,0.5646032405484005,0.10178645616950562,0.553133514986376,0.15258855585831063,563,0.8028419182948492,0.6749555950266429,6.849023090586146,0.3632326820603908,4137,0.5230706410779911,0.023274806043282973,0.5318772136953955,0.03364817001180637,8764,0.5299996196561696,0.6215198539479689,4.20778183477864,0.387180511182109,2524,0.18209687308399755,0.12323727774371551,0.23136818687430477,0.185761957730812,4681,0.6609520757672865,0.6037171544541765,4.6981414227729115,0.37858719646799105,13.26,13.24,12.46,12.14,0,1,2
915,1205741292,1,13,12,12,11,3505,0.5649647156496471,0.10170195101701951,0.5526315789473685,0.15335753176043557,564,0.8031914893617024,0.675531914893617,6.849290780141844,0.363031914893617,4144,0.5228384991843393,0.0232463295269168,0.5312131919905771,0.03356890459363958,8773,0.5301778183061671,0.6214521828336943,4.207682662715149,0.387153767240397,2529,0.1817625458996328,0.1230110159118727,0.23085460599334073,0.1853496115427303,4684,0.6608489894676918,0.6037574722459437,4.697907771135782,0.37861158553942487,13.26,13.2,12.46,12.08,1,1,2
916,1205741293,1,14,14,12,12,3509,0.5644960597262547,0.10203235172127748,0.552536231884058,0.15307971014492755,566,0.8038869257950532,0.6749116607773852,6.848056537102473,0.3630742049469965,4149,0.5228198859005705,0.023227383863080684,0.5314520870076426,0.03350970017636684,8781,0.5303211479330376,0.62122765060927,4.207721216262384,0.387142694453935,2532,0.1815403422982885,0.1234718826405868,0.23059866962305986,0.18514412416851442,4688,0.6610317121729241,0.6034556313993175,4.697738907849829,0.3785551763367462,13.28,13.2,12.5,12.08,0,2,2
917,1205741294,1,14,14,12,11,3510,0.5646766169154229,0.10199004975124377,0.552536231884058,0.15307971014492755,566,0.8038869257950532,0.6749116607773852,6.848056537102473,0.3630742049469965,4152,0.5226069246435845,0.023217922606924644,0.5314151497357604,0.03347034644744568,8791,0.5306089561293751,0.6214310089864634,4.208053691275167,0.38715731998635006,2536,0.18242830994508846,0.12324588163514338,0.23034330011074197,0.1849390919158361,4694,0.6608968896463574,0.6033233915636983,4.697060076693652,0.37849737253231064,13.3,13.2,12.52,12.04,0,2,3
918,1205741295,1,14,14,11,12,3512,0.5646230323115161,0.10190555095277548,0.552536231884058,0.15307971014492755,566,0.8038869257950532,0.6749116607773852,6.848056537102473,0.3630742049469965,4156,0.5225885225885226,0.0231990231990232,0.5319648093841642,0.03343108504398827,8801,0.5308014240805973,0.6212930348823997,4.20872628110442,0.3871435064197254,2537,0.1823170731707317,0.12378048780487805,0.23034330011074197,0.1849390919158361,4702,0.6608358145470017,0.6035729476818376,4.696724797958316,0.3784382532255776,13.28,13.18,12.5,12.02,0,3,2
919,1205741296,1,12,12,12,12,3518,0.5641025641025641,0.10173697270471464,0.5524412296564195,0.15280289330922242,567,0.8042328042328044,0.6754850088183422,6.848324514991182,0.3628747795414462,4160,0.5225701504676697,0.023180154534363562,0.5313415348564734,0.033391915641476276,8813,0.5310431559438712,0.621354816747986,4.208328605469193,0.38716479443246754,2541,0.18248175182481752,0.12408759124087591,0.23034330011074197,0.1849390919158361,4703,0.6609079311078039,0.6036572400595365,4.697001913672124,0.37841094336948033,13.24,13.16,12.44,12.0,0,0,0
920,1205741297,1,14,14,12,13,3523,0.5642296571664601,0.10161090458488228,0.5523465703971119,0.15252707581227437,567,0.8042328042328044,0.6754850088183422,6.848324514991182,0.3628747795414462,4162,0.5227642276422764,0.023170731707317073,0.531615925058548,0.03337236533957846,8823,0.5310646416562775,0.6214439533038649,4.2082058256828745,0.3870660017378824,2543,0.1822600243013366,0.12393681652490887,0.23034330011074197,0.1849390919158361,4708,0.6608432455395076,0.6038657604078165,4.697111299915038,0.37827456811101656,13.22,13.16,12.42,12.04,0,2,1
921,1205741298,1,13,14,11,14,3526,0.5641766405282708,0.10193974411886092,0.5527502254283138,0.15238954012623984,568,0.8045774647887326,0.676056338028169,6.848591549295775,0.3626760563380282,4165,0.5225518082080455,0.023161316537992686,0.531578947368421,0.03333333333333333,8836,0.5310566621397318,0.6214350384789498,4.20767315527388,0.387090689603139,2550,0.18280871670702178,0.12409200968523003,0.23008849557522124,0.18584070796460178,4709,0.66091526863453,0.6037375238904226,4.696963261839032,0.3782473278119911,13.22,13.18,12.4,12.06,-1,2,-1
922,1205741299,1,13,12,13,12,3529,0.5645360824742268,0.10185567010309278,0.5531531531531532,0.15225225225225225,568,0.8045774647887326,0.676056338028169,6.848591549295775,0.3626760563380282,4171,0.522920892494929,0.023123732251521298,0.5309579439252337,0.03329439252336448,8845,0.5308554739023934,0.6211418880723573,4.20791407574901,0.38714904842660675,2550,0.18280871670702178,0.12409200968523003,0.23008849557522124,0.18584070796460178,4717,0.6608190233905735,0.6037735849056604,4.696205215179139,0.37824182036605175,13.2,13.14,12.42,12.04,1,0,1
923,1205741300,1,13,14,14,14,3529,0.5645360824742268,0.10185567010309278,0.5531531531531532,0.15225225225225225,572,0.8041958041958044,0.6783216783216783,6.846153846153846,0.36276223776223776,4174,0.5227088402270884,0.023114355231143552,0.5309218203033839,0.03325554259043174,8856,0.5308736073471849,0.6211607949412827,4.208785004516712,0.38717630231857914,2557,0.1828605914302957,0.12371756185878093,0.22958057395143489,0.18543046357615894,4717,0.6608190233905735,0.6037735849056604,4.696205215179139,0.37824182036605175,13.24,13.18,12.4,12.08,-1,-1,-1
924,1205741301,1,14,15,11,12,3531,0.5644829007004533,0.10177173465183353,0.5531531531531532,0.15225225225225225,572,0.8041958041958044,0.6783216783216783,6.846153846153846,0.36276223776223776,4175,0.5224969598702878,0.02310498581272801,0.5309218203033839,0.03325554259043174,8868,0.5308694181326119,0.6211096075778079,4.209517365809653,0.3872068110058641,2560,0.1832429174201326,0.12356841470765521,0.22932745314222713,0.185226019845645,4724,0.6609335309060123,0.6035139712108383,4.696020321761219,0.3782105560259666,13.26,13.24,12.4,12.08,-1,3,2
925,1205741302,1,14,13,9,13,3537,0.5647881530234471,0.10160427807486631,0.552158273381295,0.15197841726618705,572,0.8041958041958044,0.6783216783216783,6.846153846153846,0.36276223776223776,4178,0.5224787363304981,0.023086269744835967,0.5311953352769679,0.03323615160349854,8880,0.5310529279279282,0.620945945945946,4.2100225225225225,0.3872372372372376,2564,0.18302227573750754,0.12341962673088501,0.2299229922992299,0.1848184818481848,4726,0.6610064889265062,0.6036817604739738,4.696360558611934,0.3782620962053885,13.26,13.22,12.3,12.12,1,5,1
926,1205741303,1,12,12,12,12,3538,0.5649671052631579,0.1015625,0.552158273381295,0.15197841726618705,572,0.8041958041958044,0.6783216783216783,6.846153846153846,0.36276223776223776,4184,0.5228467448443186,0.023048928427011728,0.5305765870704717,0.033197437390797904,8888,0.5309124662466249,0.6208370837083709,4.21039603960396,0.3873106060606064,2567,0.18280216476247746,0.1238725195429946,0.23076923076923078,0.18461538461538463,4734,0.6609456414589499,0.6041402619349387,4.696662441909591,0.3780981551894098,13.26,13.22,12.3,12.12,0,0,0
927,1205741304,1,14,13,13,12,3542,0.5647348951911221,0.10152075626798192,0.5533632286995516,0.1515695067264574,573,0.8045375218150089,0.6788830715532286,6.846422338568935,0.362565445026178,4188,0.5222132471728594,0.023021001615508886,0.5308498253783469,0.03317811408614668,8897,0.5306564010340568,0.6207710464201416,4.210070810385523,0.38728410325577944,2572,0.18247298919567828,0.12364945978391356,0.23135964912280702,0.18421052631578946,4740,0.6610583684950777,0.6040084388185654,4.696413502109705,0.37814697609001396,13.28,13.24,12.28,12.14,1,1,2
928,1205741305,1,13,13,12,13,3545,0.5646817248459959,0.10143737166324435,0.553763440860215,0.15143369175627241,573,0.8045375218150089,0.6788830715532286,6.846422338568935,0.362565445026178,4193,0.5221953188054883,0.023002421307506054,0.5305055200464845,0.03312027890761186,8908,0.530674674449933,0.6205657835653345,4.210148181409968,0.38733909594372135,2572,0.18247298919567828,0.12364945978391356,0.23135964912280702,0.18421052631578946,4746,0.6610654586318306,0.6038769490096924,4.696165191740413,0.37810788032026954,13.28,13.24,12.26,12.14,0,1,0
929,1205741306,1,13,12,12,10,3548,0.5648072190319935,0.10131255127153405,0.553763440860215,0.15143369175627241,574,0.804878048780488,0.6777003484320557,6.846689895470384,0.3628048780487805,4198,0.5225806451612903,0.022983870967741935,0.5295823665893271,0.03306264501160093,8920,0.5308202541106132,0.6204035874439462,4.2097533632287,0.38735052316890917,2576,0.18247298919567828,0.12364945978391356,0.23034934497816595,0.18449781659388648,4748,0.6607869980342604,0.6038331929233361,4.696293176074136,0.3780539174389215,13.26,13.2,12.2,12.1,1,1,3
930,1205741307,1,12,14,13,11,3549,0.5645756457564576,0.1012710127101271,0.553763440860215,0.15143369175627241,576,0.8046875000000002,0.6770833333333334,6.845486111111111,0.36328125,4205,0.5227364185110664,0.022937625754527163,0.52954808806489,0.03302433371958285,8926,0.5306314885353652,0.620546717454627,4.210060497423258,0.3873142131600571,2577,0.18247298919567828,0.12364945978391356,0.2300981461286805,0.18538713195201745,4758,0.6605541544066138,0.6038251366120219,4.69714165615805,0.37794241277847823,13.24,13.22,12.24,12.06,-2,-1,1
931,1205741308,1,15,12,11,11,3551,0.5645227365833675,0.10159770585825481,0.553763440860215,0.15143369175627241,577,0.8044482957827848,0.6776429809358753,6.845753899480069,0.36395147313691506,4211,0.5229099678456591,0.022909967845659164,0.529786003470214,0.03296703296703297,8936,0.5307650701283202,0.6207475380483438,4.20971351835273,0.3873563861533874,2582,0.18252543387193298,0.12327947336923997,0.2300981461286805,0.18538713195201745,4761,0.6605580060211443,0.6036546943919344,4.696702373450956,0.37796681369460183,13.24,13.2,12.2,12.04,3,4,4
932,1205741309,1,12,15,14,15,3551,0.5645227365833675,0.10159770585825481,0.553763440860215,0.15143369175627241,578,0.803056516724337,0.6764705882352942,6.844290657439446,0.36375432525951557,4216,0.5228731942215088,0.022873194221508828,0.5300578034682081,0.032947976878612714,8945,0.5305850568287687,0.6209055338177752,4.210285075461152,0.387413825228247,2583,0.18241626794258373,0.12320574162679426,0.2300981461286805,0.18538713195201745,4769,0.6606730970853433,0.6036905011532816,4.697420842944013,0.3780142587544557,13.2,13.24,12.24,12.1,-3,-2,-3
933,1205741310,1,13,15,13,12,3555,0.5644699140401146,0.10151453131395825,0.552772808586762,0.1520572450805009,579,0.8033966609096145,0.6770293609671848,6.844559585492228,0.3635578583765112,4225,0.5220352564102564,0.02283653846153846,0.5296829971181556,0.032853025936599424,8955,0.530885911036665,0.6209938581797878,4.209715242881072,0.38731621068304517,2585,0.1827956989247312,0.12305854241338113,0.2300981461286805,0.18538713195201745,4771,0.6608153426954521,0.6034374345001048,4.697757283588346,0.3779605952630474,13.18,13.26,12.24,12.08,-2,0,1
934,1205741311,1,11,11,12,11,3561,0.5643119640669662,0.10208248264597795,0.552772808586762,0.1520572450805009,579,0.8033966609096145,0.6770293609671848,6.844559585492228,0.3635578583765112,4232,0.5218087234893958,0.022809123649459785,0.5296147211040828,0.03335250143760782,8963,0.5309699133474658,0.621109003681803,4.209528059801406,0.3872494328535836,2589,0.18235995232419547,0.1233611442193087,0.2300981461286805,0.18538713195201745,4776,0.6610657453936353,0.6034338358458962,4.697654941373535,0.3779836683417084,13.18,13.26,12.22,12.1,0,-1,0
935,1205741312,1,13,12,14,10,3563,0.5642594859241126,0.10240718074255406,0.552772808586762,0.1520572450805009,580,0.8037356321839083,0.6775862068965517,6.844827586206897,0.36379310344827587,4241,0.5209748302037555,0.02317219336795845,0.5303899082568807,0.033256880733944956,8974,0.5310991011069017,0.6211277022509472,4.209048361934477,0.3871926305623657,2592,0.18262938726948244,0.12314098750743604,0.2300981461286805,0.18538713195201745,4778,0.6609983256592721,0.6035998325659272,4.697362913352867,0.3780347425701129,13.18,13.26,12.24,12.08,1,-1,3
936,1205741313,1,14,11,14,12,3564,0.564437194127243,0.10236541598694943,0.552772808586762,0.1520572450805009,580,0.8037356321839083,0.6775862068965517,6.844827586206897,0.36379310344827587,4248,0.5213402473075389,0.023135221380135622,0.5306239267315398,0.03319977103606182,8983,0.5311236038442988,0.6210620060113548,4.209061560725815,0.38724999072321825,2593,0.18262938726948244,0.12314098750743604,0.23093681917211328,0.18518518518518517,4785,0.6610762800417976,0.6035527690700104,4.69717868338558,0.37805642633228825,13.18,13.22,12.32,12.1,3,0,2
937,1205741314,1,14,14,11,12,3570,0.564279902359642,0.10252237591537836,0.552772808586762,0.1520572450805009,580,0.8037356321839083,0.6775862068965517,6.844827586206897,0.36379310344827587,4254,0.5217045001991238,0.02309836718438869,0.5300171526586621,0.03316180674671241,8990,0.531173526140156,0.6211345939933259,4.2092324805339265,0.38725435669262176,2595,0.1830065359477124,0.12299465240641712,0.23093681917211328,0.18518518518518517,4789,0.6608373355606603,0.6038839006055544,4.697013990394654,0.37826268532052604,13.2,13.24,12.36,12.1,0,3,2
938,1205741315,1,16,16,13,13,3575,0.5648110524177163,0.10239739943112555,0.5535714285714286,0.15178571428571427,581,0.8023522662076881,0.6781411359724613,6.845094664371773,0.3635972461273666,4259,0.5218774860779634,0.023070803500397773,0.5299828669331811,0.0336950314106225,8998,0.5312569459879977,0.6210268948655256,4.2087130473438545,0.3872156775579762,2596,0.1834916864608076,0.12292161520190023,0.23093681917211328,0.18518518518518517,4792,0.6608409849749587,0.6041318864774624,4.69720367278798,0.37818238731218684,13.3,13.32,12.38,12.14,0,3,3
939,1205741316,1,11,13,12,13,3581,0.5647058823529412,0.10223123732251521,0.5525846702317291,0.15240641711229946,581,0.8023522662076881,0.6781411359724613,6.845094664371773,0.3635972461273666,4260,0.5220675944333996,0.023061630218687873,0.5299828669331811,0.0336950314106225,9009,0.5313020313020316,0.6209346209346209,4.208680208680208,0.3872701372701376,2597,0.18338278931750743,0.1228486646884273,0.23093681917211328,0.18518518518518517,4800,0.6603645833333337,0.6045833333333334,4.696875,0.3781249999999999,13.3,13.36,12.38,12.2,-2,-1,-2
940,1205741317,1,13,12,12,11,3588,0.5647773279352226,0.10242914979757085,0.5516014234875445,0.15302491103202848,581,0.8023522662076881,0.6781411359724613,6.845094664371773,0.3635972461273666,4264,0.5218427323272439,0.023034154090548053,0.5302511415525114,0.03367579908675799,9020,0.5314116777531415,0.6212860310421287,4.20820399113082,0.38729674796748004,2598,0.18327402135231316,0.12277580071174377,0.23093681917211328,0.18518518518518517,4803,0.660472621278368,0.6048303143868415,4.697064334790756,0.37809702269414935,13.32,13.32,12.36,12.2,1,1,2
941,1205741318,1,13,14,14,11,3590,0.5645487656819101,0.10238769728854714,0.552,0.15288888888888888,582,0.8026918671248571,0.6769759450171822,6.845360824742268,0.3638316151202749,4269,0.5216184053946846,0.023006743355811186,0.5307867730900798,0.033637400228050174,9030,0.5312661498708013,0.6212624584717608,4.208194905869324,0.3872554448135847,2601,0.18354055654233273,0.123149792776791,0.23093681917211328,0.18518518518518517,4809,0.660688292784363,0.6044915782907049,4.697026408816802,0.3781971303805364,13.3,13.34,12.36,12.16,-1,-1,2
942,1205741319,1,15,16,12,13,3595,0.5646725949878739,0.10226354082457559,0.5527950310559007,0.1526175687666371,583,0.8030303030303032,0.6775300171526587,6.845626072041166,0.36363636363636365,4269,0.5216184053946846,0.023006743355811186,0.5307867730900798,0.033637400228050174,9043,0.5310921891702608,0.6209222603118434,4.2083379409488,0.38738987799034275,2604,0.18332347723240686,0.12300413956238912,0.2306855277475517,0.18607181719260066,4811,0.6605175639160261,0.6044481396799002,4.6967366451881105,0.3782477655373102,13.34,13.42,12.38,12.2,-1,3,2
943,1205741320,1,14,12,13,13,3604,0.5650947198710198,0.10197501007658202,0.5527015057573074,0.15234720992028344,583,0.8030303030303032,0.6775300171526587,6.845626072041166,0.36363636363636365,4270,0.5214115781126091,0.022997620935765267,0.5307867730900798,0.033637400228050174,9052,0.5312269848283991,0.6210782147591692,4.207799381352188,0.38744660480188575,2607,0.18299881936245574,0.12337662337662338,0.2306855277475517,0.18607181719260066,4815,0.6602457597784704,0.6045690550363447,4.696780893042575,0.37824506749740383,13.36,13.4,12.44,12.26,2,1,1
944,1205741321,1,12,14,13,12,3608,0.5652173913043478,0.10185185185185185,0.5530973451327433,0.15221238938053097,584,0.803367579908676,0.678082191780822,6.845890410958904,0.3638698630136986,4274,0.5211881188118812,0.02297029702970297,0.531054131054131,0.03361823361823362,9062,0.5309718237328039,0.6211653056720371,4.207018318252041,0.38748804531744313,2614,0.18304885226603884,0.12301353737492643,0.23235613463626492,0.18566775244299674,4817,0.6603868244412155,0.6047332364542246,4.697114386547644,0.37819182063525003,13.34,13.42,12.44,12.28,-2,-1,0
945,1205741322,1,13,12,13,10,3611,0.5647626709573612,0.10176991150442478,0.5534924845269673,0.15207780725022105,584,0.803367579908676,0.678082191780822,6.845890410958904,0.3638698630136986,4281,0.5209486166007905,0.02292490118577075,0.5304496300512237,0.03357996585088219,9070,0.5309445056964354,0.6213891951488424,4.206725468577729,0.38742190371187096,2615,0.18352941176470589,0.12294117647058823,0.23235613463626492,0.18566775244299674,4823,0.6604983067247222,0.6050176238855484,4.696454488907319,0.37818784988596293,13.32,13.36,12.4,12.2,1,0,3
946,1205741323,1,14,13,12,12,3614,0.5648854961832062,0.10164724789071916,0.5534924845269673,0.15207780725022105,585,0.8037037037037039,0.6786324786324787,6.846153846153846,0.36367521367521366,4286,0.5203316225819187,0.02289774970390841,0.5309835133598636,0.033541785105173395,9080,0.530965491923642,0.6213656387665198,4.20693832599119,0.3873806901615275,2618,0.18331374853113983,0.1227967097532315,0.23210412147505424,0.18546637744034708,4828,0.6608499033416187,0.6050124275062138,4.696561723280862,0.3781068765534381,13.32,13.34,12.38,12.2,1,2,2
947,1205741324,1,14,13,13,12,3616,0.5646586345381526,0.10160642570281124,0.553886925795053,0.1519434628975265,586,0.804038680318544,0.6774744027303754,6.84641638225256,0.363481228668942,4292,0.520299566417028,0.022861647615293655,0.5309483248154457,0.033503691084611015,9086,0.5310551030890016,0.6213955535989434,4.2069117323354615,0.3872899699170889,2620,0.18309859154929578,0.12265258215962441,0.23210412147505424,0.18546637744034708,4836,0.6611007719878692,0.6052522746071133,4.6974772539288665,0.3781362007168457,13.32,13.34,12.38,12.18,1,1,2
948,1205741325,1,14,12,12,11,3619,0.565008025682183,0.10152487961476725,0.5542806707855251,0.15180935569285084,586,0.804038680318544,0.6774744027303754,6.84641638225256,0.363481228668942,4301,0.5202676111767021,0.022825659189295553,0.5311438278595696,0.033408833522083806,9095,0.5314091991936964,0.6214403518416712,4.206816932380429,0.3872640645043067,2622,0.182883939038687,0.12250879249706917,0.23210412147505424,0.18546637744034708,4840,0.6611742424242428,0.6051652892561984,4.697314049586777,0.37818526170798883,13.36,13.32,12.36,12.16,2,2,3
949,1205741326,1,13,13,13,13,3621,0.5653568564554932,0.10144346431435446,0.5542806707855251,0.15180935569285084,587,0.8043725156161274,0.6780238500851788,6.846678023850085,0.36328790459965926,4307,0.5206449075894612,0.022807707432166733,0.5305084745762711,0.03333333333333333,9103,0.5312717419165846,0.6214434801713721,4.2069647368999235,0.38722582298875863,2626,0.18373317729666472,0.12229373902867174,0.23293607800650054,0.18526543878656554,4846,0.6613186132893112,0.605241436236071,4.697069748245976,0.3781813179254367,13.32,13.3,12.32,12.16,0,0,0
950,1205741327,1,11,11,14,14,3626,0.5654785742891469,0.1013215859030837,0.5550660792951542,0.1515418502202643,587,0.8043725156161274,0.6780238500851788,6.846678023850085,0.36328790459965926,4310,0.5208333333333334,0.02279874213836478,0.5299097065462754,0.03329571106094808,9115,0.5312305723166943,0.6212835984640702,4.207460230389468,0.3872097275553121,2629,0.18457943925233644,0.12207943925233646,0.23293607800650054,0.18526543878656554,4851,0.6610492681921257,0.6052360338074624,4.696969696969697,0.3781007352435923,13.22,13.22,12.3,12.16,0,-3,-3
951,1205741328,1,12,12,11,13,3632,0.5649220934878146,0.10187774670395526,0.5550660792951542,0.1515418502202643,587,0.8043725156161274,0.6780238500851788,6.846678023850085,0.36328790459965926,4314,0.5206286836935167,0.022789783889980354,0.5307042253521127,0.03323943661971831,9124,0.531345900920649,0.6214379658044717,4.207255589653661,0.3872113838959524,2631,0.18447168709865733,0.12259194395796848,0.2326839826839827,0.18506493506493507,4856,0.6612953047775951,0.6052306425041186,4.697075782537068,0.3780718012081273,13.18,13.2,12.3,12.16,0,1,-1
952,1205741329,1,14,13,13,12,3633,0.5650958466453674,0.1018370607028754,0.5550660792951542,0.1515418502202643,588,0.8047052154195014,0.6785714285714286,6.846938775510204,0.3630952380952381,4322,0.5205801646413172,0.022736181889455115,0.5306696679797411,0.03376477208778841,9132,0.5315922032413493,0.621550591327201,4.207293035479632,0.387200686231567,2634,0.18436406067677946,0.12252042007001167,0.23326133909287258,0.18466522678185746,4862,0.6607534622240508,0.6048951048951049,4.6968325791855206,0.3781708487590839,13.2,13.2,12.28,12.14,1,1,2
953,1205741330,1,15,15,13,13,3636,0.5652173913043478,0.10171519744714799,0.5550660792951542,0.1515418502202643,588,0.8047052154195014,0.6785714285714286,6.846938775510204,0.3630952380952381,4327,0.5207517619420516,0.022709475332811275,0.5306351883080382,0.034288926363125354,9141,0.5317798927907234,0.6218138059293294,4.207088939940926,0.3872296976990121,2638,0.1839348079161816,0.12223515715948778,0.23326133909287258,0.18466522678185746,4867,0.660896513937402,0.604479145264023,4.697144031230738,0.37809054174371604,13.2,13.24,12.28,12.12,0,2,2
954,1205741331,1,14,15,11,10,3641,0.5653386454183267,0.10159362549800798,0.55584872471416,0.15127528583992964,588,0.8047052154195014,0.6785714285714286,6.846938775510204,0.3630952380952381,4334,0.5209229565897536,0.02268283144309738,0.5311273135165452,0.034212002243409985,9150,0.5315846994535521,0.6218579234972678,4.206666666666667,0.38717668488160323,2638,0.1839348079161816,0.12223515715948778,0.23326133909287258,0.18466522678185746,4872,0.6608340175150524,0.6044745484400657,4.697044334975369,0.37801039956212357,13.24,13.28,12.24,12.06,-1,3,4
955,1205741332,1,15,13,10,10,3645,0.5656324582338902,0.10143198090692124,0.55584872471416,0.15127528583992964,589,0.8050367855121677,0.6774193548387096,6.847198641765704,0.3633276740237691,4341,0.52109375,0.02265625,0.5304980414101846,0.03469501958589815,9159,0.5316628452887872,0.6220111365869636,4.2067911344033195,0.3871510718055104,2642,0.1841952353282975,0.12202208018593841,0.23300970873786409,0.18446601941747573,4873,0.6609036185785625,0.604555715165196,4.6969012928380875,0.3779841302414665,13.32,13.32,12.2,12.08,2,5,5
956,1205741333,1,16,14,10,14,3649,0.5657528804131903,0.10170838299562972,0.5562390158172232,0.15114235500878734,590,0.8053672316384183,0.6779661016949152,6.8474576271186445,0.363135593220339,4345,0.5208739758095982,0.02262973078423722,0.5302013422818792,0.03467561521252797,9168,0.5315954043048287,0.6218368237347295,4.206479057591623,0.3872618528214081,2643,0.1840882694541231,0.12195121951219512,0.23300970873786409,0.18446601941747573,4879,0.6612523058003693,0.6048370567739291,4.696454191432671,0.37798046047687356,13.38,13.32,12.16,12.1,2,6,2
957,1205741334,1,13,13,14,11,3650,0.5659253375694996,0.10166799046862589,0.5562390158172232,0.15114235500878734,592,0.806024774774775,0.6790540540540541,6.846283783783784,0.3627533783783784,4347,0.5208576998050682,0.022612085769980507,0.5302013422818792,0.03467561521252797,9179,0.5314485964338892,0.6217452881577514,4.206994225950539,0.3872607764099215,2645,0.18387470997679814,0.12180974477958237,0.23300970873786409,0.18446601941747573,4886,0.6613282848956206,0.6047891936144085,4.6960704052394595,0.3779506071769681,13.38,13.32,12.2,12.06,0,-1,2
958,1205741335,1,14,14,11,13,3654,0.5664418881396271,0.10154700515668386,0.5566286215978928,0.15100965759438104,593,0.8063518830803824,0.6795952782462057,6.8465430016863404,0.36298482293423273,4354,0.5206225680933853,0.022568093385214007,0.5301675977653632,0.034636871508379886,9185,0.5314280529849394,0.6217746325530756,4.206750136091453,0.38725276719288726,2647,0.18366164542294322,0.12166859791425261,0.23300970873786409,0.18446601941747573,4891,0.6615722756082605,0.604784297689634,4.695972193825393,0.377870919375724,13.36,13.32,12.16,12.08,0,3,1
959,1205741336,1,14,14,13,13,3658,0.5661648177496038,0.10182250396196514,0.5570175438596491,0.15087719298245614,593,0.8063518830803824,0.6795952782462057,6.8465430016863404,0.36298482293423273,4358,0.5206065318818041,0.022939346811819597,0.5306919642857143,0.03459821428571429,9194,0.5316873323181788,0.6218185773330432,4.206547748531651,0.38728156043796713,2652,0.18392134181607867,0.1214574898785425,0.232508073196986,0.18406889128094725,4895,0.661542390194076,0.604902962206333,4.695607763023493,0.3778175008512086,13.42,13.32,12.2,12.14,0,1,1
960,1205741337,1,13,12,13,13,3660,0.565716547901821,0.10174188440221694,0.5570175438596491,0.15087719298245614,594,0.8049943883277219,0.6801346801346801,6.846801346801347,0.3627946127946128,4362,0.5207766990291263,0.0229126213592233,0.5309537088678193,0.03457891801450084,9203,0.5317650041653087,0.6219710963816147,4.20667173747691,0.3872831323119276,2655,0.1836027713625866,0.12124711316397228,0.232508073196986,0.18406889128094725,4900,0.6615476190476195,0.6046938775510204,4.695306122448979,0.3778401360544216,13.44,13.3,12.22,12.12,1,0,0
961,1205741338,1,14,15,14,12,3665,0.565389174239431,0.10154089292769657,0.5570175438596491,0.15087719298245614,595,0.8053221288515409,0.6789915966386555,6.847058823529411,0.3626050420168067,4366,0.5205585725368502,0.023273855702094646,0.5312151616499443,0.03455964325529543,9214,0.5317813472252372,0.6223138701975255,4.2067505969177335,0.38725490196078466,2656,0.1836027713625866,0.12124711316397228,0.23225806451612904,0.18494623655913978,4906,0.6616218236173398,0.6047696697920913,4.695271096616388,0.3779895366218235,13.4,13.28,12.26,12.06,-1,0,2
962,1205741339,1,11,15,12,12,3669,0.5653375444137386,0.10185550730359258,0.5569176882661997,0.15061295971978983,596,0.8056487695749442,0.6795302013422819,6.847315436241611,0.3624161073825503,4372,0.5203409531189461,0.02324680356450988,0.5308848080133556,0.03450194769059544,9227,0.5316823814168566,0.6224124850980817,4.206242549040859,0.38722408872511865,2661,0.1837557603686636,0.12096774193548387,0.23200859291084855,0.1858216970998926,4907,0.6615888866245504,0.604646423476666,4.695333197472998,0.37801440119557084,13.34,13.3,12.28,12.06,-4,-1,-1
963,1205741340,1,15,14,12,13,3670,0.5655090765588003,0.10181531176006314,0.5569176882661997,0.15061295971978983,597,0.8059743160245675,0.678391959798995,6.8458961474036855,0.3626465661641541,4375,0.5203252032520326,0.023228803716608595,0.5311457174638488,0.034482758620689655,9239,0.531551033661652,0.6224699642818486,4.206624093516615,0.38723527077245046,2666,0.18401380103507764,0.12075905692926969,0.23258306538049303,0.1864951768488746,4909,0.6616249066340739,0.6048074964351192,4.695049908331636,0.37801317308345206,13.38,13.28,12.28,12.08,1,3,2
964,1205741341,1,14,14,13,13,3678,0.5657998423955871,0.1016548463356974,0.5567190226876091,0.15008726003490402,597,0.8059743160245675,0.678391959798995,6.8458961474036855,0.3626465661641541,4375,0.5203252032520326,0.023228803716608595,0.5311457174638488,0.034482758620689655,9248,0.5315743944636682,0.6225129757785467,4.206423010380623,0.38723688004613643,2667,0.1839080459770115,0.1206896551724138,0.23258306538049303,0.1864951768488746,4914,0.6614604531271202,0.605006105006105,4.694749694749695,0.37793379460046117,13.42,13.32,12.32,12.14,0,1,1
965,1205741342,1,15,15,13,14,3681,0.5655253837072018,0.10153482880755609,0.5567190226876091,0.15008726003490402,598,0.8062987736900783,0.6789297658862876,6.846153846153846,0.3624581939799331,4379,0.5204949729311679,0.02320185614849188,0.5308504724847137,0.03446359088382435,9255,0.5315505132360889,0.6223662884927067,4.206266882766072,0.3872411309202236,2667,0.1839080459770115,0.1206896551724138,0.23258306538049303,0.1864951768488746,4923,0.6618762272327177,0.6055250863294739,4.695104611009547,0.3778184034125532,13.46,13.38,12.34,12.2,0,2,1
966,1205741343,1,15,15,13,13,3688,0.5652003142183818,0.10133542812254517,0.5574912891986062,0.14982578397212543,598,0.8062987736900783,0.6789297658862876,6.846153846153846,0.3624581939799331,4379,0.5204949729311679,0.02320185614849188,0.5308504724847137,0.03446359088382435,9265,0.5315704263356722,0.6222342147868322,4.2061521856449,0.3872279186904123,2670,0.18416523235800344,0.12048192771084337,0.23258306538049303,0.1864951768488746,4927,0.6618462891549967,0.6052364522021514,4.695149177998783,0.3778668560990459,13.48,13.4,12.36,12.22,0,2,2
967,1205741344,1,13,14,11,14,3691,0.565149136577708,0.10125588697017268,0.5578764142732812,0.1496953872932985,598,0.8062987736900783,0.6789297658862876,6.846153846153846,0.3624581939799331,4383,0.5204791344667697,0.023183925811437404,0.5308162132148806,0.034425319267073845,9273,0.5315971098889252,0.6221287609187965,4.206190014019196,0.38727128940652106,2673,0.1845272206303725,0.12091690544412607,0.2334047109207709,0.18629550321199143,4933,0.6615480775728094,0.6057166024731401,4.695114534765863,0.37776201094668543,13.46,13.4,12.34,12.28,-1,2,-1
968,1205741345,1,15,14,13,12,3693,0.5650980392156862,0.1011764705882353,0.5578764142732812,0.1496953872932985,599,0.8066221480244855,0.67779632721202,6.846410684474123,0.36268781302170283,4387,0.5208494208494209,0.023166023166023165,0.5302273987798114,0.03494176372712146,9283,0.5315630722826675,0.6219971991812991,4.206937412474415,0.38723113935868464,2675,0.1848883800801374,0.12077847738981111,0.2334047109207709,0.18629550321199143,4939,0.6615542957413786,0.6057906458797327,4.694877505567929,0.37770803806438535,13.48,13.4,12.38,12.28,1,2,3
969,1205741346,1,13,14,14,10,3699,0.5653876272513704,0.1014095536413469,0.5577758470894874,0.14943527367506515,600,0.8069444444444447,0.6783333333333333,6.846666666666667,0.36291666666666667,4391,0.520648398301814,0.023157082207641837,0.5299003322259136,0.03488372093023256,9294,0.5316691772469696,0.6222293953088014,4.2066924897783515,0.3872032135427878,2677,0.18467695826186392,0.12121212121212122,0.2334047109207709,0.18629550321199143,4942,0.6617597463914748,0.6056252529340348,4.694658033184945,0.37763051396195857,13.5,13.44,12.42,12.24,-1,-1,3
970,1205741347,1,14,14,12,13,3705,0.5651153695737192,0.10129057489245209,0.5571923743500866,0.14991334488734837,601,0.8072656683305603,0.6788685524126455,6.8452579034941765,0.36314475873544094,4393,0.520632472040108,0.023139220979560355,0.5299003322259136,0.03488372093023256,9305,0.5319004119648937,0.6219236969371306,4.206985491671144,0.3872738670965434,2680,0.18503712164477443,0.12107367218732153,0.23315508021390374,0.18609625668449198,4945,0.6615267947421642,0.6056622851365016,4.694236602628918,0.37775530839231536,13.5,13.44,12.42,12.24,0,2,1
971,1205741348,1,12,11,12,11,3710,0.565183450429352,0.1014832162373146,0.5571923743500866,0.14991334488734837,602,0.8075858250276857,0.6794019933554817,6.8455149501661126,0.36295681063122925,4397,0.5202312138728323,0.023121387283236993,0.5298672566371682,0.03484513274336283,9316,0.5320058680406471,0.6220480893087161,4.2064190639759556,0.38727279232861056,2687,0.18430034129692832,0.12059158134243458,0.23315508021390374,0.18609625668449198,4947,0.6616636345259758,0.6056195674145947,4.69436021831413,0.37770365878310075,13.48,13.38,12.44,12.18,1,0,1
972,1205741349,1,15,15,13,13,3714,0.5649122807017544,0.10136452241715399,0.5567099567099567,0.1497835497835498,602,0.8075858250276857,0.6794019933554817,6.8455149501661126,0.36295681063122925,4403,0.5202000769526741,0.02308580223162755,0.5298342541436464,0.034806629834254144,9327,0.5322540295200318,0.6222794038812051,4.206068403559558,0.3872717200957796,2690,0.1845542305508234,0.12038614423622941,0.23315508021390374,0.18609625668449198,4950,0.6617676767676772,0.6056565656565657,4.694343434343434,0.3777272727272726,13.52,13.44,12.44,12.2,0,2,2
973,1205741350,1,13,12,13,12,3718,0.5655897236278707,0.1012066952121448,0.5567099567099567,0.1497835497835498,603,0.8079049198452186,0.6799336650082919,6.845771144278607,0.36276948590381425,4412,0.5199692780337941,0.02304147465437788,0.5303197353914002,0.034729878721058434,9333,0.5322154362655811,0.6224150862530805,4.206043072966891,0.3873174041930072,2691,0.1844494892167991,0.12088535754824063,0.23315508021390374,0.18609625668449198,4956,0.6617399784772671,0.6057304277643261,4.6941081517352705,0.3779257465698142,13.52,13.4,12.42,12.16,1,0,1
974,1205741351,1,14,14,12,12,3722,0.5655387008945936,0.10112796577207313,0.557476231633535,0.1495246326707001,603,0.8079049198452186,0.6799336650082919,6.845771144278607,0.36276948590381425,4418,0.5197545070962792,0.023014959723820484,0.5305448541552009,0.03467253714914695,9342,0.5320773567401701,0.6226718047527297,4.206058659815885,0.3872921572825237,2694,0.18424036281179137,0.12074829931972789,0.23397435897435898,0.1858974358974359,4960,0.6619119623655919,0.6054435483870968,4.693951612903226,0.3779737903225805,13.52,13.38,12.44,12.16,0,2,2
975,1205741352,1,11,11,11,12,3724,0.5657076205287714,0.10108864696734059,0.5569948186528497,0.14939550949913644,606,0.8055555555555558,0.6815181518151815,6.8448844884488445,0.3626237623762376,4422,0.5199233716475096,0.022988505747126436,0.5302530253025303,0.034653465346534656,9353,0.5320396307780038,0.6225809900566663,4.206992408852774,0.387237606472077,2697,0.18516421291053228,0.12061155152887883,0.23372465314834578,0.18569903948772679,4965,0.6619503188989598,0.6054380664652568,4.693655589123867,0.3780463242698891,13.46,13.34,12.48,12.14,0,0,-1
976,1205741353,1,13,15,12,12,3725,0.565487757481539,0.10143801010493587,0.5569948186528497,0.14939550949913644,606,0.8055555555555558,0.6815181518151815,6.8448844884488445,0.3626237623762376,4428,0.5200918484500574,0.022962112514351322,0.5299286106534871,0.03459637561779242,9365,0.532140950347037,0.6225306994127069,4.206940736785905,0.3872486207510236,2701,0.18485019785189372,0.12097230073487847,0.2345415778251599,0.18550106609808104,4970,0.6618544600938973,0.6056338028169014,4.693158953722334,0.3781187122736417,13.48,13.4,12.48,12.14,-2,1,1
977,1205741354,1,13,13,12,13,3731,0.5653861078773768,0.10128055878928988,0.5577586206896552,0.14913793103448275,606,0.8055555555555558,0.6815181518151815,6.8448844884488445,0.3626237623762376,4432,0.5206422018348624,0.022935779816513763,0.5296377607025247,0.03457738748627882,9375,0.5322133333333335,0.6225066666666667,4.206826666666666,0.3872088888888892,2703,0.1847457627118644,0.12090395480225989,0.23429179978700745,0.1853035143769968,4975,0.662194304857622,0.6060301507537689,4.693065326633166,0.37798994974874356,13.46,13.4,12.46,12.16,0,1,0
978,1205741355,1,12,12,13,12,3733,0.5657231485071733,0.10120201628538193,0.5577586206896552,0.14913793103448275,606,0.8055555555555558,0.6815181518151815,6.8448844884488445,0.3626237623762376,4437,0.5208094692630775,0.022909507445589918,0.5296052631578947,0.03453947368421053,9386,0.5322643653668586,0.6226294481142126,4.206690816109099,0.38712799204488985,2705,0.1845372460496614,0.12133182844243792,0.23429179978700745,0.1853035143769968,4981,0.6624004550625716,0.6055009034330455,4.693435053202168,0.37783577594860457,13.44,13.38,12.48,12.14,0,-1,0
979,1205741356,1,14,13,12,13,3740,0.5655705996131528,0.10096711798839458,0.5581395348837209,0.14900947459086994,606,0.8055555555555558,0.6815181518151815,6.8448844884488445,0.3626237623762376,4440,0.5209923664122137,0.022900763358778626,0.5295728368017525,0.03450164293537788,9395,0.532268937378038,0.6227780734433209,4.205960617349654,0.3872095086038676,2708,0.18422535211267604,0.12169014084507042,0.23429179978700745,0.1853035143769968,4985,0.6618689401537953,0.6056168505516549,4.693480441323972,0.3778335005015044,13.46,13.4,12.48,12.2,1,2,1
980,1205741357,1,13,13,13,12,3744,0.5654692931633836,0.10119737350328312,0.5581395348837209,0.14900947459086994,606,0.8055555555555558,0.6815181518151815,6.8448844884488445,0.3626237623762376,4443,0.5207935902327356,0.022892025944296072,0.5300875273522976,0.03446389496717724,9405,0.5326599326599328,0.6229665071770335,4.205847953216375,0.38711678185362425,2711,0.18401800787844683,0.12155317951603826,0.23404255319148937,0.1851063829787234,4991,0.6616075602751624,0.6052895211380485,4.693648567421358,0.3779302744940892,13.48,13.38,12.48,12.22,0,0,1
981,1205741358,1,12,13,13,10,3748,0.5654187572365882,0.10111925897336936,0.5580395528804815,0.14875322441960448,607,0.8058758923668317,0.6820428336079077,6.84514003294893,0.3624382207578254,4445,0.5205949656750573,0.02288329519450801,0.5297977036632039,0.03444505194095134,9417,0.5326183143959508,0.6230221939046405,4.205585642986089,0.38708364305688325,2714,0.18381112984822934,0.12197863968521641,0.23379383634431455,0.1849096705632306,4996,0.6615459033893787,0.6048839071257006,4.693154523618895,0.3778522818254602,13.42,13.4,12.52,12.2,-1,-1,2
982,1205741359,1,14,14,13,11,3751,0.5655864197530864,0.10108024691358025,0.5570815450643777,0.14935622317596567,607,0.8058758923668317,0.6820428336079077,6.84514003294893,0.3624382207578254,4448,0.5209603658536586,0.022865853658536585,0.5300546448087432,0.03442622950819672,9426,0.5324103543390623,0.623063865902822,4.205707617228941,0.3871207298960326,2715,0.18370786516853932,0.12247191011235956,0.23379383634431455,0.1849096705632306,5003,0.6614864414684528,0.6046372176693984,4.692984209474315,0.37797321607035766,13.46,13.38,12.5,12.12,0,1,3
983,1205741360,1,13,11,12,13,3754,0.5659213569776407,0.10100231303006939,0.5574614065180102,0.14922813036020582,607,0.8058758923668317,0.6820428336079077,6.84514003294893,0.3624382207578254,4454,0.5211267605633803,0.022839741149600305,0.5297326786688489,0.03436988543371522,9433,0.5323686349340967,0.6230255486059578,4.205872999045902,0.38715148945192446,2715,0.18370786516853932,0.12247191011235956,0.23379383634431455,0.1849096705632306,5012,0.6619280393721739,0.6047486033519553,4.692338387869114,0.37800944400106395,13.46,13.3,12.48,12.14,2,1,0
984,1205741361,1,12,12,13,11,3758,0.5658705701078582,0.10130970724191063,0.5582191780821918,0.14897260273972604,608,0.8061951754385968,0.680921052631579,6.845394736842105,0.3626644736842105,4460,0.5212927756653992,0.022813688212927757,0.5294117647058824,0.03431372549019608,9444,0.5325074121135113,0.6229351969504447,4.205739093604405,0.38719469151489516,2719,0.18360471645143178,0.12240314430095452,0.23516949152542374,0.1843220338983051,5014,0.6618634490094407,0.6047068209014759,4.692261667331472,0.37800824358462953,13.48,13.32,12.5,12.14,0,-1,1
985,1205741362,1,13,14,11,10,3765,0.5655517108804307,0.10188389081122645,0.5581196581196581,0.14957264957264957,610,0.8051912568306013,0.680327868852459,6.849180327868853,0.36270491803278687,4462,0.5210946408209807,0.02280501710376283,0.5296679368535656,0.03429504627109418,9453,0.5324323847808456,0.6229768327515075,4.206177932931345,0.387275644416235,2723,0.1835016835016835,0.122334455667789,0.235480464625132,0.18479408658922913,5016,0.6617989101541738,0.6046650717703349,4.6919856459330145,0.3779572036150982,13.48,13.36,12.44,12.14,-1,2,3
986,1205741363,1,14,11,14,13,3766,0.5653343581860107,0.10222905457340507,0.5581196581196581,0.14957264957264957,611,0.8038734315330062,0.6808510638297872,6.849427168576105,0.36292962356792147,4467,0.5216400911161732,0.022779043280182234,0.5296356715606307,0.03425774877650897,9464,0.532377078050155,0.6230980557903635,4.206466610312765,0.38723055790363514,2726,0.18375350140056024,0.12212885154061624,0.235480464625132,0.18479408658922913,5022,0.6616056020177888,0.6047391477499005,4.691358024691358,0.37790388955263493,13.48,13.36,12.44,12.16,3,0,1
987,1205741364,1,13,13,13,11,3768,0.565284178187404,0.10215053763440861,0.5581196581196581,0.14957264957264957,611,0.8038734315330062,0.6808510638297872,6.849427168576105,0.36292962356792147,4469,0.5214421252371917,0.022770398481973434,0.5293478260869565,0.034239130434782605,9477,0.5324733565474307,0.6235095494354753,4.205972354120502,0.38721817734163444,2735,0.18293363078639152,0.12214166201896264,0.23523206751054854,0.18459915611814345,5024,0.6617403131634825,0.6048964968152867,4.6914808917197455,0.3778529723991506,13.46,13.34,12.48,12.14,0,0,2
988,1205741365,1,14,15,11,11,3770,0.5648503453568687,0.10207214121258634,0.5581196581196581,0.14957264957264957,612,0.8041938997821353,0.6797385620915033,6.849673202614379,0.3631535947712418,4479,0.5213934115865203,0.022718667171525937,0.529826464208243,0.034164859002169194,9482,0.5323507698797721,0.6234971524994727,4.205863741826619,0.38717218589608415,2737,0.18283166109253066,0.12207357859531773,0.23498419388830347,0.18440463645943098,5031,0.662012191081959,0.6048499304313257,4.69151262174518,0.37797323262439525,13.42,13.32,12.44,12.1,-1,3,3
989,1205741366,1,13,14,13,13,3777,0.5654670750382849,0.10183767228177641,0.5584970111016225,0.14944491887275832,612,0.8041938997821353,0.6797385620915033,6.849673202614379,0.3631535947712418,4480,0.5213934115865203,0.022718667171525937,0.529539295392954,0.03414634146341464,9491,0.5323727742071436,0.6235380887156253,4.205984617005584,0.3871211323007765,2739,0.18328690807799444,0.12200557103064066,0.23473684210526316,0.18421052631578946,5036,0.6619175271379407,0.6046465448768864,4.69142176330421,0.3780447445062217,13.46,13.34,12.46,12.1,-1,0,0
990,1205741367,1,13,12,11,12,3779,0.5656333716035209,0.10179869881362419,0.5580204778156996,0.1493174061433447,613,0.8045133224578578,0.6802610114192496,6.849918433931484,0.3629690048939641,4486,0.5219198790627362,0.022675736961451247,0.5292524377031419,0.03412784398699892,9496,0.5325136899747261,0.6235256950294861,4.2067186183656275,0.3870752597584951,2740,0.183184855233853,0.12193763919821826,0.23473684210526316,0.18421052631578946,5044,0.6616937615648961,0.6044805709754163,4.692902458366376,0.37823817076394384,13.46,13.34,12.44,12.12,1,2,1
991,1205741368,1,10,10,9,12,3781,0.5659655831739961,0.10172084130019121,0.5580204778156996,0.1493174061433447,613,0.8045133224578578,0.6802610114192496,6.849918433931484,0.3629690048939641,4489,0.5222809667673716,0.022658610271903322,0.5289658906334597,0.03410936654033568,9503,0.5325423550457751,0.6234873197937494,4.207513416815742,0.3870005963029222,2744,0.1835372636262514,0.1218020022246941,0.2342436974789916,0.18487394957983194,5050,0.6618976897689774,0.6047524752475247,4.693267326732673,0.3781023102310229,13.4,13.26,12.34,12.14,0,1,-2
992,1205741369,1,13,12,15,11,3790,0.5659801678108314,0.10144927536231885,0.5579216354344123,0.14991482112436116,614,0.8048317046688385,0.6807817589576547,6.850162866449511,0.36278501628664495,4492,0.5228215767634855,0.022632968691059976,0.5289658906334597,0.03410936654033568,9513,0.532560706401766,0.6233575107747293,4.207085041522127,0.38694418164616873,2745,0.18343524180100054,0.12229016120066703,0.2342436974789916,0.18487394957983194,5054,0.6619674185463665,0.6048674317372378,4.693510091017016,0.378000923361034,13.36,13.18,12.4,12.1,1,-2,2
993,1205741370,1,12,12,14,11,3794,0.5659298780487805,0.1013719512195122,0.5586734693877551,0.14965986394557823,615,0.8051490514905151,0.6813008130081301,6.850406504065041,0.36300813008130084,4495,0.5226244343891403,0.02262443438914027,0.5283937263385614,0.03407247160627366,9524,0.5326280974380513,0.623057538849223,4.206740865182696,0.3869697606047882,2748,0.18323153803442532,0.12215435868961688,0.23504721930745015,0.18467995802728226,5057,0.6620690791641954,0.60490409333597,4.693296420802848,0.3779909036978444,13.32,13.18,12.42,12.06,0,-2,1
994,1205741371,1,13,15,12,11,3797,0.5658796648895659,0.1012947448591013,0.5581988105352591,0.1503823279524214,617,0.804159913560238,0.6807131280388979,6.8508914100486225,0.36304700162074555,4500,0.5227871939736346,0.022598870056497175,0.5278227984873042,0.03403565640194489,9533,0.5325273610965418,0.623098709745096,4.2078044686877165,0.3869715724326029,2751,0.18302828618968386,0.12201885745978924,0.2358490566037736,0.18448637316561844,5063,0.661877016261769,0.6047797748370531,4.693067351372704,0.37800381855289994,13.34,13.2,12.4,12.04,-2,1,2
995,1205741372,1,14,14,14,12,3803,0.5659445077917141,0.10148232611174458,0.5577249575551783,0.1502546689303905,618,0.8044768069039916,0.6812297734627831,6.851132686084142,0.3628640776699029,4503,0.5227700414000753,0.02258185923974407,0.5275377969762419,0.03401727861771058,9542,0.5324093481450429,0.6231398029763152,4.207818067491092,0.386973380842591,2753,0.18337950138504155,0.12188365650969529,0.2358490566037736,0.18448637316561844,5068,0.662013285977375,0.6047750591949487,4.693172849250197,0.37802551960010505,13.36,13.24,12.42,12.08,0,0,2
996,1205741373,1,14,14,13,13,3809,0.5654648956356736,0.10132827324478179,0.5567796610169492,0.15084745762711865,619,0.8047926763597202,0.6801292407108239,6.851373182552504,0.3630856219709208,4507,0.5233082706766917,0.022556390977443608,0.5272531030760929,0.033998920669185105,9551,0.5323613583219907,0.6230761176840122,4.207517537430635,0.3870275363836251,2755,0.18327796234772978,0.12236987818383167,0.23664921465968586,0.18429319371727748,5072,0.6620498159831762,0.604692429022082,4.693020504731861,0.37807242376445827,13.36,13.26,12.44,12.1,0,1,1
997,1205741374,1,14,14,14,12,3811,0.5657944634053849,0.1012514220705347,0.5567796610169492,0.15084745762711865,619,0.8047926763597202,0.6801292407108239,6.851373182552504,0.3630856219709208,4507,0.5233082706766917,0.022556390977443608,0.5272531030760929,0.033998920669185105,9562,0.5325332915010806,0.623195984103744,4.2085337795440285,0.38694833716795685,2759,0.1836283185840708,0.12278761061946902,0.2361546499477534,0.1839080459770115,5079,0.6621218087550048,0.6044496948218153,4.693049812955306,0.37789591126862226,13.36,13.28,12.46,12.1,0,0,2
998,1205741375,1,14,13,13,10,3815,0.5659090909090909,0.10151515151515152,0.5571549534292972,0.15071972904318373,620,0.8051075268817206,0.6806451612903226,6.851612903225806,0.3629032258064516,4509,0.5234874107478391,0.02254791431792559,0.5269687162891047,0.03398058252427184,9573,0.5324436784010586,0.6232111145931265,4.208712002507051,0.3869215501932522,2760,0.1836283185840708,0.12278761061946902,0.23695198329853862,0.1837160751565762,5085,0.6624221566699449,0.6043264503441494,4.693411996066863,0.3778924942641755,13.36,13.3,12.48,12.08,1,1,4
999,1205741376,1,13,13,12,11,3820,0.5655954631379962,0.10170132325141777,0.5571549534292972,0.15071972904318373,621,0.8054213633923781,0.6811594202898551,6.85024154589372,0.36272141706924316,4512,0.5238452872699962,0.022530980097634247,0.5266846361185984,0.033962264150943396,9583,0.5324098229503634,0.6232912449128666,4.2081811541271,0.38692650179136695,2761,0.18407960199004975,0.12271973466003316,0.23695198329853862,0.1837160751565762,5091,0.6623289465069082,0.6043999214299745,4.6937733254763305,0.377839979047993,13.36,13.3,12.46,12.04,0,1,2
1000,1205741377,1,14,13,14,12,3820,0.5655954631379962,0.10170132325141777,0.5571549534292972,0.15071972904318373,622,0.8041264737406218,0.6816720257234726,6.85048231511254,0.362540192926045,4517,0.5240060015003751,0.02250562640660165,0.5271943995691977,0.033925686591276254,9589,0.5325285917892029,0.6233183856502242,4.208468036291584,0.3868929676365283,2763,0.18407960199004975,0.12271973466003316,0.23645833333333333,0.18333333333333332,5101,0.6626641834934333,0.6041952558321898,4.694177612232895,0.3778834215513296,13.42,13.34,12.46,12.0,1,0,2
