game,seed,teamset,adaptive_persistent,adaptive_reset,full,intentional,p1_resp_obs,p1_p_play_num,p1_p_disc_num,p1_p_play_color,p1_p_disc_color,p1_giving_obs,p1_giving_play_bias,p1_giving_color_bias,p1_giving_conservatism,p1_giving_coverage,p2_resp_obs,p2_p_play_num,p2_p_disc_num,p2_p_play_color,p2_p_disc_color,p2_giving_obs,p2_giving_play_bias,p2_giving_color_bias,p2_giving_conservatism,p2_giving_coverage,p3_resp_obs,p3_p_play_num,p3_p_disc_num,p3_p_play_color,p3_p_disc_color,p3_giving_obs,p3_giving_play_bias,p3_giving_color_bias,p3_giving_conservatism,p3_giving_coverage,ma50_adaptive_persistent,ma50_adaptive_reset,ma50_full,ma50_intentional,diff_persistent_reset,diff_persistent_full,diff_persistent_intentional
1,1205740378,5,16,16,12,15,3,0.4,0.4,0.5,0.25,1,1.0,0.0,7.0,0.5,1,0.25,0.25,0.3333333333333333,0.3333333333333333,11,0.5151515151515151,0.2727272727272727,5.636363636363637,0.446969696969697,3,0.3333333333333333,0.3333333333333333,0.5,0.16666666666666666,3,0.5,0.6666666666666666,5.0,0.5,16.0,16.0,12.0,15.0,0,4,1
2,1205740379,5,15,16,14,14,5,0.4,0.4,0.5,0.16666666666666666,2,1.0,0.0,7.0,0.375,4,0.2,0.2,0.6,0.2,19,0.6228070175438597,0.2631578947368421,5.473684210526316,0.4035087719298246,10,0.5,0.125,0.625,0.125,7,0.5714285714285714,0.7142857142857143,5.0,0.42857142857142855,15.5,16.0,13.0,14.5,-1,1,1
3,1205740380,5,14,14,15,13,6,0.4,0.4,0.5714285714285714,0.14285714285714285,3,1.0,0.0,7.0,0.4166666666666667,7,0.3333333333333333,0.16666666666666666,0.42857142857142855,0.14285714285714285,27,0.6234567901234569,0.2222222222222222,5.444444444444445,0.36728395061728397,16,0.5555555555555556,0.1111111111111111,0.6923076923076923,0.07692307692307693,12,0.5416666666666666,0.75,5.083333333333333,0.3958333333333333,15.0,15.333333333333334,13.666666666666666,14.0,0,-1,1
4,1205740381,5,13,14,13,13,10,0.42857142857142855,0.42857142857142855,0.5555555555555556,0.1111111111111111,3,1.0,0.0,7.0,0.4166666666666667,10,0.375,0.125,0.375,0.25,32,0.6145833333333334,0.25,5.40625,0.38020833333333337,20,0.5454545454545454,0.09090909090909091,0.7333333333333333,0.06666666666666667,19,0.5789473684210527,0.6842105263157895,5.368421052631579,0.4035087719298246,14.5,15.0,13.5,13.75,-1,0,0
5,1205740382,5,15,11,14,12,13,0.42857142857142855,0.42857142857142855,0.5,0.25,4,1.0,0.0,7.0,0.4375,13,0.4,0.1,0.3333333333333333,0.2222222222222222,39,0.6324786324786326,0.20512820512820512,5.384615384615385,0.3824786324786325,23,0.5833333333333334,0.08333333333333333,0.7647058823529411,0.058823529411764705,25,0.56,0.72,5.32,0.3966666666666667,14.6,14.2,13.6,13.4,4,1,3
6,1205740383,5,14,15,12,13,17,0.5,0.375,0.4,0.26666666666666666,4,1.0,0.0,7.0,0.4375,15,0.3333333333333333,0.16666666666666666,0.3333333333333333,0.2222222222222222,50,0.6566666666666667,0.22,5.36,0.37833333333333335,27,0.5714285714285714,0.07142857142857142,0.7894736842105263,0.05263157894736842,28,0.5535714285714286,0.75,5.357142857142857,0.38988095238095244,14.5,14.333333333333334,13.333333333333334,13.333333333333334,-1,2,1
7,1205740384,5,13,14,11,13,22,0.45454545454545453,0.45454545454545453,0.35294117647058826,0.35294117647058826,5,1.0,0.2,7.0,0.4,16,0.38461538461538464,0.15384615384615385,0.3333333333333333,0.2222222222222222,58,0.6695402298850575,0.1896551724137931,5.344827586206897,0.37787356321839083,29,0.6,0.06666666666666667,0.8,0.05,33,0.5606060606060606,0.7878787878787878,5.303030303030303,0.39141414141414144,14.285714285714286,14.285714285714286,13.0,13.285714285714286,-1,2,0
8,1205740385,5,12,12,10,13,26,0.4166666666666667,0.5,0.3,0.45,6,0.8333333333333334,0.3333333333333333,7.0,0.4166666666666667,23,0.4117647058823529,0.11764705882352941,0.4166666666666667,0.16666666666666666,65,0.694871794871795,0.18461538461538463,5.323076923076923,0.3717948717948718,32,0.6,0.06666666666666667,0.6956521739130435,0.08695652173913043,39,0.6025641025641025,0.7435897435897436,5.282051282051282,0.38461538461538464,14.0,14.0,12.625,13.25,0,2,-1
9,1205740386,5,13,12,12,12,31,0.4,0.5333333333333333,0.2727272727272727,0.5,6,0.8333333333333334,0.3333333333333333,7.0,0.4166666666666667,27,0.45,0.1,0.46153846153846156,0.15384615384615385,74,0.6644144144144145,0.20270270270270271,5.297297297297297,0.36711711711711714,35,0.5625,0.0625,0.68,0.08,44,0.625,0.7727272727272727,5.295454545454546,0.37121212121212116,13.88888888888889,13.777777777777779,12.555555555555555,13.11111111111111,1,1,1
10,1205740387,5,13,13,11,13,34,0.3333333333333333,0.5555555555555556,0.2727272727272727,0.5,6,0.8333333333333334,0.3333333333333333,7.0,0.4166666666666667,29,0.5,0.09090909090909091,0.46153846153846156,0.15384615384615385,82,0.6341463414634148,0.24390243902439024,5.317073170731708,0.37093495934959353,40,0.5789473684210527,0.05263157894736842,0.7037037037037037,0.07407407407407407,51,0.6764705882352942,0.7843137254901961,5.333333333333333,0.35457516339869277,13.8,13.7,12.4,13.1,0,2,0
11,1205740388,5,13,13,13,13,37,0.3157894736842105,0.5789473684210527,0.25,0.5416666666666666,7,0.8571428571428571,0.2857142857142857,7.0,0.39285714285714285,32,0.52,0.08,0.46153846153846156,0.15384615384615385,92,0.6467391304347827,0.25,5.3478260869565215,0.36050724637681164,44,0.6190476190476191,0.047619047619047616,0.6896551724137931,0.06896551724137931,55,0.6909090909090909,0.8,5.3090909090909095,0.3515151515151515,13.727272727272727,13.636363636363637,12.454545454545455,13.090909090909092,0,0,0
12,1205740389,5,11,14,15,11,39,0.35,0.55,0.24,0.56,8,0.875,0.25,7.0,0.375,33,0.5,0.07692307692307693,0.46153846153846156,0.15384615384615385,100,0.6300000000000001,0.25,5.39,0.3616666666666667,49,0.6086956521739131,0.043478260869565216,0.65625,0.0625,57,0.6885964912280702,0.8070175438596491,5.333333333333333,0.3611111111111111,13.5,13.666666666666666,12.666666666666666,12.916666666666666,-3,-4,0
13,1205740390,5,14,13,15,14,39,0.35,0.55,0.24,0.56,9,0.8888888888888888,0.3333333333333333,7.0,0.3611111111111111,37,0.5,0.07142857142857142,0.5333333333333333,0.13333333333333333,111,0.6171171171171171,0.26126126126126126,5.387387387387387,0.35960960960960964,53,0.6153846153846154,0.038461538461538464,0.6363636363636364,0.06060606060606061,61,0.6762295081967213,0.7868852459016393,5.311475409836065,0.3620218579234972,13.538461538461538,13.615384615384615,12.846153846153847,13.0,1,-1,0
14,1205740391,5,13,14,14,13,44,0.30434782608695654,0.5217391304347826,0.2962962962962963,0.5185185185185185,10,0.9,0.3,7.0,0.375,41,0.4838709677419355,0.06451612903225806,0.5625,0.125,119,0.634453781512605,0.2605042016806723,5.378151260504202,0.35854341736694684,55,0.6153846153846154,0.038461538461538464,0.6,0.05714285714285714,67,0.6604477611940298,0.7761194029850746,5.298507462686567,0.3669154228855721,13.5,13.642857142857142,12.928571428571429,13.0,-1,-1,0
15,1205740392,5,13,13,13,11,48,0.2916666666666667,0.5416666666666666,0.3,0.5333333333333333,11,0.8787878787878788,0.36363636363636365,7.0,0.4090909090909091,41,0.4838709677419355,0.06451612903225806,0.5625,0.125,132,0.61489898989899,0.25757575757575757,5.393939393939394,0.36489898989898994,60,0.6333333333333333,0.03333333333333333,0.6111111111111112,0.05555555555555555,69,0.6654589371980676,0.782608695652174,5.318840579710145,0.37077294685990336,13.466666666666667,13.6,12.933333333333334,12.866666666666667,0,0,2
16,1205740393,5,12,14,12,13,49,0.28,0.56,0.3,0.5333333333333333,12,0.8055555555555555,0.4166666666666667,7.0,0.3958333333333333,47,0.5142857142857142,0.05714285714285714,0.5555555555555556,0.1111111111111111,139,0.6199040767386091,0.2517985611510791,5.410071942446043,0.3627098321342926,60,0.6333333333333333,0.03333333333333333,0.6111111111111112,0.05555555555555555,78,0.672008547008547,0.7692307692307693,5.346153846153846,0.36645299145299143,13.375,13.625,12.875,12.875,-2,0,-1
17,1205740394,5,15,15,13,10,52,0.2962962962962963,0.5555555555555556,0.3225806451612903,0.5161290322580645,13,0.8205128205128205,0.38461538461538464,7.0,0.40384615384615385,49,0.4864864864864865,0.05405405405405406,0.5555555555555556,0.1111111111111111,146,0.6312785388127854,0.2465753424657534,5.404109589041096,0.36073059360730597,66,0.65625,0.03125,0.65,0.05,83,0.6757028112449799,0.7831325301204819,5.337349397590361,0.37751004016064255,13.470588235294118,13.705882352941176,12.882352941176471,12.705882352941176,0,2,5
18,1205740395,5,14,14,13,13,54,0.2857142857142857,0.5714285714285714,0.3125,0.53125,14,0.7619047619047619,0.42857142857142855,7.0,0.4107142857142857,56,0.4878048780487805,0.04878048780487805,0.6190476190476191,0.09523809523809523,151,0.6368653421633554,0.23841059602649006,5.397350993377484,0.3570640176600442,68,0.6470588235294118,0.029411764705882353,0.65,0.05,90,0.6842592592592592,0.7888888888888889,5.333333333333333,0.3731481481481481,13.5,13.722222222222221,12.88888888888889,12.722222222222221,0,1,1
19,1205740396,5,13,13,15,14,56,0.2857142857142857,0.5714285714285714,0.29411764705882354,0.5588235294117647,14,0.7619047619047619,0.42857142857142855,7.0,0.4107142857142857,56,0.4878048780487805,0.04878048780487805,0.6190476190476191,0.09523809523809523,163,0.6186094069529653,0.25153374233128833,5.423312883435583,0.35838445807770963,71,0.6756756756756757,0.02702702702702703,0.65,0.05,96,0.6883680555555555,0.7916666666666666,5.364583333333333,0.37065972222222215,13.473684210526315,13.68421052631579,13.0,12.789473684210526,0,-2,-1
20,1205740397,5,16,12,14,13,56,0.2857142857142857,0.5714285714285714,0.29411764705882354,0.5588235294117647,16,0.7916666666666666,0.375,7.0,0.40625,60,0.5,0.047619047619047616,0.5416666666666666,0.08333333333333333,172,0.6240310077519381,0.25,5.4186046511627906,0.35707364341085274,76,0.6842105263157895,0.02631578947368421,0.6818181818181818,0.045454545454545456,99,0.6776094276094276,0.7878787878787878,5.363636363636363,0.3695286195286195,13.6,13.6,13.05,12.8,4,2,3
21,1205740398,5,14,13,14,11,58,0.27586206896551724,0.5862068965517241,0.2857142857142857,0.5714285714285714,17,0.8039215686274509,0.4117647058823529,7.0,0.39705882352941174,63,0.5227272727272727,0.045454545454545456,0.52,0.08,179,0.6219739292364991,0.25139664804469275,5.418994413407821,0.3528864059590317,81,0.7073170731707317,0.024390243902439025,0.6739130434782609,0.043478260869565216,104,0.6738782051282051,0.7788461538461539,5.355769230769231,0.36858974358974356,13.619047619047619,13.571428571428571,13.095238095238095,12.714285714285714,1,0,3
22,1205740399,5,14,12,13,12,62,0.25,0.59375,0.2777777777777778,0.5833333333333334,17,0.8039215686274509,0.4117647058823529,7.0,0.39705882352941174,69,0.5306122448979592,0.04081632653061224,0.5,0.07692307692307693,185,0.6261261261261262,0.24324324324324326,5.416216216216216,0.3509009009009009,85,0.7272727272727273,0.022727272727272728,0.6808510638297872,0.0425531914893617,110,0.6916666666666667,0.7909090909090909,5.363636363636363,0.3643939393939393,13.636363636363637,13.5,13.090909090909092,12.681818181818182,2,1,2
23,1205740400,5,13,14,14,11,66,0.23529411764705882,0.6176470588235294,0.2894736842105263,0.5789473684210527,18,0.7592592592592592,0.4444444444444444,7.0,0.3888888888888889,75,0.5283018867924528,0.03773584905660377,0.5357142857142857,0.07142857142857142,192,0.6293402777777778,0.25,5.411458333333333,0.3498263888888889,86,0.7333333333333333,0.022222222222222223,0.6808510638297872,0.0425531914893617,117,0.7015669515669515,0.7777777777777778,5.35042735042735,0.36609686609686604,13.608695652173912,13.521739130434783,13.130434782608695,12.608695652173912,-1,-1,2
24,1205740401,5,13,13,12,11,68,0.22857142857142856,0.6,0.3076923076923077,0.5641025641025641,19,0.7456140350877193,0.47368421052631576,7.0,0.39473684210526316,79,0.543859649122807,0.03508771929824561,0.5357142857142857,0.07142857142857142,198,0.6380471380471381,0.25757575757575757,5.409090909090909,0.3493265993265994,92,0.6666666666666666,0.0392156862745098,0.6808510638297872,0.0425531914893617,123,0.7039295392953929,0.7804878048780488,5.365853658536586,0.3665311653116531,13.583333333333334,13.5,13.083333333333334,12.541666666666666,0,1,2
25,1205740402,5,13,13,13,12,70,0.2222222222222222,0.6111111111111112,0.325,0.55,19,0.7456140350877193,0.47368421052631576,7.0,0.39473684210526316,85,0.5573770491803278,0.03278688524590164,0.5666666666666667,0.06666666666666667,205,0.6357723577235773,0.25365853658536586,5.414634146341464,0.3508130081300813,94,0.6666666666666666,0.0392156862745098,0.6938775510204082,0.04081632653061224,131,0.7029262086513994,0.7862595419847328,5.358778625954199,0.36323155216284986,13.56,13.48,13.08,12.52,0,0,1
26,1205740403,5,14,14,12,12,70,0.2222222222222222,0.6111111111111112,0.325,0.55,20,0.7083333333333333,0.5,7.0,0.3875,86,0.5483870967741935,0.04838709677419355,0.5666666666666667,0.06666666666666667,215,0.6294573643410853,0.2558139534883721,5.437209302325582,0.3554263565891473,96,0.6730769230769231,0.038461538461538464,0.7,0.04,139,0.7056354916067146,0.7769784172661871,5.359712230215828,0.35671462829736206,13.576923076923077,13.5,13.038461538461538,12.5,0,2,2
27,1205740404,5,13,15,12,13,73,0.2631578947368421,0.5789473684210527,0.3170731707317073,0.5609756097560976,21,0.7222222222222222,0.5238095238095238,7.0,0.38095238095238093,90,0.5384615384615384,0.06153846153846154,0.5806451612903226,0.06451612903225806,220,0.6310606060606061,0.2545454545454545,5.4363636363636365,0.3541666666666667,104,0.6727272727272727,0.03636363636363636,0.6909090909090909,0.03636363636363636,144,0.7042824074074073,0.7777777777777778,5.347222222222222,0.35821759259259256,13.555555555555555,13.555555555555555,13.0,12.518518518518519,-2,1,0
28,1205740405,5,12,12,15,13,76,0.28205128205128205,0.5641025641025641,0.3023255813953488,0.5813953488372093,24,0.7569444444444443,0.5416666666666666,7.0,0.375,95,0.5507246376811594,0.057971014492753624,0.5625,0.09375,226,0.6253687315634219,0.25663716814159293,5.446902654867257,0.35471976401179944,106,0.6727272727272727,0.03636363636363636,0.6666666666666666,0.05263157894736842,151,0.7047461368653422,0.7748344370860927,5.357615894039735,0.3565121412803532,13.5,13.5,13.071428571428571,12.535714285714286,0,-3,-1
29,1205740406,5,15,14,14,12,80,0.2682926829268293,0.5609756097560976,0.28888888888888886,0.5777777777777777,25,0.7666666666666666,0.56,7.0,0.37,99,0.5277777777777778,0.05555555555555555,0.5757575757575758,0.09090909090909091,233,0.6280400572246067,0.2532188841201717,5.446351931330472,0.3569384835479256,111,0.6779661016949152,0.03389830508474576,0.6724137931034483,0.05172413793103448,155,0.7043010752688171,0.7806451612903226,5.348387096774194,0.3602150537634408,13.551724137931034,13.517241379310345,13.10344827586207,12.517241379310345,1,1,3
30,1205740407,5,13,10,12,10,85,0.27906976744186046,0.5581395348837209,0.2708333333333333,0.5833333333333334,26,0.7371794871794871,0.5769230769230769,7.0,0.36538461538461536,101,0.5405405405405406,0.05405405405405406,0.5757575757575758,0.09090909090909091,243,0.6248285322359397,0.25102880658436216,5.444444444444445,0.35871056241426613,113,0.6666666666666666,0.03333333333333333,0.6610169491525424,0.05084745762711865,161,0.7028985507246376,0.782608695652174,5.341614906832298,0.3607660455486542,13.533333333333333,13.4,13.066666666666666,12.433333333333334,3,1,3
31,1205740408,5,14,16,12,11,86,0.2727272727272727,0.5681818181818182,0.2708333333333333,0.5833333333333334,27,0.7469135802469135,0.5925925925925926,7.0,0.3611111111111111,111,0.5375,0.05,0.5405405405405406,0.08108108108108109,248,0.6323924731182796,0.24596774193548387,5.439516129032258,0.3575268817204301,115,0.6721311475409836,0.03278688524590164,0.6666666666666666,0.05,168,0.7033730158730158,0.7797619047619048,5.339285714285714,0.3621031746031746,13.548387096774194,13.483870967741936,13.03225806451613,12.387096774193548,-2,2,3
32,1205740409,5,15,14,15,13,88,0.26666666666666666,0.5777777777777777,0.2857142857142857,0.5714285714285714,28,0.7559523809523808,0.5714285714285714,7.0,0.35714285714285715,113,0.5308641975308642,0.04938271604938271,0.5526315789473685,0.07894736842105263,257,0.6297016861219196,0.2490272373540856,5.439688715953308,0.35667963683527887,120,0.6923076923076923,0.03076923076923077,0.6557377049180327,0.04918032786885246,173,0.7003853564547206,0.7861271676300579,5.335260115606936,0.3588631984585742,13.59375,13.5,13.09375,12.40625,1,0,2
33,1205740410,5,12,11,13,13,91,0.2553191489361702,0.5957446808510638,0.28,0.58,29,0.7643678160919539,0.5517241379310345,7.0,0.35344827586206895,119,0.5294117647058824,0.058823529411764705,0.525,0.1,266,0.6384711779448622,0.2518796992481203,5.43609022556391,0.3549498746867168,124,0.7058823529411765,0.029411764705882353,0.6451612903225806,0.04838709677419355,178,0.6910112359550561,0.7865168539325843,5.325842696629214,0.3609550561797753,13.545454545454545,13.424242424242424,13.090909090909092,12.424242424242424,1,-1,-1
34,1205740411,5,15,13,12,13,94,0.2553191489361702,0.5957446808510638,0.2641509433962264,0.6037735849056604,30,0.7722222222222221,0.5666666666666667,7.0,0.35,122,0.5232558139534884,0.05813953488372093,0.5476190476190477,0.09523809523809523,274,0.6435523114355232,0.24817518248175183,5.430656934306569,0.35736009732360097,131,0.7027027027027027,0.02702702702702703,0.6507936507936508,0.047619047619047616,181,0.6869244935543277,0.7845303867403315,5.320441988950276,0.36187845303867405,13.588235294117647,13.411764705882353,13.058823529411764,12.441176470588236,2,3,2
35,1205740412,5,12,13,13,12,94,0.2553191489361702,0.5957446808510638,0.2641509433962264,0.6037735849056604,30,0.7722222222222221,0.5666666666666667,7.0,0.35,124,0.5172413793103449,0.05747126436781609,0.5581395348837209,0.09302325581395349,284,0.6455399061032864,0.24647887323943662,5.443661971830986,0.35563380281690143,135,0.7142857142857143,0.025974025974025976,0.65625,0.046875,189,0.6948853615520281,0.7883597883597884,5.328042328042328,0.3637566137566138,13.542857142857143,13.4,13.057142857142857,12.428571428571429,-1,-1,0
36,1205740413,5,14,16,12,12,98,0.26,0.6,0.2777777777777778,0.5925925925925926,30,0.7722222222222221,0.5666666666666667,7.0,0.35,125,0.5172413793103449,0.05747126436781609,0.5454545454545454,0.09090909090909091,292,0.6438356164383562,0.25,5.4520547945205475,0.3587328767123288,141,0.7195121951219512,0.024390243902439025,0.6615384615384615,0.046153846153846156,193,0.701208981001727,0.7875647668393783,5.331606217616581,0.3639896373056995,13.555555555555555,13.472222222222221,13.027777777777779,12.416666666666666,-2,2,2
37,1205740414,5,13,13,11,13,102,0.2641509433962264,0.6037735849056604,0.2727272727272727,0.6,31,0.7473118279569891,0.5806451612903226,7.0,0.3548387096774194,129,0.5168539325842697,0.056179775280898875,0.5434782608695652,0.08695652173913043,298,0.6442953020134228,0.2516778523489933,5.446308724832215,0.35822147651006714,147,0.7093023255813954,0.03488372093023256,0.6716417910447762,0.04477611940298507,197,0.7047377326565143,0.7868020304568528,5.32994923857868,0.3629441624365482,13.54054054054054,13.45945945945946,12.972972972972974,12.432432432432432,0,2,0
38,1205740415,5,15,13,12,10,104,0.2641509433962264,0.6037735849056604,0.2807017543859649,0.5964912280701754,31,0.7473118279569891,0.5806451612903226,7.0,0.3548387096774194,135,0.5268817204301075,0.053763440860215055,0.5416666666666666,0.08333333333333333,306,0.644880174291939,0.24836601307189543,5.4411764705882355,0.3602941176470588,152,0.7078651685393258,0.033707865168539325,0.6811594202898551,0.043478260869565216,201,0.7031509121061359,0.7910447761194029,5.323383084577115,0.3619402985074627,13.578947368421053,13.447368421052632,12.947368421052632,12.368421052631579,2,3,5
39,1205740416,5,14,13,11,13,107,0.26785714285714285,0.6071428571428571,0.2807017543859649,0.5964912280701754,32,0.7552083333333333,0.59375,7.0,0.3515625,138,0.5263157894736842,0.05263157894736842,0.5510204081632653,0.08163265306122448,313,0.6373801916932909,0.2523961661341853,5.437699680511182,0.36182108626198084,157,0.7127659574468085,0.031914893617021274,0.6811594202898551,0.043478260869565216,206,0.7022653721682848,0.7864077669902912,5.325242718446602,0.3616504854368932,13.58974358974359,13.435897435897436,12.897435897435898,12.384615384615385,1,3,1
40,1205740417,5,15,15,12,15,111,0.2807017543859649,0.5964912280701754,0.26666666666666666,0.6166666666666667,33,0.7626262626262625,0.5757575757575758,7.0,0.3484848484848485,142,0.5204081632653061,0.061224489795918366,0.56,0.08,319,0.6374085684430513,0.25705329153605017,5.435736677115988,0.36442006269592475,163,0.7070707070707071,0.030303030303030304,0.6857142857142857,0.04285714285714286,211,0.7022116903633491,0.7819905213270142,5.317535545023697,0.3637440758293839,13.625,13.475,12.875,12.45,0,3,0
41,1205740418,5,12,15,11,11,111,0.2807017543859649,0.5964912280701754,0.26666666666666666,0.6166666666666667,34,0.7401960784313725,0.5882352941176471,7.0,0.34558823529411764,152,0.5048543689320388,0.05825242718446602,0.5454545454545454,0.10909090909090909,328,0.6331300813008132,0.2530487804878049,5.426829268292683,0.36915650406504064,166,0.7058823529411765,0.029411764705882353,0.6857142857142857,0.04285714285714286,216,0.7021604938271605,0.7870370370370371,5.314814814814815,0.3645833333333333,13.585365853658537,13.512195121951219,12.829268292682928,12.414634146341463,-3,1,1
42,1205740419,5,15,14,14,15,114,0.288135593220339,0.576271186440678,0.2786885245901639,0.6065573770491803,35,0.7476190476190475,0.6,7.0,0.35,155,0.5142857142857142,0.05714285714285714,0.5357142857142857,0.10714285714285714,334,0.6337325349301398,0.25149700598802394,5.422155688622754,0.3712574850299401,171,0.7115384615384616,0.028846153846153848,0.6986301369863014,0.0410958904109589,221,0.7043740573152337,0.7828054298642534,5.3076923076923075,0.36764705882352944,13.619047619047619,13.523809523809524,12.857142857142858,12.476190476190476,1,1,0
43,1205740420,5,11,16,14,12,118,0.2857142857142857,0.5714285714285714,0.2786885245901639,0.6065573770491803,36,0.7546296296296295,0.6111111111111112,7.0,0.3472222222222222,159,0.5094339622641509,0.05660377358490566,0.5254237288135594,0.1016949152542373,341,0.6378299120234606,0.24926686217008798,5.425219941348973,0.37316715542521994,173,0.7047619047619048,0.02857142857142857,0.6891891891891891,0.04054054054054054,228,0.7039473684210527,0.7850877192982456,5.302631578947368,0.3673245614035088,13.55813953488372,13.581395348837209,12.883720930232558,12.465116279069768,-5,-3,-1
44,1205740421,5,12,15,13,12,122,0.27692307692307694,0.5846153846153846,0.2698412698412698,0.6190476190476191,37,0.7612612612612611,0.6216216216216216,7.0,0.35135135135135137,161,0.5,0.05555555555555555,0.5254237288135594,0.1016949152542373,350,0.6400000000000001,0.24857142857142858,5.42,0.37285714285714283,175,0.7075471698113207,0.02830188679245283,0.6933333333333334,0.04,234,0.7029914529914529,0.7863247863247863,5.294871794871795,0.36538461538461536,13.522727272727273,13.613636363636363,12.886363636363637,12.454545454545455,-3,-1,0
45,1205740422,5,12,10,11,11,123,0.2878787878787879,0.5757575757575758,0.2698412698412698,0.6190476190476191,37,0.7612612612612611,0.6216216216216216,7.0,0.35135135135135137,163,0.5045871559633027,0.05504587155963303,0.5166666666666667,0.1,360,0.6425925925925928,0.25,5.447222222222222,0.37083333333333335,177,0.7102803738317757,0.028037383177570093,0.6842105263157895,0.039473684210526314,238,0.7037815126050421,0.7857142857142857,5.298319327731092,0.3637955182072829,13.488888888888889,13.533333333333333,12.844444444444445,12.422222222222222,2,1,1
46,1205740423,5,11,14,11,11,126,0.27941176470588236,0.5882352941176471,0.265625,0.625,37,0.7612612612612611,0.6216216216216216,7.0,0.35135135135135137,166,0.5135135135135135,0.05405405405405406,0.5245901639344263,0.09836065573770492,370,0.642792792792793,0.25405405405405407,5.440540540540541,0.3698198198198199,179,0.6972477064220184,0.03669724770642202,0.6842105263157895,0.039473684210526314,244,0.7069672131147541,0.7868852459016393,5.299180327868853,0.3630464480874317,13.434782608695652,13.543478260869565,12.804347826086957,12.391304347826088,-3,0,0
47,1205740424,5,13,13,13,12,129,0.2857142857142857,0.5857142857142857,0.27692307692307694,0.6153846153846154,38,0.7675438596491228,0.631578947368421,7.0,0.35526315789473684,170,0.5132743362831859,0.05309734513274336,0.5079365079365079,0.09523809523809523,378,0.6450617283950619,0.25132275132275134,5.439153439153439,0.36992945326278664,186,0.6929824561403509,0.03508771929824561,0.6666666666666666,0.038461538461538464,248,0.7116935483870968,0.7903225806451613,5.294354838709677,0.3612231182795699,13.425531914893616,13.53191489361702,12.808510638297872,12.382978723404255,0,0,1
48,1205740425,5,15,14,13,14,129,0.2857142857142857,0.5857142857142857,0.27692307692307694,0.6153846153846154,39,0.7735042735042734,0.6153846153846154,7.0,0.3525641025641026,175,0.5043478260869565,0.05217391304347826,0.5303030303030303,0.09090909090909091,388,0.6430412371134022,0.25773195876288657,5.453608247422681,0.3713487972508591,190,0.6864406779661016,0.03389830508474576,0.6666666666666666,0.038461538461538464,252,0.7083333333333334,0.7857142857142857,5.2976190476190474,0.3614417989417989,13.458333333333334,13.541666666666666,12.8125,12.416666666666666,1,2,1
49,1205740426,5,13,14,13,10,131,0.2777777777777778,0.5972222222222222,0.27692307692307694,0.6153846153846154,40,0.7791666666666666,0.625,7.0,0.35,180,0.4957983193277311,0.058823529411764705,0.5373134328358209,0.08955223880597014,395,0.6413502109704643,0.2607594936708861,5.4481012658227845,0.3725738396624473,197,0.6829268292682927,0.032520325203252036,0.65,0.0375,257,0.708171206225681,0.7898832684824902,5.2957198443579765,0.36121919584954604,13.448979591836734,13.551020408163266,12.816326530612244,12.36734693877551,-1,0,3
50,1205740427,5,12,13,12,13,139,0.2894736842105263,0.5921052631578947,0.2753623188405797,0.5942028985507246,40,0.7791666666666666,0.625,7.0,0.35,184,0.4918032786885246,0.05737704918032787,0.5294117647058824,0.10294117647058823,401,0.6442227763923526,0.2593516209476309,5.446384039900249,0.3744804655029094,201,0.6825396825396826,0.031746031746031744,0.6419753086419753,0.037037037037037035,262,0.7124681933842238,0.7900763358778626,5.293893129770993,0.3619592875318066,13.42,13.54,12.8,12.38,-1,0,-1
51,1205740428,5,14,14,15,14,141,0.2948717948717949,0.5897435897435898,0.2753623188405797,0.5942028985507246,40,0.7791666666666666,0.625,7.0,0.35,187,0.4959349593495935,0.056910569105691054,0.5285714285714286,0.1,410,0.6483739837398375,0.25609756097560976,5.451219512195122,0.3729674796747968,201,0.6825396825396826,0.031746031746031744,0.6419753086419753,0.037037037037037035,269,0.7087980173482031,0.79182156133829,5.297397769516729,0.35997521685254025,13.38,13.5,12.86,12.36,0,-1,0
52,1205740429,5,13,13,13,13,145,0.2875,0.6,0.29577464788732394,0.5774647887323944,40,0.7791666666666666,0.625,7.0,0.35,188,0.5,0.056451612903225805,0.5285714285714286,0.1,420,0.6507936507936509,0.25476190476190474,5.454761904761905,0.372420634920635,203,0.6850393700787402,0.031496062992125984,0.6463414634146342,0.036585365853658534,275,0.7078787878787879,0.7963636363636364,5.294545454545455,0.36,13.34,13.44,12.84,12.34,0,0,0
53,1205740430,5,15,14,14,15,147,0.2962962962962963,0.5925925925925926,0.2916666666666667,0.5833333333333334,40,0.7791666666666666,0.625,7.0,0.35,191,0.4881889763779528,0.05511811023622047,0.5285714285714286,0.1,428,0.6491433021806855,0.25,5.460280373831775,0.3730529595015577,207,0.6946564885496184,0.030534351145038167,0.6463414634146342,0.036585365853658534,281,0.7046263345195729,0.800711743772242,5.298932384341637,0.3620996441281139,13.36,13.44,12.82,12.38,1,1,0
54,1205740431,5,15,15,13,15,149,0.30120481927710846,0.5903614457831325,0.2916666666666667,0.5833333333333334,40,0.7791666666666666,0.625,7.0,0.35,197,0.49612403100775193,0.05426356589147287,0.5135135135135135,0.0945945945945946,434,0.6516897081413211,0.2511520737327189,5.460829493087558,0.37192780337941633,214,0.6985294117647058,0.029411764705882353,0.6547619047619048,0.03571428571428571,284,0.7077464788732394,0.795774647887324,5.295774647887324,0.3609154929577465,13.4,13.46,12.82,12.42,0,2,0
55,1205740432,5,13,13,14,13,152,0.2976190476190476,0.5952380952380952,0.28378378378378377,0.5945945945945946,41,0.7845528455284553,0.6097560975609756,7.0,0.35365853658536583,203,0.5038167938931297,0.05343511450381679,0.5,0.08974358974358974,443,0.6497366440933033,0.24830699774266365,5.45823927765237,0.3705793829947329,216,0.7028985507246377,0.028985507246376812,0.6547619047619048,0.03571428571428571,288,0.7083333333333334,0.7986111111111112,5.291666666666667,0.3602430555555556,13.36,13.5,12.82,12.44,0,-1,0
56,1205740433,5,14,14,14,14,153,0.2976190476190476,0.5952380952380952,0.29333333333333333,0.5866666666666667,41,0.7845528455284553,0.6097560975609756,7.0,0.35365853658536583,206,0.49624060150375937,0.05263157894736842,0.5063291139240507,0.08860759493670886,455,0.652014652014652,0.24395604395604395,5.463736263736264,0.37179487179487186,219,0.7050359712230215,0.02877697841726619,0.6627906976744186,0.03488372093023256,292,0.7054794520547946,0.8013698630136986,5.291095890410959,0.3587328767123288,13.36,13.48,12.86,12.46,0,0,0
57,1205740434,5,13,13,13,11,156,0.29411764705882354,0.6,0.2987012987012987,0.5844155844155844,41,0.7845528455284553,0.6097560975609756,7.0,0.35365853658536583,209,0.4925373134328358,0.05223880597014925,0.5061728395061729,0.08641975308641975,465,0.6551971326164875,0.24301075268817204,5.460215053763441,0.371326164874552,225,0.7083333333333334,0.027777777777777776,0.6666666666666666,0.034482758620689655,294,0.70578231292517,0.7993197278911565,5.289115646258503,0.358843537414966,13.36,13.46,12.9,12.42,0,0,2
58,1205740435,5,13,14,14,13,160,0.2988505747126437,0.5977011494252874,0.3037974683544304,0.569620253164557,41,0.7845528455284553,0.6097560975609756,7.0,0.35365853658536583,210,0.4888888888888889,0.05185185185185185,0.5061728395061729,0.08641975308641975,476,0.6568627450980392,0.24579831932773108,5.468487394957983,0.3695728291316527,230,0.6986301369863014,0.0273972602739726,0.6666666666666666,0.03333333333333333,296,0.7010135135135135,0.8006756756756757,5.29054054054054,0.3581081081081081,13.38,13.5,12.98,12.42,-1,-1,0
59,1205740436,5,14,14,13,11,164,0.30337078651685395,0.5955056179775281,0.2962962962962963,0.5679012345679012,42,0.7896825396825397,0.6190476190476191,7.0,0.35119047619047616,214,0.4855072463768116,0.057971014492753624,0.5121951219512195,0.08536585365853659,484,0.6535812672176309,0.24586776859504134,5.4690082644628095,0.36914600550964194,233,0.7006802721088435,0.027210884353741496,0.6739130434782609,0.03260869565217391,301,0.7009966777408638,0.8006644518272426,5.295681063122924,0.3588039867109635,13.4,13.54,13.0,12.4,0,1,3
60,1205740437,5,13,15,13,13,169,0.3111111111111111,0.5888888888888889,0.29411764705882354,0.5764705882352941,43,0.7945736434108527,0.6046511627906976,7.0,0.3488372093023256,219,0.49645390070921985,0.05673758865248227,0.5119047619047619,0.08333333333333333,491,0.6520706042090971,0.2505091649694501,5.470468431771894,0.3710115410726409,236,0.7046979865771812,0.026845637583892617,0.6774193548387096,0.03225806451612903,306,0.704248366013072,0.7973856209150327,5.2973856209150325,0.35866013071895425,13.4,13.58,13.04,12.4,-2,0,0
61,1205740438,5,13,13,14,12,173,0.3010752688172043,0.5913978494623656,0.29069767441860467,0.5813953488372093,44,0.7992424242424242,0.6136363636363636,7.0,0.3465909090909091,222,0.48951048951048953,0.055944055944055944,0.5058823529411764,0.09411764705882353,500,0.6540000000000001,0.25,5.468,0.3731666666666667,242,0.6973684210526315,0.02631578947368421,0.6666666666666666,0.03125,310,0.7048387096774194,0.8,5.2935483870967746,0.357258064516129,13.4,13.58,13.06,12.38,0,-1,1
62,1205740439,5,14,14,13,12,177,0.3020833333333333,0.5833333333333334,0.28735632183908044,0.5862068965517241,45,0.8037037037037037,0.6222222222222222,7.0,0.34444444444444444,228,0.4931506849315068,0.0547945205479452,0.5,0.10227272727272728,505,0.6534653465346536,0.24752475247524752,5.46930693069307,0.37244224422442246,246,0.6967741935483871,0.025806451612903226,0.6701030927835051,0.030927835051546393,317,0.7082018927444795,0.7981072555205048,5.290220820189274,0.3556782334384858,13.46,13.58,13.02,12.4,0,1,2
63,1205740440,5,13,12,12,13,178,0.30927835051546393,0.5773195876288659,0.28735632183908044,0.5862068965517241,45,0.8037037037037037,0.6222222222222222,7.0,0.34444444444444444,230,0.4965986394557823,0.05442176870748299,0.4943820224719101,0.10112359550561797,514,0.6507782101167316,0.2490272373540856,5.470817120622568,0.3712710765239948,250,0.7025316455696202,0.02531645569620253,0.673469387755102,0.030612244897959183,323,0.7043343653250774,0.7987616099071208,5.2972136222910216,0.3560371517027864,13.44,13.56,12.96,12.38,1,1,0
64,1205740441,5,14,14,15,15,180,0.30612244897959184,0.5816326530612245,0.2840909090909091,0.5909090909090909,46,0.8079710144927535,0.6086956521739131,7.021739130434782,0.34782608695652173,231,0.49324324324324326,0.05405405405405406,0.4943820224719101,0.10112359550561797,526,0.6482889733840306,0.25285171102661597,5.477186311787072,0.3708808618504436,257,0.6993865030674846,0.024539877300613498,0.68,0.03,323,0.7043343653250774,0.7987616099071208,5.2972136222910216,0.3560371517027864,13.46,13.56,12.98,12.42,0,-1,-1
65,1205740442,5,15,15,15,13,184,0.3,0.58,0.28888888888888886,0.5888888888888889,47,0.8120567375886524,0.5957446808510638,7.0212765957446805,0.35106382978723405,233,0.4966442953020134,0.053691275167785234,0.4888888888888889,0.1111111111111111,532,0.6469298245614037,0.2518796992481203,5.475563909774436,0.3718671679197995,264,0.6987951807228916,0.024096385542168676,0.6923076923076923,0.028846153846153848,328,0.7057926829268293,0.801829268292683,5.2926829268292686,0.3544207317073171,13.5,13.6,13.02,12.46,0,0,2
66,1205740443,5,15,14,14,12,184,0.3,0.58,0.28888888888888886,0.5888888888888889,48,0.7951388888888888,0.6041666666666666,7.020833333333333,0.3489583333333333,237,0.5,0.05263157894736842,0.4835164835164835,0.10989010989010989,540,0.6503086419753088,0.2518518518518518,5.472222222222222,0.3705246913580247,270,0.7041420118343196,0.023668639053254437,0.7009345794392523,0.028037383177570093,332,0.7048192771084337,0.8042168674698795,5.289156626506024,0.3546686746987952,13.56,13.6,13.06,12.44,1,1,3
67,1205740444,5,14,14,14,13,186,0.3069306930693069,0.5742574257425742,0.2857142857142857,0.5934065934065934,48,0.7951388888888888,0.6041666666666666,7.020833333333333,0.3489583333333333,241,0.49032258064516127,0.05161290322580645,0.4891304347826087,0.10869565217391304,551,0.6482153660012101,0.25226860254083483,5.464609800362976,0.3703871748336358,273,0.7041420118343196,0.023668639053254437,0.7090909090909091,0.02727272727272727,335,0.7044776119402985,0.8059701492537313,5.28955223880597,0.35447761194029853,13.54,13.58,13.08,12.5,0,0,1
68,1205740445,5,13,13,13,13,192,0.2980769230769231,0.5865384615384616,0.2765957446808511,0.5957446808510638,49,0.7993197278911565,0.6122448979591837,7.020408163265306,0.3469387755102041,247,0.49056603773584906,0.050314465408805034,0.5,0.10638297872340426,554,0.6501203369434417,0.2509025270758123,5.462093862815885,0.37018652226233456,276,0.7058823529411765,0.023529411764705882,0.7142857142857143,0.026785714285714284,342,0.706140350877193,0.7982456140350878,5.286549707602339,0.35526315789473684,13.52,13.56,13.08,12.5,0,0,0
69,1205740446,5,15,16,11,14,194,0.3047619047619048,0.580952380952381,0.2736842105263158,0.6,50,0.8033333333333332,0.62,7.02,0.345,249,0.484472049689441,0.049689440993788817,0.5,0.10638297872340426,562,0.650652431791222,0.2508896797153025,5.460854092526691,0.37025504151838673,281,0.7076023391812866,0.023391812865497075,0.7241379310344828,0.02586206896551724,347,0.7060518731988472,0.7953890489913544,5.285302593659942,0.3559077809798271,13.56,13.62,13.0,12.5,-1,4,1
70,1205740447,5,13,14,12,12,196,0.29906542056074764,0.5887850467289719,0.2736842105263158,0.6,51,0.80718954248366,0.6078431372549019,7.019607843137255,0.3480392156862745,255,0.4819277108433735,0.04819277108433735,0.5052631578947369,0.10526315789473684,571,0.6509048453006423,0.2521891418563923,5.4605954465849385,0.36967308814944544,285,0.7076023391812866,0.023391812865497075,0.7333333333333333,0.025,351,0.704653371320038,0.792022792022792,5.284900284900285,0.358974358974359,13.5,13.66,12.96,12.48,-1,1,1
71,1205740448,5,13,13,13,11,202,0.2909090909090909,0.6,0.2653061224489796,0.6122448979591837,52,0.8108974358974359,0.5961538461538461,7.019230769230769,0.35096153846153844,256,0.47904191616766467,0.04790419161676647,0.5052631578947369,0.10526315789473684,579,0.6531375935521014,0.24870466321243523,5.469775474956822,0.3706102475532527,289,0.7093023255813954,0.023255813953488372,0.7317073170731707,0.024390243902439025,355,0.7046948356807512,0.7915492957746478,5.28169014084507,0.3598591549295775,13.48,13.66,12.94,12.48,0,0,2
72,1205740449,5,12,14,15,13,203,0.2882882882882883,0.6036036036036037,0.2653061224489796,0.6122448979591837,52,0.8108974358974359,0.5961538461538461,7.019230769230769,0.35096153846153844,263,0.47337278106508873,0.047337278106508875,0.5,0.11,588,0.6493764172335602,0.24829931972789115,5.467687074829932,0.37216553287981863,295,0.7085714285714285,0.022857142857142857,0.7301587301587301,0.023809523809523808,359,0.7065923862581245,0.7910863509749304,5.278551532033426,0.3593314763231198,13.44,13.7,12.98,12.5,-2,-3,-1
73,1205740450,5,16,15,12,11,203,0.2882882882882883,0.6036036036036037,0.2653061224489796,0.6122448979591837,53,0.8144654088050314,0.5849056603773585,7.018867924528302,0.3490566037735849,264,0.47058823529411764,0.047058823529411764,0.5,0.11,599,0.6474680022259323,0.24540901502504173,5.467445742904841,0.3711741791875348,298,0.7102272727272727,0.022727272727272728,0.734375,0.0234375,364,0.7037545787545788,0.7939560439560439,5.274725274725275,0.3585164835164835,13.5,13.72,12.94,12.5,1,4,5
74,1205740451,5,11,14,12,11,204,0.2857142857142857,0.6071428571428571,0.2653061224489796,0.6122448979591837,54,0.8179012345679012,0.5740740740740741,7.018518518518518,0.3472222222222222,268,0.47093023255813954,0.046511627906976744,0.5,0.10784313725490197,609,0.6466885604816641,0.24630541871921183,5.472906403940887,0.36973180076628354,301,0.7102272727272727,0.022727272727272728,0.732824427480916,0.022900763358778626,372,0.6966845878136201,0.793010752688172,5.274193548387097,0.3579749103942652,13.46,13.74,12.94,12.5,-3,-1,0
75,1205740452,5,15,15,14,13,209,0.2894736842105263,0.5964912280701754,0.26732673267326734,0.6039603960396039,54,0.8179012345679012,0.5740740740740741,7.018518518518518,0.3472222222222222,269,0.4682080924855491,0.046242774566473986,0.5,0.10784313725490197,615,0.6476964769647698,0.24715447154471545,5.469918699186992,0.370189701897019,305,0.7134831460674157,0.02247191011235955,0.7368421052631579,0.022556390977443608,378,0.7001763668430335,0.7936507936507936,5.272486772486772,0.3580246913580246,13.5,13.78,12.96,12.52,0,1,2
76,1205740453,5,12,14,11,12,212,0.2894736842105263,0.5964912280701754,0.2692307692307692,0.6057692307692307,54,0.8179012345679012,0.5740740740740741,7.018518518518518,0.3472222222222222,272,0.4685714285714286,0.045714285714285714,0.5048543689320388,0.10679611650485436,624,0.6479700854700856,0.25,5.4743589743589745,0.36885683760683763,306,0.7150837988826816,0.0223463687150838,0.7368421052631579,0.022556390977443608,386,0.7029360967184802,0.7901554404145078,5.272020725388601,0.35902417962003447,13.46,13.78,12.94,12.52,-2,1,0
77,1205740454,5,13,13,13,13,215,0.29310344827586204,0.5862068965517241,0.2761904761904762,0.6,54,0.8179012345679012,0.5740740740740741,7.018518518518518,0.3472222222222222,276,0.47752808988764045,0.0449438202247191,0.5,0.10576923076923077,630,0.6494708994708996,0.2507936507936508,5.474603174603175,0.36931216931216937,311,0.7142857142857143,0.02197802197802198,0.7333333333333333,0.02962962962962963,392,0.7019557823129252,0.7908163265306123,5.267857142857143,0.3605442176870748,13.46,13.74,12.96,12.52,0,0,0
78,1205740455,5,14,13,12,13,219,0.288135593220339,0.5932203389830508,0.27102803738317754,0.5981308411214953,55,0.8212121212121212,0.5818181818181818,7.0181818181818185,0.34545454545454546,284,0.4725274725274725,0.04395604395604396,0.5,0.10185185185185185,636,0.6496331236897276,0.25,5.471698113207547,0.3685796645702306,313,0.7158469945355191,0.02185792349726776,0.7352941176470589,0.029411764705882353,397,0.702350965575147,0.7858942065491183,5.267002518891688,0.3629303106633081,13.5,13.76,12.9,12.52,1,2,1
79,1205740456,5,15,14,13,13,222,0.2916666666666667,0.5916666666666667,0.26851851851851855,0.6018518518518519,55,0.8212121212121212,0.5818181818181818,7.0181818181818185,0.34545454545454546,291,0.4648648648648649,0.043243243243243246,0.5178571428571429,0.09821428571428571,641,0.6476859074362976,0.24804992199687986,5.4758190327613105,0.36882475299011963,316,0.717391304347826,0.021739130434782608,0.7391304347826086,0.028985507246376812,405,0.7032921810699589,0.782716049382716,5.271604938271605,0.36378600823045265,13.5,13.76,12.88,12.54,1,2,2
80,1205740457,5,15,15,11,13,224,0.2892561983471074,0.5950413223140496,0.27522935779816515,0.5963302752293578,56,0.8244047619047619,0.5892857142857143,7.017857142857143,0.3482142857142857,293,0.46524064171123,0.0427807486631016,0.5178571428571429,0.09821428571428571,648,0.6435185185185186,0.24537037037037038,5.473765432098766,0.37062757201646096,320,0.7165775401069518,0.026737967914438502,0.7410071942446043,0.02877697841726619,413,0.7005649717514125,0.7820823244552058,5.268765133171913,0.36218724778046807,13.54,13.86,12.86,12.6,0,4,2
81,1205740458,5,13,14,13,14,226,0.29508196721311475,0.5901639344262295,0.2727272727272727,0.6,56,0.8244047619047619,0.5892857142857143,7.017857142857143,0.3482142857142857,293,0.46524064171123,0.0427807486631016,0.5178571428571429,0.09821428571428571,657,0.6430745814307459,0.2450532724505327,5.474885844748859,0.36935565702688994,323,0.7195767195767195,0.026455026455026454,0.7357142857142858,0.02857142857142857,421,0.70110847189232,0.7814726840855107,5.268408551068884,0.3630245447347585,13.52,13.82,12.88,12.66,-1,0,-1
82,1205740459,5,14,14,11,12,226,0.29508196721311475,0.5901639344262295,0.2727272727272727,0.6,57,0.827485380116959,0.5964912280701754,7.017543859649122,0.34649122807017546,300,0.46596858638743455,0.041884816753926704,0.5130434782608696,0.09565217391304348,663,0.6437908496732027,0.24434389140271492,5.473604826546003,0.3695324283559578,327,0.7210526315789474,0.02631578947368421,0.7342657342657343,0.027972027972027972,426,0.7007042253521126,0.7816901408450704,5.269953051643192,0.36287167449139274,13.5,13.82,12.8,12.64,0,3,2
83,1205740460,5,12,12,12,10,227,0.2926829268292683,0.5934959349593496,0.2727272727272727,0.6,57,0.827485380116959,0.5964912280701754,7.017543859649122,0.34649122807017546,303,0.4635416666666667,0.041666666666666664,0.5128205128205128,0.09401709401709402,675,0.6412345679012347,0.24592592592592594,5.4874074074074075,0.36888888888888893,332,0.71875,0.026041666666666668,0.7397260273972602,0.0273972602739726,431,0.6979891724671307,0.7819025522041764,5.271461716937355,0.362722351121423,13.5,13.84,12.78,12.58,0,0,2
84,1205740461,5,11,13,14,14,231,0.2903225806451613,0.5967741935483871,0.2743362831858407,0.6017699115044248,58,0.8304597701149425,0.603448275862069,7.017241379310345,0.3448275862068966,305,0.4635416666666667,0.041666666666666664,0.5042016806722689,0.09243697478991597,683,0.6403123474865788,0.24890190336749635,5.491947291361639,0.36896046852122993,335,0.7128205128205128,0.02564102564102564,0.7397260273972602,0.0273972602739726,438,0.6948249619482496,0.776255707762557,5.276255707762557,0.36244292237442916,13.42,13.84,12.82,12.6,-2,-3,-3
85,1205740462,5,14,14,13,12,232,0.296,0.592,0.2743362831858407,0.6017699115044248,58,0.8304597701149425,0.603448275862069,7.017241379310345,0.3448275862068966,312,0.4642857142857143,0.04591836734693878,0.4918032786885246,0.09016393442622951,688,0.6429263565891473,0.24709302325581395,5.494186046511628,0.36882267441860467,339,0.7142857142857143,0.025510204081632654,0.7449664429530202,0.026845637583892617,445,0.6943820224719102,0.7775280898876404,5.276404494382023,0.3623595505617977,13.46,13.86,12.82,12.6,0,1,2
86,1205740463,5,15,15,11,14,234,0.29133858267716534,0.5905511811023622,0.2743362831858407,0.6017699115044248,59,0.8333333333333333,0.5932203389830508,7.016949152542373,0.3432203389830508,317,0.465,0.05,0.4878048780487805,0.08943089430894309,697,0.6425155428024869,0.24390243902439024,5.493543758967001,0.36944045911047346,345,0.7157360406091371,0.025380710659898477,0.7272727272727273,0.025974025974025976,447,0.6946308724832215,0.7785234899328859,5.2774049217002235,0.36241610738255026,13.48,13.84,12.8,12.64,0,4,1
87,1205740464,5,12,13,13,12,235,0.2890625,0.59375,0.2743362831858407,0.6017699115044248,59,0.8333333333333333,0.5932203389830508,7.016949152542373,0.3432203389830508,320,0.465,0.05,0.47619047619047616,0.10317460317460317,708,0.6438323917137477,0.24152542372881355,5.494350282485875,0.3693502824858757,350,0.7185929648241206,0.02512562814070352,0.7261146496815286,0.025477707006369428,452,0.6935840707964602,0.7809734513274337,5.274336283185841,0.3617256637168141,13.46,13.84,12.84,12.62,-1,-1,0
88,1205740465,5,14,9,14,11,238,0.2846153846153846,0.6,0.2719298245614035,0.6052631578947368,60,0.836111111111111,0.6,7.016666666666667,0.3416666666666667,325,0.458128078817734,0.04926108374384237,0.4765625,0.1015625,716,0.6457169459962756,0.24162011173184358,5.4916201117318435,0.36906424581005587,354,0.72,0.025,0.71875,0.025,456,0.6918859649122807,0.7807017543859649,5.271929824561403,0.36074561403508765,13.44,13.76,12.88,12.64,5,0,3
89,1205740466,5,16,15,12,11,239,0.2900763358778626,0.5954198473282443,0.2719298245614035,0.6052631578947368,60,0.836111111111111,0.6,7.016666666666667,0.3416666666666667,329,0.45145631067961167,0.04854368932038835,0.4806201550387597,0.10077519379844961,725,0.6473563218390805,0.24275862068965517,5.489655172413793,0.3682758620689655,357,0.7227722772277227,0.024752475247524754,0.7204968944099379,0.024844720496894408,462,0.6915584415584416,0.7813852813852814,5.270562770562771,0.3609307359307359,13.48,13.8,12.9,12.6,1,4,5
90,1205740467,5,12,14,15,13,244,0.28888888888888886,0.6,0.2782608695652174,0.6,60,0.836111111111111,0.6,7.016666666666667,0.3416666666666667,331,0.4492753623188406,0.04830917874396135,0.4846153846153846,0.1,736,0.6501358695652175,0.2418478260869565,5.489130434782608,0.36922554347826086,361,0.7219512195121951,0.02926829268292683,0.7160493827160493,0.024691358024691357,466,0.694206008583691,0.7832618025751072,5.2703862660944205,0.3610515021459227,13.42,13.78,12.96,12.56,-2,-3,-1
91,1205740468,5,16,13,12,12,247,0.29411764705882354,0.5955882352941176,0.27350427350427353,0.5982905982905983,60,0.836111111111111,0.6,7.016666666666667,0.3416666666666667,337,0.44761904761904764,0.047619047619047616,0.48872180451127817,0.09774436090225563,745,0.6503355704697987,0.2442953020134228,5.496644295302014,0.3697986577181208,362,0.7184466019417476,0.02912621359223301,0.7160493827160493,0.024691358024691357,473,0.6948555320648344,0.7822410147991543,5.274841437632135,0.36205073995771664,13.5,13.74,12.98,12.58,3,4,4
92,1205740469,5,15,12,13,14,249,0.29927007299270075,0.5912408759124088,0.2711864406779661,0.5932203389830508,61,0.8387978142076502,0.6065573770491803,7.032786885245901,0.3442622950819672,339,0.4481132075471698,0.04716981132075472,0.48872180451127817,0.09774436090225563,753,0.6476316954404605,0.24701195219123506,5.50332005312085,0.3701859229747676,363,0.714975845410628,0.028985507246376812,0.7160493827160493,0.024691358024691357,482,0.6881051175656985,0.7821576763485477,5.284232365145228,0.3620331950207468,13.5,13.7,12.96,12.56,3,2,1
93,1205740470,5,12,15,12,11,254,0.3,0.5928571428571429,0.275,0.5916666666666667,62,0.8413978494623655,0.6129032258064516,7.032258064516129,0.34274193548387094,343,0.4439252336448598,0.04672897196261682,0.4962962962962963,0.0962962962962963,757,0.6466314398943197,0.24834874504623514,5.501981505944518,0.3705416116248349,368,0.7177033492822966,0.028708133971291867,0.7212121212121212,0.024242424242424242,488,0.6909153005464481,0.7766393442622951,5.282786885245901,0.3621926229508196,13.52,13.68,12.92,12.54,-3,0,1
94,1205740471,5,15,15,13,14,254,0.3,0.5928571428571429,0.275,0.5916666666666667,62,0.8413978494623655,0.6129032258064516,7.032258064516129,0.34274193548387094,348,0.45161290322580644,0.04608294930875576,0.48905109489051096,0.0948905109489051,765,0.6474945533769063,0.24836601307189543,5.499346405228758,0.37026143790849675,373,0.7156398104265402,0.02843601895734597,0.7202380952380952,0.023809523809523808,493,0.6899932386747802,0.7789046653144016,5.283975659229209,0.3610547667342799,13.58,13.68,12.92,12.58,0,2,1
95,1205740472,5,12,14,10,14,257,0.3006993006993007,0.5944055944055944,0.275,0.5916666666666667,62,0.8413978494623655,0.6129032258064516,7.032258064516129,0.34274193548387094,350,0.44954128440366975,0.05045871559633028,0.4855072463768116,0.09420289855072464,771,0.6461305663640294,0.2503242542153048,5.496757457846952,0.37029831387808043,377,0.7089201877934272,0.03286384976525822,0.7235294117647059,0.023529411764705882,500,0.687,0.78,5.284,0.36049999999999993,13.58,13.76,12.9,12.64,-2,2,-2
96,1205740473,5,14,14,13,13,257,0.3006993006993007,0.5944055944055944,0.275,0.5916666666666667,63,0.8439153439153438,0.6031746031746031,7.031746031746032,0.3412698412698413,354,0.45,0.05,0.4857142857142857,0.09285714285714286,780,0.6463675213675214,0.25,5.5,0.37083333333333335,384,0.7096774193548387,0.03225806451612903,0.7225433526011561,0.023121387283236993,505,0.6877887788778877,0.7821782178217822,5.281188118811881,0.3618811881188118,13.64,13.76,12.94,12.68,0,1,1
97,1205740474,5,14,12,13,14,259,0.3055555555555556,0.5902777777777778,0.2809917355371901,0.5867768595041323,64,0.8463541666666666,0.609375,7.03125,0.34375,359,0.44642857142857145,0.05357142857142857,0.48226950354609927,0.09219858156028368,787,0.6469716221939856,0.24777636594663277,5.4993646759847525,0.3700762388818297,389,0.7077625570776256,0.0319634703196347,0.7272727272727273,0.022727272727272728,511,0.687214611872146,0.7827788649706457,5.283757338551859,0.3620352250489236,13.66,13.74,12.94,12.72,2,1,0
98,1205740475,5,15,13,11,12,263,0.3082191780821918,0.589041095890411,0.2764227642276423,0.5853658536585366,65,0.8487179487179487,0.6153846153846154,7.030769230769231,0.34615384615384615,360,0.4444444444444444,0.057777777777777775,0.48226950354609927,0.09219858156028368,797,0.648055207026349,0.24717691342534504,5.498117942283564,0.36982434127979924,395,0.7040358744394619,0.03139013452914798,0.7247191011235955,0.02247191011235955,514,0.6880674448767833,0.7840466926070039,5.284046692607004,0.3618677042801556,13.66,13.72,12.9,12.68,2,4,3
99,1205740476,5,15,10,13,10,265,0.3129251700680272,0.5850340136054422,0.27419354838709675,0.5887096774193549,66,0.851010101010101,0.6212121212121212,7.03030303030303,0.3446969696969697,364,0.44933920704845814,0.05726872246696035,0.4755244755244755,0.0979020979020979,806,0.6476426799007445,0.24813895781637718,5.496277915632755,0.3694168734491315,397,0.7053571428571429,0.03125,0.7262569832402235,0.0223463687150838,520,0.6868589743589743,0.7826923076923077,5.282692307692308,0.3615384615384615,13.7,13.64,12.9,12.68,5,2,5
100,1205740477,5,12,14,15,12,269,0.31543624161073824,0.5838926174496645,0.2698412698412698,0.5952380952380952,67,0.8532338308457711,0.6119402985074627,7.029850746268656,0.34701492537313433,367,0.4497816593886463,0.0611353711790393,0.4722222222222222,0.09722222222222222,813,0.6500615006150063,0.24723247232472326,5.49569495694957,0.3686961869618696,401,0.7079646017699115,0.030973451327433628,0.7237569060773481,0.022099447513812154,527,0.6843769765970904,0.7836812144212524,5.278937381404175,0.36100569259962045,13.7,13.66,12.96,12.66,-2,-3,0
101,1205740478,5,13,12,12,12,270,0.32,0.58,0.2698412698412698,0.5952380952380952,67,0.8532338308457711,0.6119402985074627,7.029850746268656,0.34701492537313433,372,0.44871794871794873,0.0641025641025641,0.4722222222222222,0.09722222222222222,820,0.6506097560975611,0.24878048780487805,5.495121951219512,0.36930894308943085,406,0.7074235807860262,0.03056768558951965,0.726775956284153,0.02185792349726776,534,0.6844569288389512,0.7827715355805244,5.280898876404494,0.36189138576779023,13.68,13.62,12.9,12.62,1,1,1
102,1205740479,5,14,15,13,13,273,0.32450331125827814,0.5761589403973509,0.265625,0.6015625,68,0.8553921568627451,0.6029411764705882,7.029411764705882,0.34558823529411764,377,0.4491525423728814,0.0635593220338983,0.48299319727891155,0.09523809523809523,828,0.6503623188405798,0.24879227053140096,5.498792270531401,0.36906199677938806,407,0.7074235807860262,0.03056768558951965,0.7282608695652174,0.021739130434782608,540,0.6814814814814814,0.7833333333333333,5.283333333333333,0.36157407407407405,13.7,13.66,12.9,12.62,-1,1,1
103,1205740480,5,14,13,12,13,274,0.32450331125827814,0.5761589403973509,0.2713178294573643,0.5968992248062015,69,0.8574879227053139,0.5942028985507246,7.028985507246377,0.34782608695652173,383,0.45188284518828453,0.06276150627615062,0.48,0.09333333333333334,835,0.6502994011976049,0.24910179640718563,5.495808383233533,0.3683632734530938,413,0.7068965517241379,0.03017241379310345,0.7219251336898396,0.0213903743315508,543,0.6813996316758747,0.7845303867403315,5.285451197053407,0.3609576427255985,13.68,13.64,12.86,12.58,1,2,1
104,1205740481,5,16,15,13,13,274,0.32450331125827814,0.5761589403973509,0.2713178294573643,0.5968992248062015,70,0.8595238095238095,0.6,7.0285714285714285,0.3464285714285714,384,0.45,0.0625,0.48,0.09333333333333334,845,0.6491124260355031,0.24733727810650888,5.497041420118343,0.3687376725838264,415,0.703862660944206,0.030042918454935622,0.723404255319149,0.02127659574468085,552,0.6820652173913042,0.7844202898550725,5.291666666666667,0.3609601449275362,13.7,13.64,12.86,12.54,1,3,3
105,1205740482,5,14,14,16,13,276,0.3333333333333333,0.5686274509803921,0.2713178294573643,0.5968992248062015,70,0.8595238095238095,0.6,7.0285714285714285,0.3464285714285714,386,0.44813278008298757,0.06224066390041494,0.4768211920529801,0.09933774834437085,853,0.6483001172332944,0.2485345838218054,5.4982415005861665,0.3685033216100039,415,0.703862660944206,0.030042918454935622,0.723404255319149,0.02127659574468085,560,0.6812499999999999,0.7857142857142857,5.294642857142857,0.36071428571428565,13.72,13.66,12.9,12.54,0,-2,1
106,1205740483,5,13,13,13,13,279,0.32903225806451614,0.5741935483870968,0.2692307692307692,0.6,71,0.8544600938967136,0.6056338028169014,7.028169014084507,0.3485915492957746,390,0.45081967213114754,0.06557377049180328,0.47368421052631576,0.09868421052631579,862,0.6477184841453985,0.2470997679814385,5.5011600928074245,0.3684261407579273,421,0.6962025316455697,0.029535864978902954,0.7263157894736842,0.021052631578947368,562,0.6823843416370106,0.7864768683274022,5.295373665480427,0.3603202846975088,13.7,13.64,12.88,12.52,0,0,0
107,1205740484,5,13,13,15,12,281,0.33121019108280253,0.5732484076433121,0.2692307692307692,0.6,72,0.849537037037037,0.6111111111111112,7.027777777777778,0.3506944444444444,395,0.4493927125506073,0.06882591093117409,0.4675324675324675,0.09740259740259741,870,0.6467432950191573,0.2482758620689655,5.5,0.36877394636015326,422,0.6932773109243697,0.029411764705882353,0.7263157894736842,0.021052631578947368,570,0.6807017543859648,0.787719298245614,5.294736842105263,0.3592105263157894,13.7,13.64,12.92,12.54,0,-2,1
108,1205740485,5,14,12,13,13,285,0.33540372670807456,0.5714285714285714,0.2692307692307692,0.6,72,0.849537037037037,0.6111111111111112,7.027777777777778,0.3506944444444444,396,0.4493927125506073,0.06882591093117409,0.4645161290322581,0.0967741935483871,880,0.6475378787878789,0.24772727272727274,5.4988636363636365,0.36884469696969696,426,0.6932773109243697,0.029411764705882353,0.7164948453608248,0.020618556701030927,575,0.6817391304347825,0.7860869565217391,5.293913043478261,0.3595652173913043,13.72,13.6,12.9,12.54,2,1,1
109,1205740486,5,14,13,12,11,287,0.33540372670807456,0.5714285714285714,0.2727272727272727,0.5984848484848485,72,0.849537037037037,0.6111111111111112,7.027777777777778,0.3506944444444444,401,0.448,0.068,0.4713375796178344,0.09554140127388536,890,0.6486891385767792,0.24606741573033708,5.495505617977528,0.3694756554307116,429,0.694560669456067,0.029288702928870293,0.7142857142857143,0.02040816326530612,579,0.6807714450201495,0.7858376511226253,5.29188255613126,0.3609671848013816,13.72,13.58,12.88,12.54,1,2,3
110,1205740487,5,12,10,11,13,290,0.3374233128834356,0.5705521472392638,0.2706766917293233,0.6015037593984962,73,0.8515981735159817,0.6027397260273972,7.027397260273973,0.3561643835616438,404,0.44621513944223107,0.06772908366533864,0.4779874213836478,0.09433962264150944,900,0.6477777777777779,0.24555555555555555,5.493333333333333,0.36925925925925923,433,0.6970954356846473,0.029045643153526972,0.7121212121212122,0.020202020202020204,583,0.6806746712407088,0.7855917667238422,5.289879931389366,0.3619210977701543,13.7,13.48,12.84,12.54,2,1,-1
111,1205740488,5,14,14,15,12,294,0.3313253012048193,0.5783132530120482,0.27611940298507465,0.5970149253731343,74,0.8536036036036035,0.6081081081081081,7.027027027027027,0.3547297297297297,408,0.44664031620553357,0.06719367588932806,0.4720496894409938,0.09316770186335403,909,0.6474147414741476,0.24642464246424642,5.491749174917492,0.3697286395306197,440,0.6926229508196722,0.028688524590163935,0.7178217821782178,0.019801980198019802,584,0.6803652968036529,0.785958904109589,5.289383561643835,0.3621575342465753,13.72,13.5,12.86,12.54,0,-1,2
112,1205740489,5,12,14,14,11,298,0.3273809523809524,0.5833333333333334,0.27205882352941174,0.5955882352941176,75,0.851111111111111,0.6133333333333333,7.026666666666666,0.36,414,0.44357976653696496,0.07003891050583658,0.4785276073619632,0.09202453987730061,913,0.6467688937568457,0.24534501642935377,5.489594742606791,0.36920408908360713,445,0.6951219512195121,0.028455284552845527,0.7170731707317073,0.01951219512195122,590,0.6827683615819208,0.7847457627118644,5.288135593220339,0.36144067796610163,13.68,13.5,12.88,12.52,-2,-2,1
113,1205740490,5,16,12,13,12,300,0.3273809523809524,0.5833333333333334,0.2753623188405797,0.5942028985507246,76,0.8464912280701754,0.618421052631579,7.026315789473684,0.3618421052631579,416,0.4418604651162791,0.06976744186046512,0.4817073170731707,0.09146341463414634,921,0.6460369163952228,0.24538545059717698,5.488599348534202,0.36979732175171914,450,0.6975806451612904,0.028225806451612902,0.7211538461538461,0.019230769230769232,596,0.6817673378076061,0.7818791946308725,5.2869127516778525,0.3624161073825503,13.74,13.5,12.9,12.5,4,3,4
114,1205740491,5,14,14,13,12,301,0.3273809523809524,0.5833333333333334,0.2733812949640288,0.5971223021582733,77,0.8354978354978354,0.6233766233766234,7.025974025974026,0.36038961038961037,419,0.444015444015444,0.0694980694980695,0.4819277108433735,0.09036144578313253,930,0.6440860215053764,0.24301075268817204,5.48494623655914,0.3697132616487455,456,0.6987951807228916,0.028112449799196786,0.7183098591549296,0.018779342723004695,600,0.681111111111111,0.7816666666666666,5.286666666666667,0.3629166666666666,13.74,13.5,12.86,12.44,0,1,2
115,1205740492,5,12,12,12,11,303,0.3254437869822485,0.5857988165680473,0.2714285714285714,0.6,77,0.8354978354978354,0.6233766233766234,7.025974025974026,0.36038961038961037,424,0.44274809160305345,0.07251908396946564,0.48214285714285715,0.09523809523809523,939,0.6443024494142706,0.24600638977635783,5.485623003194888,0.3701632942847,458,0.701195219123506,0.027888446215139442,0.7183098591549296,0.018779342723004695,607,0.6823174080175726,0.7775947281713345,5.28500823723229,0.3640856672158154,13.68,13.44,12.8,12.4,0,0,1
116,1205740493,5,17,12,14,14,306,0.3235294117647059,0.5882352941176471,0.2746478873239437,0.5985915492957746,78,0.8376068376068375,0.6282051282051282,7.0256410256410255,0.358974358974359,426,0.4393939393939394,0.07575757575757576,0.48214285714285715,0.09523809523809523,944,0.6445974576271187,0.2478813559322034,5.484110169491525,0.3705861581920904,463,0.7007874015748031,0.027559055118110236,0.7209302325581395,0.018604651162790697,614,0.6786102062975026,0.7752442996742671,5.283387622149837,0.3652280130293159,13.72,13.4,12.8,12.44,5,3,3
117,1205740494,5,13,14,11,10,310,0.31976744186046513,0.5872093023255814,0.2708333333333333,0.6041666666666666,78,0.8376068376068375,0.6282051282051282,7.0256410256410255,0.358974358974359,427,0.4377358490566038,0.07924528301886792,0.48214285714285715,0.09523809523809523,951,0.646161934805468,0.24921135646687698,5.483701366982124,0.37066246056782337,472,0.7,0.026923076923076925,0.7247706422018348,0.01834862385321101,619,0.6787829833064081,0.7754442649434572,5.282714054927302,0.3647011308562197,13.7,13.4,12.74,12.38,-1,2,3
118,1205740495,5,15,13,12,13,311,0.3236994219653179,0.5838150289017341,0.2708333333333333,0.6041666666666666,79,0.8396624472573839,0.620253164556962,7.025316455696203,0.36075949367088606,435,0.43866171003717475,0.07806691449814127,0.48255813953488375,0.09883720930232558,956,0.6457461645746166,0.2489539748953975,5.485355648535565,0.37107740585774057,477,0.6973180076628352,0.02681992337164751,0.7297297297297297,0.018018018018018018,624,0.6805555555555554,0.7740384615384616,5.280448717948718,0.3645833333333333,13.74,13.4,12.72,12.38,2,3,2
119,1205740496,5,15,14,11,14,312,0.3218390804597701,0.5862068965517241,0.2708333333333333,0.6041666666666666,80,0.8416666666666666,0.625,7.025,0.359375,438,0.4411764705882353,0.07720588235294118,0.48255813953488375,0.09883720930232558,965,0.6474956822107083,0.24974093264248703,5.4839378238341965,0.3712435233160622,482,0.6973180076628352,0.02681992337164751,0.7224669603524229,0.01762114537444934,628,0.6786093418259022,0.7754777070063694,5.278662420382165,0.3646496815286624,13.74,13.36,12.72,12.38,1,4,1
120,1205740497,5,15,16,10,11,313,0.3218390804597701,0.5862068965517241,0.2689655172413793,0.6068965517241379,80,0.8416666666666666,0.625,7.025,0.359375,445,0.44565217391304346,0.07608695652173914,0.4857142857142857,0.09714285714285714,973,0.6478245974648854,0.249743062692703,5.483042137718397,0.37076053442959916,486,0.6984732824427481,0.026717557251908396,0.7217391304347827,0.017391304347826087,633,0.6811479726171668,0.7756714060031595,5.279620853080568,0.36413902053712477,13.78,13.4,12.68,12.36,-1,5,4
121,1205740498,5,11,14,12,15,316,0.32,0.5828571428571429,0.2653061224489796,0.6122448979591837,80,0.8416666666666666,0.625,7.025,0.359375,447,0.44765342960288806,0.07581227436823104,0.48295454545454547,0.09659090909090909,985,0.6480541455160747,0.25279187817258886,5.4873096446700504,0.36962774957698813,488,0.6984732824427481,0.026717557251908396,0.7198275862068966,0.017241379310344827,641,0.6827873114924595,0.7769110764430577,5.282371294851794,0.3633645345813832,13.74,13.42,12.66,12.44,-3,-1,-4
122,1205740499,5,11,14,14,12,318,0.32386363636363635,0.5795454545454546,0.2635135135135135,0.6148648648648649,81,0.831275720164609,0.6172839506172839,7.0246913580246915,0.3611111111111111,447,0.44765342960288806,0.07581227436823104,0.48295454545454547,0.09659090909090909,993,0.6488754615642834,0.2527693856998993,5.497482376636455,0.3691675058744545,489,0.6996197718631179,0.026615969581749048,0.7198275862068966,0.017241379310344827,650,0.6807692307692306,0.7784615384615384,5.293846153846154,0.36410256410256403,13.72,13.42,12.64,12.42,-3,-3,-1
123,1205740500,5,12,13,13,13,324,0.3240223463687151,0.5810055865921788,0.2582781456953642,0.6225165562913907,81,0.831275720164609,0.6172839506172839,7.0246913580246915,0.3611111111111111,450,0.44802867383512546,0.07526881720430108,0.480225988700565,0.096045197740113,1004,0.6507304116865872,0.2549800796812749,5.49800796812749,0.3686088977423639,491,0.6996197718631179,0.026615969581749048,0.7222222222222222,0.017094017094017096,656,0.6788617886178859,0.7759146341463414,5.295731707317073,0.3649644308943089,13.64,13.38,12.66,12.46,-1,-1,-1
124,1205740501,5,15,16,14,12,325,0.32222222222222224,0.5833333333333334,0.2582781456953642,0.6225165562913907,82,0.8333333333333333,0.6219512195121951,7.024390243902439,0.3628048780487805,452,0.45,0.075,0.47752808988764045,0.09550561797752809,1014,0.648750821827745,0.2564102564102564,5.497041420118343,0.36891847468770544,496,0.6943396226415094,0.026415094339622643,0.7215189873417721,0.016877637130801686,660,0.6770202020202019,0.7757575757575758,5.295454545454546,0.3646464646464646,13.72,13.42,12.7,12.48,-1,1,3
125,1205740502,5,13,13,14,13,327,0.32044198895027626,0.585635359116022,0.2565789473684211,0.625,83,0.8353413654618473,0.6265060240963856,7.024096385542169,0.3644578313253012,457,0.44876325088339225,0.07420494699646643,0.4777777777777778,0.09444444444444444,1022,0.6475864318330073,0.2563600782778865,5.495107632093934,0.3689660795825179,502,0.6966292134831461,0.026217228464419477,0.7178423236514523,0.016597510373443983,664,0.6772088353413652,0.7756024096385542,5.295180722891566,0.3650853413654618,13.68,13.38,12.7,12.48,0,-1,0
126,1205740503,5,12,15,13,11,328,0.32044198895027626,0.585635359116022,0.2549019607843137,0.6274509803921569,84,0.8373015873015872,0.6309523809523809,7.023809523809524,0.3630952380952381,463,0.44912280701754387,0.07368421052631578,0.47282608695652173,0.09782608695652174,1030,0.64789644012945,0.25728155339805825,5.494174757281553,0.3687702265372168,503,0.6966292134831461,0.026217228464419477,0.71900826446281,0.01652892561983471,671,0.6758569299552903,0.7719821162444114,5.295081967213115,0.3664927968206656,13.68,13.4,12.74,12.46,-3,-1,1
127,1205740504,5,15,15,13,13,331,0.3224043715846995,0.5846994535519126,0.2532467532467532,0.6298701298701299,84,0.8373015873015872,0.6309523809523809,7.023809523809524,0.3630952380952381,469,0.4513888888888889,0.07291666666666667,0.48128342245989303,0.0962566844919786,1035,0.6486312399355879,0.2560386473429952,5.492753623188406,0.3686795491143317,505,0.6966292134831461,0.026217228464419477,0.7172131147540983,0.01639344262295082,679,0.6741531664212074,0.7731958762886598,5.294550810014727,0.3669612174766813,13.72,13.44,12.74,12.46,0,2,2
128,1205740505,5,14,14,11,10,333,0.32608695652173914,0.5815217391304348,0.25161290322580643,0.632258064516129,85,0.8392156862745097,0.6352941176470588,7.023529411764706,0.36176470588235293,471,0.44982698961937717,0.0726643598615917,0.4787234042553192,0.09574468085106383,1041,0.6492154979186681,0.2574447646493756,5.493756003842459,0.3689561319244316,509,0.6977611940298507,0.026119402985074626,0.7165991902834008,0.016194331983805668,687,0.6735807860262006,0.7729257641921398,5.301310043668122,0.36705482775351767,13.72,13.46,12.72,12.4,0,3,4
129,1205740506,5,11,13,11,12,337,0.3279569892473118,0.5806451612903226,0.2484076433121019,0.6305732484076433,85,0.8392156862745097,0.6352941176470588,7.023529411764706,0.36176470588235293,476,0.4536082474226804,0.07216494845360824,0.47643979057591623,0.09947643979057591,1047,0.6502706144539957,0.25692454632282713,5.4947468958930274,0.36922954473097735,512,0.6962962962962963,0.025925925925925925,0.717741935483871,0.016129032258064516,696,0.6698994252873561,0.7729885057471264,5.300287356321839,0.36625957854406127,13.64,13.44,12.68,12.38,-2,0,-1
130,1205740507,5,15,14,14,11,340,0.32978723404255317,0.5797872340425532,0.25316455696202533,0.6265822784810127,85,0.8392156862745097,0.6352941176470588,7.023529411764706,0.36176470588235293,479,0.4554794520547945,0.07191780821917808,0.47668393782383417,0.09844559585492228,1058,0.6515437933207311,0.2551984877126654,5.493383742911153,0.3694076874606175,516,0.6937269372693727,0.025830258302583026,0.7171314741035857,0.01593625498007968,700,0.6703571428571427,0.7728571428571429,5.3,0.36559523809523803,13.64,13.42,12.74,12.34,1,1,4
131,1205740508,5,14,15,13,11,343,0.33507853403141363,0.5759162303664922,0.25316455696202533,0.6265822784810127,85,0.8392156862745097,0.6352941176470588,7.023529411764706,0.36176470588235293,483,0.4576271186440678,0.0711864406779661,0.4793814432989691,0.0979381443298969,1065,0.6494522691705792,0.2563380281690141,5.492957746478873,0.36909233176838807,519,0.6897810218978102,0.029197080291970802,0.7171314741035857,0.01593625498007968,708,0.6698446327683614,0.7711864406779662,5.30225988700565,0.36499529190207153,13.66,13.44,12.74,12.28,-1,1,3
132,1205740509,5,14,15,11,13,343,0.33507853403141363,0.5759162303664922,0.25316455696202533,0.6265822784810127,86,0.8410852713178294,0.627906976744186,7.023255813953488,0.36046511627906974,486,0.45454545454545453,0.0707070707070707,0.47692307692307695,0.09743589743589744,1075,0.6488372093023258,0.2586046511627907,5.492093023255814,0.3696124031007752,526,0.6870503597122302,0.02877697841726619,0.7165354330708661,0.015748031496062992,711,0.6698312236286917,0.7721518987341772,5.3023909985935305,0.3648616971401781,13.66,13.46,12.74,12.3,-1,3,1
133,1205740510,5,11,14,15,13,345,0.3333333333333333,0.578125,0.2578616352201258,0.6226415094339622,87,0.8429118773946359,0.632183908045977,7.022988505747127,0.35919540229885055,491,0.45,0.07333333333333333,0.47715736040609136,0.09644670050761421,1082,0.648644485520641,0.25970425138632164,5.493530499075786,0.36976278496611215,529,0.6857142857142857,0.02857142857142857,0.7176470588235294,0.01568627450980392,718,0.6688718662952644,0.7743732590529248,5.306406685236769,0.36548282265552456,13.64,13.5,12.8,12.36,-3,-4,-2
134,1205740511,5,16,13,14,13,345,0.3333333333333333,0.578125,0.2578616352201258,0.6226415094339622,88,0.8446969696969696,0.625,7.0227272727272725,0.36079545454545453,494,0.45544554455445546,0.07260726072607261,0.47715736040609136,0.09644670050761421,1092,0.6486568986568989,0.260989010989011,5.4945054945054945,0.37026862026862023,533,0.6843971631205674,0.028368794326241134,0.7159533073929961,0.01556420233463035,724,0.6695441988950274,0.7748618784530387,5.3121546961325965,0.365561694290976,13.74,13.5,12.8,12.34,3,2,3
135,1205740512,5,15,15,15,9,348,0.3282051282051282,0.5794871794871795,0.2578616352201258,0.6226415094339622,89,0.846441947565543,0.6292134831460674,7.022471910112359,0.36235955056179775,499,0.4542483660130719,0.0784313725490196,0.47738693467336685,0.09547738693467336,1099,0.6489232635729454,0.26205641492265697,5.494085532302093,0.37041249620867456,536,0.6830985915492958,0.028169014084507043,0.7170542635658915,0.015503875968992248,730,0.6702054794520546,0.7767123287671233,5.30958904109589,0.36529680365296796,13.76,13.52,12.84,12.28,0,0,6
136,1205740513,5,15,12,13,12,351,0.3333333333333333,0.5757575757575758,0.2578616352201258,0.6226415094339622,90,0.8481481481481481,0.6333333333333333,7.022222222222222,0.3611111111111111,502,0.45454545454545453,0.07792207792207792,0.475,0.095,1107,0.6464920204757606,0.26287262872628725,5.4923215898825655,0.37044564890093346,541,0.6853146853146853,0.027972027972027972,0.7203065134099617,0.01532567049808429,735,0.6690476190476188,0.7782312925170068,5.308843537414966,0.3658730158730158,13.76,13.46,12.88,12.24,3,2,3
137,1205740514,5,13,14,15,12,354,0.33,0.58,0.25625,0.625,91,0.8498168498168498,0.6373626373626373,7.021978021978022,0.3598901098901099,508,0.4551282051282051,0.08012820512820513,0.47029702970297027,0.09405940594059406,1111,0.6473147314731476,0.2619261926192619,5.4905490549054905,0.3705370537053705,545,0.6840277777777778,0.027777777777777776,0.7224334600760456,0.015209125475285171,743,0.6685733512786001,0.7765814266487214,5.30820995962315,0.3659712875729026,13.78,13.48,12.92,12.24,-1,-2,1
138,1205740515,5,14,14,12,13,358,0.3333333333333333,0.5784313725490197,0.25625,0.625,91,0.8498168498168498,0.6373626373626373,7.021978021978022,0.3598901098901099,512,0.4585987261146497,0.07961783439490445,0.47058823529411764,0.09803921568627451,1118,0.6463923673226002,0.26475849731663686,5.489266547406082,0.3700059630292188,550,0.6872852233676976,0.027491408934707903,0.7245283018867924,0.01509433962264151,748,0.6681149732620318,0.7740641711229946,5.307486631016043,0.3668672014260249,13.78,13.58,12.88,12.28,0,2,1
139,1205740516,5,14,14,14,13,360,0.33658536585365856,0.5756097560975609,0.2546583850931677,0.6273291925465838,91,0.8498168498168498,0.6373626373626373,7.021978021978022,0.3598901098901099,517,0.4605678233438486,0.07886435331230283,0.470873786407767,0.0970873786407767,1125,0.6468148148148151,0.26311111111111113,5.491555555555555,0.36970370370370365,553,0.689419795221843,0.027303754266211604,0.7218045112781954,0.015037593984962405,757,0.6667767503302507,0.7754293262879789,5.313077939233818,0.36613826508146186,13.74,13.56,12.92,12.32,0,0,1
140,1205740517,5,15,14,13,12,362,0.33980582524271846,0.5728155339805825,0.25308641975308643,0.6296296296296297,91,0.8498168498168498,0.6373626373626373,7.021978021978022,0.3598901098901099,521,0.45625,0.078125,0.47342995169082125,0.0966183574879227,1134,0.6481481481481485,0.2619047619047619,5.491181657848324,0.36985596707818924,558,0.6904761904761905,0.027210884353741496,0.7148148148148148,0.014814814814814815,761,0.6665571616294347,0.7739816031537451,5.312746386333771,0.3661848445028471,13.8,13.56,12.88,12.3,1,2,3
141,1205740518,5,13,12,15,11,366,0.3397129186602871,0.5741626794258373,0.25766871165644173,0.6257668711656442,91,0.8498168498168498,0.6373626373626373,7.021978021978022,0.3598901098901099,525,0.4582043343653251,0.07739938080495357,0.47596153846153844,0.09615384615384616,1142,0.6479859894921194,0.2600700525394046,5.494746059544658,0.37011091652072386,558,0.6904761904761905,0.027210884353741496,0.7148148148148148,0.014814814814814815,768,0.6676432291666664,0.7734375,5.311197916666667,0.36621093749999994,13.74,13.54,12.94,12.28,1,-2,2
142,1205740519,5,15,15,12,12,369,0.33649289099526064,0.5781990521327014,0.2621951219512195,0.6219512195121951,92,0.8514492753623187,0.6304347826086957,7.021739130434782,0.358695652173913,528,0.4567901234567901,0.07716049382716049,0.48095238095238096,0.09523809523809523,1151,0.649000868809731,0.2580364900086881,5.493483927019983,0.3702577468867651,564,0.6936026936026936,0.026936026936026935,0.717948717948718,0.014652014652014652,771,0.6676394293125808,0.77431906614786,5.309987029831388,0.36575875486381315,13.74,13.6,12.92,12.24,0,3,3
143,1205740520,5,14,13,13,16,372,0.33490566037735847,0.5801886792452831,0.26506024096385544,0.6204819277108434,93,0.8530465949820788,0.6344086021505376,7.021505376344086,0.3602150537634409,533,0.4573170731707317,0.07926829268292683,0.4786729857819905,0.0947867298578199,1156,0.6496539792387547,0.2569204152249135,5.493079584775087,0.369737600922722,570,0.6946308724832215,0.026845637583892617,0.7158273381294964,0.014388489208633094,778,0.6674164524421591,0.7750642673521851,5.308483290488432,0.36535989717223644,13.78,13.56,12.94,12.34,1,1,-2
144,1205740521,5,13,14,11,13,376,0.33490566037735847,0.5801886792452831,0.27058823529411763,0.6176470588235294,94,0.8546099290780141,0.6276595744680851,7.0212765957446805,0.3617021276595745,535,0.4573170731707317,0.07926829268292683,0.47417840375586856,0.09389671361502347,1166,0.6495140080045744,0.258147512864494,5.492281303602058,0.36999714122355626,575,0.6933333333333334,0.02666666666666667,0.7153024911032029,0.014234875444839857,780,0.665705128205128,0.7743589743589744,5.3076923076923075,0.3653846153846153,13.74,13.54,12.9,12.32,-1,2,0
145,1205740522,5,16,14,14,13,376,0.33490566037735847,0.5801886792452831,0.27058823529411763,0.6176470588235294,95,0.856140350877193,0.631578947368421,7.021052631578947,0.3605263157894737,535,0.4573170731707317,0.07926829268292683,0.47417840375586856,0.09389671361502347,1178,0.650113186191285,0.25721561969439727,5.49151103565365,0.36962365591397844,579,0.6920529801324503,0.026490066225165563,0.7173144876325088,0.014134275618374558,785,0.6638004246284499,0.7745222929936306,5.305732484076433,0.3656050955414012,13.82,13.54,12.98,12.3,2,2,3
146,1205740523,5,14,17,12,12,380,0.34418604651162793,0.5720930232558139,0.27485380116959063,0.6140350877192983,96,0.8506944444444443,0.6354166666666666,7.020833333333333,0.3645833333333333,540,0.459214501510574,0.07854984894259819,0.4697674418604651,0.09302325581395349,1183,0.650746689208228,0.2569737954353339,5.490278951817413,0.3691180614257537,583,0.6907894736842105,0.029605263157894735,0.712280701754386,0.014035087719298246,792,0.6667718855218853,0.7714646464646465,5.304292929292929,0.36458333333333326,13.82,13.6,12.96,12.28,-3,2,2
147,1205740524,5,11,11,14,12,385,0.3486238532110092,0.5688073394495413,0.2774566473988439,0.6127167630057804,96,0.8506944444444443,0.6354166666666666,7.020833333333333,0.3645833333333333,542,0.4578313253012048,0.0783132530120482,0.4675925925925926,0.09259259259259259,1190,0.6502801120448183,0.25630252100840334,5.491596638655462,0.36883753501400557,583,0.6907894736842105,0.029605263157894735,0.712280701754386,0.014035087719298246,803,0.663657119136571,0.7696139476961394,5.305105853051058,0.3656081361560813,13.76,13.58,12.98,12.24,0,-3,-1
148,1205740525,5,15,17,15,13,386,0.3470319634703196,0.5707762557077626,0.2774566473988439,0.6127167630057804,96,0.8506944444444443,0.6354166666666666,7.020833333333333,0.3645833333333333,545,0.45808383233532934,0.07784431137724551,0.4700460829493088,0.09216589861751152,1201,0.6493200111018599,0.25645295587010825,5.49458784346378,0.36858173744102135,584,0.6918032786885245,0.029508196721311476,0.712280701754386,0.014035087719298246,809,0.6612072517511329,0.7676143386897404,5.305315203955501,0.3653687680263699,13.76,13.66,13.06,12.26,-2,0,2
149,1205740526,5,15,12,12,12,387,0.34545454545454546,0.5727272727272728,0.2774566473988439,0.6127167630057804,97,0.8522336769759449,0.6391752577319587,7.020618556701031,0.3634020618556701,549,0.4583333333333333,0.07738095238095238,0.4703196347031963,0.091324200913242,1210,0.6502754820936643,0.2545454545454545,5.493388429752066,0.368732782369146,590,0.6948051948051948,0.02922077922077922,0.7083333333333334,0.013888888888888888,812,0.6608169129720853,0.7684729064039408,5.304187192118227,0.36648193760262715,13.76,13.7,13.04,12.3,3,3,3
150,1205740527,5,12,11,14,13,388,0.3438914027149321,0.5746606334841629,0.2774566473988439,0.6127167630057804,98,0.8537414965986394,0.6428571428571429,7.020408163265306,0.3622448979591837,553,0.45722713864306785,0.07669616519174041,0.4681818181818182,0.09545454545454546,1220,0.6512295081967215,0.2532786885245902,5.492622950819672,0.3683743169398907,600,0.6932907348242812,0.03194888178913738,0.7030716723549488,0.013651877133105802,814,0.6616502866502866,0.769041769041769,5.303439803439804,0.3665028665028664,13.76,13.64,13.02,12.32,1,-2,-1
151,1205740528,5,13,14,15,11,390,0.34684684684684686,0.5720720720720721,0.27586206896551724,0.6149425287356322,98,0.8537414965986394,0.6428571428571429,7.020408163265306,0.3622448979591837,558,0.45058139534883723,0.0755813953488372,0.4681818181818182,0.09545454545454546,1226,0.6517128874388257,0.2528548123980424,5.494290375203915,0.3682028276237085,605,0.6942675159235668,0.03184713375796178,0.7037037037037037,0.013468013468013467,822,0.661699107866991,0.7688564476885644,5.301703163017032,0.3671938361719383,13.76,13.68,13.08,12.3,-1,-2,2
152,1205740529,5,15,15,14,10,394,0.3422222222222222,0.5777777777777777,0.2742857142857143,0.6171428571428571,100,0.8566666666666666,0.65,7.03,0.36,563,0.45244956772334294,0.07492795389048991,0.46846846846846846,0.0945945945945946,1233,0.6514598540145988,0.25304136253041365,5.493106244931062,0.36874831035414973,606,0.6942675159235668,0.03184713375796178,0.7046979865771812,0.013422818791946308,827,0.6625352680370817,0.7702539298669892,5.30229746070133,0.3664852881902458,13.78,13.68,13.1,12.24,0,1,5
153,1205740530,5,12,14,15,14,396,0.3407079646017699,0.5796460176991151,0.2784090909090909,0.6136363636363636,100,0.8566666666666666,0.65,7.03,0.36,569,0.4514285714285714,0.07428571428571429,0.4666666666666667,0.09777777777777778,1241,0.6512892828364225,0.25221595487510073,5.490733279613215,0.3687886113349449,611,0.6952380952380952,0.031746031746031744,0.7052980132450332,0.013245033112582781,831,0.6641596470116325,0.7713598074608905,5.302045728038508,0.3659245888487765,13.74,13.7,13.16,12.26,-2,-3,-2
154,1205740531,5,12,12,10,12,401,0.33771929824561403,0.5789473684210527,0.2737430167597765,0.6201117318435754,101,0.8481848184818481,0.6534653465346535,7.02970297029703,0.3589108910891089,573,0.45325779036827196,0.0764872521246459,0.4646017699115044,0.09734513274336283,1246,0.6508828250401287,0.25280898876404495,5.48876404494382,0.36911449973247723,614,0.6952380952380952,0.031746031746031744,0.7016393442622951,0.013114754098360656,840,0.6624007936507936,0.7690476190476191,5.3011904761904765,0.3659722222222221,13.66,13.64,13.1,12.24,0,2,0
155,1205740532,5,14,13,13,12,404,0.3333333333333333,0.5844155844155844,0.2737430167597765,0.6201117318435754,102,0.849673202614379,0.6568627450980392,7.029411764705882,0.35784313725490197,575,0.4519774011299435,0.07627118644067797,0.4669603524229075,0.09691629955947137,1254,0.651382243487507,0.2535885167464115,5.487240829346092,0.3691520467836257,621,0.69375,0.03125,0.7035830618892508,0.013029315960912053,845,0.6632149901380671,0.7680473372781065,5.299408284023668,0.36587771203155806,13.66,13.62,13.04,12.22,1,1,2
156,1205740533,5,13,14,13,12,405,0.3333333333333333,0.5844155844155844,0.2722222222222222,0.6222222222222222,103,0.8511326860841423,0.6504854368932039,7.029126213592233,0.3616504854368932,577,0.4535211267605634,0.07605633802816901,0.4692982456140351,0.09649122807017543,1264,0.6529535864978906,0.25316455696202533,5.486550632911392,0.36893459915611815,624,0.69375,0.03125,0.7064516129032258,0.012903225806451613,850,0.6634313725490195,0.768235294117647,5.3,0.3657843137254901,13.66,13.64,13.04,12.2,-1,0,1
157,1205740534,5,13,13,15,13,405,0.3333333333333333,0.5844155844155844,0.2722222222222222,0.6222222222222222,104,0.8525641025641024,0.6538461538461539,7.028846153846154,0.3605769230769231,581,0.4568245125348189,0.07799442896935933,0.4692982456140351,0.09649122807017543,1267,0.6537753222836099,0.2525651144435675,5.485398579321231,0.368652986056301,624,0.69375,0.03125,0.7064516129032258,0.012903225806451613,862,0.6615429234338747,0.7679814385150812,5.306264501160093,0.3656225831399844,13.66,13.64,13.04,12.22,0,-2,0
158,1205740535,5,14,15,14,12,407,0.33189655172413796,0.5862068965517241,0.27071823204419887,0.6243093922651933,105,0.8539682539682539,0.6571428571428571,7.0285714285714285,0.3595238095238095,586,0.4613259668508287,0.07734806629834254,0.46956521739130436,0.09565217391304348,1273,0.6538360827441742,0.2513747054202671,5.4846818538884525,0.36868290128305836,625,0.69375,0.03125,0.7041800643086816,0.012861736334405145,870,0.6617816091954023,0.7689655172413793,5.3068965517241375,0.3651340996168581,13.66,13.7,13.06,12.2,-1,0,2
159,1205740536,5,15,12,16,13,409,0.33476394849785407,0.5836909871244635,0.2692307692307692,0.6263736263736264,106,0.8553459119496855,0.6509433962264151,7.028301886792453,0.3608490566037736,590,0.46301369863013697,0.07945205479452055,0.4675324675324675,0.09523809523809523,1281,0.6556075982305494,0.25136612021857924,5.485558157689305,0.3683320322664585,630,0.6925465838509317,0.031055900621118012,0.7038216560509554,0.012738853503184714,876,0.6629566210045662,0.7705479452054794,5.304794520547945,0.364345509893455,13.68,13.68,13.14,12.24,3,-1,2
160,1205740537,5,15,14,14,12,412,0.33191489361702126,0.5872340425531914,0.2677595628415301,0.6284153005464481,107,0.8566978193146416,0.6542056074766355,7.02803738317757,0.3598130841121495,595,0.4592391304347826,0.07880434782608696,0.4678111587982833,0.0944206008583691,1290,0.6537467700258401,0.25116279069767444,5.484496124031008,0.3690568475452196,633,0.6925465838509317,0.031055900621118012,0.7066246056782335,0.012618296529968454,880,0.6633522727272727,0.7704545454545455,5.304545454545455,0.3641098484848484,13.74,13.76,13.2,12.22,1,1,3
161,1205740538,5,12,12,14,13,413,0.33191489361702126,0.5872340425531914,0.266304347826087,0.6304347826086957,108,0.8580246913580246,0.6481481481481481,7.027777777777778,0.36342592592592593,601,0.4596774193548387,0.07795698924731183,0.46382978723404256,0.09361702127659574,1298,0.6524139702105807,0.25115562403698,5.484591679506933,0.3689008731381613,637,0.6904024767801857,0.030959752321981424,0.709375,0.0125,888,0.6624436936936937,0.7702702702702703,5.306306306306307,0.3639264264264263,13.7,13.72,13.18,12.24,0,-2,-1
162,1205740539,5,15,14,9,13,413,0.33191489361702126,0.5872340425531914,0.266304347826087,0.6304347826086957,109,0.8593272171253822,0.6422018348623854,7.027522935779817,0.3623853211009174,602,0.4596774193548387,0.07795698924731183,0.461864406779661,0.09745762711864407,1308,0.6526503567787975,0.25,5.485474006116208,0.368756371049949,640,0.6904024767801857,0.030959752321981424,0.7089783281733746,0.01238390092879257,894,0.6607941834451901,0.7706935123042505,5.305369127516778,0.3634414615958239,13.76,13.72,13.08,12.28,1,6,2
163,1205740540,5,14,15,13,10,416,0.3291139240506329,0.5864978902953587,0.2648648648648649,0.6324324324324324,110,0.8606060606060605,0.6363636363636364,7.027272727272727,0.36363636363636365,603,0.4584450402144772,0.0777479892761394,0.461864406779661,0.09745762711864407,1316,0.6517223910840936,0.24924012158054712,5.485562310030395,0.3684143870314083,644,0.6892307692307692,0.03076923076923077,0.7107692307692308,0.012307692307692308,900,0.6619444444444444,0.7711111111111111,5.304444444444444,0.3635185185185184,13.72,13.78,13.08,12.24,-1,1,4
164,1205740541,5,15,14,11,14,416,0.3291139240506329,0.5864978902953587,0.2648648648648649,0.6324324324324324,112,0.8541666666666666,0.625,7.026785714285714,0.3638392857142857,604,0.4572192513368984,0.07754010695187166,0.461864406779661,0.09745762711864407,1325,0.6522012578616355,0.24754716981132074,5.485283018867925,0.36805031446540876,650,0.6880733944954128,0.03363914373088685,0.7112462006079028,0.0121580547112462,904,0.660674778761062,0.7721238938053098,5.303097345132743,0.3632927728613568,13.74,13.78,13.04,12.28,1,4,1
165,1205740542,5,15,13,14,13,418,0.3277310924369748,0.5882352941176471,0.26881720430107525,0.6290322580645161,113,0.855457227138643,0.6283185840707964,7.0265486725663715,0.36283185840707965,608,0.45478723404255317,0.07712765957446809,0.46638655462184875,0.09663865546218488,1329,0.6528718334587412,0.24680210684725357,5.4845748683220465,0.3680712315023827,659,0.6906906906906907,0.03303303303303303,0.713855421686747,0.012048192771084338,908,0.662169603524229,0.7709251101321586,5.3050660792951545,0.3633443465491923,13.8,13.8,13.08,12.32,2,1,2
166,1205740543,5,9,9,12,10,421,0.3263598326359833,0.5899581589958159,0.26595744680851063,0.6329787234042553,113,0.855457227138643,0.6283185840707964,7.0265486725663715,0.36283185840707965,614,0.45646437994722955,0.07651715039577836,0.46473029045643155,0.0954356846473029,1337,0.6500872600349044,0.2475691847419596,5.483171278982797,0.3679257043131388,661,0.688622754491018,0.03293413173652695,0.7117117117117117,0.012012012012012012,915,0.6596539162112933,0.7704918032786885,5.306010928961749,0.36384335154826947,13.64,13.74,13.04,12.24,0,-3,-1
167,1205740544,5,15,16,12,14,423,0.325,0.5916666666666667,0.2698412698412698,0.6296296296296297,114,0.8567251461988303,0.6228070175438597,7.026315789473684,0.36403508771929827,618,0.4566929133858268,0.07611548556430446,0.46502057613168724,0.09465020576131687,1348,0.6488625123639964,0.24851632047477745,5.482195845697329,0.36881800197823933,665,0.6913946587537092,0.032640949554896145,0.7095808383233533,0.011976047904191617,918,0.6596768336964416,0.7712418300653595,5.3050108932461875,0.3634713144517065,13.68,13.78,13.06,12.32,-1,3,1
168,1205740545,5,15,16,14,14,425,0.32231404958677684,0.5950413223140496,0.2698412698412698,0.6296296296296297,115,0.8579710144927536,0.6173913043478261,7.026086956521739,0.3652173913043478,620,0.4595300261096606,0.07571801566579635,0.46502057613168724,0.09465020576131687,1357,0.6481208548268242,0.24907885040530583,5.481945467943994,0.3690125276344878,665,0.6913946587537092,0.032640949554896145,0.7095808383233533,0.011976047904191617,927,0.6608234448040273,0.7702265372168284,5.3042071197411005,0.3637180870190578,13.68,13.84,13.1,12.34,-1,1,1
169,1205740546,5,15,13,14,11,426,0.32231404958677684,0.5950413223140496,0.2736842105263158,0.6263157894736842,117,0.8518518518518517,0.6153846153846154,7.0256410256410255,0.36752136752136755,622,0.4583333333333333,0.07552083333333333,0.4672131147540984,0.0942622950819672,1365,0.6494505494505498,0.24761904761904763,5.482783882783883,0.3694139194139194,670,0.6913946587537092,0.032640949554896145,0.7079646017699115,0.011799410029498525,930,0.66084229390681,0.7709677419354839,5.305376344086022,0.3636200716845877,13.68,13.82,13.16,12.28,2,1,4
170,1205740547,5,13,14,13,15,431,0.319672131147541,0.5983606557377049,0.2694300518134715,0.6269430051813472,117,0.8518518518518517,0.6153846153846154,7.0256410256410255,0.36752136752136755,625,0.46113989637305697,0.07512953367875648,0.46530612244897956,0.09795918367346938,1376,0.652010658914729,0.24781976744186046,5.4811046511627906,0.3695494186046511,675,0.6893491124260355,0.03550295857988166,0.7055393586005831,0.014577259475218658,932,0.6615701001430616,0.7714592274678111,5.304721030042918,0.3636444921316165,13.64,13.78,13.22,12.36,-1,0,-2
171,1205740548,5,15,13,16,14,434,0.3252032520325203,0.5934959349593496,0.26804123711340205,0.6288659793814433,117,0.8518518518518517,0.6153846153846154,7.0256410256410255,0.36752136752136755,629,0.46272493573264784,0.07455012853470437,0.46747967479674796,0.0975609756097561,1386,0.6523569023569027,0.2474747474747475,5.4812409812409815,0.36982924482924484,677,0.6902654867256637,0.035398230088495575,0.7063953488372093,0.014534883720930232,937,0.662842404838136,0.7726787620064034,5.3052294557097115,0.36357168267520446,13.72,13.76,13.3,12.34,2,-1,1
172,1205740549,5,13,16,13,14,438,0.32661290322580644,0.592741935483871,0.27040816326530615,0.6275510204081632,118,0.8531073446327683,0.6186440677966102,7.02542372881356,0.3665254237288136,631,0.46153846153846156,0.07435897435897436,0.46558704453441296,0.09716599190283401,1395,0.6528076463560337,0.24659498207885305,5.478853046594982,0.3697729988052569,683,0.6920821114369502,0.03519061583577713,0.7068965517241379,0.014367816091954023,939,0.6624955626553071,0.77209797657082,5.30457933972311,0.3638622648207312,13.76,13.8,13.28,12.38,-3,0,-1
173,1205740550,5,15,12,13,10,440,0.332,0.588,0.27040816326530615,0.6275510204081632,121,0.8429752066115701,0.6115702479338843,7.033057851239669,0.36983471074380164,631,0.46153846153846156,0.07435897435897436,0.46558704453441296,0.09716599190283401,1402,0.6526390870185452,0.24750356633380885,5.480028530670471,0.3700665715644318,686,0.6900584795321637,0.03508771929824561,0.7028571428571428,0.014285714285714285,947,0.6639387539598732,0.7729672650475184,5.309398099260823,0.3639563533966912,13.82,13.78,13.28,12.32,3,2,5
174,1205740551,5,16,13,13,12,443,0.3333333333333333,0.5873015873015873,0.27411167512690354,0.6243654822335025,121,0.8429752066115701,0.6115702479338843,7.033057851239669,0.36983471074380164,636,0.46446700507614214,0.07360406091370558,0.4637096774193548,0.10080645161290322,1409,0.6522356281050393,0.24698367636621718,5.4811923349893545,0.3700023657440265,687,0.6900584795321637,0.03508771929824561,0.7037037037037037,0.014245014245014245,955,0.66239092495637,0.7738219895287958,5.30890052356021,0.36483420593368227,13.84,13.72,13.26,12.32,3,3,4
175,1205740552,5,12,16,13,11,445,0.33201581027667987,0.5849802371541502,0.2727272727272727,0.6262626262626263,123,0.8455284552845528,0.6178861788617886,7.032520325203252,0.3678861788617886,641,0.45864661654135336,0.07518796992481203,0.4637096774193548,0.10080645161290322,1415,0.6515901060070675,0.24734982332155478,5.4840989399293285,0.3696702002355713,691,0.686046511627907,0.0377906976744186,0.7053824362606232,0.014164305949008499,962,0.6629417879417879,0.7733887733887734,5.3076923076923075,0.36503811503811495,13.82,13.78,13.24,12.28,-4,-1,1
176,1205740553,5,14,15,14,12,445,0.33201581027667987,0.5849802371541502,0.2727272727272727,0.6262626262626263,124,0.846774193548387,0.6209677419354839,7.032258064516129,0.36693548387096775,645,0.4577114427860697,0.07462686567164178,0.46586345381526106,0.10040160642570281,1422,0.6515471167369905,0.24753867791842477,5.4831223628691985,0.36960853258321613,696,0.6829971181556196,0.040345821325648415,0.7070422535211267,0.014084507042253521,968,0.6639979338842975,0.7727272727272727,5.306818181818182,0.3650998622589531,13.86,13.78,13.26,12.3,-1,0,2
177,1205740554,5,13,13,13,13,447,0.3333333333333333,0.5843137254901961,0.2727272727272727,0.6262626262626263,124,0.846774193548387,0.6209677419354839,7.032258064516129,0.36693548387096775,645,0.4577114427860697,0.07462686567164178,0.46586345381526106,0.10040160642570281,1430,0.6510489510489513,0.24755244755244754,5.4832167832167835,0.3694638694638695,697,0.6839080459770115,0.040229885057471264,0.7070422535211267,0.014084507042253521,977,0.6636813374274991,0.7737973387922211,5.30706243602866,0.365063118389628,13.82,13.74,13.26,12.3,0,0,0
178,1205740555,5,13,12,12,12,449,0.33203125,0.5859375,0.271356783919598,0.628140703517588,124,0.846774193548387,0.6209677419354839,7.032258064516129,0.36693548387096775,648,0.45792079207920794,0.07425742574257425,0.464,0.1,1438,0.6519471488178028,0.2482614742698192,5.48191933240612,0.36966852109411225,704,0.6828571428571428,0.04,0.7055555555555556,0.013888888888888888,980,0.6636904761904762,0.773469387755102,5.307142857142857,0.3647108843537414,13.8,13.7,13.28,12.34,1,1,1
179,1205740556,5,13,12,12,13,454,0.32945736434108525,0.5852713178294574,0.26732673267326734,0.6287128712871287,124,0.846774193548387,0.6209677419354839,7.032258064516129,0.36693548387096775,653,0.458128078817734,0.07389162561576355,0.466403162055336,0.10276679841897234,1446,0.6524896265560169,0.24965421853388658,5.481327800829876,0.3699285384970033,707,0.6827195467422096,0.039660056657223795,0.7055555555555556,0.013888888888888888,985,0.6638747884940778,0.7736040609137056,5.305583756345178,0.3648900169204737,13.84,13.68,13.3,12.36,1,1,0
180,1205740557,5,14,12,13,12,457,0.32567049808429116,0.5900383141762452,0.26732673267326734,0.6287128712871287,125,0.8439999999999999,0.624,7.032,0.368,658,0.4572127139364303,0.07334963325183375,0.4627450980392157,0.10196078431372549,1451,0.6526533425223987,0.24948311509303928,5.479669193659545,0.3702044566965312,713,0.6836158192090396,0.03954802259887006,0.7095890410958904,0.0136986301369863,990,0.6642255892255892,0.7717171717171717,5.305050505050505,0.36574074074074064,13.82,13.64,13.28,12.38,2,1,2
181,1205740558,5,15,12,14,13,459,0.3244274809160305,0.5916030534351145,0.2660098522167488,0.6305418719211823,126,0.8452380952380951,0.6190476190476191,7.031746031746032,0.36706349206349204,661,0.45498783454987834,0.07542579075425791,0.4609375,0.1015625,1462,0.6532147742818061,0.24897400820793433,5.477428180574555,0.36981304149566807,718,0.6845070422535211,0.03943661971830986,0.7100271002710027,0.013550135501355014,993,0.6642329640819066,0.7724068479355488,5.304128902316213,0.36539107082913724,13.84,13.58,13.3,12.42,3,1,2
182,1205740559,5,13,14,13,12,462,0.32575757575757575,0.5909090909090909,0.2647058823529412,0.6323529411764706,126,0.8452380952380951,0.6190476190476191,7.031746031746032,0.36706349206349204,665,0.4506024096385542,0.0746987951807229,0.4609375,0.1015625,1472,0.6537024456521742,0.24864130434782608,5.476222826086956,0.37052762681159424,721,0.6834733893557423,0.0392156862745098,0.7108108108108108,0.013513513513513514,999,0.662746079412746,0.7737737737737738,5.303303303303303,0.36619953286619944,13.82,13.56,13.34,12.4,-1,0,1
183,1205740560,5,14,15,13,12,466,0.332089552238806,0.585820895522388,0.2647058823529412,0.6323529411764706,126,0.8452380952380951,0.6190476190476191,7.031746031746032,0.36706349206349204,669,0.4510739856801909,0.07398568019093078,0.4609375,0.1015625,1480,0.6541103603603607,0.25067567567567567,5.475,0.37038288288288296,723,0.6834733893557423,0.0392156862745098,0.7123655913978495,0.013440860215053764,1005,0.6622719734660032,0.7751243781094528,5.303482587064677,0.36575456053067984,13.88,13.58,13.3,12.38,-1,1,2
184,1205740561,5,11,11,12,13,472,0.33455882352941174,0.5845588235294118,0.2621359223300971,0.6310679611650486,126,0.8452380952380951,0.6190476190476191,7.031746031746032,0.36706349206349204,673,0.4513064133016627,0.07363420427553444,0.46124031007751937,0.10077519379844961,1490,0.6537472035794186,0.24966442953020135,5.4771812080536915,0.36991051454138707,725,0.6815642458100558,0.03910614525139665,0.7131367292225201,0.013404825737265416,1012,0.6631258234519103,0.7747035573122529,5.303359683794467,0.36569499341238465,13.78,13.54,13.26,12.38,0,-1,-2
185,1205740562,5,16,14,15,14,473,0.3333333333333333,0.5860805860805861,0.2621359223300971,0.6310679611650486,127,0.8464566929133858,0.6220472440944882,7.031496062992126,0.3661417322834646,679,0.44941176470588234,0.07294117647058823,0.4653846153846154,0.1,1496,0.653464795008913,0.24933155080213903,5.475267379679145,0.37009803921568635,731,0.6824512534818942,0.03899721448467967,0.716931216931217,0.013227513227513227,1016,0.6634678477690288,0.7755905511811023,5.303149606299213,0.3652395013123359,13.8,13.52,13.26,12.48,2,1,2
186,1205740563,5,12,15,14,13,477,0.33211678832116787,0.5875912408759124,0.2631578947368421,0.631578947368421,128,0.8437499999999999,0.625,7.03125,0.3671875,685,0.44883720930232557,0.07209302325581396,0.46360153256704983,0.09961685823754789,1502,0.6538504216600092,0.24900133155792276,5.473368841544607,0.3699511762094985,737,0.6831955922865014,0.04132231404958678,0.718421052631579,0.013157894736842105,1020,0.6638071895424836,0.7745098039215687,5.302941176470588,0.365032679738562,13.74,13.58,13.28,12.5,-3,-2,-1
187,1205740564,5,13,12,13,11,479,0.33090909090909093,0.5854545454545454,0.26666666666666666,0.6285714285714286,129,0.8449612403100774,0.6201550387596899,7.0310077519379846,0.36627906976744184,689,0.4503464203233256,0.07159353348729793,0.4618320610687023,0.09923664122137404,1510,0.6540286975717443,0.24834437086092714,5.472185430463576,0.370309050772627,740,0.6821917808219178,0.0410958904109589,0.7191601049868767,0.013123359580052493,1026,0.6641487979207277,0.7758284600389863,5.304093567251462,0.36533463287849244,13.74,13.54,13.24,12.48,1,0,2
188,1205740565,5,14,14,13,14,482,0.3345323741007194,0.5827338129496403,0.26666666666666666,0.6285714285714286,130,0.8423076923076922,0.6153846153846154,7.030769230769231,0.37115384615384617,693,0.45057471264367815,0.07126436781609195,0.4621212121212121,0.09848484848484848,1517,0.6539771478795873,0.24983520105471324,5.473302570863546,0.37008349813227864,743,0.6811989100817438,0.04087193460490463,0.7198952879581152,0.013089005235602094,1032,0.6638404392764857,0.7751937984496124,5.308139534883721,0.3656330749354004,13.74,13.54,13.26,12.5,0,1,0
189,1205740566,5,12,13,12,14,485,0.3333333333333333,0.5842293906810035,0.2688679245283019,0.6273584905660378,131,0.8435114503816793,0.6183206106870229,7.030534351145038,0.37213740458015265,699,0.4510250569476082,0.07061503416856492,0.462406015037594,0.09774436090225563,1527,0.6540602488539623,0.24950884086444008,5.472167648984938,0.3707705741104563,746,0.6793478260869565,0.04076086956521739,0.7213541666666666,0.013020833333333334,1035,0.6638486312399355,0.77487922705314,5.3072463768115945,0.36578099838969397,13.7,13.52,13.22,12.52,-1,0,-2
190,1205740567,5,15,15,15,12,488,0.33214285714285713,0.5857142857142857,0.26635514018691586,0.6308411214953271,132,0.8446969696969696,0.6212121212121212,7.03030303030303,0.3731060606060606,700,0.4510250569476082,0.07061503416856492,0.4606741573033708,0.09737827715355805,1537,0.6531663413576233,0.2498373454782043,5.471047495120365,0.37128605508566476,753,0.6783783783783783,0.04054054054054054,0.7249357326478149,0.012853470437017995,1037,0.6644969463195113,0.7743490838958534,5.30665380906461,0.3655576984892317,13.7,13.54,13.26,12.52,0,0,3
191,1205740568,5,15,13,13,11,489,0.33451957295373663,0.5836298932384342,0.26635514018691586,0.6308411214953271,132,0.8446969696969696,0.6212121212121212,7.03030303030303,0.3731060606060606,707,0.451685393258427,0.0696629213483146,0.458955223880597,0.09701492537313433,1540,0.6528679653679657,0.25,5.470779220779221,0.3715367965367966,758,0.6774193548387096,0.04032258064516129,0.7270408163265306,0.012755102040816327,1044,0.6643518518518517,0.7758620689655172,5.305555555555555,0.3655012771392081,13.74,13.56,13.22,12.52,2,2,4
192,1205740569,5,13,14,13,13,492,0.3333333333333333,0.5851063829787234,0.2638888888888889,0.6296296296296297,133,0.8458646616541352,0.6165413533834586,7.030075187969925,0.37406015037593987,715,0.45111111111111113,0.06888888888888889,0.46494464944649444,0.0959409594095941,1544,0.6529037132987913,0.25,5.47020725388601,0.3721934369602764,761,0.6774193548387096,0.04032258064516129,0.7240506329113924,0.012658227848101266,1052,0.6650031685678073,0.7747148288973384,5.303231939163498,0.3658111533586818,13.7,13.54,13.24,12.54,-1,0,0
193,1205740570,5,12,13,12,14,495,0.3321554770318021,0.5865724381625441,0.26146788990825687,0.6284403669724771,134,0.8470149253731343,0.6194029850746269,7.029850746268656,0.373134328358209,719,0.4481236203090508,0.0684326710816777,0.46691176470588236,0.09558823529411764,1552,0.6540485395189006,0.24935567010309279,5.469072164948454,0.3722079037800688,768,0.6764705882352942,0.040106951871657755,0.7275,0.0125,1056,0.6646938131313131,0.7755681818181818,5.302083333333333,0.36608270202020193,13.66,13.54,13.22,12.5,-1,0,-2
194,1205740571,5,15,13,16,10,496,0.3345070422535211,0.5845070422535211,0.26146788990825687,0.6284403669724771,135,0.8481481481481481,0.6148148148148148,7.029629629629629,0.37407407407407406,725,0.44956140350877194,0.06798245614035088,0.4690909090909091,0.09454545454545454,1559,0.6547466324567033,0.24951892238614495,5.4688903143040415,0.3724609792602096,772,0.6763925729442971,0.03978779840848806,0.7281795511221946,0.012468827930174564,1061,0.6653314483191957,0.7737983034872762,5.300659754948162,0.36624253848570526,13.7,13.52,13.32,12.44,2,-1,5
195,1205740572,5,15,14,12,13,499,0.3356643356643357,0.583916083916084,0.2602739726027397,0.6301369863013698,135,0.8481481481481481,0.6148148148148148,7.029629629629629,0.37407407407407406,730,0.4466230936819172,0.06971677559912855,0.4729241877256318,0.09386281588447654,1567,0.655232929164008,0.2501595405232929,5.467772814294831,0.3726334822378218,778,0.6763157894736842,0.042105263157894736,0.7277227722772277,0.012376237623762377,1064,0.6662750626566416,0.7734962406015038,5.299812030075188,0.36591478696741847,13.68,13.52,13.28,12.44,1,3,2
196,1205740573,5,14,11,12,10,501,0.3344947735191638,0.5853658536585366,0.2590909090909091,0.6318181818181818,136,0.8492647058823528,0.6102941176470589,7.029411764705882,0.375,735,0.44685466377440347,0.06941431670281996,0.475,0.09642857142857143,1573,0.6559122695486335,0.2498410680228862,5.466624284806103,0.3723246450519178,784,0.6762402088772846,0.04177545691906005,0.7272727272727273,0.012285012285012284,1070,0.6667445482866043,0.7738317757009345,5.299065420560748,0.36549844236760115,13.68,13.4,13.28,12.4,3,2,4
197,1205740574,5,16,12,14,13,504,0.33217993079584773,0.5882352941176471,0.2579185520361991,0.6334841628959276,137,0.8503649635036495,0.6058394160583942,7.029197080291971,0.3759124087591241,742,0.45161290322580644,0.06881720430107527,0.4734982332155477,0.09540636042402827,1580,0.6561708860759496,0.25,5.465822784810126,0.3720991561181435,788,0.6787564766839378,0.04145077720207254,0.7279411764705882,0.012254901960784314,1074,0.66752017380509,0.7737430167597765,5.297951582867784,0.36530105524518924,13.78,13.42,13.28,12.42,4,2,3
198,1205740575,5,14,13,12,12,504,0.33217993079584773,0.5882352941176471,0.2579185520361991,0.6334841628959276,138,0.8514492753623187,0.6086956521739131,7.028985507246377,0.375,746,0.45085470085470086,0.06837606837606838,0.47183098591549294,0.09507042253521127,1589,0.6571743234738833,0.24984266834487098,5.466331025802392,0.37219425215019936,793,0.6812339331619537,0.04113110539845758,0.7292682926829268,0.012195121951219513,1078,0.66643475572047,0.7736549165120594,5.298701298701299,0.36510513296227576,13.76,13.34,13.22,12.4,1,2,2
199,1205740576,5,12,13,10,13,506,0.3310344827586207,0.5896551724137931,0.25675675675675674,0.6306306306306306,139,0.8453237410071941,0.6115107913669064,7.028776978417266,0.37410071942446044,749,0.4520255863539446,0.06823027718550106,0.47202797202797203,0.0944055944055944,1595,0.6573145245559042,0.2501567398119122,5.466457680250784,0.37220480668756534,798,0.680306905370844,0.04092071611253197,0.7312348668280871,0.012106537530266344,1084,0.6659747847478474,0.7739852398523985,5.2988929889298895,0.36492927429274286,13.7,13.36,13.18,12.42,-1,2,-1
200,1205740577,5,14,14,10,13,507,0.3333333333333333,0.5876288659793815,0.25675675675675674,0.6306306306306306,140,0.8464285714285713,0.6142857142857143,7.0285714285714285,0.3732142857142857,750,0.4531914893617021,0.06808510638297872,0.47202797202797203,0.0944055944055944,1604,0.657263092269327,0.2506234413965087,5.466957605985037,0.3724542809642561,800,0.6785714285714286,0.04081632653061224,0.7294685990338164,0.012077294685990338,1092,0.666590354090354,0.7747252747252747,5.2967032967032965,0.3640873015873015,13.74,13.42,13.1,12.42,0,4,1
201,1205740578,5,12,15,13,13,510,0.33447098976109213,0.5870307167235495,0.2600896860986547,0.6278026905829597,140,0.8464285714285713,0.6142857142857143,7.0285714285714285,0.3732142857142857,753,0.45222929936305734,0.07006369426751592,0.4722222222222222,0.09375,1609,0.6567743940335615,0.25108763206960844,5.466128029832194,0.3725398798425524,807,0.6775818639798489,0.042821158690176324,0.7307692307692307,0.01201923076923077,1098,0.6661353976927747,0.7750455373406193,5.295992714025501,0.3636915604128718,13.72,13.44,13.06,12.46,-3,-1,-1
202,1205740579,5,12,12,14,11,515,0.3333333333333333,0.5884353741496599,0.2599118942731278,0.6299559471365639,141,0.8475177304964538,0.6170212765957447,7.028368794326241,0.3723404255319149,755,0.451271186440678,0.06991525423728813,0.47058823529411764,0.09342560553633218,1619,0.6577619929997944,0.25138974675725756,5.463866584311304,0.3724006588429072,814,0.6758793969849246,0.04271356783919598,0.7322274881516587,0.011848341232227487,1100,0.6658333333333333,0.7745454545454545,5.296363636363636,0.3634848484848484,13.66,13.38,13.06,12.48,0,-2,1
203,1205740580,5,14,14,13,11,516,0.3333333333333333,0.5884353741496599,0.25877192982456143,0.631578947368421,142,0.8485915492957745,0.6126760563380281,7.028169014084507,0.3732394366197183,760,0.45263157894736844,0.06947368421052631,0.47079037800687284,0.09278350515463918,1629,0.6571004706363825,0.2504604051565378,5.463474524248005,0.37210967873951306,815,0.6758793969849246,0.04271356783919598,0.7328605200945626,0.01182033096926714,1105,0.666892911010558,0.7737556561085973,5.295927601809955,0.3634238310708898,13.7,13.38,13.02,12.42,0,1,3
204,1205740581,5,15,15,13,14,517,0.33220338983050846,0.5898305084745763,0.25877192982456143,0.631578947368421,143,0.8496503496503496,0.6153846153846154,7.027972027972028,0.3723776223776224,763,0.453781512605042,0.06932773109243698,0.4709897610921502,0.09215017064846416,1637,0.6564345347179804,0.25045815516188147,5.463042150274893,0.37227652209326006,822,0.6708229426433915,0.04239401496259352,0.7330210772833724,0.0117096018735363,1108,0.6664410348977136,0.7743682310469314,5.2951263537906135,0.36334235860409136,13.76,13.44,13.08,12.46,0,2,1
205,1205740582,5,15,12,11,11,519,0.3310810810810811,0.5912162162162162,0.2576419213973799,0.6331877729257642,143,0.8496503496503496,0.6153846153846154,7.027972027972028,0.3723776223776224,765,0.45397489539748953,0.06903765690376569,0.4709897610921502,0.09215017064846416,1643,0.6570805437208362,0.25015216068167984,5.463177115033475,0.3724386285250558,830,0.674074074074074,0.04197530864197531,0.7354988399071926,0.01160092807424594,1112,0.6667416067146282,0.7751798561151079,5.294064748201439,0.3633842925659472,13.78,13.42,13.04,12.44,3,4,4
206,1205740583,5,13,14,14,11,522,0.3277591973244147,0.5953177257525084,0.2576419213973799,0.6331877729257642,144,0.8506944444444443,0.6180555555555556,7.027777777777778,0.3715277777777778,770,0.4553014553014553,0.06860706860706861,0.46779661016949153,0.09152542372881356,1651,0.6569250959014742,0.24954572986069049,5.461538461538462,0.3727538865334141,837,0.6756756756756757,0.04176904176904177,0.7362385321100917,0.011467889908256881,1114,0.6673399162178336,0.774685816876122,5.293536804308797,0.3634051466187911,13.78,13.42,13.06,12.42,-1,-1,2
207,1205740584,5,13,12,15,15,523,0.32666666666666666,0.5966666666666667,0.2576419213973799,0.6331877729257642,145,0.8517241379310344,0.6137931034482759,7.027586206896552,0.3724137931034483,778,0.45790554414784396,0.07186858316221766,0.468013468013468,0.09427609427609428,1656,0.6573570853462162,0.25,5.46256038647343,0.37268518518518523,841,0.6748166259168704,0.04156479217603912,0.7351598173515982,0.01141552511415525,1121,0.6685251263752602,0.775200713648528,5.293487957181088,0.3631430270591733,13.78,13.4,13.06,12.46,1,-2,-2
208,1205740585,5,13,14,15,13,531,0.32459016393442625,0.5967213114754099,0.2543103448275862,0.6336206896551724,145,0.8517241379310344,0.6137931034482759,7.027586206896552,0.3724137931034483,783,0.4569672131147541,0.07377049180327869,0.4717607973421927,0.09302325581395349,1660,0.6581827309236952,0.25,5.462650602409639,0.3726907630522089,843,0.6748166259168704,0.04156479217603912,0.7318181818181818,0.011363636363636364,1130,0.6698377581120943,0.7716814159292036,5.292035398230088,0.36320058997050136,13.76,13.38,13.08,12.48,-1,-2,0
209,1205740586,5,15,11,12,12,532,0.3235294117647059,0.5980392156862745,0.2543103448275862,0.6336206896551724,146,0.8527397260273971,0.6095890410958904,7.027397260273973,0.3715753424657534,785,0.45714285714285713,0.07346938775510205,0.4717607973421927,0.09302325581395349,1669,0.6585280607149994,0.25104853205512284,5.462552426602756,0.3727781106450969,846,0.675609756097561,0.041463414634146344,0.7307692307692307,0.011312217194570135,1136,0.6707012910798121,0.7711267605633803,5.29137323943662,0.363262910798122,13.76,13.36,13.0,12.46,4,3,3
210,1205740587,5,15,14,14,15,535,0.3257328990228013,0.5960912052117264,0.25213675213675213,0.6324786324786325,146,0.8527397260273971,0.6095890410958904,7.027397260273973,0.3715753424657534,789,0.4563894523326572,0.07302231237322515,0.4735099337748344,0.09271523178807947,1677,0.6580699662095014,0.25104353011329755,5.460942158616577,0.37263963426754126,847,0.6763990267639902,0.0413625304136253,0.7307692307692307,0.011312217194570135,1143,0.6705307669874598,0.7716535433070866,5.290463692038495,0.36278798483522884,13.76,13.36,13.0,12.52,1,1,0
211,1205740588,5,13,13,16,13,536,0.3246753246753247,0.5941558441558441,0.25213675213675213,0.6324786324786325,147,0.8537414965986394,0.6054421768707483,7.0272108843537415,0.3707482993197279,792,0.45564516129032256,0.07258064516129033,0.4735099337748344,0.09271523178807947,1688,0.6571386255924174,0.2505924170616114,5.462677725118484,0.3725315955766193,851,0.6763285024154589,0.04106280193236715,0.7313769751693002,0.011286681715575621,1148,0.6687717770034843,0.7726480836236934,5.29006968641115,0.362732288037166,13.78,13.38,13.04,12.52,0,-3,0
212,1205740589,5,11,15,15,12,541,0.32371794871794873,0.5961538461538461,0.251063829787234,0.6340425531914894,147,0.8537414965986394,0.6054421768707483,7.0272108843537415,0.3707482993197279,797,0.45490981963927857,0.07214428857715431,0.47039473684210525,0.09210526315789473,1695,0.6570796460176995,0.25073746312684364,5.4619469026548675,0.372173058013766,853,0.6771084337349398,0.04096385542168675,0.7297297297297297,0.01126126126126126,1157,0.6678910976663786,0.7726879861711322,5.288677614520311,0.3627196773264188,13.7,13.4,13.16,12.5,-4,-4,-1
213,1205740590,5,11,11,13,12,545,0.321656050955414,0.5955414012738853,0.2489451476793249,0.6329113924050633,149,0.848993288590604,0.610738255033557,7.026845637583893,0.3691275167785235,802,0.45617529880478086,0.07370517928286853,0.4673202614379085,0.09477124183006536,1698,0.6568021201413432,0.2502944640753828,5.462308598351001,0.3725461327051433,854,0.6771084337349398,0.04096385542168675,0.7303370786516854,0.011235955056179775,1167,0.6698800342759211,0.7720651242502142,5.29305912596401,0.36175378463296193,13.64,13.32,13.16,12.54,0,-2,-1
214,1205740591,5,13,15,14,14,548,0.3186119873817035,0.5993690851735016,0.2489451476793249,0.6329113924050633,150,0.8499999999999999,0.6066666666666667,7.026666666666666,0.37,810,0.45956607495069035,0.07297830374753451,0.4627831715210356,0.10032362459546926,1702,0.6573149236192718,0.2508813160987074,5.4618096357226795,0.372698785742264,858,0.6786570743405276,0.0407673860911271,0.7315436241610739,0.011185682326621925,1173,0.6691531685137823,0.7723785166240409,5.291560102301791,0.3622477976697925,13.6,13.34,13.22,12.54,-2,-1,-1
215,1205740592,5,15,14,14,12,549,0.3186119873817035,0.5993690851735016,0.24789915966386555,0.634453781512605,151,0.8509933774834437,0.6026490066225165,7.026490066225166,0.37251655629139074,813,0.4588235294117647,0.07254901960784314,0.4627831715210356,0.10032362459546926,1712,0.6556172118380067,0.2505841121495327,5.461448598130841,0.3728582554517134,862,0.6794258373205742,0.04066985645933014,0.7311111111111112,0.011111111111111112,1177,0.6690031152647975,0.7731520815632965,5.290569243840272,0.36207873123760964,13.6,13.36,13.22,12.52,1,1,3
216,1205740593,5,14,13,13,13,552,0.321875,0.596875,0.24789915966386555,0.634453781512605,151,0.8509933774834437,0.6026490066225165,7.026490066225166,0.37251655629139074,817,0.4571984435797665,0.07392996108949416,0.4627831715210356,0.10032362459546926,1719,0.6552743843319764,0.2513089005235602,5.461314717859221,0.3729396936203219,864,0.6778042959427207,0.0405727923627685,0.7317073170731707,0.011086474501108648,1185,0.6691279887482419,0.7746835443037975,5.291139240506329,0.3615330520393811,13.7,13.44,13.24,12.58,1,1,1
217,1205740594,5,13,12,10,11,555,0.32087227414330216,0.5950155763239875,0.25,0.6291666666666667,151,0.8509933774834437,0.6026490066225165,7.026490066225166,0.37251655629139074,820,0.45542635658914726,0.0755813953488372,0.4612903225806452,0.1,1726,0.6550308999613755,0.2514484356894554,5.461761297798378,0.3731653147933565,868,0.6761904761904762,0.04047619047619048,0.7334801762114538,0.011013215859030838,1191,0.6688357122865939,0.7741393786733837,5.290512174643157,0.36202071088720955,13.66,13.36,13.2,12.52,1,3,2
218,1205740595,5,13,13,13,12,560,0.31790123456790126,0.5987654320987654,0.24793388429752067,0.628099173553719,152,0.8486842105263158,0.6052631578947368,7.026315789473684,0.37335526315789475,823,0.45454545454545453,0.07543520309477757,0.46474358974358976,0.09935897435897435,1733,0.6555587613002505,0.25216387766878245,5.462204270051933,0.37295633775726106,868,0.6761904761904762,0.04047619047619048,0.7334801762114538,0.011013215859030838,1200,0.6695138888888889,0.7741666666666667,5.29,0.3624305555555555,13.62,13.3,13.18,12.48,0,0,1
219,1205740596,5,15,12,12,12,560,0.31790123456790126,0.5987654320987654,0.24793388429752067,0.628099173553719,153,0.8496732026143791,0.6078431372549019,7.026143790849673,0.37254901960784315,828,0.4576923076923077,0.075,0.46178343949044587,0.09872611464968153,1742,0.6552334481438964,0.2525832376578645,5.46211251435132,0.3728951396861845,873,0.6729857819905213,0.04265402843601896,0.7352297592997812,0.010940919037199124,1205,0.6700553250345781,0.775103734439834,5.288796680497925,0.36237897648686024,13.62,13.28,13.14,12.5,3,3,3
220,1205740597,5,11,12,14,12,563,0.3159509202453988,0.6012269938650306,0.24691358024691357,0.6296296296296297,155,0.8467741935483871,0.6064516129032258,7.025806451612903,0.3758064516129032,832,0.4578544061302682,0.07471264367816093,0.4620253164556962,0.10126582278481013,1749,0.6545168667810182,0.2532875929102344,5.464265294453973,0.37326091099676006,878,0.6713615023474179,0.04225352112676056,0.7358078602620087,0.010917030567685589,1210,0.6697658402203857,0.7743801652892562,5.289256198347108,0.36274104683195585,13.58,13.24,13.16,12.44,-1,-3,-1
221,1205740598,5,13,12,12,13,568,0.3130699088145897,0.6048632218844985,0.24489795918367346,0.6285714285714286,156,0.8477564102564102,0.6089743589743589,7.0256410256410255,0.375,833,0.4588910133843212,0.0745697896749522,0.4620253164556962,0.10126582278481013,1760,0.6538352272727277,0.2534090909090909,5.466477272727273,0.37305871212121217,880,0.6697892271662763,0.04215456674473068,0.7342047930283224,0.010893246187363835,1216,0.6698876096491228,0.774671052631579,5.290296052631579,0.36280153508771923,13.54,13.22,13.08,12.42,1,1,0
222,1205740599,5,17,16,16,13,570,0.3151515151515151,0.603030303030303,0.24796747967479674,0.6260162601626016,156,0.8477564102564102,0.6089743589743589,7.0256410256410255,0.375,833,0.4588910133843212,0.0745697896749522,0.4620253164556962,0.10126582278481013,1769,0.6539005087620128,0.252119841718485,5.467495760316563,0.372856604484643,882,0.6705607476635514,0.04205607476635514,0.7347826086956522,0.010869565217391304,1224,0.6709558823529411,0.7736928104575164,5.28921568627451,0.3630855119825707,13.62,13.22,13.14,12.4,1,1,4
223,1205740600,5,16,16,12,14,572,0.31626506024096385,0.5993975903614458,0.24796747967479674,0.6260162601626016,157,0.8487261146496815,0.6050955414012739,7.025477707006369,0.37579617834394907,833,0.4588910133843212,0.0745697896749522,0.4620253164556962,0.10126582278481013,1779,0.6532227843357695,0.2540753232152895,5.467116357504215,0.37343076634813566,889,0.6682134570765661,0.04176334106728538,0.7327586206896551,0.01293103448275862,1228,0.6708061889250814,0.7744299674267101,5.2882736156351795,0.3629207383279044,13.64,13.3,13.12,12.48,0,4,2
224,1205740601,5,14,13,12,13,572,0.31626506024096385,0.5993975903614458,0.24796747967479674,0.6260162601626016,158,0.8496835443037974,0.6012658227848101,7.025316455696203,0.37658227848101267,841,0.4573055028462998,0.07400379506641366,0.465625,0.1,1786,0.6540220231429641,0.2541993281075028,5.467525195968645,0.37378686076894363,890,0.6682134570765661,0.04176334106728538,0.7333333333333333,0.012903225806451613,1236,0.6718581445523192,0.7734627831715211,5.288025889967638,0.36320118662351664,13.6,13.3,13.1,12.5,1,2,1
225,1205740602,5,14,15,16,15,578,0.31547619047619047,0.6011904761904762,0.2540322580645161,0.6209677419354839,158,0.8496835443037974,0.6012658227848101,7.025316455696203,0.37658227848101267,844,0.4555765595463138,0.07372400756143667,0.4672897196261682,0.09968847352024922,1792,0.654064360119048,0.2533482142857143,5.466517857142857,0.3742094494047619,896,0.6705069124423964,0.041474654377880185,0.7307692307692307,0.01282051282051282,1241,0.6715686274509802,0.7727639000805802,5.287671232876712,0.36334944936878855,13.64,13.28,13.16,12.58,-1,-2,-1
226,1205740603,5,15,14,11,11,582,0.31563421828908556,0.6017699115044248,0.25301204819277107,0.6224899598393574,158,0.8496835443037974,0.6012658227848101,7.025316455696203,0.37658227848101267,847,0.45660377358490567,0.07358490566037736,0.4674922600619195,0.09907120743034056,1800,0.6531018518518522,0.2544444444444444,5.466111111111111,0.3739351851851852,900,0.671264367816092,0.041379310344827586,0.732484076433121,0.012738853503184714,1247,0.6715450414327718,0.7722534081796311,5.290296712109062,0.36340550654905096,13.66,13.26,13.1,12.56,1,4,4
227,1205740604,5,13,13,14,12,585,0.3128654970760234,0.6052631578947368,0.25301204819277107,0.6224899598393574,158,0.8496835443037974,0.6012658227848101,7.025316455696203,0.37658227848101267,848,0.455743879472693,0.07344632768361582,0.4674922600619195,0.09907120743034056,1810,0.6514732965009211,0.2541436464088398,5.464640883977901,0.3746316758747698,907,0.6689497716894978,0.0410958904109589,0.7305263157894737,0.01263157894736842,1251,0.6705968558486542,0.7721822541966427,5.289368505195843,0.3634425792699173,13.66,13.26,13.12,12.54,0,-1,1
228,1205740605,5,10,11,11,13,588,0.311046511627907,0.6075581395348837,0.252,0.624,158,0.8496835443037974,0.6012658227848101,7.025316455696203,0.37658227848101267,850,0.4540337711069418,0.07317073170731707,0.4674922600619195,0.09907120743034056,1822,0.6506586169045008,0.2535675082327113,5.4676180021953895,0.3749085254299305,910,0.6704545454545454,0.04090909090909091,0.7289915966386554,0.012605042016806723,1256,0.6679272823779192,0.7707006369426752,5.29140127388535,0.36358811040339695,13.6,13.24,13.1,12.56,-1,-1,-3
229,1205740606,5,13,14,12,12,591,0.30835734870317005,0.6080691642651297,0.252,0.624,159,0.85062893081761,0.5974842767295597,7.0251572327044025,0.37735849056603776,853,0.4542056074766355,0.07289719626168224,0.4691358024691358,0.09876543209876543,1832,0.6509279475982536,0.2549126637554585,5.466703056768559,0.3746360989810772,915,0.669683257918552,0.04072398190045249,0.7265135699373695,0.012526096033402923,1258,0.668455219925808,0.7710651828298887,5.290937996820349,0.36340752517223096,13.6,13.28,13.1,12.54,-1,1,1
230,1205740607,5,12,11,13,13,594,0.3074712643678161,0.6091954022988506,0.25,0.626984126984127,159,0.85062893081761,0.5974842767295597,7.0251572327044025,0.37735849056603776,856,0.45251396648044695,0.07262569832402235,0.4707692307692308,0.09846153846153846,1838,0.6512513601741026,0.2546245919477693,5.46626768226333,0.3743652520856003,920,0.6704288939051919,0.040632054176072234,0.7267080745341615,0.014492753623188406,1265,0.6687088274044795,0.7723320158102767,5.2901185770750985,0.3629776021080368,13.56,13.26,13.1,12.56,1,-1,-1
231,1205740608,5,13,15,16,11,595,0.30659025787965616,0.6103151862464183,0.25,0.626984126984127,160,0.8453125,0.6,7.025,0.3765625,861,0.45185185185185184,0.07222222222222222,0.4740061162079511,0.09785932721712538,1845,0.6512195121951222,0.2552845528455285,5.466124661246613,0.3741644083107498,923,0.6696629213483146,0.04044943820224719,0.7272727272727273,0.014462809917355372,1273,0.6700052369730295,0.7714061272584446,5.289866457187745,0.3626603822990311,13.52,13.32,13.14,12.52,-2,-3,2
232,1205740609,5,13,14,13,12,597,0.30659025787965616,0.6103151862464183,0.24803149606299213,0.6259842519685039,160,0.8453125,0.6,7.025,0.3765625,866,0.45202952029520294,0.07380073800738007,0.4696969696969697,0.09696969696969697,1854,0.6523732470334415,0.2551240560949299,5.467098166127292,0.37419093851132684,928,0.668903803131991,0.040268456375838924,0.728952772073922,0.014373716632443531,1278,0.670905059989567,0.7715179968701096,5.290297339593114,0.36241523213354193,13.52,13.32,13.14,12.52,-1,0,1
233,1205740610,5,14,14,13,13,601,0.30484330484330485,0.6096866096866097,0.24609375,0.625,161,0.8462732919254659,0.6024844720496895,7.024844720496894,0.37577639751552794,871,0.45054945054945056,0.07509157509157509,0.47129909365558914,0.09667673716012085,1858,0.6520452099031219,0.2545748116254037,5.466092572658773,0.37419268030139935,931,0.6696428571428571,0.04017857142857143,0.7300613496932515,0.014314928425357873,1286,0.672952306894764,0.7698289269051322,5.289269051321928,0.3628823224468636,13.52,13.3,13.14,12.54,0,1,1
234,1205740611,5,13,14,13,11,607,0.3050847457627119,0.6073446327683616,0.25096525096525096,0.6216216216216216,162,0.8472222222222222,0.6049382716049383,7.0246913580246915,0.375,873,0.44972577696526506,0.07495429616087751,0.46987951807228917,0.0963855421686747,1867,0.6507766470273167,0.2544188537761114,5.465452597750402,0.37479914301017675,934,0.6696230598669624,0.03991130820399113,0.7300613496932515,0.014314928425357873,1292,0.6736971104231165,0.7685758513931888,5.290247678018575,0.362938596491228,13.56,13.36,13.16,12.5,-1,0,2
235,1205740612,5,14,15,12,10,609,0.3050847457627119,0.6073446327683616,0.25287356321839083,0.6206896551724138,163,0.848159509202454,0.6012269938650306,7.024539877300613,0.37576687116564417,879,0.4482758620689655,0.07441016333938294,0.47305389221556887,0.09580838323353294,1872,0.6511752136752139,0.2537393162393162,5.464743589743589,0.374599358974359,938,0.6710816777041942,0.039735099337748346,0.7311608961303462,0.014256619144602852,1298,0.6732794042116075,0.7688751926040062,5.288906009244992,0.3629943502824858,13.52,13.38,13.1,12.42,-1,2,4
236,1205740613,5,13,14,12,13,613,0.3025210084033613,0.6106442577030813,0.25190839694656486,0.6221374045801527,164,0.8490853658536586,0.6036585365853658,7.024390243902439,0.375,882,0.4484629294755877,0.07414104882459313,0.4746268656716418,0.0955223880597015,1879,0.650878126663119,0.2538584353379457,5.464076636508781,0.3746673762639702,943,0.6681318681318681,0.041758241758241756,0.7307692307692307,0.01417004048582996,1303,0.6735098490662572,0.7689946277820414,5.2877973906369915,0.36352008186236884,13.54,13.36,13.06,12.42,-1,1,0
237,1205740614,5,16,14,12,13,613,0.3025210084033613,0.6106442577030813,0.25190839694656486,0.6221374045801527,165,0.85,0.6,7.024242424242424,0.37424242424242427,886,0.45045045045045046,0.07387387387387387,0.47181008902077154,0.09792284866468842,1887,0.6505034446210919,0.2538420773714891,5.463698993110758,0.3745363010068892,949,0.6695842450765864,0.04157549234135667,0.7329317269076305,0.014056224899598393,1309,0.6741151005856887,0.7685255920550038,5.28724216959511,0.3639546727782021,13.6,13.4,13.04,12.46,2,4,3
238,1205740615,5,15,13,14,12,616,0.30362116991643456,0.6100278551532033,0.25475285171102663,0.6197718631178707,165,0.85,0.6,7.024242424242424,0.37424242424242427,890,0.4506283662477558,0.07360861759425494,0.4749262536873156,0.09734513274336283,1895,0.6498680738786282,0.2532981530343008,5.464379947229552,0.37467018469656993,953,0.6710239651416122,0.04139433551198257,0.732,0.014,1314,0.6749746321664128,0.7671232876712328,5.286910197869102,0.3642820903094875,13.62,13.38,13.06,12.42,2,1,3
239,1205740616,5,12,13,12,10,617,0.30277777777777776,0.6111111111111112,0.25475285171102663,0.6197718631178707,165,0.85,0.6,7.024242424242424,0.37424242424242427,893,0.4506283662477558,0.07360861759425494,0.47076023391812866,0.1023391812865497,1902,0.6506309148264987,0.25341745531019977,5.466351209253418,0.37425516999649494,958,0.6717391304347826,0.041304347826086954,0.7341269841269841,0.013888888888888888,1323,0.6756739732930208,0.7664399092970522,5.287981859410431,0.36388259007306617,13.62,13.38,13.06,12.34,-1,0,2
240,1205740617,5,12,10,11,10,617,0.30277777777777776,0.6111111111111112,0.25475285171102663,0.6197718631178707,166,0.8509036144578314,0.6024096385542169,7.024096385542169,0.37349397590361444,895,0.45080500894454384,0.07334525939177101,0.47076023391812866,0.1023391812865497,1914,0.6489028213166147,0.25339602925809823,5.46760710553814,0.37425983977708116,962,0.670995670995671,0.04112554112554113,0.733201581027668,0.01383399209486166,1327,0.6755212258226575,0.7671439336850038,5.287867370007536,0.3637277066063802,13.56,13.28,12.98,12.3,2,1,2
241,1205740618,5,11,12,10,12,619,0.30277777777777776,0.6111111111111112,0.25660377358490566,0.6188679245283019,167,0.8517964071856288,0.6047904191616766,7.023952095808383,0.3727544910179641,902,0.450354609929078,0.0726950354609929,0.47093023255813954,0.10174418604651163,1920,0.6479166666666669,0.2526041666666667,5.469270833333334,0.3741319444444445,963,0.670995670995671,0.04112554112554113,0.7317554240631163,0.013806706114398421,1336,0.6750873253493013,0.7657185628742516,5.289670658682635,0.3637100798403193,13.48,13.26,12.92,12.32,-1,1,-1
242,1205740619,5,11,15,15,13,623,0.30193905817174516,0.6121883656509696,0.2537313432835821,0.6231343283582089,168,0.8526785714285714,0.6071428571428571,7.023809523809524,0.37202380952380953,905,0.450530035335689,0.07243816254416961,0.47246376811594204,0.10144927536231885,1931,0.6470740548938376,0.2527187985499741,5.467115484205075,0.3745037113757984,969,0.6688172043010753,0.043010752688172046,0.7333333333333333,0.013725490196078431,1338,0.6748256103637268,0.7653213751868461,5.289237668161435,0.3637269556552067,13.44,13.28,12.96,12.32,-4,-4,-2
243,1205740620,5,13,12,11,11,623,0.30193905817174516,0.6121883656509696,0.2537313432835821,0.6231343283582089,169,0.8496055226824458,0.6035502958579881,7.023668639053255,0.3742603550295858,906,0.4514991181657848,0.07231040564373897,0.47246376811594204,0.10144927536231885,1939,0.6467251160391957,0.25425477050025785,5.4698298091799895,0.37437682654289156,971,0.6695278969957081,0.04291845493562232,0.7338551859099804,0.0136986301369863,1346,0.6741579990094105,0.7652303120356612,5.291976225854383,0.3637939574046557,13.46,13.26,12.94,12.26,1,2,2
244,1205740621,5,13,14,14,13,624,0.30193905817174516,0.6121883656509696,0.25650557620817843,0.620817843866171,170,0.8475490196078432,0.6058823529411764,7.023529411764706,0.375,913,0.44912280701754387,0.07192982456140351,0.47277936962750716,0.10028653295128939,1947,0.647149460708783,0.2542372881355932,5.469440164355419,0.3739941790789249,974,0.6666666666666666,0.042735042735042736,0.732421875,0.013671875,1353,0.6732569598423256,0.7657058388765706,5.291943828529194,0.3635747721113574,13.42,13.28,12.9,12.32,-1,-1,0
245,1205740622,5,14,12,17,10,626,0.3011049723756906,0.6104972375690608,0.25925925925925924,0.6185185185185185,171,0.8484405458089669,0.6023391812865497,7.023391812865497,0.3757309941520468,920,0.44947735191637633,0.07142857142857142,0.4715909090909091,0.10227272727272728,1956,0.6470688479890937,0.25408997955010226,5.46881390593047,0.37431833674164966,977,0.6673773987206824,0.042643923240938165,0.7315175097276264,0.013618677042801557,1357,0.6731147138295258,0.765659543109801,5.291083271923361,0.3636084500122819,13.4,13.24,13.0,12.26,2,-3,4
246,1205740623,5,14,15,15,12,627,0.3002754820936639,0.6088154269972452,0.25925925925925924,0.6185185185185185,171,0.8484405458089669,0.6023391812865497,7.023391812865497,0.3757309941520468,927,0.4488734835355286,0.07279029462738301,0.4691011235955056,0.10112359550561797,1963,0.6483273900492447,0.2547121752419766,5.468670402445237,0.3738750212260146,982,0.6687898089171974,0.04246284501061571,0.7292069632495164,0.013539651837524178,1362,0.6721120900636318,0.7657856093979442,5.290014684287812,0.3635584924131179,13.4,13.32,13.06,12.3,-1,-1,2
247,1205740624,5,15,15,12,13,632,0.3005464480874317,0.6092896174863388,0.2610294117647059,0.6139705882352942,172,0.8493217054263567,0.6046511627906976,7.023255813953488,0.375,930,0.45077720207253885,0.07253886010362694,0.4677871148459384,0.10084033613445378,1968,0.6484586720867211,0.2545731707317073,5.467987804878049,0.3739413956639567,985,0.6659619450317125,0.042283298097251586,0.7297297297297297,0.013513513513513514,1371,0.6725626063700461,0.7665937272064187,5.289569657184537,0.36354242645271084,13.38,13.38,13.02,12.3,0,3,2
248,1205740625,5,14,13,11,11,635,0.2981029810298103,0.6124661246612466,0.2610294117647059,0.6139705882352942,172,0.8493217054263567,0.6046511627906976,7.023255813953488,0.375,934,0.44922547332185886,0.07228915662650602,0.467966573816156,0.10027855153203342,1979,0.6478861377800238,0.25467407781707935,5.467913087417887,0.37438942226713834,989,0.6652631578947369,0.042105263157894736,0.7269230769230769,0.013461538461538462,1373,0.6723112405923767,0.7669337217771304,5.289147851420248,0.3633770332605,13.38,13.38,13.0,12.28,1,3,3
249,1205740626,5,15,14,14,13,637,0.3,0.6108108108108108,0.2600732600732601,0.6153846153846154,173,0.8501926782273603,0.6069364161849711,7.023121387283237,0.37427745664739887,940,0.44768439108061747,0.07204116638078903,0.4738292011019284,0.09917355371900827,1985,0.6484466834592781,0.25440806045340053,5.468010075566751,0.37413937867338376,995,0.6673640167364017,0.04184100418410042,0.722753346080306,0.01338432122370937,1378,0.6727745524915335,0.7656023222060958,5.28955007256894,0.3636913401064344,13.44,13.4,13.08,12.28,1,1,2
250,1205740627,5,15,16,14,13,638,0.2991913746630728,0.6118598382749326,0.2600732600732601,0.6153846153846154,174,0.8510536398467433,0.6091954022988506,7.022988505747127,0.3735632183908046,944,0.4478632478632479,0.07179487179487179,0.4712328767123288,0.09863013698630137,1994,0.6472751588097629,0.2542627883650953,5.4679037111334,0.3738298228017386,998,0.6673640167364017,0.04184100418410042,0.7243346007604563,0.013307984790874524,1384,0.6741931599229286,0.7651734104046243,5.290462427745664,0.3635597302504816,13.46,13.44,13.16,12.28,-1,1,2
251,1205740628,5,16,13,14,13,642,0.3010752688172043,0.6102150537634409,0.2608695652173913,0.6159420289855072,174,0.8510536398467433,0.6091954022988506,7.022988505747127,0.3735632183908046,947,0.4478632478632479,0.07179487179487179,0.47554347826086957,0.09782608695652174,1999,0.6481574120393533,0.25362681340670334,5.468234117058529,0.373645155911289,1002,0.66875,0.041666666666666664,0.7253787878787878,0.013257575757575758,1391,0.6751138269829857,0.7634795111430626,5.290438533429188,0.36406661873951585,13.54,13.4,13.18,12.28,3,2,3
252,1205740629,5,15,13,12,13,643,0.3002680965147453,0.6112600536193029,0.2608695652173913,0.6159420289855072,175,0.8519047619047619,0.6114285714285714,7.022857142857143,0.37285714285714283,953,0.45068027210884354,0.07142857142857142,0.4716981132075472,0.09703504043126684,2004,0.6485362608117102,0.25299401197604793,5.467564870259481,0.37333666001330673,1010,0.6708074534161491,0.041407867494824016,0.726078799249531,0.013133208255159476,1395,0.6755675029868577,0.7634408602150538,5.289605734767025,0.36445639187574663,13.6,13.42,13.14,12.32,2,3,2
253,1205740630,5,15,13,14,12,646,0.300531914893617,0.6117021276595744,0.2608695652173913,0.6159420289855072,175,0.8519047619047619,0.6114285714285714,7.022857142857143,0.37285714285714283,956,0.45068027210884354,0.07142857142857142,0.4679144385026738,0.09893048128342247,2009,0.6484154637464745,0.2523643603782977,5.467894474863116,0.3732785797245728,1013,0.6714876033057852,0.04132231404958678,0.7271028037383177,0.013084112149532711,1403,0.6750415775718697,0.7633642195295794,5.288667141838917,0.36487289142314083,13.62,13.4,13.16,12.34,2,1,3
254,1205740631,5,12,13,12,13,647,0.29973474801061006,0.6127320954907162,0.2608695652173913,0.6159420289855072,176,0.8527462121212122,0.6079545454545454,7.0227272727272725,0.3721590909090909,962,0.4510135135135135,0.07263513513513513,0.4654255319148936,0.10106382978723404,2019,0.6489186065709099,0.2516097077761268,5.468053491827638,0.372791811127621,1017,0.6721649484536083,0.041237113402061855,0.724907063197026,0.013011152416356878,1409,0.6750059143600661,0.7636621717530163,5.288147622427253,0.3643837236810976,13.56,13.36,13.14,12.32,-1,0,-1
255,1205740632,5,12,12,12,12,653,0.3,0.6131578947368421,0.2616487455197133,0.6093189964157706,176,0.8527462121212122,0.6079545454545454,7.0227272727272725,0.3721590909090909,965,0.45286195286195285,0.0723905723905724,0.46419098143236076,0.10079575596816977,2027,0.6489064298635095,0.2506166748889985,5.468179575727676,0.37317053116263776,1022,0.6714579055441479,0.04106776180698152,0.7245841035120147,0.012939001848428836,1413,0.6748643548006604,0.7643312101910829,5.289455060155697,0.3644137768341589,13.5,13.36,13.16,12.34,0,0,0
256,1205740633,5,14,15,12,11,656,0.29765013054830286,0.6135770234986945,0.2616487455197133,0.6093189964157706,176,0.8527462121212122,0.6079545454545454,7.0227272727272725,0.3721590909090909,969,0.45302013422818793,0.0738255033557047,0.46701846965699206,0.10026385224274406,2033,0.6492867683226762,0.25086079685194296,5.467781603541564,0.37317593048040665,1025,0.6728016359918201,0.0408997955010225,0.7232472324723247,0.012915129151291513,1421,0.6752873563218389,0.7635467980295566,5.287825475017593,0.3644733755571193,13.52,13.38,13.12,12.34,-1,2,3
257,1205740634,5,14,16,14,13,660,0.2971576227390181,0.6149870801033591,0.2616487455197133,0.6093189964157706,176,0.8527462121212122,0.6079545454545454,7.0227272727272725,0.3721590909090909,972,0.4531772575250836,0.07525083612040134,0.46842105263157896,0.1,2040,0.6497549019607847,0.25098039215686274,5.467156862745098,0.3731209150326798,1028,0.673469387755102,0.04081632653061224,0.7224264705882353,0.012867647058823529,1428,0.6753618113912231,0.7647058823529411,5.287114845938375,0.36443744164332387,13.54,13.46,13.1,12.3,-2,0,1
258,1205740635,5,13,13,11,15,661,0.2963917525773196,0.615979381443299,0.2616487455197133,0.6093189964157706,177,0.8535781544256121,0.6101694915254238,7.022598870056497,0.3714689265536723,977,0.45182724252491696,0.07641196013289037,0.4671916010498688,0.10236220472440945,2048,0.6499023437500003,0.2509765625,5.46630859375,0.37280273437500006,1037,0.6720647773279352,0.04251012145748988,0.7231329690346083,0.012750455373406194,1431,0.6749941765665035,0.7645003494060097,5.287211740041928,0.3643722338690891,13.54,13.44,13.02,12.34,0,2,-2
259,1205740636,5,16,12,12,13,663,0.2948717948717949,0.6153846153846154,0.2616487455197133,0.6093189964157706,178,0.8544007490636705,0.6067415730337079,7.022471910112359,0.3707865168539326,981,0.4527363184079602,0.07628524046434494,0.4713541666666667,0.1015625,2057,0.6505428617728086,0.25133689839572193,5.465726786582402,0.37275157997083136,1040,0.6727272727272727,0.04242424242424243,0.7241379310344828,0.012704174228675136,1436,0.6754294336118848,0.7632311977715878,5.286908077994429,0.3643221912720519,13.56,13.46,13.02,12.36,4,4,3
260,1205740637,5,12,14,14,13,667,0.29441624365482233,0.616751269035533,0.2616487455197133,0.6093189964157706,179,0.8524208566108008,0.6089385474860335,7.022346368715084,0.3715083798882682,985,0.45289256198347105,0.07603305785123966,0.4689119170984456,0.10621761658031088,2063,0.6503473905315886,0.2506059137178866,5.4658264663111975,0.3725157537566651,1043,0.6727272727272727,0.04242424242424243,0.7220216606498195,0.01263537906137184,1445,0.6771049596309111,0.7633217993079585,5.2892733564013845,0.3643021914648211,13.5,13.46,13.02,12.32,-2,-2,-1
261,1205740638,5,14,13,13,13,667,0.29441624365482233,0.616751269035533,0.2616487455197133,0.6093189964157706,180,0.8532407407407407,0.6055555555555555,7.022222222222222,0.37083333333333335,986,0.4537953795379538,0.07590759075907591,0.4689119170984456,0.10621761658031088,2073,0.6501045184113206,0.2503617945007236,5.466956102267246,0.372407139411481,1045,0.6733870967741935,0.04233870967741935,0.7207207207207207,0.012612612612612612,1453,0.6768180775407202,0.7625602202339986,5.291121816930489,0.36367286074787786,13.52,13.46,12.96,12.32,1,1,1
262,1205740639,5,13,12,12,12,669,0.29620253164556964,0.6151898734177215,0.26071428571428573,0.6107142857142858,180,0.8532407407407407,0.6055555555555555,7.022222222222222,0.37083333333333335,990,0.451559934318555,0.0755336617405583,0.4702842377260982,0.10594315245478036,2080,0.6496794871794875,0.25048076923076923,5.466826923076923,0.3728365384615385,1047,0.6740442655935613,0.04225352112676056,0.7212230215827338,0.012589928057553957,1462,0.6757295941632466,0.7626538987688098,5.290697674418604,0.363486092111263,13.56,13.4,12.9,12.32,1,1,1
263,1205740640,5,12,11,13,12,671,0.29545454545454547,0.6161616161616161,0.2597864768683274,0.6120996441281139,180,0.8532407407407407,0.6055555555555555,7.022222222222222,0.37083333333333335,994,0.45098039215686275,0.07516339869281045,0.4690721649484536,0.1056701030927835,2089,0.6498324557204408,0.25035902345619915,5.468645284825275,0.3729056965055051,1049,0.6740442655935613,0.04225352112676056,0.7204301075268817,0.012544802867383513,1468,0.6753519527702088,0.7629427792915532,5.291553133514986,0.3633628519527701,13.58,13.4,12.9,12.32,1,-1,0
264,1205740641,5,15,14,13,13,672,0.29545454545454547,0.6161616161616161,0.2624113475177305,0.6099290780141844,180,0.8532407407407407,0.6055555555555555,7.022222222222222,0.37083333333333335,996,0.45024469820554647,0.07504078303425775,0.46786632390745503,0.10539845758354756,2098,0.6502224340641886,0.25071496663489035,5.468064823641563,0.3727359389895139,1055,0.6753507014028056,0.04208416833667335,0.7206405693950177,0.012455516014234875,1472,0.6762341485507245,0.7629076086956522,5.291440217391305,0.36339447463768104,13.62,13.38,12.88,12.3,1,2,2
265,1205740642,5,12,13,12,12,677,0.2957393483709273,0.6165413533834586,0.2676056338028169,0.6056338028169014,180,0.8532407407407407,0.6055555555555555,7.022222222222222,0.37083333333333335,1001,0.4521880064829822,0.07455429497568881,0.4666666666666667,0.10512820512820513,2105,0.6499604117181319,0.2503562945368171,5.468408551068884,0.3725653206650832,1056,0.6753507014028056,0.04208416833667335,0.7193605683836589,0.014209591474245116,1481,0.6761760072023406,0.7629979743416611,5.291019581363943,0.3633805986945756,13.56,13.36,12.84,12.3,-1,0,0
266,1205740643,5,14,15,14,12,681,0.2960199004975124,0.6169154228855721,0.26666666666666666,0.6070175438596491,181,0.8540515653775322,0.6077348066298343,7.0220994475138125,0.3701657458563536,1003,0.4507269789983845,0.07431340872374798,0.4666666666666667,0.10512820512820513,2111,0.6497710405810837,0.2510658455708195,5.467550923732828,0.3726906679298911,1062,0.6766467065868264,0.041916167664670656,0.7213403880070547,0.014109347442680775,1487,0.6761376373010535,0.7632817753866846,5.29119031607263,0.3634274826272135,13.56,13.4,12.86,12.28,-1,0,2
267,1205740644,5,12,15,14,12,689,0.29411764705882354,0.6151960784313726,0.2682926829268293,0.6062717770034843,182,0.8548534798534799,0.6043956043956044,7.021978021978022,0.3695054945054945,1004,0.4507269789983845,0.07431340872374798,0.4680306905370844,0.10485933503836317,2118,0.6495121183506457,0.251180358829084,5.467894239848914,0.3725212464589236,1065,0.6772908366533864,0.04183266932270916,0.718804920913884,0.015817223198594025,1493,0.6774391605269032,0.7635632953784327,5.291359678499665,0.362971645456575,13.54,13.46,12.94,12.3,-3,-2,0
268,1205740645,5,12,14,14,12,692,0.2944038929440389,0.6155717761557178,0.2682926829268293,0.6062717770034843,183,0.8556466302367942,0.6010928961748634,7.021857923497268,0.3702185792349727,1007,0.4492753623188406,0.07407407407407407,0.46683673469387754,0.10714285714285714,2125,0.649725490196079,0.2503529411764706,5.467764705882353,0.3725882352941177,1070,0.6785714285714286,0.041666666666666664,0.7202797202797203,0.015734265734265736,1498,0.6778482421005785,0.7643524699599465,5.29105473965287,0.3629283489096572,13.52,13.48,12.96,12.3,-2,-2,0
269,1205740646,5,13,14,9,12,692,0.2944038929440389,0.6155717761557178,0.2682926829268293,0.6062717770034843,185,0.8490990990990992,0.6054054054054054,7.021621621621621,0.372972972972973,1015,0.4529505582137161,0.0733652312599681,0.467005076142132,0.1065989847715736,2130,0.6498435054773087,0.2507042253521127,5.4685446009389675,0.3724178403755869,1072,0.6772277227722773,0.041584158415841586,0.7190226876090751,0.015706806282722512,1503,0.6782546019072965,0.7651363938789089,5.291417165668663,0.36255267243291184,13.48,13.52,12.9,12.3,-1,4,1
270,1205740647,5,13,13,11,13,694,0.2944038929440389,0.6155717761557178,0.2698961937716263,0.6020761245674741,186,0.8499103942652331,0.6021505376344086,7.021505376344086,0.37231182795698925,1021,0.4509493670886076,0.07278481012658228,0.46835443037974683,0.10632911392405063,2137,0.6505225393854317,0.25035095928872253,5.468881609733271,0.37236780533458125,1076,0.6791338582677166,0.04133858267716536,0.7177700348432056,0.0156794425087108,1509,0.6783189750386568,0.7654075546719682,5.293571901921802,0.3626021647890434,13.52,13.54,12.84,12.32,0,2,0
271,1205740648,5,11,14,13,14,696,0.2936893203883495,0.616504854368932,0.27241379310344827,0.6,186,0.8499103942652331,0.6021505376344086,7.021505376344086,0.37231182795698925,1024,0.45110410094637227,0.07413249211356467,0.4696969696969697,0.10606060606060606,2147,0.6495109455053567,0.2505822077317187,5.469958081043316,0.3726905759975159,1080,0.6784313725490196,0.041176470588235294,0.7170138888888888,0.015625,1516,0.6789248021108177,0.7651715039577837,5.294195250659631,0.3629067722075637,13.48,13.58,12.86,12.34,-3,-2,-3
272,1205740649,5,14,12,14,12,697,0.29539951573849876,0.6150121065375302,0.27241379310344827,0.6,186,0.8499103942652331,0.6021505376344086,7.021505376344086,0.37231182795698925,1025,0.4503937007874016,0.07401574803149606,0.4696969696969697,0.10606060606060606,2159,0.6479851783232983,0.25057897174617877,5.4701250578971745,0.37278060830631465,1084,0.6790606653620352,0.0410958904109589,0.7150259067357513,0.015544041450777202,1522,0.6782194480946122,0.7654402102496715,5.294349540078843,0.36322820849759074,13.42,13.5,12.82,12.32,2,0,2
273,1205740650,5,14,15,13,13,700,0.2963855421686747,0.6144578313253012,0.27147766323024053,0.6013745704467354,187,0.8507130124777184,0.5989304812834224,7.021390374331551,0.3729946524064171,1027,0.4489795918367347,0.07378335949764521,0.4696969696969697,0.10606060606060606,2167,0.649053991693586,0.2505768343331795,5.470235348407937,0.372673434856176,1090,0.6796116504854369,0.040776699029126215,0.7142857142857143,0.01549053356282272,1527,0.6792730844793712,0.7642436149312377,5.29404060248854,0.36318489412791954,13.38,13.48,12.84,12.3,-1,1,1
274,1205740651,5,14,14,10,12,702,0.2956730769230769,0.6153846153846154,0.273972602739726,0.5993150684931506,187,0.8507130124777184,0.5989304812834224,7.021390374331551,0.3729946524064171,1028,0.4489795918367347,0.07378335949764521,0.46851385390428213,0.10579345088161209,2177,0.6497473587505747,0.25034451079467157,5.469912723932016,0.3726841218802634,1099,0.676923076923077,0.04423076923076923,0.7145299145299145,0.017094017094017096,1529,0.6790385873119684,0.7645519947678221,5.2936559843034665,0.3632003488118595,13.38,13.5,12.8,12.28,0,4,2
275,1205740652,5,16,12,15,11,705,0.2966507177033493,0.6148325358851675,0.27303754266211605,0.6006825938566553,187,0.8507130124777184,0.5989304812834224,7.021390374331551,0.3729946524064171,1030,0.4482758620689655,0.07366771159874608,0.46984924623115576,0.10552763819095477,2188,0.6503656307129803,0.25045703839122485,5.470292504570384,0.37252437538086536,1101,0.676923076923077,0.04423076923076923,0.7155025553662692,0.017035775127768313,1534,0.6778031290743154,0.7633637548891786,5.29335071707953,0.3636462407648847,13.42,13.44,12.78,12.2,4,1,5
276,1205740653,5,13,13,14,12,707,0.29594272076372313,0.6157517899761337,0.2755102040816326,0.5986394557823129,188,0.8515070921985816,0.601063829787234,7.0212765957446805,0.3723404255319149,1031,0.4482758620689655,0.07366771159874608,0.46867167919799496,0.10526315789473684,2199,0.6512050932241932,0.2501136880400182,5.470668485675307,0.37225253903289374,1108,0.6749521988527725,0.04397705544933078,0.7157360406091371,0.01692047377326565,1538,0.6776657997399218,0.7633289986996099,5.2932379713914175,0.36400086692674455,13.38,13.42,12.84,12.22,0,-1,1
277,1205740654,5,14,14,12,11,712,0.294811320754717,0.6179245283018868,0.2755102040816326,0.5986394557823129,188,0.8515070921985816,0.601063829787234,7.0212765957446805,0.3723404255319149,1031,0.4482758620689655,0.07366771159874608,0.46867167919799496,0.10526315789473684,2208,0.6510416666666671,0.25181159420289856,5.4728260869565215,0.37220712560386476,1111,0.6742857142857143,0.04380952380952381,0.7162162162162162,0.016891891891891893,1545,0.6771844660194173,0.7637540453074434,5.294498381877022,0.3634843581445522,13.4,13.44,12.8,12.2,0,2,3
278,1205740655,5,14,15,12,13,712,0.294811320754717,0.6179245283018868,0.2755102040816326,0.5986394557823129,189,0.8522927689594357,0.6031746031746031,7.021164021164021,0.3716931216931217,1035,0.44773790951638065,0.0748829953198128,0.47,0.105,2214,0.6506323396567303,0.25248419150858176,5.475158084914183,0.37198885877747667,1112,0.6742857142857143,0.04380952380952381,0.7166947723440135,0.016863406408094434,1555,0.6776527331189709,0.7633440514469454,5.297749196141479,0.36291532690246503,13.48,13.52,12.82,12.2,-1,2,1
279,1205740656,5,14,14,13,13,712,0.294811320754717,0.6179245283018868,0.2755102040816326,0.5986394557823129,190,0.8530701754385965,0.6052631578947368,7.021052631578947,0.37105263157894736,1039,0.44875776397515527,0.07608695652173914,0.4688279301745636,0.10473815461346633,2225,0.6501123595505622,0.25213483146067417,5.475505617977528,0.37183520599250935,1117,0.6761363636363636,0.043560606060606064,0.7159663865546219,0.01680672268907563,1558,0.6782734274711166,0.7637997432605905,5.297817715019256,0.3626979032948223,13.5,13.52,12.84,12.22,0,1,1
280,1205740657,5,13,14,11,13,715,0.2964705882352941,0.6164705882352941,0.27702702702702703,0.597972972972973,191,0.8538394415357766,0.6020942408376964,7.020942408376963,0.3704188481675393,1043,0.44976816074188564,0.07573415765069552,0.4701492537313433,0.1044776119402985,2232,0.6497162485065715,0.2517921146953405,5.476254480286738,0.3720131421744325,1119,0.6754716981132075,0.04339622641509434,0.7159663865546219,0.01680672268907563,1565,0.6787539936102235,0.7642172523961661,5.29776357827476,0.36315228966986146,13.52,13.58,12.8,12.22,-1,2,0
281,1205740658,5,14,13,15,11,720,0.29603729603729606,0.6153846153846154,0.2760942760942761,0.5959595959595959,191,0.8538394415357766,0.6020942408376964,7.020942408376963,0.3704188481675393,1044,0.44976816074188564,0.07573415765069552,0.46898263027295284,0.10421836228287841,2242,0.6497175141242942,0.252007136485281,5.475468331846566,0.3720264644662504,1126,0.6747663551401869,0.04299065420560748,0.7152428810720268,0.01675041876046901,1567,0.6791640076579449,0.7645181876196554,5.298021697511168,0.3630078706658157,13.54,13.54,12.78,12.22,1,-1,3
282,1205740659,5,13,13,14,14,725,0.29330254041570436,0.6166281755196305,0.2751677852348993,0.5973154362416108,192,0.8546006944444445,0.5989583333333334,7.020833333333333,0.37109375,1047,0.44992295839753466,0.07550077041602465,0.47029702970297027,0.10396039603960396,2251,0.6497112394491341,0.25233229675699687,5.474455797423367,0.3722049459499482,1133,0.6753246753246753,0.04267161410018553,0.715,0.016666666666666666,1569,0.6795729764181005,0.7648183556405354,5.297641810070108,0.3628638198427872,13.54,13.52,12.8,12.26,0,-1,-1
283,1205740660,5,13,15,13,14,726,0.29330254041570436,0.6166281755196305,0.27424749163879597,0.5986622073578596,193,0.8553540587219344,0.5958549222797928,7.020725388601036,0.3704663212435233,1054,0.450229709035222,0.07503828483920368,0.47174447174447176,0.10565110565110565,2261,0.649712516585582,0.25210084033613445,5.473241928350287,0.37195931003980537,1138,0.6752767527675276,0.042435424354243544,0.7126245847176079,0.016611295681063124,1572,0.6789122137404578,0.7652671755725191,5.2970737913486,0.362807463952502,13.52,13.54,12.8,12.28,-2,0,-1
284,1205740661,5,14,14,11,10,728,0.2942528735632184,0.6160919540229886,0.27424749163879597,0.5986622073578596,194,0.8560996563573884,0.5927835051546392,7.020618556701031,0.3711340206185567,1063,0.44984802431610943,0.07446808510638298,0.4744525547445255,0.10462287104622871,2266,0.6493821712268318,0.25198587819947044,5.472639011473963,0.3720211827007944,1142,0.6746323529411765,0.042279411764705885,0.7119205298013245,0.016556291390728478,1577,0.6792961318960049,0.7653772986683577,5.2967660114140775,0.36260832804903814,13.54,13.54,12.76,12.26,0,3,4
285,1205740662,5,13,16,16,12,728,0.2942528735632184,0.6160919540229886,0.27424749163879597,0.5986622073578596,195,0.8568376068376069,0.5897435897435898,7.02051282051282,0.3717948717948718,1067,0.4484848484848485,0.07424242424242425,0.47699757869249393,0.10411622276029056,2275,0.64956043956044,0.2518681318681319,5.472087912087912,0.371978021978022,1147,0.673992673992674,0.04212454212454213,0.7116968698517299,0.016474464579901153,1582,0.6784134007585334,0.7642225031605563,5.29582806573957,0.36288453434471124,13.52,13.56,12.84,12.3,-3,-3,1
286,1205740663,5,12,14,13,12,733,0.2968036529680365,0.6141552511415526,0.27906976744186046,0.5946843853820598,196,0.8558673469387755,0.5918367346938775,7.020408163265306,0.3737244897959184,1072,0.44511278195488724,0.07819548872180451,0.47699757869249393,0.10411622276029056,2282,0.6499050540461587,0.25241016652059595,5.471516213847502,0.37193251533742333,1150,0.6739526411657559,0.04189435336976321,0.7116968698517299,0.016474464579901153,1589,0.6792007551919444,0.7646318439269981,5.294524858401511,0.36270190895741544,13.5,13.56,12.86,12.28,-2,-1,0
287,1205740664,5,16,15,13,16,735,0.29545454545454547,0.615909090909091,0.27906976744186046,0.5946843853820598,197,0.8565989847715736,0.5939086294416244,7.020304568527918,0.3730964467005076,1073,0.44511278195488724,0.07819548872180451,0.4758454106280193,0.10386473429951691,2292,0.649905468295521,0.2530541012216405,5.471204188481676,0.3717277486910995,1155,0.6739130434782609,0.041666666666666664,0.7126436781609196,0.016420361247947456,1594,0.6795796737766624,0.7653701380175659,5.293601003764115,0.3625052279381011,13.5,13.58,12.88,12.34,1,3,0
288,1205740665,5,11,14,14,12,738,0.29411764705882354,0.6176470588235294,0.2814569536423841,0.5927152317880795,197,0.8565989847715736,0.5939086294416244,7.020304568527918,0.3730964467005076,1077,0.44677661169415295,0.07796101949025487,0.4735576923076923,0.10336538461538461,2302,0.6494714740805101,0.2536924413553432,5.472632493483927,0.3713075586446568,1161,0.6744604316546763,0.04136690647482014,0.7135842880523732,0.016366612111292964,1599,0.679330831769856,0.7654784240150094,5.2926829268292686,0.3623097769439232,13.42,13.6,12.88,12.34,-3,-3,-1
289,1205740666,5,11,14,9,11,739,0.29345372460496616,0.618510158013544,0.2814569536423841,0.5927152317880795,197,0.8565989847715736,0.5939086294416244,7.020304568527918,0.3730964467005076,1079,0.4469357249626308,0.07772795216741404,0.4735576923076923,0.10336538461538461,2310,0.6489538239538243,0.2541125541125541,5.473160173160173,0.370995670995671,1166,0.6744186046511628,0.04114490161001789,0.7145187601957586,0.01631321370309951,1605,0.6793873312564901,0.7657320872274144,5.293457943925234,0.3625129802699895,13.4,13.62,12.82,12.36,-3,2,0
290,1205740667,5,16,15,14,14,743,0.29504504504504503,0.6171171171171171,0.2786885245901639,0.5967213114754099,198,0.8522727272727273,0.5959595959595959,7.02020202020202,0.37373737373737376,1080,0.4462686567164179,0.07761194029850746,0.4735576923076923,0.10336538461538461,2322,0.6496195808211316,0.25452196382428943,5.473298880275625,0.3709086993970715,1166,0.6744186046511628,0.04114490161001789,0.7145187601957586,0.01631321370309951,1609,0.6781126993992126,0.7656929770043506,5.29397141081417,0.3628547752227055,13.48,13.72,12.88,12.44,1,2,2
291,1205740668,5,13,16,12,13,749,0.29333333333333333,0.62,0.2786885245901639,0.5967213114754099,198,0.8522727272727273,0.5959595959595959,7.02020202020202,0.37373737373737376,1083,0.4456035767511177,0.07749627421758569,0.47368421052631576,0.10526315789473684,2329,0.6491698869328758,0.25461571489909834,5.473164448261056,0.3707599828252469,1167,0.675,0.04107142857142857,0.7145187601957586,0.01631321370309951,1618,0.6760918829831065,0.765142150803461,5.292954264524104,0.36284507622579304,13.52,13.8,12.92,12.46,-3,1,0
292,1205740669,5,13,15,12,11,754,0.2913907284768212,0.6225165562913907,0.2768729641693811,0.5993485342019544,198,0.8522727272727273,0.5959595959595959,7.02020202020202,0.37373737373737376,1087,0.4457652303120357,0.0787518573551263,0.4738095238095238,0.10476190476190476,2336,0.6500071347031968,0.2542808219178082,5.472602739726027,0.370826198630137,1172,0.6761565836298933,0.04092526690391459,0.7142857142857143,0.016233766233766232,1624,0.6763649425287354,0.7647783251231527,5.291871921182266,0.3625821018062396,13.56,13.8,12.86,12.42,-2,1,2
293,1205740670,5,10,13,14,15,757,0.2894736842105263,0.625,0.2768729641693811,0.5993485342019544,199,0.8530150753768844,0.592964824120603,7.0201005025125625,0.3731155778894472,1089,0.4457652303120357,0.0787518573551263,0.471563981042654,0.10426540284360189,2348,0.6497373651334474,0.2551107325383305,5.472316865417376,0.370954003407155,1177,0.6743362831858407,0.04247787610619469,0.7135922330097088,0.016181229773462782,1630,0.676329243353783,0.7631901840490798,5.293865030674847,0.36288343558282193,13.5,13.82,12.92,12.5,-3,-4,-5
294,1205740671,5,15,15,12,13,759,0.2888402625820569,0.6258205689277899,0.275974025974026,0.5974025974025974,199,0.8530150753768844,0.592964824120603,7.0201005025125625,0.3731155778894472,1095,0.44903988183161003,0.07828655834564253,0.4716981132075472,0.10613207547169812,2356,0.6500778155065087,0.2546689303904924,5.472835314091681,0.3708616298811545,1180,0.6754850088183422,0.042328042328042326,0.7140549273021002,0.01615508885298869,1635,0.6756880733944951,0.763302752293578,5.293577981651376,0.3629969418960243,13.54,13.84,12.88,12.5,0,3,2
295,1205740672,5,17,14,14,12,760,0.2903930131004367,0.6244541484716157,0.275974025974026,0.5974025974025974,199,0.8530150753768844,0.592964824120603,7.0201005025125625,0.3731155778894472,1097,0.4498525073746313,0.07817109144542773,0.47058823529411764,0.10588235294117647,2365,0.6495066948555325,0.2553911205073996,5.472727272727273,0.3708245243128964,1186,0.6736842105263158,0.042105263157894736,0.7154340836012861,0.01607717041800643,1639,0.6755643685173883,0.762660158633313,5.292861500915192,0.3628737034777302,13.6,13.88,12.82,12.54,3,3,5
296,1205740673,5,14,14,13,13,761,0.289760348583878,0.6252723311546841,0.275974025974026,0.5974025974025974,200,0.85375,0.59,7.02,0.3725,1098,0.4498525073746313,0.07817109144542773,0.47183098591549294,0.1056338028169014,2375,0.6501403508771935,0.25473684210526315,5.472842105263158,0.3705263157894737,1189,0.6736842105263158,0.042105263157894736,0.7152,0.016,1645,0.6761398176291791,0.7623100303951368,5.292401215805471,0.3630699088145895,13.6,13.86,12.78,12.56,0,1,1
297,1205740674,5,14,13,14,12,762,0.2891304347826087,0.6260869565217392,0.275974025974026,0.5974025974025974,201,0.849502487562189,0.5920398009950248,7.019900497512438,0.3718905472636816,1103,0.45080763582966227,0.07782672540381791,0.4719626168224299,0.10514018691588785,2382,0.6499790092359367,0.25524769101595296,5.471872376154492,0.37080184718723763,1196,0.6759581881533101,0.041811846689895474,0.7165605095541401,0.01592356687898089,1649,0.6760157671315946,0.7610673135233474,5.2922983626440265,0.36309884778653717,13.58,13.82,12.82,12.54,1,0,2
298,1205740675,5,14,13,14,12,766,0.28725701943844495,0.6263498920086393,0.2783171521035599,0.5954692556634305,202,0.8502475247524752,0.5891089108910891,7.01980198019802,0.3725247524752475,1106,0.45080763582966227,0.07782672540381791,0.4709976798143852,0.10440835266821345,2390,0.6509414225941428,0.25564853556485356,5.4715481171548115,0.3711297071129707,1201,0.6776429809358753,0.0415944540727903,0.7174603174603175,0.015873015873015872,1652,0.6759987893462467,0.7602905569007264,5.291767554479419,0.36309523809523797,13.58,13.82,12.88,12.56,1,0,2
299,1205740676,5,15,13,11,13,769,0.2854077253218884,0.6244635193133047,0.2783171521035599,0.5954692556634305,203,0.8509852216748769,0.5911330049261084,7.019704433497537,0.37192118226600984,1111,0.4502923976608187,0.07748538011695906,0.47113163972286376,0.10392609699769054,2394,0.6515246449456981,0.2556390977443609,5.472013366750208,0.37092731829573933,1203,0.6776429809358753,0.0415944540727903,0.7167721518987342,0.015822784810126583,1661,0.676851294400963,0.7609873570138471,5.291390728476821,0.3626329520369254,13.58,13.8,12.82,12.56,2,4,2
300,1205740677,5,13,14,13,12,772,0.284796573875803,0.6252676659528907,0.2765273311897106,0.594855305466238,204,0.8492647058823529,0.5931372549019608,7.019607843137255,0.37254901960784315,1115,0.4497816593886463,0.07714701601164484,0.47235023041474655,0.10368663594470046,2400,0.6511458333333338,0.2554166666666667,5.471666666666667,0.37083333333333335,1209,0.6758620689655173,0.041379310344827586,0.7165354330708661,0.015748031496062992,1666,0.6772208883553419,0.7611044417767107,5.290516206482593,0.362595038015206,13.54,13.76,12.8,12.54,-1,0,1
301,1205740678,5,12,12,11,12,773,0.2841880341880342,0.6260683760683761,0.2765273311897106,0.594855305466238,204,0.8492647058823529,0.5931372549019608,7.019607843137255,0.37254901960784315,1119,0.4513788098693759,0.07692307692307693,0.4724770642201835,0.10321100917431193,2410,0.6511410788381747,0.2551867219917012,5.473029045643154,0.37064315352697097,1211,0.6752577319587629,0.041237113402061855,0.7165354330708661,0.015748031496062992,1674,0.676075268817204,0.7622461170848268,5.2915173237753885,0.36250497809637583,13.46,13.74,12.74,12.52,0,1,0
302,1205740679,5,14,14,13,12,777,0.28450106157112526,0.6263269639065817,0.27884615384615385,0.592948717948718,204,0.8492647058823529,0.5931372549019608,7.019607843137255,0.37254901960784315,1124,0.45217391304347826,0.07681159420289856,0.47045454545454546,0.10227272727272728,2419,0.6503720545680037,0.2563042579578338,5.4725093013642,0.3706076891277387,1213,0.6740994854202401,0.0411663807890223,0.7169811320754716,0.015723270440251572,1679,0.6763450466547545,0.7611673615247171,5.291244788564621,0.3626166368870358,13.44,13.76,12.76,12.5,0,1,2
303,1205740680,5,14,14,12,11,778,0.2838983050847458,0.6271186440677966,0.27884615384615385,0.592948717948718,205,0.85,0.5951219512195122,7.019512195121951,0.3719512195121951,1131,0.4525862068965517,0.07614942528735633,0.47165532879818595,0.10204081632653061,2424,0.6502681518151819,0.2566006600660066,5.473597359735973,0.37035891089108913,1215,0.6740994854202401,0.0411663807890223,0.7178683385579937,0.01567398119122257,1689,0.6752022893230705,0.7608052101835405,5.293072824156305,0.3627392934675349,13.42,13.78,12.72,12.48,0,2,3
304,1205740681,5,10,15,11,14,787,0.2824267782426778,0.6276150627615062,0.2761904761904762,0.5968253968253968,205,0.85,0.5951219512195122,7.019512195121951,0.3719512195121951,1133,0.4519368723098996,0.07604017216642754,0.47285067873303166,0.10180995475113122,2431,0.651069518716578,0.2562731386260798,5.475935828877005,0.37032085561497324,1218,0.6740994854202401,0.0411663807890223,0.7160686427457098,0.015600624024960999,1695,0.675467059980334,0.7604719764011799,5.293215339233038,0.3626352015732546,13.38,13.82,12.7,12.5,-5,-1,-4
305,1205740682,5,14,13,13,11,787,0.2824267782426778,0.6276150627615062,0.2761904761904762,0.5968253968253968,206,0.8507281553398058,0.5922330097087378,7.019417475728155,0.3713592233009709,1133,0.4519368723098996,0.07604017216642754,0.47285067873303166,0.10180995475113122,2442,0.6497747747747752,0.2559377559377559,5.476248976248976,0.36998361998362,1219,0.6746575342465754,0.0410958904109589,0.7160686427457098,0.015600624024960999,1704,0.676203051643192,0.7593896713615024,5.292840375586854,0.36248043818466347,13.42,13.84,12.72,12.48,1,1,3
306,1205740683,5,11,14,14,14,791,0.28125,0.6291666666666667,0.2744479495268139,0.5993690851735016,207,0.8466183574879227,0.5942028985507246,7.019323671497585,0.37077294685990336,1140,0.4522111269614836,0.07560627674750357,0.47415730337078654,0.10112359550561797,2446,0.6497342600163537,0.25633687653311527,5.47710547833197,0.36999182338511855,1221,0.6735042735042736,0.041025641025641026,0.7165109034267912,0.01557632398753894,1713,0.6764448336252186,0.7577349678925861,5.293053123175715,0.3624732438217551,13.36,13.82,12.76,12.54,-3,-3,-3
307,1205740684,5,13,13,14,11,792,0.28125,0.6291666666666667,0.27672955974842767,0.5974842767295597,207,0.8466183574879227,0.5942028985507246,7.019323671497585,0.37077294685990336,1146,0.45170454545454547,0.07670454545454546,0.4732142857142857,0.10044642857142858,2454,0.6492461287693566,0.25713121434392827,5.47758761206194,0.3698044009779951,1223,0.6723549488054608,0.040955631399317405,0.7169517884914464,0.015552099533437015,1721,0.6773678094131315,0.7553747821034282,5.291690877396863,0.3623862095680805,13.34,13.76,12.76,12.5,0,-1,2
308,1205740685,5,12,12,13,11,794,0.2806652806652807,0.6278586278586279,0.27586206896551724,0.5987460815047022,208,0.8473557692307693,0.5961538461538461,7.019230769230769,0.3701923076923077,1152,0.4526166902404526,0.07637906647807638,0.4745011086474501,0.10199556541019955,2461,0.6486184477854535,0.2576188541243397,5.477854530678586,0.3697683868346201,1226,0.6729131175468483,0.04088586030664395,0.7147286821705426,0.015503875968992248,1729,0.677414690572585,0.7541931752458069,5.29091960670908,0.362685560053981,13.32,13.74,12.8,12.42,0,-1,1
309,1205740686,5,17,17,13,16,794,0.2806652806652807,0.6278586278586279,0.27586206896551724,0.5987460815047022,209,0.8480861244019139,0.5933014354066986,7.019138755980861,0.3708133971291866,1157,0.4541607898448519,0.076163610719323,0.473568281938326,0.1013215859030837,2466,0.6491281427412819,0.25790754257907544,5.4772911597729115,0.36962692619626925,1235,0.6751269035532995,0.04060913705583756,0.7169230769230769,0.015384615384615385,1732,0.6768187066974591,0.754041570438799,5.290415704387991,0.3630677444187836,13.34,13.84,12.82,12.48,0,4,1
310,1205740687,5,14,14,13,12,797,0.2821576763485477,0.6265560165975104,0.2772585669781931,0.5981308411214953,210,0.8488095238095238,0.5952380952380952,7.019047619047619,0.37142857142857144,1159,0.4535211267605634,0.07605633802816901,0.4725274725274725,0.1010989010989011,2473,0.6489082086534578,0.2575818843509907,5.476748887990295,0.3696926809543065,1237,0.6739864864864865,0.04054054054054054,0.717357910906298,0.015360983102918587,1739,0.6760111175004788,0.7538815411155837,5.289821736630247,0.3633314165229058,13.38,13.84,12.8,12.46,0,1,2
311,1205740688,5,14,11,11,13,798,0.2821576763485477,0.6265560165975104,0.27639751552795033,0.5993788819875776,211,0.8495260663507109,0.5971563981042654,7.018957345971564,0.3708530805687204,1163,0.453015427769986,0.07573632538569425,0.47368421052631576,0.10087719298245613,2483,0.6497180829641567,0.25654450261780104,5.476037051953282,0.3696133709222714,1240,0.6745362563237775,0.04047217537942664,0.7182235834609495,0.015313935681470138,1743,0.6756071906674312,0.7532989099254159,5.289156626506024,0.3633581946834958,13.38,13.8,12.76,12.46,3,3,1
312,1205740689,5,14,14,12,16,800,0.2815734989648033,0.6273291925465838,0.2786377708978328,0.5975232198142415,212,0.8502358490566038,0.5943396226415094,7.018867924528302,0.37028301886792453,1167,0.453781512605042,0.07563025210084033,0.47276688453159044,0.10239651416122005,2493,0.6501203369434421,0.2567188126754914,5.475330926594465,0.369634977938227,1246,0.6756302521008404,0.040336134453781515,0.7184170471841704,0.015220700152207,1745,0.6755969436485191,0.7524355300859599,5.288825214899713,0.36351480420248317,13.4,13.84,12.76,12.54,0,2,-2
313,1205740690,5,12,13,15,11,802,0.2824742268041237,0.6268041237113402,0.2786377708978328,0.5975232198142415,213,0.8509389671361502,0.5915492957746479,7.018779342723005,0.37089201877934275,1173,0.45125348189415043,0.07520891364902507,0.4750542299349241,0.1019522776572668,2500,0.6503000000000004,0.2568,5.4752,0.36943333333333334,1251,0.6767169179229481,0.04020100502512563,0.7181818181818181,0.015151515151515152,1750,0.6762380952380947,0.7531428571428571,5.288571428571428,0.36333333333333323,13.4,13.88,12.8,12.52,-1,-3,1
314,1205740691,5,12,13,15,13,802,0.2824742268041237,0.6268041237113402,0.2786377708978328,0.5975232198142415,214,0.8516355140186916,0.5887850467289719,7.018691588785047,0.3703271028037383,1176,0.4521497919556172,0.07489597780859916,0.4750542299349241,0.1019522776572668,2508,0.6500199362041472,0.25757575757575757,5.476475279106858,0.3692517278043594,1255,0.676126878130217,0.04006677796327212,0.7190332326283988,0.015105740181268883,1756,0.6762053910402425,0.7534168564920274,5.292141230068337,0.36351556567957466,13.34,13.86,12.84,12.52,-1,-3,-1
315,1205740692,5,14,16,14,11,806,0.2839506172839506,0.6255144032921811,0.2822085889570552,0.5920245398773006,215,0.8476744186046512,0.5906976744186047,7.018604651162791,0.3697674418604651,1180,0.45228215767634855,0.07468879668049792,0.47300215982721383,0.10151187904967603,2516,0.648946740858506,0.257154213036566,5.475755166931638,0.369568097509274,1258,0.676126878130217,0.04006677796327212,0.718796992481203,0.015037593984962405,1761,0.6765568805602873,0.7529812606473595,5.293015332197615,0.3633352261972363,13.38,13.92,12.88,12.5,-2,0,3
316,1205740693,5,14,15,13,11,808,0.28336755646817247,0.6262833675564682,0.28134556574923547,0.5932721712538226,216,0.8483796296296297,0.5879629629629629,7.018518518518518,0.3715277777777778,1184,0.4510344827586207,0.07448275862068965,0.4752688172043011,0.1010752688172043,2524,0.6486727416798737,0.2563391442155309,5.47662440570523,0.369486265187533,1264,0.6766666666666666,0.04,0.7208955223880597,0.014925373134328358,1764,0.6765400604686315,0.7534013605442177,5.293083900226757,0.3634259259259258,13.38,13.92,12.86,12.48,-1,1,3
317,1205740694,5,13,14,12,12,811,0.2827868852459016,0.6270491803278688,0.2796352583586626,0.5927051671732523,216,0.8483796296296297,0.5879629629629629,7.018518518518518,0.3715277777777778,1189,0.4519230769230769,0.07417582417582418,0.4753747323340471,0.1006423982869379,2530,0.6491106719367593,0.2557312252964427,5.477075098814229,0.36930171277997365,1268,0.6772046589018302,0.03993344425956739,0.7191679049034175,0.014858841010401188,1770,0.6770715630885118,0.7536723163841808,5.293785310734464,0.36332391713747636,13.4,13.9,12.82,12.48,-1,1,1
318,1205740695,5,12,13,13,12,815,0.2822085889570552,0.6278118609406953,0.28012048192771083,0.5933734939759037,217,0.847542242703533,0.5898617511520737,7.018433179723503,0.37327188940092165,1191,0.4513031550068587,0.07407407407407407,0.47649572649572647,0.10042735042735043,2539,0.6485821189444668,0.25600630169358013,5.4781410003938555,0.3695680714191939,1272,0.6766169154228856,0.03980099502487562,0.7185185185185186,0.014814814814814815,1775,0.6774178403755864,0.7526760563380281,5.294084507042253,0.36300469483568065,13.4,13.88,12.8,12.48,-1,-1,0
319,1205740696,5,14,14,13,12,815,0.2822085889570552,0.6278118609406953,0.28012048192771083,0.5933734939759037,218,0.8459480122324159,0.591743119266055,7.018348623853211,0.3738532110091743,1194,0.4506849315068493,0.07534246575342465,0.474468085106383,0.10425531914893617,2549,0.6491761475088275,0.2550019615535504,5.4778344448803455,0.36939322610173925,1276,0.6754966887417219,0.039735099337748346,0.7182890855457227,0.014749262536873156,1780,0.6760767790262168,0.7528089887640449,5.293258426966292,0.36310861423220964,13.42,13.88,12.88,12.48,0,1,2
320,1205740697,5,14,15,12,13,817,0.2830957230142566,0.6272912423625254,0.28012048192771083,0.5933734939759037,219,0.8466514459665144,0.589041095890411,7.018264840182648,0.3732876712328767,1201,0.45095367847411444,0.07629427792915532,0.47357293868921774,0.10359408033826638,2558,0.6495634610372691,0.2541047693510555,5.477716966379984,0.3693640865259317,1279,0.6754966887417219,0.039735099337748346,0.7165932452276065,0.014684287812041116,1784,0.6756819880418531,0.7533632286995515,5.29372197309417,0.3630885650224214,13.44,13.92,12.9,12.48,-1,2,1
321,1205740698,5,14,14,16,13,820,0.28600405679513186,0.6247464503042597,0.2822822822822823,0.5915915915915916,220,0.8473484848484848,0.5909090909090909,7.0181818181818185,0.37386363636363634,1205,0.44972826086956524,0.07608695652173914,0.47368421052631576,0.1031578947368421,2564,0.649213468538742,0.2542901716068643,5.476989079563182,0.36957228289131566,1288,0.6737704918032786,0.03934426229508197,0.716374269005848,0.014619883040935672,1788,0.675848247576435,0.7527964205816555,5.293064876957494,0.3631152125279641,13.5,13.92,12.96,12.46,0,-2,1
322,1205740699,5,15,12,14,12,820,0.28600405679513186,0.6247464503042597,0.2822822822822823,0.5915915915915916,221,0.8480392156862745,0.5927601809954751,7.018099547511312,0.3733031674208145,1211,0.4486486486486487,0.07567567567567568,0.47379454926624737,0.10272536687631027,2570,0.6486705577172507,0.25408560311284045,5.476653696498055,0.3695849546044099,1293,0.6737357259380098,0.03915171288743882,0.717201166180758,0.014577259475218658,1794,0.6749814195466365,0.7525083612040134,5.293756967670011,0.3631549609810478,13.52,13.92,12.96,12.46,3,1,3
323,1205740700,5,13,13,11,12,822,0.28600405679513186,0.6247464503042597,0.2835820895522388,0.591044776119403,221,0.8480392156862745,0.5927601809954751,7.018099547511312,0.3733031674208145,1215,0.44878706199460916,0.07547169811320754,0.47390396659707723,0.1022964509394572,2577,0.6480726943474329,0.25455956538610786,5.478075281334886,0.36935713361790196,1295,0.6742671009771987,0.03908794788273615,0.7176128093158661,0.01455604075691412,1804,0.6753972653362893,0.7511086474501109,5.29490022172949,0.36349778270509964,13.5,13.88,12.92,12.44,0,2,1
324,1205740701,5,14,13,12,12,826,0.28484848484848485,0.6262626262626263,0.28486646884273,0.5905044510385756,221,0.8480392156862745,0.5927601809954751,7.018099547511312,0.3733031674208145,1217,0.44818304172274565,0.07537012113055182,0.475,0.10208333333333333,2585,0.6483881366860095,0.2537717601547389,5.478143133462282,0.3691811734364926,1297,0.6747967479674797,0.03902439024390244,0.7180232558139535,0.014534883720930232,1812,0.673795069904341,0.7516556291390728,5.294150110375276,0.3632726269315672,13.5,13.86,12.96,12.44,1,2,2
325,1205740702,5,14,13,13,12,828,0.2842741935483871,0.6270161290322581,0.2869822485207101,0.5887573964497042,222,0.8487237237237237,0.5900900900900901,7.018018018018018,0.3738738738738739,1222,0.4483221476510067,0.07516778523489932,0.474120082815735,0.10144927536231885,2593,0.6488944594420881,0.2533744697261859,5.477439259544929,0.3689098855894074,1304,0.6747572815533981,0.038834951456310676,0.7182080924855492,0.014450867052023121,1814,0.673879088570378,0.7519294377067255,5.293825799338478,0.36328555678059526,13.46,13.88,12.92,12.46,1,1,2
326,1205740703,5,14,13,15,12,831,0.2845691382765531,0.625250501002004,0.2869822485207101,0.5887573964497042,223,0.8494020926756353,0.5874439461883408,7.017937219730942,0.3755605381165919,1225,0.4483221476510067,0.07516778523489932,0.4711934156378601,0.102880658436214,2601,0.6495899013200055,0.25259515570934254,5.477124183006536,0.3688325003203896,1307,0.6752827140549273,0.03877221324717286,0.7190201729106628,0.01440922190201729,1821,0.6741259381292326,0.7517847336628226,5.292696320702911,0.36367380560131785,13.48,13.88,12.94,12.46,1,-1,2
327,1205740704,5,15,12,13,11,833,0.2845691382765531,0.625250501002004,0.2852941176470588,0.5911764705882353,224,0.8500744047619048,0.5848214285714286,7.017857142857143,0.375,1226,0.44906166219839144,0.07506702412868632,0.4711934156378601,0.102880658436214,2609,0.6495145010859849,0.25258719816021463,5.4768110387121505,0.3690430560879009,1314,0.6768488745980707,0.03858520900321544,0.7177650429799427,0.014326647564469915,1825,0.6737442922374425,0.7517808219178083,5.292602739726028,0.36342465753424646,13.5,13.84,12.96,12.46,3,2,4
328,1205740705,5,10,13,13,13,837,0.284,0.626,0.282798833819242,0.5918367346938775,225,0.8492592592592592,0.5866666666666667,7.017777777777778,0.37666666666666665,1230,0.4485981308411215,0.07610146862483311,0.4702258726899384,0.1026694045174538,2621,0.650165331298487,0.2533384204502098,5.477298740938573,0.3688795625079486,1319,0.6730462519936204,0.03827751196172249,0.7177650429799427,0.014326647564469915,1829,0.6739110625113901,0.7517769272826681,5.291962821213778,0.36372334609075985,13.42,13.8,12.98,12.46,-3,-3,-3
329,1205740706,5,15,13,10,13,840,0.28286852589641437,0.6235059760956175,0.28488372093023256,0.5901162790697675,226,0.8499262536873156,0.588495575221239,7.017699115044247,0.37610619469026546,1234,0.448,0.076,0.46938775510204084,0.10204081632653061,2628,0.6503361237950283,0.2530441400304414,5.4775494672754945,0.3688483003551497,1324,0.6740858505564388,0.03815580286168521,0.7189728958630528,0.014265335235378032,1833,0.6736224768139658,0.75177304964539,5.291325695581015,0.3638843426077467,13.44,13.78,12.92,12.46,2,5,2
330,1205740707,5,14,15,14,13,840,0.28286852589641437,0.6235059760956175,0.28488372093023256,0.5901162790697675,227,0.8505873715124815,0.5903083700440529,7.0176211453744495,0.3755506607929515,1237,0.4474034620505992,0.0758988015978695,0.4695121951219512,0.1016260162601626,2639,0.6510357458633325,0.25274725274725274,5.478969306555514,0.3684476443097133,1326,0.6740858505564388,0.03815580286168521,0.7197724039829303,0.01422475106685633,1839,0.6741435562805869,0.7514953779227841,5.2909189777052745,0.36419249592169645,13.46,13.8,12.98,12.46,-1,0,1
331,1205740708,5,13,16,13,14,843,0.2823061630218688,0.6242544731610338,0.2832369942196532,0.5924855491329479,228,0.8512426900584794,0.5921052631578947,7.017543859649122,0.375,1244,0.4469496021220159,0.07559681697612732,0.46975806451612906,0.10080645161290322,2641,0.6513000126214822,0.25293449450965544,5.478985232866338,0.36845260633598387,1330,0.6730158730158731,0.0380952380952381,0.7209631728045326,0.014164305949008499,1848,0.6746482683982681,0.75,5.2895021645021645,0.3645833333333332,13.44,13.86,12.94,12.52,-3,0,-1
332,1205740709,5,14,6,14,13,845,0.2811881188118812,0.6257425742574257,0.2832369942196532,0.5924855491329479,229,0.8518922852983988,0.5895196506550219,7.0174672489082965,0.37554585152838427,1247,0.447682119205298,0.07549668874172186,0.4678714859437751,0.10240963855421686,2647,0.6513978088401968,0.25311673592746503,5.479032867397053,0.36856189396801414,1335,0.6729857819905213,0.037914691943127965,0.7217514124293786,0.014124293785310734,1854,0.6751618122977343,0.749730312837109,5.289644012944984,0.36461704422869456,13.46,13.72,12.94,12.5,8,0,1
333,1205740710,5,14,14,13,10,849,0.28205128205128205,0.6252465483234714,0.28448275862068967,0.5919540229885057,229,0.8518922852983988,0.5895196506550219,7.0174672489082965,0.37554585152838427,1251,0.4479578392621871,0.07509881422924901,0.4678714859437751,0.10240963855421686,2654,0.6521288620949515,0.25357950263752826,5.479276563677468,0.36843757849786485,1339,0.6724409448818898,0.03779527559055118,0.7211267605633803,0.014084507042253521,1860,0.6756720430107523,0.7505376344086021,5.289247311827957,0.3642473118279569,13.48,13.7,12.94,12.42,0,1,4
334,1205740711,5,13,14,9,12,850,0.281496062992126,0.6240157480314961,0.28448275862068967,0.5919540229885057,229,0.8518922852983988,0.5895196506550219,7.0174672489082965,0.37554585152838427,1253,0.4467805519053876,0.07490144546649145,0.4678714859437751,0.10240963855421686,2666,0.6512565641410357,0.2539384846211553,5.480870217554388,0.3682795698924731,1343,0.6739811912225705,0.03761755485893417,0.7215189873417721,0.014064697609001406,1865,0.6758266309204644,0.7506702412868632,5.290616621983914,0.36461126005361916,13.46,13.7,12.9,12.46,-1,4,1
335,1205740712,5,14,10,14,11,852,0.2803921568627451,0.6254901960784314,0.28448275862068967,0.5919540229885057,229,0.8518922852983988,0.5895196506550219,7.0174672489082965,0.37554585152838427,1256,0.4461942257217848,0.07480314960629922,0.47,0.102,2678,0.6509522031366696,0.25392083644510827,5.480955937266617,0.36812297734627836,1348,0.675,0.0375,0.7212885154061625,0.014005602240896359,1868,0.6760795860099925,0.7505353319057816,5.2906852248394,0.36456102783725897,13.48,13.58,12.86,12.44,4,0,3
336,1205740713,5,15,16,13,12,855,0.28180039138943247,0.62426614481409,0.2857142857142857,0.5914285714285714,229,0.8518922852983988,0.5895196506550219,7.0174672489082965,0.37554585152838427,1259,0.44692005242463956,0.07470511140235911,0.4701195219123506,0.10159362549800798,2686,0.6508749069247957,0.2539091586001489,5.481012658227848,0.3681434599156118,1353,0.675,0.0375,0.721835883171071,0.013908205841446454,1874,0.6768498754891494,0.7497331910352187,5.2902881536819635,0.3643721095695481,13.54,13.62,12.86,12.44,-1,2,3
337,1205740714,5,15,12,13,13,861,0.2821011673151751,0.6245136186770428,0.28328611898017,0.5920679886685553,230,0.8525362318840579,0.5869565217391305,7.017391304347826,0.3760869565217391,1260,0.44692005242463956,0.07470511140235911,0.4691848906560636,0.10139165009940358,2692,0.6514673105497776,0.25445765230312034,5.4806835066864785,0.36806587419514614,1361,0.6770186335403726,0.037267080745341616,0.7233748271092669,0.013831258644536652,1876,0.677194385216773,0.7494669509594882,5.28997867803838,0.3643834399431413,13.52,13.56,12.86,12.38,3,2,2
338,1205740715,5,14,15,13,13,862,0.2815533980582524,0.625242718446602,0.28328611898017,0.5920679886685553,232,0.8538074712643677,0.5905172413793104,7.017241379310345,0.375,1260,0.44692005242463956,0.07470511140235911,0.4691848906560636,0.10139165009940358,2702,0.6509067357512958,0.2538860103626943,5.480754996299038,0.3679990130767333,1364,0.6759689922480621,0.037209302325581395,0.7241379310344828,0.013793103448275862,1880,0.6762854609929074,0.75,5.290425531914893,0.3641400709219857,13.58,13.58,12.84,12.4,-1,1,1
339,1205740716,5,11,13,11,11,863,0.2810077519379845,0.625968992248062,0.28328611898017,0.5920679886685553,232,0.8538074712643677,0.5905172413793104,7.017241379310345,0.375,1264,0.44836601307189544,0.07450980392156863,0.46732673267326735,0.100990099009901,2711,0.6505901881224645,0.2534120250829952,5.480634452231649,0.36806836345751875,1369,0.6738794435857806,0.03863987635239567,0.7239010989010989,0.013736263736263736,1886,0.6765199717214561,0.7502651113467657,5.290031813361612,0.3639095086603039,13.58,13.56,12.88,12.4,-2,0,0
340,1205740717,5,16,16,13,13,864,0.2810077519379845,0.625968992248062,0.2824858757062147,0.5932203389830508,233,0.8544349070100142,0.5879828326180258,7.017167381974249,0.3776824034334764,1267,0.44778067885117495,0.07441253263707572,0.46942800788954636,0.10059171597633136,2721,0.6511392870268288,0.25284821756707093,5.480338110988607,0.36800196006370206,1375,0.674884437596302,0.03852080123266564,0.7254098360655737,0.01366120218579235,1889,0.6767690135874357,0.7501323451561673,5.289571201694018,0.36399329451208745,13.58,13.58,12.86,12.38,0,3,3
341,1205740718,5,14,16,13,11,864,0.2810077519379845,0.625968992248062,0.2824858757062147,0.5932203389830508,234,0.8550569800569799,0.5897435897435898,7.017094017094017,0.37713675213675213,1271,0.4479166666666667,0.07421875,0.46954813359528486,0.10019646365422397,2728,0.6509347507331382,0.2525659824046921,5.480938416422287,0.3678824535679375,1379,0.6753846153846154,0.038461538461538464,0.726530612244898,0.013605442176870748,1896,0.6764680028129393,0.7494725738396625,5.2895569620253164,0.36436357243319256,13.6,13.58,12.88,12.34,-2,1,3
342,1205740719,5,15,17,14,14,864,0.2810077519379845,0.625968992248062,0.2824858757062147,0.5932203389830508,235,0.8556737588652481,0.5914893617021276,7.017021276595744,0.37659574468085105,1275,0.44805194805194803,0.07402597402597402,0.46966731898238745,0.09980430528375733,2735,0.6507312614259602,0.2522851919561243,5.481170018281536,0.36776355880560635,1380,0.6758832565284179,0.03840245775729647,0.726530612244898,0.013605442176870748,1902,0.6764370837714684,0.749211356466877,5.2896950578338595,0.3641342446547493,13.64,13.62,12.92,12.4,-2,1,1
343,1205740720,5,14,14,15,15,866,0.28239845261121854,0.6247582205029013,0.28450704225352114,0.5915492957746479,235,0.8556737588652481,0.5914893617021276,7.017021276595744,0.37659574468085105,1278,0.4474708171206226,0.07392996108949416,0.4697855750487329,0.09941520467836257,2742,0.6505288110867984,0.25200583515681985,5.481035740335521,0.3675540967663506,1384,0.6758832565284179,0.03840245775729647,0.7266576454668471,0.013531799729364006,1908,0.6764063591893777,0.749475890985325,5.290356394129979,0.36403738644304673,13.72,13.64,12.94,12.4,0,-1,-1
344,1205740721,5,13,14,14,12,869,0.2832369942196532,0.6242774566473989,0.28370786516853935,0.5926966292134831,236,0.8562853107344632,0.5932203389830508,7.016949152542373,0.3771186440677966,1285,0.447741935483871,0.07354838709677419,0.4689922480620155,0.10077519379844961,2745,0.6509107468123866,0.2517304189435337,5.48087431693989,0.36751669702489376,1390,0.6763803680981595,0.03834355828220859,0.7271505376344086,0.013440860215053764,1914,0.6766370602577496,0.7486938349007315,5.289968652037618,0.36381051898293265,13.68,13.62,12.98,12.38,-1,-1,1
345,1205740722,5,12,14,12,13,870,0.2826923076923077,0.625,0.28370786516853935,0.5926966292134831,237,0.8568917018284106,0.5949367088607594,7.0168776371308015,0.37658227848101267,1292,0.448586118251928,0.07455012853470437,0.46923076923076923,0.10192307692307692,2751,0.6505816066884773,0.2511813885859687,5.481279534714649,0.36735126620622804,1394,0.6768759571209801,0.03828483920367534,0.7282463186077643,0.013386880856760375,1922,0.676075268817204,0.7476586888657648,5.289802289281998,0.3635969476240027,13.58,13.62,12.94,12.4,-2,0,-1
346,1205740723,5,14,15,13,11,872,0.28544061302681994,0.6226053639846744,0.28370786516853935,0.5926966292134831,238,0.8553921568627451,0.5966386554621849,7.016806722689076,0.37710084033613445,1295,0.44871794871794873,0.07564102564102564,0.46833013435700577,0.1017274472168906,2760,0.6508152173913048,0.25072463768115943,5.481521739130435,0.36742149758454107,1400,0.6758409785932722,0.0382262996941896,0.7273936170212766,0.013297872340425532,1926,0.6764018691588781,0.7471443406022845,5.28920041536864,0.3637504326756662,13.58,13.64,12.94,12.36,-1,1,3
347,1205740724,5,14,14,15,14,874,0.28489483747609945,0.6233269598470363,0.28291316526610644,0.5938375350140056,239,0.853905160390516,0.5983263598326359,7.01673640167364,0.3776150627615063,1301,0.44642857142857145,0.07525510204081633,0.4684512428298279,0.10133843212237094,2767,0.65061438380918,0.2500903505601735,5.481387784604265,0.3675761956390796,1403,0.6753048780487805,0.038109756097560975,0.7277556440903055,0.013280212483399735,1932,0.6763716356107657,0.7468944099378882,5.288302277432712,0.3635265700483091,13.58,13.66,12.96,12.4,0,-1,0
348,1205740725,5,11,13,11,10,875,0.28489483747609945,0.6233269598470363,0.28212290502793297,0.5949720670391061,239,0.853905160390516,0.5983263598326359,7.01673640167364,0.3776150627615063,1307,0.445859872611465,0.0751592356687898,0.4734848484848485,0.10037878787878787,2773,0.6504688063469171,0.25027046520014423,5.481428056256761,0.36786272388508234,1405,0.6742770167427702,0.0380517503805175,0.7281167108753316,0.013262599469496022,1937,0.6759163655136806,0.7454827052142489,5.29065565307176,0.36362071932541723,13.52,13.66,12.9,12.36,-2,0,1
349,1205740726,5,12,12,12,13,879,0.28435114503816794,0.6240458015267175,0.28254847645429365,0.5955678670360111,240,0.8531249999999999,0.6,7.016666666666667,0.37916666666666665,1313,0.44472681067344344,0.07496823379923762,0.4755639097744361,0.09962406015037593,2779,0.650443804725921,0.2504498020870817,5.480388629003238,0.3678781336212067,1410,0.6737481031866465,0.03793626707132018,0.726552179656539,0.013210039630118891,1942,0.6759783728115342,0.7440782698249228,5.290422245108136,0.3635856505320974,13.46,13.64,12.92,12.36,0,0,-1
350,1205740727,5,13,14,14,11,881,0.2838095238095238,0.6247619047619047,0.281767955801105,0.5966850828729282,241,0.8495850622406638,0.6016597510373444,7.016597510373444,0.37863070539419086,1316,0.4461343472750317,0.07477820025348543,0.474671669793621,0.10131332082551595,2786,0.6504247427614266,0.2498205312275664,5.481694185211773,0.36812036372337886,1414,0.675226586102719,0.0377643504531722,0.7255936675461742,0.013192612137203167,1948,0.6762063655030798,0.7448665297741273,5.292607802874743,0.3636208076659821,13.46,13.64,12.94,12.34,-1,-1,2
351,1205740728,5,13,13,12,13,881,0.2838095238095238,0.6247619047619047,0.281767955801105,0.5966850828729282,242,0.8502066115702478,0.5991735537190083,7.016528925619835,0.37913223140495866,1321,0.4475347661188369,0.07458912768647281,0.47201492537313433,0.1044776119402985,2796,0.6508404864091564,0.24928469241773962,5.482117310443491,0.3682343824511207,1417,0.6757164404223228,0.03770739064856712,0.7263157894736842,0.013157894736842105,1955,0.6760869565217388,0.7447570332480818,5.292071611253197,0.36385336743393,13.48,13.66,12.96,12.36,0,1,0
352,1205740729,5,12,11,10,13,882,0.28517110266159695,0.623574144486692,0.281767955801105,0.5966850828729282,242,0.8502066115702478,0.5991735537190083,7.016528925619835,0.37913223140495866,1328,0.4490566037735849,0.07421383647798742,0.47309833024118736,0.1038961038961039,2802,0.6502795622174641,0.2505353319057816,5.482869379014989,0.36833809183916255,1420,0.6741741741741741,0.03753753753753754,0.7263157894736842,0.013157894736842105,1963,0.6763881813550684,0.7442689760570556,5.292409577177789,0.36364408218712846,13.44,13.6,12.9,12.38,1,2,-1
353,1205740730,5,15,14,15,12,885,0.2859848484848485,0.6231060606060606,0.2837465564738292,0.5950413223140496,242,0.8502066115702478,0.5991735537190083,7.016528925619835,0.37913223140495866,1330,0.44974874371859297,0.07412060301507538,0.4722222222222222,0.1037037037037037,2810,0.650563463819692,0.2501779359430605,5.483629893238434,0.36817912218268095,1425,0.6746626686656672,0.037481259370314844,0.7277486910994765,0.013089005235602094,1969,0.6765278483155575,0.7440325038090401,5.292026409344845,0.3638056543084475,13.46,13.6,12.96,12.4,1,0,3
354,1205740731,5,13,13,12,13,887,0.28544423440453687,0.6238185255198487,0.2857142857142857,0.5934065934065934,242,0.8502066115702478,0.5991735537190083,7.016528925619835,0.37913223140495866,1332,0.449874686716792,0.07393483709273183,0.4722222222222222,0.1037037037037037,2819,0.6507922431122151,0.2497339482085846,5.484568996097907,0.3683339245595365,1429,0.6756352765321375,0.03736920777279522,0.7284595300261096,0.013054830287206266,1974,0.6765028706518064,0.7446808510638298,5.292806484295846,0.3640239783856804,13.52,13.56,12.98,12.38,0,1,0
355,1205740732,5,13,13,13,13,890,0.2849056603773585,0.6245283018867924,0.28688524590163933,0.592896174863388,243,0.8508230452674896,0.6008230452674898,7.016460905349795,0.3786008230452675,1336,0.4488778054862843,0.07481296758104738,0.4722222222222222,0.1037037037037037,2829,0.6502592199835046,0.25026511134676566,5.48497702368328,0.36844585837162724,1433,0.6741071428571429,0.03720238095238095,0.7288135593220338,0.01303780964797914,1978,0.6758931580721264,0.7446916076845298,5.292719919110213,0.36417256488035044,13.5,13.56,12.98,12.42,0,0,0
356,1205740733,5,15,14,13,13,891,0.2843691148775895,0.6252354048964218,0.28688524590163933,0.592896174863388,244,0.851434426229508,0.6024590163934426,7.016393442622951,0.3780737704918033,1345,0.4485749690210657,0.07434944237918216,0.4742647058823529,0.10294117647058823,2838,0.6506636128729155,0.24982381959126146,5.484143763213531,0.36833450786939165,1434,0.6731054977711739,0.03714710252600297,0.7288135593220338,0.01303780964797914,1983,0.6751975121869217,0.7453353504790721,5.291981845688351,0.36401075811060674,13.58,13.56,12.96,12.4,1,2,2
357,1205740734,5,14,13,10,11,896,0.2846441947565543,0.6235955056179775,0.28532608695652173,0.595108695652174,244,0.851434426229508,0.6024590163934426,7.016393442622951,0.3780737704918033,1346,0.4485749690210657,0.07434944237918216,0.47339449541284406,0.10458715596330276,2844,0.65069737458978,0.25035161744022505,5.484528832630098,0.368524378809189,1439,0.674074074074074,0.037037037037037035,0.7285714285714285,0.012987012987012988,1989,0.6756745433216017,0.7456008044243339,5.291101055806938,0.36404390816155513,13.6,13.56,12.88,12.4,1,4,3
358,1205740735,5,14,14,13,12,897,0.2841121495327103,0.6224299065420561,0.28532608695652173,0.595108695652174,245,0.8520408163265305,0.6,7.016326530612245,0.37755102040816324,1355,0.44882860665844637,0.07398273736128237,0.47454545454545455,0.10363636363636364,2853,0.6509230050239517,0.2509638976515948,5.484051875219068,0.3682381119289637,1442,0.6735598227474151,0.03692762186115214,0.728923476005188,0.01297016861219196,1991,0.6757492047547292,0.7453540934203917,5.290808638874937,0.3640549137786706,13.64,13.6,12.88,12.42,0,1,2
359,1205740736,5,15,13,11,11,899,0.2841121495327103,0.6224299065420561,0.2891891891891892,0.5918918918918918,245,0.8520408163265305,0.6,7.016326530612245,0.37755102040816324,1360,0.45018450184501846,0.07380073800738007,0.4755877034358047,0.10307414104882459,2858,0.6510088640074648,0.25087473757872636,5.483554933519944,0.36846862607884306,1448,0.6715758468335787,0.036818851251840944,0.7303225806451613,0.012903225806451613,1997,0.6764730428976794,0.7446169253880821,5.290435653480221,0.3643381739275579,13.6,13.52,12.84,12.32,2,4,4
360,1205740737,5,15,14,14,16,899,0.2841121495327103,0.6224299065420561,0.2891891891891892,0.5918918918918918,245,0.8520408163265305,0.6,7.016326530612245,0.37755102040816324,1363,0.45153374233128835,0.0736196319018405,0.4747292418772563,0.10469314079422383,2867,0.6510580165097085,0.25078479246599233,5.484129752354377,0.3685327287524707,1449,0.6715758468335787,0.036818851251840944,0.7306701030927835,0.01288659793814433,2005,0.6762676641729006,0.744139650872818,5.2902743142144635,0.3643807148794679,13.62,13.52,12.86,12.4,1,1,-1
361,1205740738,5,14,13,11,13,900,0.2841121495327103,0.6224299065420561,0.2884097035040431,0.5929919137466307,246,0.8506097560975608,0.6016260162601627,7.016260162601626,0.3780487804878049,1369,0.45066991473812423,0.0730816077953715,0.4747292418772563,0.10469314079422383,2873,0.6505685114282403,0.25026105116602854,5.483466759484859,0.36854623506207224,1455,0.6720588235294118,0.03676470588235294,0.7323943661971831,0.012804097311139564,2010,0.6763266998341622,0.744776119402985,5.290049751243781,0.3644693200663349,13.62,13.56,12.86,12.4,1,3,1
362,1205740739,5,14,13,15,12,903,0.2835820895522388,0.6231343283582089,0.289544235924933,0.5924932975871313,247,0.8512145748987853,0.5991902834008097,7.016194331983805,0.3785425101214575,1371,0.451338199513382,0.072992700729927,0.4756756756756757,0.1045045045045045,2880,0.6510127314814819,0.2503472222222222,5.482986111111111,0.36860532407407415,1461,0.6730205278592375,0.036656891495601175,0.7337579617834394,0.012738853503184714,2015,0.676137303556658,0.7449131513647642,5.289826302729528,0.3641852770885028,13.62,13.54,12.92,12.32,1,-1,2
363,1205740740,5,12,11,13,10,903,0.2835820895522388,0.6231343283582089,0.289544235924933,0.5924932975871313,247,0.8512145748987853,0.5991902834008097,7.016194331983805,0.3785425101214575,1377,0.4509090909090909,0.07272727272727272,0.4731182795698925,0.1057347670250896,2889,0.6517537787008195,0.25060574593284873,5.483212184146764,0.36832237221645325,1467,0.6715328467153284,0.0364963503649635,0.7322335025380711,0.012690355329949238,2021,0.6757793171697175,0.7441860465116279,5.2889658584858985,0.36425861784595076,13.62,13.5,12.88,12.3,1,-1,2
364,1205740741,5,13,12,13,13,903,0.2835820895522388,0.6231343283582089,0.289544235924933,0.5924932975871313,248,0.8518145161290321,0.6008064516129032,7.016129032258065,0.3780241935483871,1383,0.4499396863691194,0.0735826296743064,0.4732142857142857,0.10535714285714286,2895,0.6524755325273464,0.25008635578583766,5.482556131260795,0.368077144502015,1476,0.6710334788937409,0.036390101892285295,0.7320754716981132,0.012578616352201259,2026,0.6760858835143134,0.7438302073050346,5.288746298124383,0.3642234287594603,13.64,13.48,12.84,12.3,1,0,0
365,1205740742,5,13,15,11,11,905,0.2825278810408922,0.6245353159851301,0.289544235924933,0.5924932975871313,249,0.8524096385542168,0.5983935742971888,7.016064257028113,0.3785140562248996,1390,0.45072115384615385,0.0733173076923077,0.4716312056737589,0.10815602836879433,2903,0.6522275806636816,0.2497416465725112,5.481915260075784,0.3681823401079344,1480,0.6710144927536232,0.036231884057971016,0.7324120603015075,0.01256281407035176,2029,0.676564810251355,0.744208969935929,5.288319369147363,0.36405454246755375,13.62,13.46,12.78,12.3,-2,2,2
366,1205740743,5,14,14,12,13,906,0.2825278810408922,0.6245353159851301,0.2887700534759358,0.5935828877005348,250,0.8529999999999999,0.6,7.016,0.378,1394,0.4502994011976048,0.07305389221556886,0.47079646017699117,0.1079646017699115,2910,0.6522050400916384,0.24948453608247423,5.4807560137457045,0.3681557846506301,1486,0.6719653179190751,0.036127167630057806,0.73375,0.0125,2034,0.6761307767944932,0.7448377581120944,5.289085545722714,0.36414290396591276,13.62,13.44,12.76,12.34,0,2,1
367,1205740744,5,13,14,14,12,907,0.2820037105751391,0.6252319109461967,0.2887700534759358,0.5935828877005348,251,0.8535856573705178,0.601593625498008,7.01593625498008,0.37749003984063745,1397,0.44976076555023925,0.07416267942583732,0.4708994708994709,0.10758377425044091,2920,0.6520262557077628,0.25,5.480479452054794,0.3678367579908676,1491,0.6729106628242075,0.03602305475504323,0.7347447073474471,0.012453300124533,2038,0.6752126267582592,0.7443572129538764,5.288518155053975,0.3644095518482171,13.62,13.44,12.8,12.34,-1,-1,1
368,1205740745,5,13,16,14,14,914,0.28413284132841327,0.6217712177121771,0.28835978835978837,0.5925925925925926,251,0.8535856573705178,0.601593625498008,7.01593625498008,0.37749003984063745,1400,0.4498806682577566,0.07398568019093078,0.47183098591549294,0.1073943661971831,2926,0.6520562770562774,0.24982911825017087,5.4801777170198225,0.3677660059239007,1495,0.6724137931034483,0.035919540229885055,0.7354037267080745,0.012422360248447204,2043,0.6755180290422577,0.7440039158100832,5.288301517376407,0.3641295480502528,13.64,13.5,12.82,12.38,-3,-1,-1
369,1205740746,5,15,14,15,12,918,0.2867647058823529,0.6194852941176471,0.2868421052631579,0.5947368421052631,251,0.8535856573705178,0.601593625498008,7.01593625498008,0.37749003984063745,1401,0.4505363528009535,0.07389749702026222,0.47183098591549294,0.1073943661971831,2938,0.6521159518947133,0.25017018379850237,5.481620149761743,0.3675402768323123,1497,0.6724137931034483,0.035919540229885055,0.7360594795539034,0.012391573729863693,2050,0.675325203252032,0.7434146341463415,5.288780487804878,0.3643495934959349,13.66,13.5,12.86,12.38,1,0,3
370,1205740747,5,13,12,12,12,918,0.2867647058823529,0.6194852941176471,0.2868421052631579,0.5947368421052631,252,0.8521825396825395,0.6031746031746031,7.015873015873016,0.37797619047619047,1405,0.450653983353151,0.07372175980975029,0.47192982456140353,0.10701754385964912,2948,0.6514303482587068,0.2503392130257802,5.4823609226594305,0.3675655811849842,1499,0.670487106017192,0.03581661891117478,0.7360594795539034,0.012391573729863693,2058,0.6756964690638155,0.7424684159378037,5.290087463556851,0.36426951733074175,13.64,13.44,12.86,12.36,1,1,1
371,1205740748,5,11,14,12,12,921,0.2875457875457875,0.6190476190476191,0.28608923884514437,0.5931758530183727,253,0.8527667984189722,0.6047430830039525,7.015810276679842,0.3774703557312253,1410,0.44970414201183434,0.07455621301775148,0.4711033274956217,0.10683012259194395,2957,0.6513076316086127,0.24991545485289143,5.484274602637808,0.36737684590237857,1502,0.670958512160229,0.0357653791130186,0.7367119901112484,0.012360939431396786,2064,0.6759124677002579,0.7432170542635659,5.292151162790698,0.3645429586563307,13.58,13.44,12.78,12.34,-3,-1,-1
372,1205740749,5,14,15,15,13,924,0.2875457875457875,0.6190476190476191,0.2864583333333333,0.59375,254,0.8533464566929133,0.6023622047244095,7.015748031496063,0.37696850393700787,1411,0.44970414201183434,0.07455621301775148,0.47027972027972026,0.10664335664335664,2966,0.651185659698809,0.2494942683749157,5.484153742414025,0.36727354461676787,1506,0.6704707560627675,0.03566333808844508,0.7373612823674476,0.012330456226880395,2070,0.6754025764895325,0.7439613526570048,5.291787439613526,0.36433172302737515,13.56,13.5,12.8,12.36,-1,-1,1
373,1205740750,5,13,15,13,11,926,0.2875457875457875,0.6190476190476191,0.28756476683937826,0.5932642487046632,254,0.8533464566929133,0.6023622047244095,7.015748031496063,0.37696850393700787,1416,0.45047169811320753,0.07547169811320754,0.4686411149825784,0.10801393728222997,2971,0.651436104566364,0.24941097273645238,5.484685291147762,0.36716032761135425,1512,0.6714082503556188,0.03556187766714083,0.7386503067484662,0.012269938650306749,2076,0.6747752087347458,0.74373795761079,5.291425818882466,0.36472382787411683,13.56,13.54,12.84,12.34,-2,0,2
374,1205740751,5,14,14,12,11,926,0.2875457875457875,0.6190476190476191,0.28756476683937826,0.5932642487046632,255,0.8539215686274508,0.6039215686274509,7.015686274509804,0.3764705882352941,1420,0.44941176470588234,0.07529411764705882,0.4704861111111111,0.1076388888888889,2982,0.6507657053431705,0.24916163648558015,5.485244802146211,0.3670634920634921,1516,0.6709219858156028,0.03546099290780142,0.7368421052631579,0.012239902080783354,2081,0.6745955470126537,0.7438731379144642,5.291686689091783,0.36468845106519293,13.56,13.56,12.84,12.32,0,2,3
375,1205740752,5,15,12,12,15,928,0.28884826325411334,0.6179159049360147,0.2868217054263566,0.5943152454780362,255,0.8539215686274508,0.6039215686274509,7.015686274509804,0.3764705882352941,1424,0.4495305164319249,0.07511737089201878,0.47231833910034604,0.10726643598615918,2992,0.6505960338680931,0.25,5.485628342245989,0.367090017825312,1519,0.6709039548022598,0.03531073446327684,0.7368421052631579,0.012239902080783354,2086,0.6748961329498238,0.7435282837967402,5.291946308724833,0.3646532438478747,13.58,13.54,12.82,12.38,3,3,0
376,1205740753,5,13,13,13,11,933,0.2872727272727273,0.62,0.2853470437017995,0.596401028277635,256,0.8544921874999999,0.6015625,7.015625,0.376953125,1428,0.44912280701754387,0.07485380116959064,0.47322970639032813,0.1070811744386874,3001,0.650644229701211,0.24958347217594135,5.485504831722759,0.36690547595246037,1522,0.6704225352112676,0.035211267605633804,0.7371638141809291,0.012224938875305624,2090,0.6752791068580537,0.7440191387559809,5.291866028708134,0.3645534290271132,13.56,13.54,12.78,12.36,0,0,2
377,1205740754,5,14,14,13,13,935,0.28804347826086957,0.6195652173913043,0.2853470437017995,0.596401028277635,256,0.8544921874999999,0.6015625,7.015625,0.376953125,1436,0.44883720930232557,0.07441860465116279,0.4742268041237113,0.10824742268041238,3009,0.6504098814667113,0.2502492522432702,5.485543369890329,0.3668439127063255,1525,0.6704225352112676,0.035211267605633804,0.7369062119366626,0.012180267965895249,2095,0.6758154335719964,0.7446300715990454,5.291646778042959,0.3644391408114558,13.54,13.58,12.78,12.4,0,1,1
378,1205740755,5,14,14,14,13,937,0.2875226039783002,0.620253164556962,0.2846153846153846,0.5974358974358974,257,0.8550583657587547,0.603112840466926,7.01556420233463,0.3764591439688716,1441,0.45023148148148145,0.07407407407407407,0.4751286449399657,0.10806174957118353,3015,0.6504422332780545,0.2504145936981758,5.4849087893864015,0.3669983416252074,1531,0.6690042075736325,0.03506311360448808,0.7354368932038835,0.012135922330097087,2102,0.6764192832223275,0.7445290199809705,5.293529971455756,0.3642959086584205,13.62,13.6,12.8,12.4,0,0,1
379,1205740756,5,14,13,14,13,942,0.29084380610412924,0.6175942549371634,0.28388746803069054,0.59846547314578,258,0.8556201550387595,0.6046511627906976,7.015503875968992,0.375968992248062,1445,0.4491916859122402,0.07390300230946882,0.4735042735042735,0.1076923076923077,3022,0.6504246635782046,0.2504963600264725,5.4841164791528785,0.3669755129053608,1535,0.66993006993007,0.03496503496503497,0.7360774818401937,0.012106537530266344,2106,0.6767964545742319,0.7445394112060779,5.293447293447294,0.36431623931623924,13.6,13.6,12.88,12.4,1,0,1
380,1205740757,5,13,13,12,13,944,0.2898032200357782,0.6189624329159212,0.28388746803069054,0.59846547314578,258,0.8556201550387595,0.6046511627906976,7.015503875968992,0.375968992248062,1450,0.4487917146144994,0.07479861910241657,0.4752981260647359,0.10732538330494037,3029,0.6501870804445915,0.2505777484318257,5.483988114889402,0.3671178606800925,1540,0.6694560669456067,0.03486750348675035,0.7346200241254524,0.012062726176115802,2112,0.6767676767676764,0.7447916666666666,5.2949810606060606,0.36446496212121204,13.58,13.56,12.84,12.4,0,1,0
381,1205740758,5,16,17,12,14,948,0.2905525846702317,0.6185383244206774,0.28498727735368956,0.5979643765903307,258,0.8556201550387595,0.6046511627906976,7.015503875968992,0.375968992248062,1452,0.4494252873563218,0.07471264367816093,0.4744897959183674,0.10714285714285714,3036,0.6503348704435664,0.2506587615283267,5.483201581027668,0.36701251646903826,1544,0.66991643454039,0.034818941504178275,0.734375,0.01201923076923077,2117,0.6772949141867418,0.7453944260746339,5.29475673122343,0.3643127066603684,13.64,13.58,12.82,12.4,-1,4,2
382,1205740759,5,14,14,15,11,950,0.2918149466192171,0.6174377224199288,0.2868020304568528,0.5964467005076142,258,0.8556201550387595,0.6046511627906976,7.015503875968992,0.375968992248062,1453,0.4494252873563218,0.07471264367816093,0.47538200339558573,0.10696095076400679,3046,0.650005471656818,0.2511490479317137,5.483585029546947,0.366956664478004,1544,0.66991643454039,0.034818941504178275,0.734375,0.01201923076923077,2126,0.6779554719347753,0.7436500470366886,5.295860771401693,0.3645343367826904,13.64,13.74,12.84,12.36,0,-1,3
383,1205740760,5,13,14,14,10,954,0.2902654867256637,0.6194690265486725,0.28607594936708863,0.5949367088607594,259,0.8548906048906048,0.6061776061776062,7.015444015444015,0.37741312741312744,1456,0.4494252873563218,0.07471264367816093,0.47635135135135137,0.10641891891891891,3055,0.6495635570103658,0.2507364975450082,5.4834697217675945,0.3671849427168577,1547,0.6694444444444444,0.034722222222222224,0.7346938775510204,0.012004801920768308,2132,0.6781582238899307,0.7424953095684803,5.295028142589119,0.36468105065666034,13.62,13.74,12.86,12.36,-1,-1,3
384,1205740761,5,15,13,14,12,956,0.28975265017667845,0.6201413427561837,0.28535353535353536,0.5959595959595959,260,0.8554487179487178,0.6038461538461538,7.015384615384615,0.3778846153846154,1461,0.4506880733944954,0.07454128440366972,0.4756302521008403,0.10588235294117647,3064,0.6496137946040038,0.2506527415143603,5.483028720626632,0.3675750652741515,1550,0.6699029126213593,0.03467406380027739,0.7353293413173653,0.011976047904191617,2136,0.6785268414481893,0.7429775280898876,5.294475655430712,0.36458333333333326,13.66,13.72,12.96,12.36,2,1,3
385,1205740762,5,14,15,15,13,960,0.29173989455184535,0.6186291739894552,0.2871536523929471,0.5944584382871536,260,0.8554487179487178,0.6038461538461538,7.015384615384615,0.3778846153846154,1463,0.45017182130584193,0.07445589919816724,0.47651006711409394,0.10570469798657718,3071,0.6499240204059484,0.2504070335395637,5.483555845001628,0.36746987951807236,1553,0.6703601108033241,0.03462603878116344,0.7347670250896058,0.011947431302270013,2143,0.6782547830144653,0.7428838077461503,5.293980401306579,0.36467568828744745,13.66,13.82,12.98,12.4,-1,-1,1
386,1205740763,5,13,13,13,14,963,0.29246935201401053,0.6182136602451839,0.2864321608040201,0.5954773869346733,261,0.8560025542784162,0.6015325670498084,7.015325670498084,0.3783524904214559,1467,0.4491428571428571,0.07428571428571429,0.4765886287625418,0.10535117056856187,3081,0.6500865519852865,0.24991885751379422,5.4842583576760795,0.367386130044358,1558,0.6708160442600276,0.034578146611341634,0.7348394768133175,0.011890606420927468,2147,0.6781555659059149,0.7424312994876572,5.293898462971589,0.3645784816022356,13.62,13.76,12.98,12.44,0,0,-1
387,1205740764,5,11,15,12,12,968,0.2937062937062937,0.6171328671328671,0.2860696517412935,0.5970149253731343,261,0.8560025542784162,0.6015325670498084,7.015325670498084,0.3783524904214559,1474,0.45039908779931587,0.07411630558722919,0.47429519071310117,0.1044776119402985,3087,0.650280747219523,0.2494331065759637,5.4842889536767085,0.3674009286254185,1559,0.6708160442600276,0.034578146611341634,0.7351543942992874,0.011876484560570071,2155,0.678654292343387,0.7406032482598608,5.295127610208817,0.36450116009280736,13.54,13.82,12.96,12.42,-4,-1,-1
388,1205740765,5,14,14,11,14,971,0.2937062937062937,0.6171328671328671,0.2839506172839506,0.6,262,0.8565521628498727,0.6030534351145038,7.015267175572519,0.37786259541984735,1475,0.4498861047835991,0.07403189066059225,0.47429519071310117,0.1044776119402985,3096,0.649843884582257,0.24967700258397932,5.484496124031008,0.3674633936261844,1561,0.6712707182320442,0.034530386740331494,0.7354685646500593,0.011862396204033215,2164,0.6786044362292047,0.7393715341959335,5.294362292051756,0.36460258780036964,13.54,13.8,12.92,12.44,0,3,0
389,1205740766,5,13,14,14,12,976,0.2949389179755672,0.6160558464223386,0.28117359413202936,0.6039119804400978,263,0.8570975918884662,0.6007604562737643,7.015209125475285,0.37832699619771865,1478,0.45,0.07386363636363637,0.47516556291390727,0.10430463576158941,3104,0.6498872422680415,0.2496778350515464,5.483569587628866,0.3674828178694159,1569,0.6707988980716253,0.03443526170798898,0.7338044758539458,0.011778563015312132,2166,0.678901200369344,0.739612188365651,5.2940904893813485,0.3644967682363804,13.58,13.82,12.98,12.46,-1,-1,1
390,1205740767,5,14,14,15,12,979,0.29442508710801396,0.6149825783972126,0.2846715328467153,0.6009732360097324,264,0.8538510101010099,0.6022727272727273,7.015151515151516,0.3787878787878788,1480,0.45062429057888764,0.07377979568671963,0.47603305785123967,0.10413223140495868,3113,0.6494539029874722,0.25056215868936715,5.483777706392547,0.36746439661634017,1570,0.6707988980716253,0.03443526170798898,0.7341176470588235,0.011764705882352941,2175,0.6783141762452103,0.7379310344827587,5.293333333333333,0.36494252873563215,13.54,13.78,13.02,12.44,0,-1,2
391,1205740768,5,14,14,13,13,979,0.29442508710801396,0.6149825783972126,0.2846715328467153,0.6009732360097324,265,0.8506289308176099,0.6037735849056604,7.0150943396226415,0.37924528301886795,1488,0.4525959367945824,0.07336343115124154,0.4786184210526316,0.10361842105263158,3117,0.649262111004171,0.2502406159769009,5.483798524222008,0.3676344775959791,1574,0.6707988980716253,0.03443526170798898,0.7353629976580797,0.0117096018735363,2180,0.6785932721712534,0.7376146788990826,5.2931192660550455,0.36479357798165135,13.54,13.74,13.02,12.48,0,1,1
392,1205740769,5,14,13,12,12,984,0.292894280762565,0.6152512998266898,0.2857142857142857,0.5980629539951574,266,0.8474310776942354,0.6052631578947368,7.015037593984962,0.37875939849624063,1490,0.4532130777903044,0.07328072153325817,0.4794745484400657,0.10344827586206896,3123,0.6492955491514573,0.250080051232789,5.483509446045469,0.367568577222756,1577,0.6694101508916324,0.03429355281207133,0.7353629976580797,0.0117096018735363,2189,0.6790010659357388,0.737779808131567,5.292370945637277,0.36466423024211964,13.52,13.66,12.98,12.44,1,2,2
393,1205740770,5,16,16,11,16,985,0.29238754325259514,0.615916955017301,0.2857142857142857,0.5980629539951574,267,0.8442571785268413,0.6067415730337079,7.01498127340824,0.3792134831460674,1490,0.4532130777903044,0.07328072153325817,0.4794745484400657,0.10344827586206896,3133,0.6499361634216408,0.24992020427705075,5.483242898180658,0.3676720927758273,1585,0.6707650273224044,0.03415300546448088,0.7345750873108265,0.011641443538998836,2193,0.6789025687794493,0.7378020975832194,5.291837665298678,0.36479708162334695,13.56,13.7,12.9,12.46,0,5,0
394,1205740771,5,13,15,11,10,985,0.29238754325259514,0.615916955017301,0.2857142857142857,0.5980629539951574,268,0.8448383084577114,0.6082089552238806,7.014925373134329,0.3787313432835821,1493,0.4527027027027027,0.0731981981981982,0.4795417348608838,0.10474631751227496,3144,0.649093511450382,0.25,5.484732824427481,0.36749893977947423,1591,0.670299727520436,0.0340599455040872,0.7346465816917729,0.011587485515643106,2197,0.6785768472159001,0.7378243058716432,5.292216659080564,0.36485358822636926,13.56,13.72,12.84,12.42,-2,2,3
395,1205740772,5,15,14,13,13,985,0.29238754325259514,0.615916955017301,0.2857142857142857,0.5980629539951574,268,0.8448383084577114,0.6082089552238806,7.014925373134329,0.3787313432835821,1496,0.453318335208099,0.07311586051743532,0.47797716150081565,0.10440456769983687,3155,0.649313259376651,0.25039619651347067,5.483993660855784,0.36740623349181206,1597,0.6702849389416553,0.033921302578018994,0.7344110854503464,0.011547344110854504,2200,0.6785606060606056,0.7381818181818182,5.291818181818182,0.3649242424242424,13.62,13.72,12.86,12.42,1,2,2
396,1205740773,5,14,15,15,11,988,0.2918825561312608,0.616580310880829,0.28433734939759037,0.5975903614457831,268,0.8448383084577114,0.6082089552238806,7.014925373134329,0.3787313432835821,1499,0.45230078563411896,0.07295173961840629,0.4788273615635179,0.10423452768729642,3162,0.6492989668985876,0.25015812776723595,5.483870967741935,0.36738351254480295,1601,0.6693766937669376,0.03387533875338753,0.7353279631760644,0.011507479861910242,2208,0.6789704106280189,0.7377717391304348,5.290760869565218,0.36518719806763283,13.62,13.72,12.9,12.42,-1,-1,3
397,1205740774,5,14,13,14,13,989,0.2913793103448276,0.6172413793103448,0.28433734939759037,0.5975903614457831,269,0.8454151177199503,0.6059479553903345,7.014869888475836,0.379182156133829,1509,0.45200892857142855,0.07366071428571429,0.4798061389337641,0.1050080775444265,3164,0.6495206489675518,0.25,5.483881163084703,0.36730931310577336,1606,0.6702702702702703,0.033783783783783786,0.7362385321100917,0.011467889908256881,2215,0.679759217456734,0.7381489841986456,5.289841986455982,0.3651617757712565,13.62,13.7,12.88,12.4,1,0,1
398,1205740775,5,11,12,13,14,993,0.2908777969018933,0.6179001721170396,0.2822966507177033,0.6004784688995215,270,0.8459876543209875,0.6037037037037037,7.014814814814815,0.3787037037037037,1511,0.4521158129175947,0.07461024498886415,0.4798061389337641,0.1050080775444265,3174,0.6495746691871457,0.2495274102079395,5.482671707624449,0.3673597983616888,1609,0.6711590296495957,0.03369272237196765,0.736540664375716,0.011454753722794959,2220,0.6795795795795792,0.7387387387387387,5.289189189189189,0.3652402402402402,13.62,13.68,12.92,12.48,-1,-2,-3
399,1205740776,5,12,16,14,13,998,0.28987993138936535,0.6192109777015438,0.2826603325415677,0.5985748218527316,271,0.8453259532595324,0.6051660516605166,7.014760147601476,0.3800738007380074,1514,0.4521158129175947,0.07461024498886415,0.477491961414791,0.1045016077170418,3185,0.6498430141287286,0.24960753532182103,5.481632653061224,0.36758241758241766,1613,0.6684563758389261,0.0348993288590604,0.7356979405034325,0.011441647597254004,2223,0.6793372319688105,0.7386414754835807,5.288798920377868,0.36530964162543106,13.62,13.76,12.96,12.48,-4,-2,-1
400,1205740777,5,13,11,12,12,1000,0.2893835616438356,0.6198630136986302,0.28199052132701424,0.5971563981042654,273,0.8446275946275944,0.6043956043956044,7.014652014652015,0.38186813186813184,1515,0.45161290322580644,0.07452725250278086,0.477491961414791,0.1045016077170418,3194,0.6496295136714676,0.24953036944270507,5.481840951784596,0.367877269881027,1617,0.6680053547523427,0.03480589022757698,0.7351598173515982,0.01141552511415525,2227,0.678790600209549,0.7391109115401886,5.288729232150875,0.36521478820535846,13.62,13.7,12.92,12.5,2,1,1
401,1205740778,5,14,13,12,13,1004,0.29131175468483816,0.6183986371379898,0.28368794326241137,0.5957446808510638,273,0.8446275946275944,0.6043956043956044,7.014652014652015,0.38186813186813184,1519,0.4501108647450111,0.07427937915742794,0.4767255216693419,0.1043338683788122,3200,0.6493489583333336,0.2496875,5.481875,0.3678906250000001,1622,0.6680053547523427,0.03480589022757698,0.735527809307605,0.011350737797956867,2233,0.6792058516196442,0.7393640841916704,5.28884908195253,0.3652410807583221,13.64,13.7,12.92,12.5,1,2,1
402,1205740779,5,15,16,13,12,1008,0.29081632653061223,0.6190476190476191,0.28169014084507044,0.5985915492957746,274,0.84154501216545,0.6058394160583942,7.014598540145985,0.3822992700729927,1519,0.4501108647450111,0.07427937915742794,0.4767255216693419,0.1043338683788122,3208,0.6499116791354949,0.2490648379052369,5.4812967581047385,0.36806421446384047,1631,0.668,0.034666666666666665,0.7373167981961668,0.011273957158962795,2234,0.6793494479259917,0.7394807520143241,5.288719785138764,0.3651894956729334,13.7,13.8,12.98,12.48,-1,2,3
403,1205740780,5,13,13,11,13,1010,0.29081632653061223,0.6190476190476191,0.2803738317757009,0.6004672897196262,275,0.8403030303030301,0.6072727272727273,7.014545454545455,0.38272727272727275,1523,0.44972375690607735,0.07403314917127071,0.4775641025641026,0.10416666666666667,3215,0.6497407983411096,0.24852255054432348,5.481181959564541,0.36780715396578545,1634,0.6671105193075899,0.03462050599201065,0.7379077615298087,0.01124859392575928,2240,0.6793154761904757,0.7392857142857143,5.288392857142857,0.3652157738095238,13.66,13.78,12.9,12.5,0,2,0
404,1205740781,5,14,16,12,13,1011,0.29081632653061223,0.6190476190476191,0.27972027972027974,0.6013986013986014,276,0.8408816425120771,0.6086956521739131,7.0144927536231885,0.3822463768115942,1526,0.4498346196251378,0.07386990077177508,0.4768,0.104,3223,0.6491622711759233,0.24914675767918087,5.4806081290722926,0.3676698727893268,1638,0.6666666666666666,0.034528552456839307,0.7384960718294051,0.01122334455667789,2246,0.6790590679726917,0.7395369545859305,5.288512911843277,0.3651306025526862,13.68,13.84,12.9,12.5,-2,2,1
405,1205740782,5,14,14,15,12,1014,0.29081632653061223,0.6190476190476191,0.2777777777777778,0.6018518518518519,276,0.8408816425120771,0.6086956521739131,7.0144927536231885,0.3822463768115942,1526,0.4498346196251378,0.07386990077177508,0.4768,0.104,3234,0.649221809936096,0.24860853432282004,5.479901051329623,0.3675015460729747,1645,0.667989417989418,0.03439153439153439,0.7385474860335196,0.0111731843575419,2249,0.6788202163924703,0.7398843930635838,5.288128056914184,0.3650881873425226,13.7,13.86,12.94,12.48,0,-1,2
406,1205740783,5,13,13,14,13,1016,0.2903225806451613,0.6196943972835314,0.279445727482679,0.6004618937644342,277,0.8414560770156436,0.6101083032490975,7.014440433212997,0.38176895306859204,1531,0.44994499449944997,0.0737073707370737,0.4745222929936306,0.10509554140127389,3242,0.649316265679622,0.24922887106724245,5.479025293028995,0.367751388032079,1651,0.6653491436100132,0.034255599472990776,0.7383073496659243,0.011135857461024499,2253,0.6785027370912852,0.7403462050599201,5.287616511318243,0.3649948217191892,13.66,13.84,12.96,12.48,0,-1,0
407,1205740784,5,13,14,14,13,1018,0.2903225806451613,0.6196943972835314,0.27816091954022987,0.6022988505747127,278,0.8402278177458032,0.6115107913669064,7.014388489208633,0.38219424460431656,1533,0.4489571899012075,0.07354555433589462,0.4745222929936306,0.10509554140127389,3251,0.6492104993335387,0.2488465087665334,5.478929560135343,0.3677330052291603,1660,0.6657929226736566,0.03407601572739188,0.7386489479512736,0.01107419712070875,2255,0.6785661492978562,0.7405764966740577,5.287804878048781,0.36500369549150036,13.64,13.86,13.04,12.52,-1,-1,0
408,1205740785,5,15,14,13,13,1019,0.2903225806451613,0.6196943972835314,0.2775229357798165,0.6032110091743119,278,0.8402278177458032,0.6115107913669064,7.014388489208633,0.38219424460431656,1537,0.449671772428884,0.07330415754923414,0.4737678855325914,0.10492845786963434,3262,0.649320457796853,0.24862047823421213,5.478234212139792,0.3678724708767628,1666,0.6666666666666666,0.03398692810457516,0.7375964718853363,0.011025358324145534,2257,0.6788509821296702,0.7408063801506425,5.287549844926894,0.3649017870329345,13.66,13.86,13.04,12.54,1,2,2
409,1205740786,5,13,16,14,14,1020,0.28983050847457625,0.6203389830508474,0.2775229357798165,0.6032110091743119,281,0.8365954922894423,0.6120996441281139,7.01423487544484,0.3834519572953737,1538,0.4491803278688525,0.073224043715847,0.4737678855325914,0.10492845786963434,3269,0.6493066177220356,0.24900581217497705,5.4796573875803,0.36797695523605595,1670,0.6671018276762402,0.033942558746736295,0.7384615384615385,0.01098901098901099,2265,0.6784400294334064,0.7403973509933774,5.28962472406181,0.3648270787343635,13.62,13.92,13.1,12.6,-3,-1,-1
410,1205740787,5,15,15,14,13,1025,0.28836424957841483,0.6222596964586846,0.2762557077625571,0.6027397260273972,282,0.8354018912529549,0.6134751773049646,7.01418439716312,0.38386524822695034,1541,0.44989106753812635,0.07298474945533769,0.4737678855325914,0.10492845786963434,3275,0.6496437659033082,0.24946564885496184,5.479083969465649,0.36798982188295176,1674,0.6684005201560468,0.033810143042912875,0.7387486278814489,0.010976948408342482,2270,0.6791483113069011,0.7405286343612335,5.289867841409691,0.3646842878120411,13.62,13.94,13.1,12.54,0,1,2
411,1205740788,5,13,14,11,13,1025,0.28836424957841483,0.6222596964586846,0.2762557077625571,0.6027397260273972,283,0.8359835100117784,0.6148409893992933,7.014134275618375,0.3833922261484099,1541,0.44989106753812635,0.07298474945533769,0.4737678855325914,0.10492845786963434,3286,0.6497514708865899,0.24923919659160074,5.482958003651857,0.36805132886995345,1677,0.6688311688311688,0.033766233766233764,0.7393209200438116,0.01095290251916758,2277,0.6788903528033957,0.7408871321914801,5.292490118577075,0.36488069096764747,13.6,13.96,13.1,12.54,-1,2,0
412,1205740789,5,13,13,11,12,1026,0.2878787878787879,0.622895622895623,0.2762557077625571,0.6027397260273972,284,0.8365610328638496,0.6126760563380281,7.014084507042254,0.38380281690140844,1549,0.4512987012987013,0.07251082251082251,0.47385103011093505,0.1045958795562599,3290,0.6497213779128675,0.24893617021276596,5.4832826747720365,0.3680597771023304,1679,0.6688311688311688,0.033766233766233764,0.7398907103825136,0.01092896174863388,2285,0.6793581327498172,0.7409190371991248,5.292341356673961,0.3646973012399708,13.58,13.96,13.02,12.54,0,2,1
413,1205740790,5,13,15,11,11,1028,0.28907563025210087,0.6218487394957983,0.27790432801822323,0.6013667425968109,285,0.8371345029239764,0.6140350877192983,7.014035087719298,0.38333333333333336,1556,0.4505376344086022,0.07311827956989247,0.47468354430379744,0.10443037974683544,3294,0.6496913580246917,0.24863387978142076,5.483606557377049,0.36799230924913995,1683,0.6688311688311688,0.033766233766233764,0.7399347116430903,0.01088139281828074,2292,0.6793920884235015,0.7408376963350786,5.292321116928447,0.364892379290285,13.6,14.04,12.98,12.56,-2,2,2
414,1205740791,5,12,14,13,12,1034,0.28762541806020064,0.6237458193979933,0.27601809954751133,0.6018099547511312,286,0.8377039627039625,0.6118881118881119,7.013986013986014,0.38374125874125875,1559,0.45016077170418006,0.07288317256162916,0.47468354430379744,0.10443037974683544,3300,0.650176767676768,0.24878787878787878,5.483333333333333,0.3680050505050506,1689,0.6675291073738681,0.03363518758085381,0.7407809110629068,0.010845986984815618,2299,0.6802232854864428,0.7411918225315355,5.291431056981296,0.3648687835290706,13.58,14.08,12.98,12.54,-2,-1,0
415,1205740792,5,14,15,14,13,1039,0.28833333333333333,0.6233333333333333,0.27640449438202247,0.6022471910112359,287,0.8371080139372821,0.6132404181184669,7.013937282229965,0.38501742160278746,1562,0.44919786096256686,0.07272727272727272,0.4755134281200632,0.10426540284360189,3308,0.6501158806932692,0.248186215235792,5.4824667472793225,0.3679463925836357,1691,0.6675291073738681,0.03363518758085381,0.7413419913419913,0.010822510822510822,2305,0.6800433839479387,0.7409978308026031,5.2911062906724515,0.3650036153289949,13.6,14.08,13.04,12.58,-1,0,1
416,1205740793,5,13,12,13,12,1040,0.2878535773710483,0.6239600665557404,0.27640449438202247,0.6022471910112359,287,0.8371080139372821,0.6132404181184669,7.013937282229965,0.38501742160278746,1566,0.44930629669156885,0.07257203842049093,0.47401574803149604,0.10551181102362205,3317,0.6497085720028141,0.2481157672595719,5.482665058788061,0.3678524771379762,1694,0.6679586563307494,0.03359173126614987,0.7397408207343412,0.01079913606911447,2313,0.6797088917711481,0.7414613056636403,5.291396454820579,0.36503818994091364,13.58,14.04,13.06,12.56,1,0,1
417,1205740794,5,13,13,13,12,1043,0.28689883913764513,0.6235489220563848,0.27802690582959644,0.600896860986547,289,0.8341983852364474,0.6124567474048442,7.013840830449827,0.3866782006920415,1570,0.45,0.07234042553191489,0.47327044025157233,0.10534591194968554,3322,0.6494832430262897,0.24834437086092714,5.481938591210114,0.36782560706401773,1696,0.6670967741935484,0.03354838709677419,0.7400215749730313,0.010787486515641856,2320,0.6800287356321835,0.7413793103448276,5.292241379310345,0.3651221264367816,13.58,14.02,13.04,12.56,0,0,1
418,1205740795,5,12,12,12,11,1046,0.28760330578512394,0.6231404958677685,0.27740492170022374,0.6017897091722595,290,0.8347701149425286,0.6137931034482759,7.0137931034482754,0.38620689655172413,1575,0.4502118644067797,0.07203389830508475,0.4725274725274725,0.10675039246467818,3333,0.6493899389938997,0.24842484248424843,5.480948094809481,0.36773677367736785,1701,0.6666666666666666,0.03346203346203346,0.7397849462365591,0.010752688172043012,2323,0.6802267183240058,0.7417133017649591,5.291863969005596,0.3651886927823217,13.56,13.94,13.0,12.5,0,0,1
419,1205740796,5,14,14,11,12,1049,0.2887788778877888,0.6221122112211221,0.2806236080178174,0.5991091314031181,290,0.8347701149425286,0.6137931034482759,7.0137931034482754,0.38620689655172413,1577,0.4497354497354497,0.07195767195767196,0.4717868338557994,0.10815047021943573,3341,0.6493315374638335,0.24812930260401078,5.481592337623466,0.3679038212112143,1704,0.6662387676508345,0.03337612323491656,0.7400644468313641,0.010741138560687433,2329,0.6799771003291823,0.7410905968226706,5.2924001717475315,0.36514240732789466,13.54,13.94,12.92,12.5,0,3,2
420,1205740797,5,14,11,14,11,1050,0.2887788778877888,0.6221122112211221,0.28,0.6,291,0.8353379152348223,0.6151202749140894,7.013745704467354,0.3857388316151203,1586,0.4494736842105263,0.07157894736842105,0.4735202492211838,0.10903426791277258,3347,0.6493128174484617,0.24798326859874514,5.481326561099492,0.3679165421770741,1709,0.6649616368286445,0.03324808184143223,0.7406216505894962,0.010718113612004287,2334,0.6793773207654951,0.7407883461868038,5.29305912596401,0.3653241930876892,13.56,13.92,12.96,12.48,3,0,3
421,1205740798,5,11,11,14,15,1054,0.2878289473684211,0.6233552631578947,0.27876106194690264,0.6017699115044248,292,0.8359018264840181,0.6164383561643836,7.013698630136986,0.3852739726027397,1590,0.45178197064989517,0.07127882599580712,0.4735202492211838,0.10903426791277258,3355,0.6494038748137113,0.24828614008941877,5.481967213114754,0.367858917039245,1712,0.6645408163265306,0.03443877551020408,0.7398286937901499,0.010706638115631691,2342,0.6785510959294047,0.7408198121263877,5.295046968403074,0.36546399089097636,13.56,13.86,13.0,12.54,0,-3,-4
422,1205740799,5,13,12,15,12,1056,0.28688524590163933,0.6245901639344262,0.27876106194690264,0.6017699115044248,293,0.83646188850967,0.6143344709897611,7.013651877133106,0.3848122866894198,1591,0.45178197064989517,0.07127882599580712,0.47433903576982894,0.1088646967340591,3366,0.6498068924539517,0.24806892453951276,5.483957219251337,0.36762230144583097,1716,0.664968152866242,0.034394904458598725,0.7385272145144077,0.010672358591248666,2346,0.6782466609832334,0.7404092071611253,5.294970161977835,0.3655868144359193,13.54,13.8,13.0,12.52,1,-2,1
423,1205740800,5,16,16,14,15,1061,0.2875816993464052,0.6241830065359477,0.27692307692307694,0.6021978021978022,293,0.83646188850967,0.6143344709897611,7.013651877133106,0.3848122866894198,1593,0.4513089005235602,0.0712041884816754,0.4751552795031056,0.10869565217391304,3373,0.6499407056033208,0.24844352208716278,5.483545804921435,0.36774878940606787,1718,0.664968152866242,0.034394904458598725,0.739084132055378,0.010649627263045794,2354,0.6782781081846498,0.7395921835174172,5.294392523364486,0.36551260266213537,13.6,13.82,13.02,12.6,0,2,1
424,1205740801,5,12,14,14,13,1070,0.2875605815831987,0.6235864297253635,0.2778993435448578,0.5995623632385121,294,0.837018140589569,0.6122448979591837,7.01360544217687,0.3852040816326531,1594,0.45083682008368203,0.07217573221757322,0.4751552795031056,0.10869565217391304,3380,0.6499753451676532,0.2485207100591716,5.482840236686391,0.36787475345167664,1721,0.6653944020356234,0.03435114503816794,0.7396386822529224,0.010626992561105207,2359,0.6786067542744096,0.7401441288681645,5.293768545994065,0.36569167726437757,13.56,13.82,13.06,12.64,-2,-2,-1
425,1205740802,5,15,15,13,13,1071,0.2887096774193548,0.6225806451612903,0.2778993435448578,0.5995623632385121,294,0.837018140589569,0.6122448979591837,7.01360544217687,0.3852040816326531,1598,0.4498956158663883,0.07306889352818371,0.47523219814241485,0.10835913312693499,3389,0.6495770630471136,0.24874594275597522,5.482738270876364,0.3679305596537819,1730,0.6641318124207858,0.034220532319391636,0.7412882787750792,0.010559662090813094,2361,0.6786672313991242,0.7403642524354087,5.2935196950444725,0.365699562332345,13.56,13.88,13.08,12.6,0,2,2
426,1205740803,5,14,14,13,12,1071,0.2887096774193548,0.6225806451612903,0.2778993435448578,0.5995623632385121,294,0.837018140589569,0.6122448979591837,7.01360544217687,0.3852040816326531,1605,0.4501039501039501,0.07276507276507277,0.47303543913713403,0.10785824345146379,3397,0.6489304288097344,0.24874889608478068,5.483073299970562,0.36772642527720545,1731,0.6645569620253164,0.03417721518987342,0.7412882787750792,0.010559662090813094,2369,0.6794005909666522,0.7408189109328831,5.293794850147742,0.36573096946672295,13.58,13.9,13.08,12.62,0,1,2
427,1205740804,5,13,16,12,13,1074,0.2877813504823151,0.6237942122186495,0.27729257641921395,0.6004366812227074,295,0.8341807909604518,0.6135593220338983,7.013559322033898,0.3847457627118644,1609,0.45020746887966806,0.07261410788381743,0.4715821812596006,0.10752688172043011,3405,0.6494615761135588,0.24875183553597652,5.483113069016153,0.36759667156142933,1735,0.6654040404040404,0.03409090909090909,0.7418335089567967,0.01053740779768177,2376,0.6786616161616158,0.7407407407407407,5.292929292929293,0.3657056677890011,13.56,13.94,13.06,12.62,-3,1,0
428,1205740805,5,13,15,14,11,1075,0.28892455858747995,0.622792937399679,0.27729257641921395,0.6004366812227074,296,0.8347409909909909,0.6148648648648649,7.013513513513513,0.3842905405405405,1612,0.44974093264248705,0.07253886010362694,0.47320061255742724,0.10719754977029096,3414,0.6497998437805119,0.24838898652606914,5.483596953719976,0.3675551650068347,1742,0.6662468513853904,0.03400503778337532,0.7421383647798742,0.010482180293501049,2380,0.6783613445378147,0.7411764705882353,5.29327731092437,0.3657563025210084,13.54,13.96,13.06,12.58,-2,-1,2
429,1205740806,5,11,11,13,10,1077,0.288,0.624,0.27729257641921395,0.6004366812227074,298,0.8324944071588365,0.6140939597315436,7.0134228187919465,0.38338926174496646,1615,0.44881075491209926,0.07238883143743537,0.4740061162079511,0.10703363914373089,3423,0.6496981205570166,0.24802804557405783,5.484370435290681,0.3674651864835915,1746,0.6666666666666666,0.033962264150943396,0.7398119122257053,0.01044932079414838,2385,0.6781970649895175,0.740880503144654,5.292662473794549,0.36572327044025155,13.48,13.92,13.04,12.52,0,-2,1
430,1205740807,5,15,15,14,13,1078,0.288,0.624,0.2766884531590414,0.6013071895424836,299,0.8330546265328872,0.6153846153846154,7.013377926421405,0.38294314381270905,1618,0.44891640866873067,0.07223942208462332,0.47480916030534354,0.10687022900763359,3431,0.6492033420771401,0.24803264354415622,5.484698338676771,0.36748275527057234,1749,0.6670854271356784,0.03391959798994975,0.7403545359749739,0.010427528675703858,2392,0.677884615384615,0.7403846153846154,5.29180602006689,0.3658026755852843,13.52,13.96,13.08,12.52,0,1,2
431,1205740808,5,13,15,15,13,1081,0.28753993610223644,0.6246006389776357,0.27765726681127983,0.6008676789587852,301,0.8330564784053154,0.6112956810631229,7.01328903654485,0.38372093023255816,1620,0.4490216271884655,0.07209062821833162,0.47480916030534354,0.10687022900763359,3439,0.6500193854802756,0.2477464379179994,5.48531549869148,0.3673063875157508,1754,0.6670854271356784,0.03391959798994975,0.7396265560165975,0.01037344398340249,2396,0.6777963272120197,0.7404006677796328,5.292153589315526,0.3657136894824708,13.46,13.92,13.14,12.5,-2,-2,0
432,1205740809,5,12,14,14,13,1083,0.28821656050955413,0.6242038216560509,0.27765726681127983,0.6008676789587852,301,0.8330564784053154,0.6112956810631229,7.01328903654485,0.38372093023255816,1626,0.4487704918032787,0.07274590163934426,0.4740853658536585,0.10670731707317073,3445,0.6499032414126757,0.24789550072568942,5.4856313497822935,0.36717464925012105,1758,0.6666666666666666,0.03508771929824561,0.7401656314699793,0.010351966873706004,2402,0.6786011656952535,0.7410491257285595,5.29225645295587,0.3654246461282265,13.42,13.92,13.12,12.54,-2,-2,-1
433,1205740810,5,15,15,12,13,1083,0.28821656050955413,0.6242038216560509,0.27765726681127983,0.6008676789587852,302,0.8336092715231787,0.6125827814569537,7.013245033112582,0.3832781456953642,1626,0.4487704918032787,0.07274590163934426,0.4740853658536585,0.10670731707317073,3454,0.6500916811426369,0.24753908511870296,5.485524030110017,0.36708646979347626,1762,0.66625,0.035,0.7396694214876033,0.010330578512396695,2408,0.6777408637873751,0.7416943521594684,5.292358803986711,0.3651370431893688,13.46,13.94,13.08,12.6,0,3,2
434,1205740811,5,13,14,14,13,1086,0.28888888888888886,0.6238095238095238,0.2792207792207792,0.5995670995670995,302,0.8336092715231787,0.6125827814569537,7.013245033112582,0.3832781456953642,1629,0.44933469805527126,0.07267144319344933,0.4726443768996961,0.10638297872340426,3462,0.6498411322934724,0.24783362218370883,5.484690930098209,0.3673213941844792,1765,0.66541822721598,0.03495630461922597,0.7391752577319588,0.010309278350515464,2413,0.677994198093659,0.7414007459593867,5.292167426440116,0.3648984666390385,13.42,13.96,13.08,12.62,-1,-1,0
435,1205740812,5,11,14,11,16,1091,0.28955696202531644,0.6234177215189873,0.27741935483870966,0.6021505376344086,303,0.834158415841584,0.6138613861386139,7.013201320132013,0.38283828382838286,1633,0.4475025484199796,0.07543323139653414,0.4726443768996961,0.10638297872340426,3468,0.6498702422145333,0.24798154555940022,5.484140715109573,0.3673346789696271,1771,0.6645885286783042,0.034912718204488775,0.7384615384615385,0.010256410256410256,2419,0.678586192641587,0.7416287722199256,5.291442744935924,0.3648201736254651,13.36,13.94,13.0,12.68,-3,0,-5
436,1205740813,5,12,13,14,11,1094,0.29067930489731436,0.6224328593996841,0.278372591006424,0.6017130620985011,305,0.8352459016393441,0.6098360655737705,7.0131147540983605,0.38278688524590165,1639,0.44771573604060916,0.07614213197969544,0.4727272727272727,0.10606060606060606,3473,0.6496544773970635,0.2484883386121509,5.484307515116614,0.3672377387465209,1773,0.663760896637609,0.034869240348692404,0.7377049180327869,0.010245901639344262,2427,0.6786155747836832,0.7412443345694273,5.291718170580964,0.36495673671199014,13.34,13.94,13.02,12.62,-1,-2,1
437,1205740814,5,14,13,12,14,1095,0.2902208201892745,0.6230283911671924,0.278372591006424,0.6017130620985011,306,0.83578431372549,0.6078431372549019,7.0130718954248366,0.38235294117647056,1644,0.44680851063829785,0.07598784194528875,0.4751131221719457,0.10558069381598793,3480,0.6500718390804602,0.24856321839080459,5.48448275862069,0.36721743295019166,1777,0.6629353233830846,0.03482587064676617,0.7374872318692544,0.010214504596527068,2433,0.6789286203589529,0.7418824496506371,5.291820797369502,0.36508425811755035,13.4,13.9,13.02,12.66,1,2,0
438,1205740815,5,13,14,11,14,1096,0.28976377952755905,0.6236220472440945,0.278372591006424,0.6017130620985011,308,0.8352272727272726,0.6038961038961039,7.012987012987013,0.3823051948051948,1647,0.44635627530364375,0.07591093117408906,0.4766917293233083,0.10526315789473684,3489,0.6501146460303816,0.24906850100315275,5.485812553740327,0.36720168147511234,1783,0.6608910891089109,0.034653465346534656,0.7370030581039755,0.010193679918450561,2438,0.6792452830188676,0.7415914684167351,5.292042657916324,0.36515586546349466,13.38,13.9,13.02,12.66,-1,2,-1
439,1205740816,5,14,12,10,12,1098,0.2893081761006289,0.6242138364779874,0.2777777777777778,0.6025641025641025,309,0.8357605177993526,0.6019417475728155,7.0129449838187705,0.3826860841423948,1649,0.44691607684529827,0.07583417593528817,0.47597597597597596,0.10510510510510511,3497,0.6504384710704417,0.24907063197026022,5.485845010008579,0.367148031646173,1788,0.6604938271604939,0.0345679012345679,0.7367886178861789,0.01016260162601626,2443,0.6789466502933548,0.7413016782644289,5.29185427752763,0.36522717969709373,13.4,13.86,12.94,12.66,2,4,2
440,1205740817,5,16,15,14,13,1099,0.2893081761006289,0.6242138364779874,0.279317697228145,0.6012793176972282,310,0.836290322580645,0.6,7.012903225806451,0.38306451612903225,1652,0.44646464646464645,0.07575757575757576,0.47604790419161674,0.10479041916167664,3504,0.6505660197869106,0.24885844748858446,5.4854452054794525,0.36705669710806704,1792,0.6613300492610837,0.034482758620689655,0.7373225152129818,0.010141987829614604,2447,0.6788584661490257,0.7409072333469554,5.291785860237025,0.3652431548835309,13.44,13.88,12.92,12.68,1,2,3
441,1205740818,5,11,12,11,11,1101,0.28885400313971743,0.6248037676609105,0.27872340425531916,0.6021276595744681,311,0.8357449088960341,0.6012861736334405,7.012861736334405,0.3842443729903537,1657,0.44556451612903225,0.07560483870967742,0.47391952309985097,0.10432190760059612,3511,0.6509778790468057,0.24836228994588436,5.486755909997152,0.3668233171935822,1795,0.6609336609336609,0.03562653562653563,0.7365754812563323,0.010131712259371834,2454,0.679095354523227,0.741238793806031,5.293398533007335,0.3652200488997555,13.38,13.84,12.88,12.64,-1,0,0
442,1205740819,5,15,15,12,12,1102,0.28996865203761757,0.6238244514106583,0.27872340425531916,0.6021276595744681,311,0.8357449088960341,0.6012861736334405,7.012861736334405,0.3842443729903537,1662,0.4442211055276382,0.0763819095477387,0.4739970282317979,0.10401188707280833,3517,0.6508624774902857,0.24850725049758315,5.487062837645721,0.36678987773670746,1798,0.6609336609336609,0.03562653562653563,0.7373737373737373,0.010101010101010102,2463,0.6790499390986598,0.7413723101908242,5.293138449045879,0.3655433752875897,13.4,13.88,12.88,12.64,0,3,3
443,1205740820,5,14,14,13,13,1106,0.29127725856697817,0.6230529595015576,0.27872340425531916,0.6021276595744681,312,0.8362713675213674,0.6025641025641025,7.012820512820513,0.38461538461538464,1667,0.44332998996990974,0.07622868605817452,0.47633136094674555,0.10355029585798817,3524,0.6508465758607647,0.24801362088535756,5.486379114642451,0.36684165720771855,1802,0.6605392156862745,0.03553921568627451,0.7368951612903226,0.010080645161290322,2467,0.679164977705715,0.7413862991487636,5.293068504256182,0.3655587082826645,13.36,13.84,12.92,12.58,0,1,1
444,1205740821,5,13,14,11,13,1107,0.29237947122861585,0.6220839813374806,0.27872340425531916,0.6021276595744681,313,0.8367944621938231,0.6038338658146964,7.012779552715655,0.384185303514377,1672,0.44455544455544455,0.07592407592407592,0.4771048744460857,0.103397341211226,3532,0.6506464703661764,0.2480181200453001,5.48669309173273,0.3669309173272934,1806,0.6589242053789731,0.03667481662591687,0.7364185110663984,0.011066398390342052,2473,0.6795390214314594,0.7420137484836231,5.294379296401132,0.36527833939884086,13.36,13.82,12.92,12.64,-1,2,0
445,1205740822,5,15,14,13,13,1108,0.29347826086956524,0.6211180124223602,0.27872340425531916,0.6021276595744681,314,0.8373142250530784,0.6019108280254777,7.012738853503185,0.38455414012738853,1675,0.4441117764471058,0.07584830339321358,0.47717231222385864,0.10456553755522828,3540,0.6507297551789082,0.24774011299435028,5.487570621468927,0.3668079096045198,1810,0.6581196581196581,0.03663003663003663,0.7372116349047142,0.011033099297893681,2480,0.6796370967741932,0.7423387096774193,5.29516129032258,0.36515456989247314,13.36,13.82,12.92,12.64,1,2,2
446,1205740823,5,13,14,12,14,1109,0.2930232558139535,0.6217054263565891,0.27872340425531916,0.6021276595744681,315,0.8378306878306877,0.6031746031746031,7.012698412698413,0.38412698412698415,1685,0.4428997020854022,0.07547169811320754,0.4766081871345029,0.10526315789473684,3545,0.6505641748942176,0.24823695345557123,5.487165021156558,0.3669252468265163,1812,0.6585365853658537,0.036585365853658534,0.7374749498997996,0.011022044088176353,2486,0.6804102976669345,0.7421560740144811,5.295253419147224,0.3649772056851703,13.34,13.8,12.86,12.7,-1,1,-1
447,1205740824,5,15,16,14,13,1109,0.2930232558139535,0.6217054263565891,0.27872340425531916,0.6021276595744681,315,0.8378306878306877,0.6031746031746031,7.012698412698413,0.38412698412698415,1695,0.4452122408687068,0.07601184600197433,0.4752906976744186,0.10465116279069768,3548,0.6504603532506581,0.24859075535512964,5.487034949267192,0.3671786922209696,1814,0.6577344701583435,0.03654080389768575,0.7377377377377378,0.011011011011011011,2495,0.680961923847695,0.7418837675350701,5.2953907815631265,0.36536406145624584,13.36,13.86,12.86,12.7,-1,1,2
448,1205740825,5,14,15,13,12,1111,0.29256965944272445,0.6222910216718266,0.2781316348195329,0.6029723991507431,316,0.83834388185654,0.6012658227848101,7.012658227848101,0.38449367088607594,1697,0.4457593688362919,0.07593688362919132,0.4746008708272859,0.10449927431059507,3556,0.649887514060743,0.24859392575928008,5.486501687289089,0.36733689538807657,1818,0.656934306569343,0.0364963503649635,0.7385229540918163,0.010978043912175649,2501,0.681060908969745,0.7421031587365055,5.29468212714914,0.3654871384779422,13.42,13.92,12.86,12.66,-1,1,2
449,1205740826,5,11,11,11,10,1112,0.29256965944272445,0.6222910216718266,0.2775423728813559,0.6038135593220338,316,0.83834388185654,0.6012658227848101,7.012658227848101,0.38449367088607594,1699,0.4457593688362919,0.07593688362919132,0.4732272069464544,0.10419681620839363,3563,0.6495930395733938,0.24894751613808588,5.48835251192815,0.3672467022172327,1821,0.6565533980582524,0.03640776699029126,0.7387836490528414,0.010967098703888335,2508,0.6816852737905366,0.7416267942583732,5.297846889952153,0.3655967570441255,13.4,13.82,12.8,12.6,0,0,1
450,1205740827,5,14,13,15,13,1115,0.2921174652241113,0.6228748068006182,0.27637130801687765,0.6033755274261603,316,0.83834388185654,0.6012658227848101,7.012658227848101,0.38449367088607594,1701,0.44532019704433495,0.07586206896551724,0.4725433526011561,0.10404624277456648,3573,0.6501072861274378,0.24937027707808565,5.488944864259726,0.3671284634760706,1826,0.6577992744860943,0.036275695284159616,0.7383084577114428,0.010945273631840797,2513,0.6819206791351634,0.7409470752089137,5.297652208515718,0.3656652075872132,13.42,13.86,12.86,12.62,1,-1,1
451,1205740828,5,12,13,13,11,1119,0.2907692307692308,0.6246153846153846,0.27578947368421053,0.6042105263157894,317,0.8388538380651944,0.6025236593059937,7.012618296529968,0.3840694006309148,1707,0.44597249508840864,0.0756385068762279,0.47338129496402875,0.10359712230215827,3580,0.6496741154562389,0.24916201117318434,5.488268156424581,0.3671554934823092,1829,0.6577992744860943,0.036275695284159616,0.7380952380952381,0.010912698412698412,2520,0.6814153439153435,0.7404761904761905,5.2976190476190474,0.36593915343915345,13.38,13.86,12.88,12.58,-1,-1,1
452,1205740829,5,13,14,15,13,1122,0.29249617151607965,0.6232771822358346,0.27578947368421053,0.6042105263157894,318,0.8362159329140461,0.6037735849056604,7.012578616352202,0.3836477987421384,1713,0.44607843137254904,0.07549019607843137,0.47067238912732473,0.10300429184549356,3585,0.650069735006974,0.2496513249651325,5.488702928870293,0.36720130172013027,1831,0.6582125603864735,0.036231884057971016,0.7383548067393458,0.010901883052527254,2528,0.6817642405063287,0.7401107594936709,5.297072784810126,0.3659678270042194,13.34,13.82,12.92,12.6,-1,-2,0
453,1205740830,5,11,16,14,12,1125,0.29249617151607965,0.6232771822358346,0.27405857740585776,0.606694560669456,319,0.8351619644723092,0.6050156739811913,7.012539184952978,0.38557993730407525,1717,0.4461839530332681,0.07534246575342465,0.4693295292439372,0.10271041369472182,3597,0.6499860995273844,0.2493744787322769,5.48790658882402,0.36708831433602085,1835,0.6586248492159228,0.03618817852834741,0.7381422924901185,0.010869565217391304,2532,0.6812796208530801,0.7397314375987362,5.29739336492891,0.36598209583991576,13.3,13.88,12.98,12.58,-5,-3,-1
454,1205740831,5,15,15,11,12,1125,0.29249617151607965,0.6232771822358346,0.27405857740585776,0.606694560669456,320,0.8356770833333332,0.603125,7.0125,0.38515625,1717,0.4461839530332681,0.07534246575342465,0.4693295292439372,0.10271041369472182,3610,0.6496306555863347,0.24958448753462603,5.488365650969529,0.3672899353647277,1838,0.6594464500601684,0.036101083032490974,0.7384007897334649,0.01085883514313919,2537,0.681907765076862,0.7402443831296808,5.2968072526606225,0.3658520562343976,13.32,13.86,12.96,12.56,0,4,3
455,1205740832,5,14,14,14,14,1129,0.2922374429223744,0.6225266362252664,0.27405857740585776,0.606694560669456,320,0.8356770833333332,0.603125,7.0125,0.38515625,1723,0.4462890625,0.076171875,0.46808510638297873,0.10212765957446808,3614,0.6496033942077112,0.24930824571112342,5.488101826231323,0.36729846891717405,1841,0.6602641056422569,0.03601440576230492,0.7386587771203156,0.010848126232741617,2545,0.6823182711198423,0.7398821218074656,5.2990176817288805,0.36578258022265886,13.32,13.86,12.94,12.6,0,0,0
456,1205740833,5,11,13,11,11,1130,0.2917933130699088,0.6231003039513677,0.27405857740585776,0.606694560669456,321,0.8361889927310487,0.6012461059190031,7.012461059190031,0.3855140186915888,1732,0.446064139941691,0.07677356656948493,0.4682651622002821,0.10155148095909731,3620,0.6496316758747702,0.2488950276243094,5.487845303867403,0.3671731123388583,1845,0.6602641056422569,0.03601440576230492,0.737721021611002,0.010805500982318271,2550,0.6829411764705878,0.7392156862745098,5.29843137254902,0.3658496732026144,13.28,13.86,12.88,12.56,-2,0,0
457,1205740834,5,14,10,13,14,1133,0.2924242424242424,0.6227272727272727,0.27348643006263046,0.6075156576200418,322,0.8366977225672877,0.6024844720496895,7.012422360248447,0.38509316770186336,1738,0.44724104549854793,0.07647628267182963,0.46835443037974683,0.10267229254571027,3627,0.6494807462549402,0.24896608767576509,5.487455197132617,0.3672916092270932,1850,0.6602870813397129,0.03588516746411483,0.7382352941176471,0.010784313725490196,2555,0.6831702544031306,0.7385518590998043,5.298238747553816,0.3656229615133725,13.3,13.78,12.86,12.58,4,1,0
458,1205740835,5,13,12,12,12,1137,0.2911010558069382,0.6229260935143288,0.275,0.60625,323,0.8372033023735809,0.6037151702786377,7.012383900928793,0.3846749226006192,1741,0.44680851063829785,0.07640232108317214,0.4670406732117812,0.10378681626928471,3632,0.6496879588839946,0.2488986784140969,5.487334801762114,0.36719897209985325,1855,0.6603098927294399,0.03575685339690107,0.7377690802348337,0.010763209393346379,2561,0.6832617467135229,0.7383834439672003,5.297540023428349,0.3657425484836653,13.26,13.74,12.84,12.56,1,1,1
459,1205740836,5,13,16,12,13,1140,0.29066265060240964,0.6234939759036144,0.27385892116182575,0.6078838174273858,323,0.8372033023735809,0.6037151702786377,7.012383900928793,0.3846749226006192,1744,0.4469111969111969,0.07625482625482626,0.4677871148459384,0.10364145658263306,3641,0.6498672525862863,0.24883273825872013,5.4872287833012905,0.3671152613750802,1860,0.6607142857142857,0.03571428571428571,0.7368421052631579,0.010721247563352826,2566,0.6836840737853983,0.7381137957911146,5.297739672642245,0.36590672902052485,13.26,13.74,12.8,12.54,-3,1,0
460,1205740837,5,13,14,12,12,1145,0.2904191616766467,0.624251497005988,0.2732919254658385,0.6066252587991718,323,0.8372033023735809,0.6037151702786377,7.012383900928793,0.3846749226006192,1746,0.446480231436837,0.07618129218900675,0.46853146853146854,0.1034965034965035,3651,0.6497306673970606,0.24815119145439607,5.487263763352506,0.36706838309139056,1862,0.6607142857142857,0.03571428571428571,0.7373540856031129,0.010700389105058366,2572,0.6832555728356656,0.7383359253499222,5.297433903576983,0.3660251425609124,13.22,13.72,12.76,12.52,-1,1,1
461,1205740838,5,11,10,14,12,1149,0.28955223880597014,0.6238805970149254,0.27422680412371137,0.6061855670103092,324,0.8346193415637859,0.6018518518518519,7.012345679012346,0.38425925925925924,1749,0.4460500963391137,0.07610789980732177,0.4686192468619247,0.10460251046025104,3659,0.6502231939509889,0.2478819349549057,5.487838207160427,0.36722237405484204,1864,0.6599286563614745,0.0356718192627824,0.7366375121477162,0.010689990281827016,2580,0.6834625322997411,0.737984496124031,5.296899224806202,0.3659560723514212,13.18,13.64,12.82,12.5,1,-3,-1
462,1205740839,5,15,15,15,15,1151,0.2906110283159464,0.6229508196721312,0.2736625514403292,0.6069958847736625,325,0.835128205128205,0.6,7.012307692307692,0.38461538461538464,1752,0.4461538461538462,0.07596153846153846,0.467966573816156,0.10445682451253482,3670,0.6497729336966399,0.24768392370572206,5.488010899182561,0.36741598546775667,1868,0.66073546856465,0.03558718861209965,0.7371483996120272,0.01066925315227934,2585,0.6834300451321723,0.7384912959381045,5.296711798839459,0.36592520954223084,13.22,13.68,12.9,12.56,0,0,0
463,1205740840,5,15,14,13,13,1154,0.2916666666666667,0.6220238095238095,0.2725409836065574,0.6065573770491803,325,0.835128205128205,0.6,7.012307692307692,0.38461538461538464,1757,0.4472168905950096,0.07581573896353166,0.46740638002773927,0.10402219140083217,3674,0.6498820540736713,0.24741426238432226,5.4880239520958085,0.3673561966975141,1870,0.6611374407582938,0.035545023696682464,0.7374031007751938,0.01065891472868217,2593,0.6838282555598401,0.7381411492479754,5.297338989587351,0.3658567939323821,13.26,13.66,12.94,12.6,1,2,2
464,1205740841,5,11,13,13,11,1157,0.2922848664688427,0.6216617210682492,0.2719836400817996,0.6073619631901841,326,0.8356339468302657,0.6012269938650306,7.012269938650307,0.38420245398773006,1764,0.44656488549618323,0.07633587786259542,0.46814404432132967,0.1038781163434903,3680,0.6504528985507251,0.24728260869565216,5.487771739130435,0.36718750000000006,1872,0.6615384615384615,0.03550295857988166,0.7366892545982575,0.010648596321393998,2600,0.6832692307692303,0.7388461538461538,5.298076923076923,0.36602564102564106,13.24,13.64,12.94,12.58,-2,-2,0
465,1205740842,5,12,16,14,13,1159,0.29142011834319526,0.6227810650887574,0.2719836400817996,0.6073619631901841,327,0.8361365953109071,0.599388379204893,7.01223241590214,0.3845565749235474,1768,0.44666666666666666,0.0761904761904762,0.4696132596685083,0.10359116022099447,3688,0.6503976861894437,0.2470173535791757,5.488069414316703,0.36706887201735366,1875,0.6619385342789598,0.03546099290780142,0.7371980676328502,0.010628019323671498,2608,0.6832822085889565,0.7392638036809815,5.2975460122699385,0.36586145194274033,13.2,13.66,12.94,12.58,-4,-2,-1
466,1205740843,5,14,14,14,10,1161,0.29098966026587886,0.6233382570162481,0.27346938775510204,0.6061224489795919,327,0.8361365953109071,0.599388379204893,7.01223241590214,0.3845565749235474,1772,0.4467680608365019,0.07604562737642585,0.46831955922865015,0.10330578512396695,3699,0.6508966387311891,0.246823465801568,5.487699378210327,0.3671938361719384,1875,0.6619385342789598,0.03546099290780142,0.7371980676328502,0.010628019323671498,2615,0.6827915869980874,0.7395793499043977,5.296749521988528,0.36564690885914597,13.22,13.7,12.96,12.54,0,0,4
467,1205740844,5,13,14,12,12,1162,0.2920353982300885,0.6224188790560472,0.27346938775510204,0.6061224489795919,327,0.8361365953109071,0.599388379204893,7.01223241590214,0.3845565749235474,1774,0.44634377967711303,0.07597340930674264,0.469050894085282,0.1031636863823934,3707,0.650795791745347,0.24656056110062044,5.487456164014027,0.3674804424062585,1881,0.6623376623376623,0.03541912632821724,0.7375,0.010576923076923078,2620,0.682633587786259,0.7396946564885496,5.296946564885496,0.36552162849872777,13.22,13.72,12.94,12.54,-1,1,1
468,1205740845,5,15,14,12,12,1163,0.2920353982300885,0.6224188790560472,0.2729124236252546,0.6069246435845214,328,0.8366361788617885,0.600609756097561,7.012195121951219,0.38414634146341464,1778,0.4459203036053131,0.07590132827324478,0.4684931506849315,0.10273972602739725,3713,0.6513600861836794,0.24616213304605442,5.486937786156747,0.3674252625908969,1886,0.6623529411764706,0.03529411764705882,0.738003838771593,0.01055662188099808,2625,0.6828571428571424,0.7394285714285714,5.296761904761905,0.36549206349206353,13.28,13.76,12.94,12.56,1,3,3
469,1205740846,5,11,11,11,12,1165,0.2920353982300885,0.6224188790560472,0.2738336713995943,0.6064908722109533,329,0.8356129685916919,0.601823708206687,7.0121580547112465,0.3844984802431611,1784,0.44517958412098296,0.07655954631379962,0.4685792349726776,0.10245901639344263,3720,0.6509408602150542,0.24623655913978496,5.486290322580645,0.3674059139784947,1889,0.6615746180963572,0.036427732079905996,0.7375478927203065,0.01053639846743295,2632,0.6829407294832821,0.7386018237082067,5.296732522796352,0.3651849037487336,13.22,13.7,12.94,12.56,0,0,-1
470,1205740847,5,13,13,11,12,1166,0.2916053019145803,0.6229749631811488,0.2738336713995943,0.6064908722109533,329,0.8356129685916919,0.601823708206687,7.0121580547112465,0.3844984802431611,1788,0.44622641509433963,0.07641509433962264,0.4673024523160763,0.10217983651226158,3730,0.6508042895442363,0.24664879356568364,5.487131367292225,0.3671581769436998,1891,0.6619718309859155,0.036384976525821594,0.737799043062201,0.010526315789473684,2638,0.6832196108162744,0.7380591357088704,5.296815769522365,0.3652072276977508,13.2,13.74,12.88,12.58,0,2,1
471,1205740848,5,15,12,15,15,1168,0.2922173274596182,0.6226138032305433,0.2738336713995943,0.6064908722109533,329,0.8356129685916919,0.601823708206687,7.0121580547112465,0.3844984802431611,1790,0.4472693032015066,0.07627118644067797,0.4673024523160763,0.10217983651226158,3739,0.6508424712489974,0.2463225461353303,5.487296068467504,0.3670098956940359,1896,0.6623681125439624,0.03634232121922626,0.7359389895138226,0.010486177311725452,2643,0.6834405347458691,0.7385546727203935,5.296632614453273,0.3651784588220457,13.28,13.76,12.9,12.58,3,0,0
472,1205740849,5,13,13,13,13,1171,0.2909356725146199,0.6242690058479532,0.2738336713995943,0.6064908722109533,330,0.836111111111111,0.603030303030303,7.012121212121212,0.38484848484848483,1791,0.4477892756349953,0.0761994355597366,0.4673024523160763,0.10217983651226158,3748,0.6511028103877627,0.24653148345784417,5.486926360725721,0.36719583778014947,1904,0.661610268378063,0.03617269544924154,0.7369420702754036,0.010446343779677113,2645,0.6836798991808438,0.7387523629489603,5.296786389413989,0.3652804032766226,13.28,13.78,12.86,12.6,0,0,0
473,1205740850,5,13,12,13,12,1175,0.29300291545189505,0.6224489795918368,0.27474747474747474,0.6060606060606061,330,0.836111111111111,0.603030303030303,7.012121212121212,0.38484848484848483,1792,0.4473684210526316,0.07706766917293233,0.4673024523160763,0.10217983651226158,3758,0.6510998758204722,0.24640766365087813,5.486961149547632,0.3672166045769027,1907,0.662004662004662,0.03613053613053613,0.7364928909952607,0.01042654028436019,2652,0.6833836098541975,0.7394419306184012,5.296757164404223,0.36535319255907495,13.22,13.7,12.84,12.54,1,0,1
474,1205740851,5,15,13,11,13,1176,0.29300291545189505,0.6224489795918368,0.27419354838709675,0.6068548387096774,331,0.8366062437059415,0.6042296072507553,7.0120845921450154,0.3851963746223565,1795,0.4474671669793621,0.07786116322701689,0.46802721088435373,0.10204081632653061,3766,0.6511771995043375,0.2458842272968667,5.4869888475836435,0.36741016109045854,1914,0.6608594657375145,0.03716608594657375,0.7355996222851747,0.010387157695939566,2657,0.6839794254171366,0.7391795257809559,5.29619872036131,0.3652615732028604,13.28,13.68,12.78,12.54,2,4,2
475,1205740852,5,14,10,12,11,1183,0.2937771345875543,0.622286541244573,0.2751004016064257,0.606425702811245,331,0.8366062437059415,0.6042296072507553,7.0120845921450154,0.3851963746223565,1797,0.44662921348314605,0.07865168539325842,0.46802721088435373,0.10204081632653061,3774,0.6505917682388275,0.24615792262851086,5.487016428192899,0.3673600070658895,1917,0.6612529002320185,0.037122969837587005,0.7360980207351555,0.010367577756833177,2662,0.6842599549211115,0.7396694214876033,5.296018031555222,0.3655146506386176,13.26,13.58,12.76,12.5,4,2,3
476,1205740853,5,13,13,12,12,1184,0.29335260115606937,0.6228323699421965,0.2751004016064257,0.606425702811245,331,0.8366062437059415,0.6042296072507553,7.0120845921450154,0.3851963746223565,1799,0.4462114125350795,0.07951356407857811,0.4673913043478261,0.10190217391304347,3784,0.6507223396758285,0.24577167019027485,5.487050739957716,0.36744626497533484,1925,0.6616628175519631,0.03810623556581986,0.7361502347417841,0.010328638497652582,2665,0.6846153846153841,0.7395872420262665,5.296060037523453,0.3654784240150094,13.24,13.56,12.74,12.5,0,1,1
477,1205740854,5,15,14,15,13,1187,0.29335260115606937,0.6228323699421965,0.2754491017964072,0.6067864271457086,332,0.837098393574297,0.6054216867469879,7.0120481927710845,0.38478915662650603,1803,0.446311858076564,0.07936507936507936,0.46612466124661245,0.1016260162601626,3788,0.6502991904259068,0.24551214361140444,5.486536430834214,0.3674982400563183,1930,0.6624423963133641,0.038018433179723504,0.7368913857677902,0.010299625468164793,2671,0.6847622613253458,0.7386746536877574,5.295769374766005,0.36568700861100717,13.28,13.52,12.8,12.5,1,0,2
478,1205740855,5,12,13,11,13,1193,0.29310344827586204,0.6235632183908046,0.27634194831013914,0.6063618290258449,332,0.837098393574297,0.6054216867469879,7.0120481927710845,0.38478915662650603,1806,0.44641192917054984,0.07921714818266543,0.4668470906630582,0.10148849797023005,3793,0.6503647069162496,0.2451885051410493,5.487213287635117,0.36740926267686097,1933,0.6624423963133641,0.038018433179723504,0.7366946778711485,0.01027077497665733,2680,0.6845149253731339,0.7384328358208955,5.295522388059702,0.3658582089552239,13.26,13.48,12.74,12.54,-1,1,-1
479,1205740856,5,14,12,16,13,1196,0.2926829268292683,0.624103299856528,0.27524752475247527,0.6059405940594059,333,0.8375875875875874,0.6036036036036037,7.012012012012012,0.3843843843843844,1810,0.44651162790697674,0.08,0.46558704453441296,0.10121457489878542,3800,0.6504824561403513,0.24526315789473685,5.487368421052632,0.3673903508771931,1939,0.6624569460390356,0.03788748564867968,0.7355679702048417,0.010242085661080074,2686,0.685219657483246,0.7382725241995532,5.295606850335071,0.365692479523455,13.32,13.5,12.8,12.6,2,-2,1
480,1205740857,5,14,13,14,11,1198,0.2922636103151863,0.6246418338108882,0.274703557312253,0.6067193675889329,334,0.8350798403193611,0.6047904191616766,7.0119760479041915,0.38398203592814373,1816,0.44661095636026,0.07985143918291551,0.4671140939597315,0.10067114093959731,3807,0.6507311093599514,0.24481218807459942,5.486997635933806,0.36750284563523344,1942,0.6624569460390356,0.03788748564867968,0.7353760445682451,0.01021355617455896,2692,0.6853640416047543,0.7381129271916791,5.2956909361069835,0.3655274888558693,13.3,13.46,12.8,12.56,1,0,3
481,1205740858,5,12,14,14,12,1200,0.2918454935622318,0.6251788268955651,0.27416173570019725,0.6074950690335306,334,0.8350798403193611,0.6047904191616766,7.0119760479041915,0.38398203592814373,1822,0.4477335800185014,0.08048103607770583,0.46720214190093706,0.10040160642570281,3814,0.6508477538891806,0.24462506554798114,5.486366019926586,0.3673527355357456,1945,0.6624569460390356,0.03788748564867968,0.7351851851851852,0.010185185185185186,2699,0.6850067926392486,0.7384216376435717,5.295294553538348,0.36572187229838216,13.28,13.44,12.78,12.54,-2,-2,0
482,1205740859,5,14,14,15,12,1201,0.29285714285714287,0.6242857142857143,0.27416173570019725,0.6074950690335306,335,0.8335820895522387,0.6029850746268657,7.011940298507462,0.3850746268656716,1827,0.4497695852534562,0.08018433179723503,0.4679144385026738,0.10026737967914438,3821,0.6504405478496035,0.24470034022507198,5.487306987699555,0.3672467940329758,1948,0.6624569460390356,0.03788748564867968,0.7349953831948292,0.010156971375807941,2707,0.6855682797685009,0.7388252678241596,5.295530107129664,0.3655645856421624,13.32,13.44,12.8,12.52,0,-1,2
483,1205740860,5,12,13,15,11,1201,0.29285714285714287,0.6242857142857143,0.27416173570019725,0.6074950690335306,336,0.8340773809523808,0.6041666666666666,7.011904761904762,0.38467261904761907,1831,0.45027624309392267,0.08011049723756906,0.4673768308921438,0.10119840213049268,3825,0.6506753812636169,0.2447058823529412,5.487581699346405,0.3672331154684097,1951,0.6628440366972477,0.03784403669724771,0.7354838709677419,0.010138248847926268,2715,0.6855125844076114,0.7384898710865562,5.299079189686925,0.36559238796807864,13.26,13.4,12.86,12.48,-1,-3,1
484,1205740861,5,14,14,13,13,1202,0.29243937232524964,0.6248216833095578,0.27416173570019725,0.6074950690335306,337,0.8345697329376853,0.6053412462908012,7.01186943620178,0.38427299703264095,1837,0.4504587155963303,0.0798165137614679,0.46613545816733065,0.10092961487383798,3831,0.6509179500565566,0.24458365961889847,5.486818063168886,0.36744105107456726,1956,0.6624713958810069,0.03775743707093822,0.7334558823529411,0.01011029411764706,2722,0.6854028900318387,0.7380602498163116,5.299779573842763,0.36566250306147446,13.28,13.4,12.84,12.48,0,1,1
485,1205740862,5,15,12,12,13,1204,0.2930298719772404,0.6244665718349929,0.27416173570019725,0.6074950690335306,338,0.835059171597633,0.606508875739645,7.011834319526627,0.3838757396449704,1844,0.4506398537477148,0.07952468007312614,0.4669312169312169,0.10052910052910052,3835,0.6510212950890921,0.24432855280312907,5.486571056062582,0.36744893524554556,1961,0.6636259977194983,0.037628278221208664,0.7339449541284404,0.010091743119266056,2728,0.6856060606060601,0.7382697947214076,5.299486803519062,0.3658663245356794,13.36,13.36,12.86,12.42,3,3,2
486,1205740863,5,15,15,16,12,1206,0.29261363636363635,0.625,0.2755905511811024,0.6062992125984252,338,0.835059171597633,0.606508875739645,7.011834319526627,0.3838757396449704,1848,0.45031905195989064,0.07930720145852324,0.4676354029062087,0.10039630118890357,3842,0.6511365608190183,0.2444039562727746,5.486725663716814,0.3674301579038696,1963,0.6636259977194983,0.037628278221208664,0.7344322344322345,0.010073260073260074,2736,0.6848806042884985,0.7383040935672515,5.300073099415204,0.3658930311890839,13.42,13.4,12.9,12.44,0,-1,3
487,1205740864,5,13,12,14,12,1208,0.29320113314447593,0.6246458923512748,0.2755905511811024,0.6062992125984252,339,0.8355457227138642,0.6047197640117994,7.011799410029498,0.38495575221238937,1852,0.45040946314831665,0.0791628753412193,0.466403162055336,0.10013175230566534,3853,0.6505753092828104,0.24448481702569427,5.486114715805866,0.3673544424258155,1968,0.6632536973833902,0.03754266211604096,0.7333333333333333,0.010958904109589041,2741,0.6849689894199192,0.7387814666180226,5.299525720539949,0.36604645506506145,13.4,13.38,12.94,12.4,1,-1,1
488,1205740865,5,14,13,14,14,1210,0.2942008486562942,0.6237623762376238,0.2770137524557957,0.6051080550098232,340,0.8360294117647057,0.6029411764705882,7.011764705882353,0.38529411764705884,1857,0.45058930190389845,0.07887579329102448,0.46710526315789475,0.1,3860,0.650604490500864,0.24430051813471504,5.486787564766839,0.3675302245250433,1971,0.6636363636363637,0.0375,0.7338195077484048,0.010938924339106655,2747,0.6847469967236981,0.7386239534037131,5.298871496177648,0.3661266836548963,13.42,13.36,13.0,12.4,1,0,0
489,1205740866,5,11,13,12,12,1213,0.2937853107344633,0.6242937853107344,0.27788649706457924,0.6046966731898239,340,0.8360294117647057,0.6029411764705882,7.011764705882353,0.38529411764705884,1862,0.45207956600361665,0.07866184448462929,0.4671916010498688,0.09973753280839895,3867,0.6502025687440742,0.24411688647530386,5.486682182570468,0.3676407206275322,1977,0.6640271493212669,0.03733031674208145,0.7333939945404914,0.01091901728844404,2753,0.6850708318198324,0.7384671267707955,5.298946603705049,0.36614602252088635,13.36,13.38,13.04,12.4,-2,-1,-1
490,1205740867,5,14,13,10,13,1216,0.29295774647887324,0.6253521126760564,0.279296875,0.603515625,341,0.8365102639296186,0.6011730205278593,7.011730205278592,0.38563049853372433,1864,0.45167118337850043,0.07859078590785908,0.46788990825688076,0.09960681520314547,3876,0.6499828001375992,0.24484004127966977,5.4865841073271415,0.36781905744754056,1982,0.6644144144144144,0.037162162162162164,0.7327272727272728,0.01090909090909091,2757,0.6849232257284483,0.7381211461733769,5.298512876314835,0.36615886833514694,13.32,13.34,12.96,12.4,1,4,1
491,1205740868,5,13,14,11,11,1219,0.29254571026722925,0.6258790436005626,0.2782101167315175,0.603112840466926,342,0.8369883040935671,0.6023391812865497,7.011695906432749,0.385233918128655,1868,0.45175834084761046,0.07844905320108206,0.46797385620915033,0.10065359477124183,3882,0.6498368538554015,0.2452344152498712,5.4866048428645025,0.3679589558646747,1990,0.6629339305711086,0.036954087346024636,0.7334542157751587,0.010879419764279238,2760,0.6852657004830912,0.7380434782608696,5.298550724637681,0.36612318840579716,13.36,13.38,12.96,12.4,-1,2,2
492,1205740869,5,15,16,13,13,1221,0.29213483146067415,0.6264044943820225,0.2796116504854369,0.6019417475728155,343,0.8374635568513118,0.6034985422740525,7.011661807580175,0.3848396501457726,1870,0.45175834084761046,0.07844905320108206,0.4680573663624511,0.10039113428943937,3892,0.6498372730387123,0.24511819116135664,5.486125385405961,0.36823398424117865,1997,0.6625698324022347,0.03687150837988827,0.733754512635379,0.010830324909747292,2762,0.6853729181752348,0.7375090514120203,5.29833454018827,0.36640115858073863,13.36,13.4,12.98,12.42,-1,2,2
493,1205740870,5,12,13,12,13,1226,0.2909090909090909,0.627972027972028,0.2804642166344294,0.6015473887814313,344,0.8364825581395348,0.6046511627906976,7.011627906976744,0.3851744186046512,1873,0.45135135135135135,0.07837837837837838,0.4681404421326398,0.10013003901170352,3901,0.6503887891993511,0.24480902332735197,5.48526018969495,0.3682816371870462,2002,0.6629464285714286,0.036830357142857144,0.7338129496402878,0.01079136690647482,2766,0.6851048445408527,0.7368040491684743,5.298987707881417,0.36632321041214755,13.32,13.38,12.96,12.42,-1,0,-1
494,1205740871,5,15,14,15,13,1227,0.2909090909090909,0.627972027972028,0.2799227799227799,0.6023166023166023,345,0.8369565217391303,0.6028985507246377,7.011594202898551,0.3847826086956522,1877,0.45103324348607365,0.07816711590296496,0.4688311688311688,0.1,3909,0.6498678263835597,0.2450754668713226,5.485546175492454,0.36823143173872275,2006,0.6622073578595318,0.03678929765886288,0.7345291479820628,0.010762331838565023,2772,0.6845839345839341,0.7366522366522367,5.298701298701299,0.36670274170274175,13.36,13.38,13.04,12.42,1,0,2
495,1205740872,5,14,14,16,12,1230,0.2909090909090909,0.627972027972028,0.2802303262955854,0.6026871401151631,346,0.8374277456647398,0.6040462427745664,7.011560693641618,0.38439306358381503,1881,0.45161290322580644,0.07795698924731183,0.4682230869001297,0.09987029831387809,3917,0.6493064420049361,0.24483022721470513,5.48455450599949,0.3683729044336654,2010,0.6629588431590656,0.03670745272525028,0.7350044762757386,0.010743061772605193,2777,0.6847917416876721,0.7360460929060136,5.298523586604249,0.36667266834713724,13.34,13.38,13.1,12.4,0,-2,2
496,1205740873,5,12,13,12,12,1233,0.2905027932960894,0.6284916201117319,0.27915869980879543,0.6022944550669216,346,0.8374277456647398,0.6040462427745664,7.011560693641618,0.38439306358381503,1884,0.4516994633273703,0.0778175313059034,0.4676165803108808,0.10103626943005181,3925,0.6491295116772827,0.24560509554140128,5.485605095541401,0.3685138004246286,2013,0.6637069922308546,0.03662597114317425,0.7352415026833632,0.01073345259391771,2785,0.6843806104129259,0.7357271095152603,5.299461400359067,0.3666965888689408,13.32,13.36,13.1,12.36,-1,0,0
497,1205740874,5,13,13,12,11,1234,0.2905027932960894,0.6284916201117319,0.2786259541984733,0.6030534351145038,347,0.8378962536023054,0.6051873198847262,7.011527377521614,0.3840057636887608,1887,0.4517857142857143,0.07767857142857143,0.4683053040103493,0.10090556274256145,3933,0.6488261717094673,0.24535977625222477,5.4858886346300535,0.36852699381303516,2016,0.6644518272425249,0.036544850498338874,0.7354781054512958,0.010723860589812333,2792,0.6844555873925496,0.7360315186246418,5.3001432664756445,0.36661294173829995,13.28,13.3,13.06,12.32,0,1,2
498,1205740875,5,14,14,14,11,1238,0.29108635097493035,0.628133704735376,0.279467680608365,0.6026615969581749,347,0.8378962536023054,0.6051873198847262,7.011527377521614,0.3840057636887608,1888,0.45227475468331846,0.07760927743086529,0.4683053040103493,0.10090556274256145,3941,0.6492852913812065,0.24511545293072823,5.4856635371733065,0.3683498266091518,2017,0.6644518272425249,0.036544850498338874,0.7348214285714286,0.010714285714285714,2800,0.6842857142857138,0.7364285714285714,5.300714285714286,0.3665476190476191,13.28,13.28,13.08,12.3,0,0,3
499,1205740876,5,10,14,14,12,1241,0.29108635097493035,0.628133704735376,0.27977315689981097,0.6030245746691871,348,0.8383620689655171,0.6063218390804598,7.011494252873563,0.38362068965517243,1892,0.4514692787177204,0.07747105966162066,0.4670967741935484,0.10064516129032258,3949,0.6492360935257875,0.24461889085844518,5.485439351734616,0.36829999155904464,2019,0.6644518272425249,0.036544850498338874,0.7344028520499108,0.0106951871657754,2805,0.684254307783719,0.7361853832442068,5.300534759358289,0.3666072489601902,13.26,13.34,13.14,12.34,-4,-4,-2
500,1205740877,5,14,14,14,14,1244,0.2912621359223301,0.6282940360610264,0.27977315689981097,0.6030245746691871,349,0.8388252148997133,0.6074498567335244,7.011461318051576,0.3832378223495702,1899,0.4521276595744681,0.07712765957446809,0.46846846846846846,0.10038610038610038,3952,0.6489962887989208,0.24493927125506074,5.4853238866396765,0.3683367071524968,2022,0.6640883977900552,0.036464088397790057,0.7346393588601959,0.01068566340160285,2814,0.6836650082918735,0.7359630419331912,5.299928926794599,0.3665008291873964,13.26,13.36,13.12,12.36,0,0,0
501,1205740878,5,12,13,14,11,1246,0.2912621359223301,0.6282940360610264,0.2806026365348399,0.6026365348399246,351,0.8397435897435895,0.6068376068376068,7.011396011396012,0.38247863247863245,1902,0.452212389380531,0.07699115044247788,0.4691516709511568,0.10025706940874037,3959,0.6486065504757097,0.2450113665066936,5.485476130335943,0.3682537677864782,2024,0.6637265711135611,0.037486218302094816,0.7346393588601959,0.01068566340160285,2822,0.6834987006850928,0.735648476257973,5.300850460666195,0.36643633356957245,13.26,13.36,13.14,12.36,-1,-2,1
502,1205740879,5,14,14,12,12,1246,0.2912621359223301,0.6282940360610264,0.2806026365348399,0.6026365348399246,352,0.8401988636363634,0.6051136363636364,7.011363636363637,0.3821022727272727,1904,0.45181255526083114,0.07692307692307693,0.46983311938382544,0.10012836970474968,3969,0.6486100613084744,0.2454018644494835,5.486016628873772,0.3682707650961621,2025,0.6640969162995595,0.037444933920704845,0.7346393588601959,0.01068566340160285,2829,0.6833981383292088,0.7355956168257335,5.301519971721456,0.36650170849534586,13.28,13.36,13.08,12.34,0,2,2
503,1205740880,5,16,14,14,13,1247,0.2912621359223301,0.6282940360610264,0.2800751879699248,0.6033834586466166,353,0.8406515580736542,0.603399433427762,7.0113314447592066,0.38243626062322944,1908,0.4510150044130627,0.07678729037952339,0.471190781049936,0.0998719590268886,3979,0.6487392142079254,0.2455390801708972,5.485549132947977,0.36816201725726744,2030,0.6644664466446645,0.0374037403740374,0.7338065661047027,0.01064773735581189,2831,0.6832685741198629,0.7357824090427411,5.301306958671847,0.3664194042152361,13.38,13.32,13.08,12.36,2,2,3
504,1205740881,5,13,13,12,12,1251,0.2914364640883978,0.6284530386740331,0.2795497185741088,0.6041275797373359,353,0.8406515580736542,0.603399433427762,7.0113314447592066,0.38243626062322944,1914,0.4515845070422535,0.07658450704225352,0.47066326530612246,0.09948979591836735,3985,0.6487662066081141,0.2454203262233375,5.485319949811794,0.36829778335424523,2033,0.6648351648351648,0.03736263736263736,0.7342781222320638,0.010628875110717449,2837,0.6832334625778399,0.7359887204793796,5.301022206556222,0.3667019151686054,13.34,13.28,13.1,12.36,0,1,1
505,1205740882,5,11,12,13,12,1253,0.290633608815427,0.6294765840220385,0.2795497185741088,0.6041275797373359,354,0.8411016949152541,0.6045197740112994,7.011299435028248,0.3820621468926554,1920,0.4503950834064969,0.07726075504828797,0.4701397712833545,0.09911054637865312,3990,0.6489557226399335,0.24561403508771928,5.484962406015038,0.3681495405179617,2040,0.6659364731653888,0.03723986856516977,0.735216240070609,0.01059135039717564,2842,0.6833802486511841,0.735045742434905,5.300844475721323,0.3670243959652827,13.28,13.24,13.08,12.32,-1,-2,-1
506,1205740883,5,12,13,13,15,1253,0.290633608815427,0.6294765840220385,0.2795497185741088,0.6041275797373359,355,0.8415492957746478,0.6028169014084507,7.011267605633803,0.3816901408450704,1923,0.45,0.07719298245614035,0.46894803548795944,0.10139416983523447,3998,0.649282974820744,0.24537268634317158,5.485242621310656,0.3680590295147575,2047,0.6655737704918033,0.03715846994535519,0.7346221441124781,0.01054481546572935,2849,0.6838071838071833,0.7342927342927343,5.302562302562302,0.36691236691236695,13.3,13.24,13.12,12.4,-1,-1,-3
507,1205740884,5,13,14,12,13,1256,0.29160935350756534,0.6286107290233838,0.27850467289719627,0.6037383177570094,355,0.8415492957746478,0.6028169014084507,7.011267605633803,0.3816901408450704,1927,0.4500875656742557,0.07705779334500876,0.4690265486725664,0.1011378002528445,4007,0.6490724565343985,0.24507112553032193,5.484901422510607,0.3679810331919143,2050,0.665938864628821,0.03711790393013101,0.7342105263157894,0.010526315789473684,2855,0.6837711617046113,0.7341506129597198,5.302276707530648,0.36701692936368946,13.28,13.32,13.1,12.38,-1,1,0
508,1205740885,5,14,15,13,12,1258,0.29160935350756534,0.6286107290233838,0.2774674115456238,0.6033519553072626,356,0.8419943820224718,0.601123595505618,7.01123595505618,0.3813202247191011,1927,0.4500875656742557,0.07705779334500876,0.4690265486725664,0.1011378002528445,4018,0.6495354239256682,0.24514683922349428,5.484818317570931,0.3677202588352415,2056,0.6670293797606094,0.036996735582154515,0.7340332458442694,0.010498687664041995,2859,0.6838638218491309,0.7345225603357818,5.3022035676810075,0.3668532120788155,13.3,13.38,13.12,12.38,-1,1,2
509,1205740886,5,15,13,13,12,1259,0.29160935350756534,0.6286107290233838,0.27695167286245354,0.604089219330855,357,0.8396358543417365,0.6022408963585434,7.011204481792717,0.38095238095238093,1932,0.4497816593886463,0.07685589519650655,0.4691046658259773,0.1021437578814628,4024,0.6496852220013257,0.24527833001988072,5.484840954274354,0.36773111332007963,2059,0.6677524429967426,0.03691639522258415,0.7342657342657343,0.01048951048951049,2866,0.6838508955571058,0.7348220516399162,5.301814375436148,0.36700395440800193,13.34,13.32,13.14,12.36,2,2,3
510,1205740887,5,12,14,13,12,1262,0.29218106995884774,0.6282578875171467,0.2764378478664193,0.6048237476808905,357,0.8396358543417365,0.6022408963585434,7.011204481792717,0.38095238095238093,1936,0.4493891797556719,0.07766143106457242,0.4685929648241206,0.10175879396984924,4030,0.6500827129859391,0.24516129032258063,5.486352357320099,0.3676178660049629,2063,0.6677524429967426,0.03691639522258415,0.7343205574912892,0.010452961672473868,2874,0.6839190443052651,0.7345163535142658,5.30410577592206,0.3670262120157737,13.32,13.32,13.16,12.36,-2,-1,0
511,1205740888,5,14,15,13,11,1263,0.29178082191780824,0.6287671232876713,0.2764378478664193,0.6048237476808905,358,0.8400837988826814,0.6033519553072626,7.011173184357542,0.38058659217877094,1938,0.4493891797556719,0.07766143106457242,0.46867167919799496,0.10150375939849623,4040,0.650206270627063,0.24455445544554455,5.485891089108911,0.3676361386138615,2072,0.6684723726977249,0.03683640303358613,0.7324675324675325,0.01038961038961039,2875,0.6840289855072459,0.7342608695652174,5.304,0.367072463768116,13.38,13.42,13.14,12.34,-1,1,3
512,1205740889,5,12,12,12,12,1263,0.29178082191780824,0.6287671232876713,0.2764378478664193,0.6048237476808905,362,0.8390883977900551,0.6049723756906077,7.013812154696133,0.380524861878453,1938,0.4493891797556719,0.07766143106457242,0.46867167919799496,0.10150375939849623,4050,0.6499176954732514,0.24469135802469136,5.488148148148148,0.3678395061728396,2072,0.6684723726977249,0.03683640303358613,0.7324675324675325,0.01038961038961039,2879,0.6839469723283542,0.7346300798888503,5.303924973949288,0.3669966423526688,13.32,13.36,13.08,12.28,0,0,0
513,1205740890,5,15,14,12,11,1263,0.29178082191780824,0.6287671232876713,0.2764378478664193,0.6048237476808905,363,0.8381542699724517,0.6060606060606061,7.013774104683195,0.3808539944903581,1946,0.4505208333333333,0.078125,0.46875,0.10125,4055,0.6499794492396223,0.24438964241676941,5.488039457459926,0.3678791615289767,2074,0.6688311688311688,0.0367965367965368,0.7326989619377162,0.010380622837370242,2888,0.6839508310249303,0.7347645429362881,5.304016620498615,0.3670648661126501,13.32,13.36,13.06,12.24,1,3,4
514,1205740891,5,13,14,13,13,1264,0.29178082191780824,0.6287671232876713,0.2759259259259259,0.6055555555555555,364,0.8385989010989009,0.6071428571428571,7.013736263736264,0.38118131868131866,1949,0.44935064935064933,0.07792207792207792,0.46875,0.10125,4064,0.6501394356955384,0.24434055118110237,5.487696850393701,0.3678641732283466,2081,0.6691810344827587,0.036637931034482756,0.731665228645384,0.010353753235547885,2892,0.6835235131396953,0.7347856154910097,5.30463347164592,0.3669893960350392,13.36,13.38,13.06,12.28,-1,0,0
515,1205740892,5,15,13,12,13,1264,0.29178082191780824,0.6287671232876713,0.2759259259259259,0.6055555555555555,364,0.8385989010989009,0.6071428571428571,7.013736263736264,0.38118131868131866,1956,0.451251078515962,0.07765314926660914,0.46824408468244083,0.10087173100871731,4071,0.6503111438630971,0.24441169245885533,5.488086465241955,0.3681527880127734,2085,0.6688172043010753,0.03655913978494624,0.7312661498708011,0.0103359173126615,2898,0.6834886128364385,0.7353347135955831,5.3040027605245,0.36691971474580176,13.42,13.32,13.02,12.28,2,3,2
516,1205740893,5,11,11,13,12,1268,0.2923497267759563,0.6284153005464481,0.27490774907749077,0.6070110701107011,365,0.8390410958904108,0.6082191780821918,7.013698630136986,0.38082191780821917,1961,0.45008605851979344,0.0783132530120482,0.4683229813664596,0.10062111801242236,4078,0.6501757397417038,0.2439921530161844,5.487984306032369,0.36815432401504017,2088,0.6680988184747583,0.03759398496240601,0.7300085984522786,0.010318142734307825,2906,0.6833275980729521,0.7350309704060565,5.3048864418444595,0.36694195916494615,13.36,13.26,13.0,12.32,0,-2,-1
517,1205740894,5,14,12,11,13,1270,0.29195088676671216,0.6289222373806276,0.27624309392265195,0.6058931860036832,366,0.8381147540983604,0.6092896174863388,7.0136612021857925,0.38114754098360654,1966,0.45017182130584193,0.0781786941580756,0.4665841584158416,0.10024752475247525,4084,0.6499551093698992,0.24363369245837413,5.487757100881489,0.3681031668299054,2093,0.6684549356223176,0.03755364806866953,0.7300771208226221,0.010282776349614395,2912,0.6836366758241753,0.7342032967032966,5.305288461538462,0.3669585622710623,13.38,13.22,12.98,12.34,2,3,1
518,1205740895,5,13,13,13,12,1270,0.29195088676671216,0.6289222373806276,0.27624309392265195,0.6058931860036832,366,0.8381147540983604,0.6092896174863388,7.0136612021857925,0.38114754098360654,1970,0.44939965694682676,0.07804459691252144,0.4679012345679012,0.1,4095,0.6500407000407005,0.2437118437118437,5.488888888888889,0.36815221815221827,2095,0.6688102893890675,0.03751339764201501,0.7303082191780822,0.010273972602739725,2918,0.6836588987891246,0.7340644276901988,5.305346127484579,0.3670607722184145,13.34,13.2,13.0,12.34,0,0,1
519,1205740896,5,15,14,14,12,1270,0.29195088676671216,0.6289222373806276,0.27624309392265195,0.6058931860036832,367,0.8385558583106265,0.6103542234332425,7.013623978201635,0.3807901907356948,1977,0.4495726495726496,0.07777777777777778,0.46863468634686345,0.0996309963099631,4103,0.6501137379153469,0.24396782841823056,5.488423105045089,0.3680437078560404,2098,0.6680942184154176,0.03747323340471092,0.7307692307692307,0.010256410256410256,2923,0.6840289656745349,0.7341772151898734,5.304823811152925,0.36703158855057594,13.42,13.26,13.06,12.34,1,1,3
520,1205740897,5,14,14,12,14,1272,0.2925170068027211,0.6285714285714286,0.27624309392265195,0.6058931860036832,368,0.8380887681159419,0.6114130434782609,7.013586956521739,0.38179347826086957,1978,0.44918872758326217,0.07771135781383433,0.46863468634686345,0.0996309963099631,4112,0.6496635862516217,0.24367704280155641,5.488570038910506,0.3680285343709469,2102,0.667379679144385,0.0374331550802139,0.7306052855924978,0.010230179028132993,2929,0.6838226926140886,0.7343803345851827,5.305565039262547,0.36687720496187554,13.44,13.28,13.08,12.38,0,2,0
521,1205740898,5,15,14,15,13,1277,0.2930800542740841,0.6282225237449118,0.2765567765567766,0.6043956043956044,368,0.8380887681159419,0.6114130434782609,7.013586956521739,0.38179347826086957,1982,0.4492753623188406,0.07757885763000852,0.4687116564417178,0.10061349693251534,4121,0.6497007198899948,0.2438728463965057,5.488231011890318,0.36807409204885555,2106,0.667379679144385,0.0374331550802139,0.7306711979609176,0.010195412064570943,2932,0.6838051386994084,0.7339699863574352,5.30525238744884,0.3668428831286949,13.44,13.32,13.08,12.34,1,0,2
522,1205740899,5,12,13,13,10,1278,0.2930800542740841,0.6282225237449118,0.2760511882998172,0.6051188299817185,370,0.8389639639639639,0.6108108108108108,7.013513513513513,0.3824324324324324,1984,0.4497444633730835,0.07751277683134583,0.4681372549019608,0.10049019607843138,4131,0.6497417897200036,0.24376664245945293,5.488743645606391,0.36809085774227396,2108,0.6680896478121665,0.03735325506937033,0.7306711979609176,0.010195412064570943,2940,0.6839852607709747,0.7336734693877551,5.306802721088435,0.36678004535147396,13.42,13.32,13.08,12.28,-1,-1,2
523,1205740900,5,12,13,14,11,1283,0.29324324324324325,0.6283783783783784,0.2786885245901639,0.6029143897996357,371,0.83670260557053,0.6118598382749326,7.013477088948787,0.38207547169811323,1987,0.45029736618521665,0.07816482582837724,0.4681372549019608,0.10049019607843138,4137,0.6496454757876081,0.2436548223350254,5.489001692047378,0.36804044798968666,2111,0.6684434968017058,0.03731343283582089,0.729431721798134,0.010178117048346057,2947,0.6842268974097948,0.7332880895826264,5.307431286053614,0.3666723221355051,13.4,13.34,13.1,12.26,-1,-2,1
524,1205740901,5,11,10,10,11,1286,0.29284750337381915,0.6288798920377868,0.2776769509981851,0.6025408348457351,371,0.83670260557053,0.6118598382749326,7.013477088948787,0.38207547169811323,1990,0.44991511035653653,0.07894736842105263,0.4669926650366748,0.10146699266503667,4146,0.649401029104358,0.24360829715388327,5.489387361312108,0.3680857050972826,2114,0.667375132837407,0.03825717321997875,0.729431721798134,0.010178117048346057,2953,0.6846991759792297,0.7334913647138503,5.307483914663054,0.36660458291003506,13.32,13.28,13.08,12.22,1,1,0
525,1205740902,5,11,13,14,14,1287,0.29284750337381915,0.6288798920377868,0.27717391304347827,0.6032608695652174,372,0.8371415770609318,0.6102150537634409,7.013440860215054,0.3817204301075269,1993,0.4495335029686175,0.07972858354537744,0.4658536585365854,0.1024390243902439,4156,0.6488209817131861,0.24398460057747834,5.489172281039461,0.36840311196663467,2123,0.6649048625792812,0.03805496828752643,0.7295012679628065,0.01014370245139476,2958,0.6848940725715569,0.7336037863421231,5.307302231237323,0.36649199909849,13.26,13.34,13.12,12.28,-2,-3,-3
526,1205740903,5,14,12,12,14,1290,0.29245283018867924,0.6293800539083558,0.27617328519855594,0.6028880866425993,373,0.8375781948168006,0.6085790884718498,7.013404825737266,0.3820375335120643,1993,0.4495335029686175,0.07972858354537744,0.4658536585365854,0.1024390243902439,4164,0.6484149855907785,0.24375600384245918,5.489433237271854,0.36847582452769784,2130,0.6638566912539515,0.03898840885142255,0.7295703454085931,0.010109519797809604,2964,0.6850820962663063,0.7331309041835358,5.307017543859649,0.366593567251462,13.28,13.32,13.12,12.32,2,2,0
527,1205740904,5,14,14,13,13,1291,0.29245283018867924,0.6293800539083558,0.2756756756756757,0.6036036036036037,373,0.8375781948168006,0.6085790884718498,7.013404825737266,0.3820375335120643,1999,0.44885883347421807,0.07945900253592561,0.46715328467153283,0.10218978102189781,4173,0.6486939851425837,0.24394919722022526,5.489096573208723,0.36851984982826114,2132,0.6642105263157895,0.03894736842105263,0.7297979797979798,0.010101010101010102,2969,0.6849388121702028,0.7335803300774671,5.307174132704614,0.3665656225440665,13.26,13.32,13.08,12.32,0,1,1
528,1205740905,5,11,11,13,12,1295,0.2920592193808883,0.6285329744279946,0.27419354838709675,0.6039426523297491,374,0.83801247771836,0.6096256684491979,7.0133689839572195,0.38168449197860965,2002,0.4484797297297297,0.07939189189189189,0.4672330097087379,0.10194174757281553,4182,0.6489717838354858,0.24366331898613103,5.489000478240077,0.3685636856368565,2139,0.6638655462184874,0.038865546218487396,0.7292539815590947,0.010058675607711651,2972,0.6852568416330189,0.7331763122476447,5.307200538358008,0.36653207716464786,13.24,13.28,13.12,12.3,0,-2,-1
529,1205740906,5,14,11,14,14,1298,0.2912751677852349,0.6281879194630873,0.27549194991055453,0.6028622540250447,375,0.8384444444444443,0.6106666666666667,7.013333333333334,0.38133333333333336,2007,0.44987363100252736,0.07919123841617523,0.46731234866828086,0.1016949152542373,4188,0.6491165234001914,0.24355300859598855,5.488777459407832,0.36863260108245793,2145,0.6645702306079665,0.03878406708595388,0.7293233082706767,0.010025062656641603,2976,0.6856798835125444,0.7331989247311828,5.306787634408602,0.36651545698924737,13.24,13.26,13.08,12.32,3,0,0
530,1205740907,5,14,13,12,12,1300,0.2918340026773762,0.6278447121820616,0.27549194991055453,0.6028622540250447,376,0.8375443262411346,0.6117021276595744,7.013297872340425,0.3816489361702128,2012,0.44920235096557515,0.07976490344248531,0.4667472793228537,0.10157194679564692,4195,0.6485101311084629,0.2431466030989273,5.4886769964243145,0.36861342868494246,2147,0.6645702306079665,0.03878406708595388,0.7297748123436196,0.010008340283569641,2983,0.6854676500167612,0.7328193094200469,5.3067381830372105,0.3665772712034865,13.24,13.26,13.04,12.34,1,2,2
531,1205740908,5,11,13,11,10,1301,0.2918340026773762,0.6278447121820616,0.2767857142857143,0.6017857142857143,377,0.8379752431476568,0.610079575596817,7.013262599469496,0.3819628647214854,2014,0.44920235096557515,0.07976490344248531,0.46562123039806996,0.10132689987937274,4205,0.648751486325803,0.24280618311533889,5.489417360285374,0.36847007530717407,2152,0.6649214659685864,0.0387434554973822,0.7281795511221946,0.00997506234413965,2989,0.6849280695884907,0.7330210772833724,5.306457009033122,0.36642689862830385,13.22,13.24,12.98,12.3,-2,0,1
532,1205740909,5,14,17,12,13,1301,0.2918340026773762,0.6278447121820616,0.2767857142857143,0.6017857142857143,378,0.8384038800705467,0.6084656084656085,7.0132275132275135,0.38293650793650796,2017,0.4488255033557047,0.0796979865771812,0.4657039711191336,0.10108303249097472,4216,0.6482447817836816,0.2426470588235294,5.490512333965844,0.3685167615433271,2156,0.6652719665271967,0.038702928870292884,0.7280265339966833,0.009950248756218905,2995,0.6845575959933219,0.7332220367278798,5.307512520868113,0.36619365609348925,13.22,13.3,12.92,12.32,-3,2,1
533,1205740910,5,15,15,14,13,1303,0.2923898531375167,0.6275033377837116,0.2767857142857143,0.6017857142857143,378,0.8384038800705467,0.6084656084656085,7.0132275132275135,0.38293650793650796,2019,0.4489112227805695,0.07956448911222781,0.4657039711191336,0.10108303249097472,4229,0.6481437692125802,0.24284700874911327,5.491605580515488,0.36844801765586827,2156,0.6652719665271967,0.038702928870292884,0.7280265339966833,0.009950248756218905,3004,0.6850033288948066,0.7336884154460719,5.308255659121172,0.3662616511318243,13.28,13.34,12.9,12.36,0,1,2
534,1205740911,5,15,15,13,14,1304,0.2923898531375167,0.6275033377837116,0.27629233511586454,0.6024955436720143,379,0.8388302550571679,0.6094986807387863,7.013192612137203,0.38258575197889183,2027,0.44908180300500833,0.07929883138564274,0.46706586826347307,0.10059880239520957,4236,0.6482530689329561,0.24244570349386213,5.491029272898961,0.3684293358514322,2158,0.6652719665271967,0.038702928870292884,0.7276490066225165,0.009933774834437087,3010,0.6850775193798447,0.7335548172757476,5.308305647840531,0.36636212624584724,13.3,13.36,12.9,12.38,0,2,1
535,1205740912,5,10,13,11,14,1309,0.2921646746347942,0.6281540504648074,0.27580071174377224,0.603202846975089,380,0.8379385964912279,0.6105263157894737,7.0131578947368425,0.3828947368421053,2031,0.4487072560467056,0.07923269391159299,0.46539379474940334,0.10023866348448687,4245,0.6485276796230864,0.24263839811542992,5.490930506478209,0.36825677267373386,2161,0.664576802507837,0.038662486938349006,0.7272727272727273,0.009917355371900827,3016,0.684875110521662,0.7337533156498673,5.30868700265252,0.3662964190981433,13.2,13.38,12.88,12.4,-3,-1,-4
536,1205740913,5,12,12,12,13,1311,0.2913907284768212,0.6264900662251656,0.27580071174377224,0.603202846975089,380,0.8379385964912279,0.6105263157894737,7.0131578947368425,0.3828947368421053,2034,0.4487072560467056,0.07923269391159299,0.464922711058264,0.10107015457788347,4253,0.6489536797554671,0.24265224547378322,5.49118269456854,0.3682694568539855,2166,0.6652763295099061,0.03858185610010428,0.7262984336356142,0.00989282769991756,3022,0.6843425987204939,0.7336201191264063,5.308405029781602,0.366230972865652,13.14,13.32,12.8,12.42,0,0,-1
537,1205740914,5,14,13,12,12,1312,0.291005291005291,0.626984126984127,0.27580071174377224,0.603202846975089,380,0.8379385964912279,0.6105263157894737,7.0131578947368425,0.3828947368421053,2037,0.44916666666666666,0.07916666666666666,0.4638196915776987,0.10083036773428232,4261,0.6487913635296882,0.24219666744895565,5.492372682468904,0.368282093405304,2166,0.6652763295099061,0.03858185610010428,0.7262984336356142,0.00989282769991756,3031,0.6830528978334981,0.7330913889805345,5.309798746288354,0.36646321346090405,13.16,13.34,12.76,12.42,1,2,2
538,1205740915,5,17,16,13,14,1313,0.2919418758256275,0.6261558784676354,0.27580071174377224,0.603202846975089,381,0.8383639545056867,0.6115485564304461,7.013123359580052,0.3825459317585302,2042,0.4488778054862843,0.07896924355777224,0.463905325443787,0.10059171597633136,4270,0.6482045277127249,0.24215456674473068,5.491334894613583,0.36859875097580025,2172,0.6649323621227887,0.03850156087408949,0.7271980279375514,0.009860312243221035,3032,0.6831574318381703,0.7331794195250659,5.310026385224274,0.366424802110818,13.22,13.4,12.74,12.42,1,4,3
539,1205740916,5,14,13,14,13,1313,0.2919418758256275,0.6261558784676354,0.27580071174377224,0.603202846975089,382,0.838787085514834,0.6099476439790575,7.013089005235602,0.38285340314136124,2043,0.4485049833887043,0.07890365448504984,0.463905325443787,0.10059171597633136,4280,0.6482087227414335,0.24182242990654207,5.491121495327103,0.368380062305296,2176,0.6645898234683282,0.03842159916926272,0.726825266611977,0.01066447908121411,3037,0.6823619800241464,0.7336187026671057,5.309845242015147,0.36639776094830434,13.28,13.4,12.78,12.44,1,0,1
540,1205740917,5,14,14,14,12,1317,0.29117259552042163,0.6258234519104084,0.274822695035461,0.6046099290780141,383,0.839208006962576,0.6109660574412533,7.013054830287206,0.3825065274151436,2047,0.44776119402985076,0.07960199004975124,0.4639905548996458,0.10035419126328217,4285,0.6479190976273828,0.24177362893815635,5.491015169194866,0.36835861532477643,2181,0.6645898234683282,0.03842159916926272,0.7271241830065359,0.010620915032679739,3044,0.6821068769163379,0.7329172141918529,5.309789750328515,0.3663764783180027,13.28,13.42,12.86,12.42,0,0,2
541,1205740918,5,12,13,13,13,1323,0.29133858267716534,0.6259842519685039,0.27336860670194,0.6031746031746031,383,0.839208006962576,0.6109660574412533,7.013054830287206,0.3825065274151436,2052,0.44747725392886684,0.08023159636062861,0.4652532391048292,0.10011778563015312,4290,0.6478632478632483,0.2414918414918415,5.490909090909091,0.36845376845376854,2183,0.6645898234683282,0.03842159916926272,0.7267536704730831,0.010603588907014683,3053,0.6822251337482256,0.7327219128725844,5.309204061578775,0.3661425919860247,13.26,13.4,12.9,12.46,-1,-1,-1
542,1205740919,5,12,13,16,11,1324,0.290956749672346,0.6264744429882044,0.27336860670194,0.6031746031746031,384,0.839626736111111,0.609375,7.013020833333333,0.3828125,2058,0.4471947194719472,0.08085808580858085,0.465962441314554,0.09976525821596244,4295,0.647458284827319,0.24144353899883586,5.490570430733411,0.36854870003880486,2187,0.6642487046632124,0.0383419689119171,0.7271986970684039,0.010586319218241042,3059,0.6823580690857576,0.7329192546583851,5.308924485125858,0.3660782390759508,13.2,13.34,12.96,12.42,-1,-4,1
543,1205740920,5,15,16,15,12,1326,0.2905759162303665,0.6269633507853403,0.2746478873239437,0.602112676056338,385,0.8400432900432899,0.6103896103896104,7.012987012987013,0.38246753246753246,2060,0.4468260511129431,0.0807914262159934,0.4654161781946073,0.09964830011723329,4306,0.6474299427155911,0.24152345564328845,5.4904784022294475,0.3687683851989473,2190,0.6635610766045549,0.038302277432712216,0.7276422764227642,0.01056910569105691,3064,0.6827132288946908,0.7327023498694517,5.309073107049608,0.36605200174064406,13.26,13.4,13.02,12.4,-1,0,3
544,1205740921,5,15,14,12,13,1331,0.29128738621586475,0.6267880364109233,0.2746478873239437,0.602112676056338,388,0.8399914089347078,0.6134020618556701,7.012886597938144,0.38208762886597936,2063,0.4465460526315789,0.0805921052631579,0.4654161781946073,0.09964830011723329,4312,0.6475726654298087,0.24165120593692022,5.490491651205937,0.3687190785405072,2194,0.6639089968976215,0.038262668045501554,0.7266828872668288,0.010543390105433901,3069,0.6829043119365698,0.7328119908765071,5.309221244705116,0.3661073096556968,13.26,13.4,12.96,12.4,1,3,2
545,1205740922,5,13,13,14,12,1331,0.29128738621586475,0.6267880364109233,0.2746478873239437,0.602112676056338,388,0.8399914089347078,0.6134020618556701,7.012886597938144,0.38208762886597936,2071,0.44754098360655736,0.08032786885245902,0.46557759626604434,0.09918319719953325,4320,0.6472993827160498,0.2414351851851852,5.490046296296296,0.36878858024691363,2197,0.6639089968976215,0.038262668045501554,0.7265372168284789,0.010517799352750809,3074,0.6830947733680327,0.7325959661678595,5.309043591411841,0.3659184558664065,13.24,13.38,12.92,12.4,0,-1,1
546,1205740923,5,13,16,12,12,1333,0.2909090909090909,0.6272727272727273,0.2741652021089631,0.6028119507908611,389,0.8404027420736931,0.6143958868894601,7.012853470437018,0.38174807197943444,2078,0.4477124183006536,0.08088235294117647,0.46511627906976744,0.09883720930232558,4328,0.647373690696242,0.24145101663585952,5.489833641404806,0.36880006161429457,2200,0.6642561983471075,0.038223140495867766,0.7261712439418416,0.01050080775444265,3078,0.6826943902967292,0.7322936972059779,5.308641975308642,0.3660927008880226,13.26,13.44,12.92,12.4,-3,1,1
547,1205740924,5,16,13,14,12,1337,0.2905317769130999,0.6264591439688716,0.2744755244755245,0.6013986013986014,390,0.8408119658119657,0.6128205128205129,7.012820512820513,0.382051282051282,2082,0.4469820554649266,0.08156606851549755,0.46635730858468677,0.09860788863109049,4331,0.6475025013468796,0.24151466174093741,5.489725236665897,0.36894866466558923,2206,0.6652935118434603,0.03810504634397528,0.726027397260274,0.010475423045930701,3083,0.6827224564817815,0.7314304249108011,5.308141420694129,0.3659855119472376,13.32,13.44,12.96,12.42,3,2,4
548,1205740925,5,13,12,12,12,1340,0.2905317769130999,0.6264591439688716,0.27304347826086955,0.6017391304347826,390,0.8408119658119657,0.6128205128205129,7.012820512820513,0.382051282051282,2085,0.44706840390879476,0.08143322475570032,0.46581691772885286,0.0984936268829664,4340,0.648003072196621,0.24147465437788018,5.489400921658986,0.3688748079877113,2210,0.6663244353182751,0.037987679671457907,0.7262479871175523,0.010466988727858293,3087,0.6829716013389481,0.7317784256559767,5.307742144476839,0.3659162077529425,13.3,13.4,12.92,12.44,1,1,1
549,1205740926,5,16,11,15,13,1342,0.29015544041450775,0.6256476683937824,0.2725694444444444,0.6024305555555556,391,0.8412190963341858,0.6112531969309463,7.012787723785166,0.38235294117647056,2087,0.44715447154471544,0.08130081300813008,0.46581691772885286,0.0984936268829664,4351,0.6473607599785495,0.2417834980464261,5.489312801654792,0.36897648050256654,2215,0.6666666666666666,0.03794871794871795,0.7271268057784912,0.01043338683788122,3090,0.6829557713052856,0.7320388349514563,5.307443365695793,0.36596548004315,13.42,13.34,12.94,12.46,5,1,3
550,1205740927,5,15,13,13,12,1344,0.2897800776196636,0.6248382923673997,0.2738301559792028,0.6013864818024264,391,0.8412190963341858,0.6112531969309463,7.012787723785166,0.38235294117647056,2091,0.4472402597402597,0.08198051948051949,0.4658959537572254,0.09826589595375723,4360,0.6475152905198782,0.24151376146788991,5.488761467889908,0.3690749235474007,2220,0.6670081967213115,0.03790983606557377,0.728,0.0104,3094,0.6832040508511095,0.7320620555914673,5.307045895281189,0.3658963585434174,13.44,13.32,12.92,12.42,2,2,3
551,1205740928,5,12,12,14,13,1346,0.28940568475452194,0.6253229974160207,0.27335640138408307,0.6020761245674741,394,0.8411590524534686,0.6091370558375635,7.017766497461929,0.38261421319796957,2091,0.4472402597402597,0.08198051948051949,0.4658959537572254,0.09826589595375723,4366,0.6475416094060167,0.24141090242785157,5.48900595510765,0.36891128416552155,2223,0.6680286006128703,0.03779366700715015,0.728,0.0104,3100,0.6831720430107524,0.7319354838709677,5.306451612903226,0.3656989247311828,13.44,13.3,12.92,12.46,0,-2,-1
552,1205740929,5,15,15,13,14,1346,0.28940568475452194,0.6253229974160207,0.27335640138408307,0.6020761245674741,394,0.8411590524534686,0.6091370558375635,7.017766497461929,0.38261421319796957,2097,0.44785772029102666,0.08245755860953921,0.4653579676674365,0.09815242494226328,4376,0.6478519195612437,0.24154478976234003,5.489488117001828,0.3688680682510665,2225,0.6683673469387755,0.03775510204081633,0.7282174260591526,0.010391686650679457,3107,0.6834030683403066,0.7325394271000966,5.3057611844222725,0.3657601115760112,13.46,13.32,12.94,12.5,0,2,1
553,1205740930,5,11,12,13,12,1350,0.28903225806451616,0.6258064516129033,0.2719449225473322,0.6024096385542169,394,0.8411590524534686,0.6091370558375635,7.017766497461929,0.38261421319796957,2100,0.44794188861985473,0.08313155770782889,0.46482122260668973,0.09919261822376009,4380,0.6480593607305941,0.2415525114155251,5.489726027397261,0.36881659056316596,2231,0.6663275686673449,0.038657171922685654,0.7280701754385965,0.01036682615629984,3115,0.6838951310861421,0.7322632423756019,5.305296950240771,0.36578384162653826,13.36,13.28,12.92,12.48,-1,-2,-1
554,1205740931,5,14,12,15,13,1352,0.28903225806451616,0.6258064516129033,0.274442538593482,0.6003430531732419,395,0.841561181434599,0.6075949367088608,7.017721518987342,0.3822784810126582,2109,0.4476650563607085,0.08293075684380032,0.4639175257731959,0.09851088201603665,4386,0.6481608147134829,0.2414500683994528,5.489284085727314,0.36888204894360854,2233,0.6663275686673449,0.038657171922685654,0.7269108280254777,0.010350318471337579,3122,0.6844437326500105,0.7312620115310698,5.305253042921204,0.36592462096946404,13.38,13.26,12.98,12.5,2,-1,1
555,1205740932,5,14,14,16,12,1353,0.28865979381443296,0.6262886597938144,0.274442538593482,0.6003430531732419,395,0.841561181434599,0.6075949367088608,7.017721518987342,0.3822784810126582,2113,0.44899598393574297,0.08273092369477912,0.4633867276887872,0.09839816933638444,4393,0.6480385461719408,0.24129296608240383,5.489414978374687,0.3688064344790956,2237,0.6663275686673449,0.038657171922685654,0.7277777777777777,0.010317460317460317,3128,0.6844096334185846,0.7317774936061381,5.304987212276215,0.36586210571184996,13.44,13.3,13.04,12.5,0,-2,2
556,1205740933,5,14,14,14,14,1356,0.2882882882882883,0.6267696267696268,0.27521367521367524,0.6,395,0.841561181434599,0.6075949367088608,7.017721518987342,0.3822784810126582,2116,0.44863563402889245,0.0826645264847512,0.4646118721461187,0.09817351598173515,4402,0.6476222928971685,0.24148114493412084,5.489095865515675,0.36879070119642593,2240,0.6663275686673449,0.038657171922685654,0.7276326207442597,0.010292953285827395,3133,0.6845941057559313,0.7318863708905202,5.3045004787743375,0.365996382593893,13.48,13.32,13.06,12.48,0,0,0
557,1205740934,5,11,13,12,9,1358,0.2882882882882883,0.6267696267696268,0.27427597955706984,0.6013628620102215,396,0.8419612794612794,0.6085858585858586,7.017676767676767,0.38257575757575757,2118,0.4490777866880513,0.08259823576583801,0.4640820980615735,0.09806157354618016,4410,0.6481481481481487,0.24126984126984127,5.489569160997733,0.3688019652305367,2245,0.6666666666666666,0.03850050658561297,0.7270569620253164,0.010284810126582278,3138,0.6847779902273208,0.7319949012109624,5.304652644996813,0.3660505629912896,13.44,13.3,13.06,12.4,-2,-1,2
558,1205740935,5,16,12,11,12,1359,0.2882882882882883,0.6267696267696268,0.27380952380952384,0.6020408163265306,396,0.8419612794612794,0.6085858585858586,7.017676767676767,0.38257575757575757,2124,0.44915932746196957,0.08246597277822258,0.4619750283768445,0.09761634506242906,4419,0.6481858640718117,0.2414573432903372,5.489477257298031,0.3686165799200423,2247,0.667004048582996,0.038461538461538464,0.7272727272727273,0.010276679841897233,3143,0.6849612896383496,0.7317849188673242,5.3041679923639835,0.366025029165341,13.48,13.24,13.02,12.4,4,5,4
559,1205740936,5,13,15,11,11,1363,0.2892030848329049,0.6259640102827764,0.27411167512690354,0.6006768189509306,397,0.8410999160369437,0.6095717884130982,7.017632241813602,0.38287153652392947,2128,0.4496805111821086,0.08226837060702875,0.4614512471655329,0.09750566893424037,4427,0.6483698516677966,0.24102100745425797,5.488592726451321,0.3685151720502975,2250,0.6666666666666666,0.03939393939393939,0.7266982622432859,0.010268562401263823,3147,0.6850439572079227,0.7318080711789006,5.304099142040038,0.36611587755534375,13.44,13.28,12.98,12.38,-2,2,2
560,1205740937,5,15,12,15,13,1363,0.2892030848329049,0.6259640102827764,0.27411167512690354,0.6006768189509306,398,0.8414991624790619,0.6105527638190955,7.017587939698492,0.38316582914572866,2131,0.44896331738437,0.08213716108452951,0.46206115515288787,0.09739524348810873,4436,0.6487451157198683,0.2412082957619477,5.487826871055004,0.3686128644424407,2258,0.6676706827309237,0.0391566265060241,0.7271293375394322,0.01025236593059937,3150,0.6850264550264548,0.7314285714285714,5.3041269841269845,0.36624338624338626,13.5,13.24,13.02,12.4,3,0,2
561,1205740938,5,13,15,12,14,1365,0.28974358974358977,0.6256410256410256,0.27411167512690354,0.6006768189509306,398,0.8414991624790619,0.6105527638190955,7.017587939698492,0.38316582914572866,2137,0.4482484076433121,0.08280254777070063,0.46223224351747466,0.09695603156708005,4442,0.6487693231277208,0.2415578568212517,5.488293561458803,0.3685652108659764,2260,0.6676706827309237,0.0391566265060241,0.7275590551181103,0.010236220472440945,3159,0.6849741479371106,0.7315606204495093,5.304210193099082,0.3661496254088847,13.48,13.24,13.0,12.46,-2,1,-1
562,1205740939,5,13,13,13,12,1368,0.289002557544757,0.6265984654731458,0.27364864864864863,0.6013513513513513,399,0.8418964076858813,0.6115288220551378,7.017543859649122,0.38283208020050125,2141,0.4483306836248013,0.08267090620031796,0.4634420697412823,0.09673790776152981,4449,0.6483104817562004,0.24185210159586423,5.488649134636997,0.3687158162883046,2261,0.6676706827309237,0.0391566265060241,0.7277734067663257,0.010228166797797011,3168,0.6845012626262623,0.7316919191919192,5.304608585858586,0.3662142255892256,13.5,13.26,13.02,12.46,0,0,1
563,1205740940,5,14,12,13,11,1371,0.2878980891719745,0.6280254777070063,0.27364864864864863,0.6013513513513513,400,0.8422916666666665,0.6125,7.0175,0.383125,2147,0.44805709754163364,0.08247422680412371,0.4641255605381166,0.09641255605381166,4457,0.6486051903372977,0.24186672649764415,5.488445142472515,0.3687831874953258,2264,0.6666666666666666,0.03903903903903904,0.7277734067663257,0.010228166797797011,3173,0.684000420212207,0.7317995587771825,5.304443744090766,0.3662674650698603,13.48,13.22,13.04,12.46,2,1,3
564,1205740941,5,13,13,12,12,1376,0.28880407124681934,0.6272264631043257,0.27348993288590606,0.6006711409395973,400,0.8422916666666665,0.6125,7.0175,0.383125,2150,0.44849445324881143,0.08240887480190175,0.46308724832214765,0.09731543624161074,4465,0.6488988428518109,0.24165733482642776,5.4884658454647255,0.36868234415826806,2265,0.6666666666666666,0.03903903903903904,0.7279874213836478,0.010220125786163521,3180,0.6834381551362682,0.7314465408805031,5.304402515723271,0.36601153039832285,13.48,13.2,13.02,12.44,0,1,1
565,1205740942,5,13,15,12,16,1380,0.2889733840304182,0.6273764258555133,0.2730318257956449,0.6013400335008375,400,0.8422916666666665,0.6125,7.0175,0.383125,2153,0.4489311163895487,0.08234362628661916,0.46316964285714285,0.09709821428571429,4475,0.6481564245810061,0.24201117318435755,5.4884916201117315,0.36886405959031665,2267,0.6666666666666666,0.03903903903903904,0.728414442700157,0.01020408163265306,3186,0.6834588826114247,0.7310106716886378,5.304143126177024,0.36610692613517476,13.44,13.24,13.02,12.5,-2,1,-3
566,1205740943,5,15,15,14,14,1384,0.2895069532237674,0.6270543615676359,0.27378964941569284,0.6010016694490818,401,0.8418536990856192,0.6134663341645885,7.017456359102244,0.38403990024937656,2158,0.4482213438735178,0.08221343873517786,0.46273637374860954,0.0967741935483871,4481,0.6483671799449533,0.24191028788216914,5.488060700736443,0.3689280666517891,2271,0.6666666666666666,0.03903903903903904,0.7276995305164319,0.010172143974960876,3191,0.6839548730805387,0.7304920087746788,5.303979943591351,0.36608168808106134,13.52,13.32,13.04,12.54,0,1,1
567,1205740944,5,14,14,9,13,1385,0.2895069532237674,0.6270543615676359,0.2733333333333333,0.6,402,0.8422470978441127,0.6144278606965174,7.017412935323383,0.38370646766169153,2164,0.4479495268138801,0.08280757097791798,0.4634146341463415,0.09645232815964523,4491,0.6483708157054856,0.24159429971053217,5.487641950567802,0.3691085875454614,2273,0.6653346653346653,0.03996003996003996,0.7276995305164319,0.010172143974960876,3196,0.6835106382978721,0.7306007509386734,5.303504380475594,0.3660565289945766,13.52,13.36,13.0,12.54,0,5,1
568,1205740945,5,13,13,13,12,1387,0.2900378310214376,0.626733921815889,0.2733333333333333,0.6,403,0.8426385442514475,0.6153846153846154,7.0173697270471465,0.38337468982630274,2168,0.44767899291896146,0.08261211644374508,0.4629014396456257,0.09634551495016612,4501,0.647819003184478,0.24172406131970672,5.487447233948012,0.3691772198770644,2278,0.6650049850448654,0.03988035892323031,0.7283372365339579,0.01014832162373146,3200,0.6837499999999997,0.7309375,5.303125,0.36606770833333335,13.52,13.36,13.0,12.54,0,0,1
569,1205740946,5,14,12,14,12,1390,0.28967254408060455,0.6259445843828715,0.2757475083056478,0.5980066445182725,404,0.8430280528052805,0.6138613861386139,7.017326732673268,0.38366336633663367,2173,0.44819466248037676,0.08241758241758242,0.46298342541436466,0.09613259668508287,4508,0.6480700976042596,0.24157054125998226,5.486912156166815,0.3693249038745934,2282,0.6653386454183267,0.0398406374501992,0.7289719626168224,0.010124610591900311,3204,0.6839887640449436,0.7303370786516854,5.3030586766541825,0.3663129421556388,13.5,13.32,13.0,12.54,2,0,2
570,1205740947,5,14,13,13,14,1397,0.2907268170426065,0.62531328320802,0.2743801652892562,0.5983471074380166,404,0.8430280528052805,0.6138613861386139,7.017326732673268,0.38366336633663367,2175,0.44905956112852663,0.0822884012539185,0.46298342541436466,0.09613259668508287,4513,0.6477952581431425,0.24174606691779305,5.487037447374252,0.3693588891350913,2284,0.6656716417910448,0.03980099502487562,0.7291828793774319,0.010116731517509728,3214,0.6838830118232729,0.7308649657747356,5.302426882389546,0.3663399709603817,13.5,13.3,13.02,12.54,1,1,0
571,1205740948,5,15,14,12,13,1397,0.2907268170426065,0.62531328320802,0.2743801652892562,0.5983471074380166,405,0.8425925925925926,0.6148148148148148,7.017283950617284,0.3845679012345679,2182,0.4488680718188915,0.08274785323965651,0.46416758544652703,0.09592061742006615,4518,0.6477423638778226,0.24169986719787517,5.487162461266047,0.3693559096945552,2286,0.6660039761431411,0.039761431411530816,0.7293934681181959,0.01010886469673406,3222,0.6840471756672871,0.7309124767225326,5.302607076350093,0.36636147320504864,13.5,13.3,12.96,12.54,1,3,2
572,1205740949,5,15,15,14,13,1398,0.2903629536921151,0.6257822277847309,0.2743801652892562,0.5983471074380166,405,0.8425925925925926,0.6148148148148148,7.017283950617284,0.3845679012345679,2185,0.44929797191887677,0.08268330733229329,0.46534653465346537,0.09570957095709572,4526,0.6472602739726032,0.2412726469288555,5.487406098099868,0.3694211224038887,2289,0.6663356504468719,0.039721946375372394,0.7298136645962733,0.010093167701863354,3230,0.6839009287925694,0.7312693498452012,5.302476780185758,0.36630546955624355,13.56,13.34,12.98,12.6,0,1,2
573,1205740950,5,15,15,12,13,1399,0.29,0.62625,0.2743801652892562,0.5983471074380166,407,0.8433660933660934,0.6142506142506142,7.017199017199017,0.38513513513513514,2191,0.44980544747081713,0.08249027237354085,0.46600877192982454,0.09539473684210527,4530,0.6469094922737312,0.241280353200883,5.487637969094923,0.36953642384105967,2295,0.6673267326732674,0.039603960396039604,0.7304415182029435,0.010069713400464756,3235,0.6842349304482223,0.7310664605873262,5.302936630602782,0.3662802679031427,13.62,13.38,12.94,12.64,0,3,2
574,1205740951,5,14,14,13,11,1400,0.29,0.62625,0.2739273927392739,0.599009900990099,408,0.84375,0.6127450980392157,7.017156862745098,0.3854166666666667,2194,0.44980544747081713,0.08249027237354085,0.46557377049180326,0.09508196721311475,4538,0.6469810489202297,0.24129572498898194,5.487659762009696,0.369435874834729,2299,0.6676557863501483,0.03956478733926805,0.7302936630602782,0.010046367851622875,3241,0.6837395865473617,0.730638691761802,5.302684356680037,0.3662964105728685,13.68,13.46,13.0,12.64,0,1,3
575,1205740952,5,14,13,14,13,1404,0.2892768079800499,0.6271820448877805,0.2730263157894737,0.5986842105263158,410,0.8445121951219512,0.6146341463414634,7.017073170731707,0.3853658536585366,2195,0.44980544747081713,0.08249027237354085,0.4650655021834061,0.09497816593886463,4551,0.6467809272687326,0.24170511975390024,5.487804878048781,0.3693693693693694,2302,0.6663376110562685,0.039486673247778874,0.7305019305019305,0.010038610038610039,3242,0.6835286859962983,0.7307217766810611,5.302590993214065,0.36626053876208103,13.74,13.46,13.0,12.62,1,0,1
576,1205740953,5,12,14,15,11,1407,0.2889165628891656,0.6264009962640099,0.2721311475409836,0.6,412,0.8452669902912622,0.6140776699029126,7.016990291262136,0.3859223300970874,2196,0.45023328149300157,0.08242612752721618,0.4650655021834061,0.09497816593886463,4560,0.646600877192983,0.24144736842105263,5.487938596491228,0.36940789473684216,2305,0.6666666666666666,0.03944773175542406,0.730917501927525,0.010023130300693909,3249,0.6832358674463935,0.7306863650353955,5.302554632194521,0.36639478813994053,13.7,13.5,13.06,12.56,-2,-3,1
577,1205740954,5,13,13,11,13,1411,0.28819875776397513,0.6273291925465838,0.272875816993464,0.5996732026143791,413,0.8456416464891041,0.612590799031477,7.016949152542373,0.3855932203389831,2200,0.44988344988344986,0.08313908313908314,0.4646354733405876,0.0957562568008705,4566,0.6470652650021906,0.2413491020586947,5.488392466053439,0.369305738063951,2309,0.6669950738916256,0.03940886699507389,0.7307692307692307,0.01,3256,0.6831490581490579,0.730036855036855,5.302825552825553,0.36650286650286656,13.68,13.48,13.02,12.56,0,2,0
578,1205740955,5,16,13,15,14,1413,0.2890818858560794,0.6265508684863523,0.2724306688417618,0.600326264274062,414,0.8460144927536232,0.6111111111111112,7.016908212560386,0.3852657004830918,2202,0.4495341614906832,0.08307453416149069,0.4641304347826087,0.09565217391304348,4577,0.646821061830894,0.24164299759667904,5.488529604544461,0.36923749180686044,2315,0.6683022571148185,0.03925417075564279,0.7311827956989247,0.009984639016897081,3258,0.6833435645590339,0.7302025782688766,5.3026396562308165,0.3664313484755474,13.78,13.52,13.06,12.6,3,1,2
579,1205740956,5,13,10,13,12,1414,0.28872366790582404,0.6270136307311028,0.2724306688417618,0.600326264274062,415,0.8451807228915663,0.6120481927710844,7.016867469879518,0.3855421686746988,2207,0.4481424148606811,0.08359133126934984,0.46471226927252984,0.09554831704668838,4586,0.6465329262974274,0.2413868294810292,5.489097252507632,0.36927605756650683,2318,0.6686274509803921,0.0392156862745098,0.7308282208588958,0.009969325153374233,3265,0.6836140888208269,0.730781010719755,5.30260336906585,0.36648800408371623,13.76,13.5,13.04,12.56,3,0,1
580,1205740957,5,12,10,9,11,1419,0.28888888888888886,0.6271604938271605,0.27479674796747966,0.5983739837398374,417,0.8435251798561151,0.6139088729016786,7.016786570743405,0.38609112709832133,2210,0.4482225656877898,0.08346213292117466,0.4642082429501085,0.09544468546637744,4590,0.6468409586056649,0.2411764705882353,5.489324618736384,0.3691721132897604,2321,0.6673189823874756,0.03913894324853229,0.7310344827586207,0.00996168582375479,3269,0.683848271642704,0.7308045273784032,5.302233098806974,0.366421943509738,13.72,13.44,12.98,12.54,2,3,1
581,1205740958,5,12,15,16,12,1421,0.2881773399014778,0.6280788177339901,0.27479674796747966,0.5983739837398374,418,0.8438995215311005,0.6148325358851675,7.016746411483253,0.38636363636363635,2211,0.4486486486486487,0.0833976833976834,0.4642082429501085,0.09544468546637744,4598,0.6471291866028713,0.24162679425837322,5.490648107872988,0.36907351022183565,2326,0.6666666666666666,0.03898635477582846,0.7312404287901991,0.009954058192955589,3276,0.683201058201058,0.7307692307692307,5.301587301587301,0.366478428978429,13.74,13.48,13.08,12.58,-3,-4,0
582,1205740959,5,13,15,15,13,1428,0.28921568627450983,0.6274509803921569,0.2750809061488673,0.598705501618123,418,0.8438995215311005,0.6148325358851675,7.016746411483253,0.38636363636363635,2212,0.44830246913580246,0.08333333333333333,0.4642082429501085,0.09544468546637744,4607,0.6470226466970558,0.2413718254829607,5.490340785760798,0.3692207510310398,2328,0.6666666666666666,0.03898635477582846,0.731651376146789,0.009938837920489297,3282,0.683170830794231,0.7306520414381474,5.301340645947593,0.3665701807840748,13.72,13.44,13.14,12.58,-2,-2,0
583,1205740960,5,13,13,12,13,1432,0.29008567931456547,0.6266829865361077,0.27697262479871176,0.5974235104669887,418,0.8438995215311005,0.6148325358851675,7.016746411483253,0.38636363636363635,2218,0.44803695150115475,0.08391070053887606,0.4648648648648649,0.09513513513513513,4615,0.6472011556518604,0.24117009750812568,5.4907908992416035,0.3691224268689058,2332,0.6673151750972762,0.038910505836575876,0.7312977099236642,0.009923664122137405,3287,0.6833485447723353,0.7301490721022209,5.3011864922421665,0.3665449751546497,13.68,13.4,13.1,12.58,0,1,0
584,1205740961,5,15,15,11,12,1433,0.29095354523227385,0.6259168704156479,0.27697262479871176,0.5974235104669887,418,0.8438995215311005,0.6148325358851675,7.016746411483253,0.38636363636363635,2220,0.44769230769230767,0.08461538461538462,0.46436285097192226,0.09611231101511879,4627,0.6473236798501555,0.24140912038037604,5.4910309055543545,0.3692097111159139,2336,0.6663433559650824,0.03976721629485936,0.7315026697177727,0.009916094584286803,3292,0.683829485621709,0.7305589307411907,5.301336573511543,0.3665198460915351,13.68,13.4,13.06,12.54,0,4,3
585,1205740962,5,15,16,14,11,1435,0.2914634146341463,0.625609756097561,0.27697262479871176,0.5974235104669887,418,0.8438995215311005,0.6148325358851675,7.016746411483253,0.38636363636363635,2223,0.44734819369715606,0.08455034588777863,0.46336206896551724,0.09590517241379311,4638,0.646758660342102,0.2410521776627857,5.490944372574385,0.36930429782952423,2342,0.6666666666666666,0.03972868217054264,0.7317629179331308,0.009878419452887538,3294,0.684021453147136,0.7304189435336976,5.301457194899818,0.3664490993725967,13.78,13.46,13.12,12.48,-1,1,4
586,1205740963,5,11,11,14,14,1440,0.291970802919708,0.6253041362530414,0.27724358974358976,0.5977564102564102,418,0.8438995215311005,0.6148325358851675,7.016746411483253,0.38636363636363635,2225,0.4470046082949309,0.08525345622119816,0.4628632938643703,0.09580193756727665,4647,0.6469048131410952,0.2408005164622337,5.491284699806327,0.3692346316620042,2347,0.6669893514036787,0.03969022265246854,0.7303030303030303,0.009848484848484848,3299,0.6834394260887136,0.7299181570172779,5.301606547438618,0.3664999494796403,13.76,13.44,13.16,12.5,0,-3,-3
587,1205740964,5,15,15,13,14,1443,0.2921212121212121,0.6254545454545455,0.27724358974358976,0.5977564102564102,418,0.8438995215311005,0.6148325358851675,7.016746411483253,0.38636363636363635,2226,0.4474290099769762,0.0851880276285495,0.4628632938643703,0.09580193756727665,4656,0.6467282359679273,0.24097938144329897,5.491194158075602,0.36900415234822453,2351,0.6669893514036787,0.03969022265246854,0.7311178247734139,0.009818731117824773,3304,0.6834644874899111,0.7303268765133172,5.301755447941889,0.36639931396287334,13.78,13.48,13.18,12.54,0,2,1
588,1205740965,5,13,13,15,14,1447,0.2914147521160822,0.626360338573156,0.2763578274760383,0.5990415335463258,420,0.843452380952381,0.6166666666666667,7.016666666666667,0.3869047619047619,2229,0.4475095785440613,0.08505747126436781,0.46236559139784944,0.0956989247311828,4663,0.6461862892272505,0.2408320823504182,5.491957966974051,0.3689863464150404,2352,0.6669893514036787,0.03969022265246854,0.7313207547169811,0.009811320754716982,3313,0.6831170137840827,0.7301539390280712,5.303350437669786,0.36623402756816587,13.7,13.42,13.22,12.54,0,-2,-1
589,1205740966,5,12,15,14,11,1449,0.2914147521160822,0.626360338573156,0.2754777070063694,0.6003184713375797,420,0.843452380952381,0.6166666666666667,7.016666666666667,0.3869047619047619,2232,0.44793261868300155,0.08499234303215926,0.4613733905579399,0.09549356223175966,4670,0.6462883654532482,0.24089935760171305,5.49186295503212,0.3689685938615275,2359,0.6666666666666666,0.03961352657004831,0.7323308270676692,0.009774436090225564,3318,0.682991762105686,0.729957805907173,5.303194695599759,0.3662849105887081,13.66,13.46,13.22,12.5,-3,-2,1
590,1205740967,5,12,12,12,12,1452,0.29071170084439085,0.6272617611580217,0.27503974562798095,0.6009538950715422,421,0.8426365795724465,0.6175771971496437,7.016627078384798,0.38717339667458434,2235,0.4475899005355777,0.08492731446059679,0.4603854389721627,0.09528907922912205,4679,0.6460069815487646,0.24064971147681127,5.491344304338534,0.368953480088338,2365,0.6679499518768046,0.03946102021174206,0.7327327327327328,0.00975975975975976,3323,0.6828668873507873,0.7300631959073127,5.3030394222088475,0.3663356404855051,13.62,13.42,13.18,12.5,0,0,0
591,1205740968,5,14,13,13,12,1456,0.2920673076923077,0.6262019230769231,0.2746031746031746,0.6015873015873016,421,0.8426365795724465,0.6175771971496437,7.016627078384798,0.38717339667458434,2238,0.44801223241590216,0.08486238532110092,0.4594017094017094,0.09615384615384616,4686,0.646180110968844,0.2407170294494238,5.491250533504054,0.3689891876511595,2367,0.6679499518768046,0.03946102021174206,0.732383808095952,0.009745127436281859,3331,0.6829280496347441,0.7295106574602221,5.302611828279796,0.36680676473531476,13.66,13.42,13.18,12.48,1,1,2
592,1205740969,5,14,14,13,12,1457,0.2917166866746699,0.6266506602641057,0.2746031746031746,0.6015873015873016,422,0.8430094786729858,0.6161137440758294,7.016587677725118,0.38744075829383884,2243,0.4488549618320611,0.08473282442748091,0.4579339723109691,0.09584664536741214,4695,0.6464323748668802,0.24046858359957402,5.491160809371672,0.3689563365282216,2373,0.6685878962536023,0.0393852065321806,0.7331838565022422,0.009715994020926755,3335,0.6825587206396799,0.7295352323838081,5.302548725637181,0.3668915542228886,13.7,13.44,13.12,12.5,0,1,2
593,1205740970,5,14,13,14,14,1461,0.29101796407185626,0.6275449101796408,0.2737341772151899,0.6028481012658228,423,0.8433806146572104,0.6170212765957447,7.016548463356974,0.3877068557919622,2246,0.4492753623188406,0.08466819221967964,0.45908607863974493,0.09564293304994687,4703,0.6466794244808285,0.2404847969381246,5.491388475441208,0.36901977461194985,2376,0.6679462571976967,0.04030710172744722,0.7335820895522388,0.009701492537313432,3341,0.6825301805846551,0.7297216402274768,5.3023046991918585,0.3666816322458346,13.68,13.38,13.1,12.54,1,0,0
594,1205740971,5,10,12,14,12,1463,0.2915173237753883,0.6260454002389486,0.2737341772151899,0.6028481012658228,423,0.8433806146572104,0.6170212765957447,7.016548463356974,0.3877068557919622,2251,0.44935262757044936,0.0853008377760853,0.4586864406779661,0.09745762711864407,4709,0.6464925320308635,0.24039074113399872,5.491611807177745,0.3688681248672755,2377,0.6682646212847555,0.040268456375838924,0.7335820895522388,0.009701492537313432,3351,0.6828309957226697,0.729632945389436,5.303789913458669,0.36663185118869995,13.58,13.34,13.14,12.52,-2,-4,-2
595,1205740972,5,16,14,14,11,1465,0.2911694510739857,0.6252983293556086,0.27330173775671407,0.6034755134281201,423,0.8433806146572104,0.6170212765957447,7.016548463356974,0.3877068557919622,2252,0.44935262757044936,0.0853008377760853,0.45925925925925926,0.09735449735449736,4721,0.6466497211042864,0.24041516627833087,5.491633128574454,0.3689190143331216,2382,0.6685823754789272,0.040229885057471264,0.734375,0.009672619047619048,3354,0.6831146889286422,0.72927847346452,5.303518187239117,0.3666766050486981,13.64,13.36,13.14,12.5,2,2,5
596,1205740973,5,15,13,13,13,1467,0.2904761904761905,0.625,0.27330173775671407,0.6034755134281201,424,0.84375,0.6155660377358491,7.0165094339622645,0.3873820754716981,2256,0.4494296577946768,0.08517110266159696,0.4593453009503696,0.09714889123548047,4729,0.646683583562417,0.24043138084161556,5.49122436032988,0.3689821667723973,2388,0.6688995215311004,0.04019138755980861,0.7346182357301705,0.009636767976278725,3357,0.683397875086883,0.7292225201072386,5.303246946678582,0.36664680766557445,13.68,13.3,13.16,12.52,2,2,2
597,1205740974,5,15,15,12,13,1468,0.2901307966706302,0.6242568370986921,0.27330173775671407,0.6034755134281201,425,0.8433333333333334,0.6164705882352941,7.016470588235294,0.38823529411764707,2260,0.44916540212443096,0.08497723823975721,0.459915611814346,0.0970464135021097,4739,0.6462685517338405,0.2409791095167757,5.490609833298164,0.36894211155658724,2388,0.6688995215311004,0.04019138755980861,0.7346182357301705,0.009636767976278725,3364,0.6831648830757033,0.7291914387633769,5.302913198573127,0.3667013476020611,13.66,13.34,13.12,12.54,0,3,2
598,1205740975,5,12,12,12,11,1469,0.2901307966706302,0.6242568370986921,0.27287066246056785,0.6041009463722398,427,0.842896174863388,0.6159250585480094,7.016393442622951,0.38875878220140514,2264,0.45041635124905377,0.08478425435276306,0.4594309799789252,0.09694415173867228,4746,0.6465795757831162,0.24104509060261273,5.491150442477876,0.3689071498806013,2392,0.6679389312977099,0.04007633587786259,0.7348148148148148,0.00962962962962963,3369,0.6833382803997228,0.7292965271593945,5.303650934995548,0.366676560799446,13.64,13.34,13.12,12.52,0,0,1
599,1205740976,5,14,12,13,12,1472,0.28978622327790976,0.6247030878859857,0.2720125786163522,0.6053459119496856,428,0.842095015576324,0.616822429906542,7.016355140186916,0.38901869158878505,2265,0.45007564296520425,0.08472012102874432,0.4594309799789252,0.09694415173867228,4756,0.6464115503224004,0.2413793103448276,5.491169049621531,0.36902509111298015,2396,0.6676190476190477,0.04,0.735207100591716,0.009615384615384616,3375,0.6829135802469134,0.7288888888888889,5.303111111111111,0.3667654320987655,13.6,13.36,13.08,12.5,2,1,2
600,1205740977,5,13,13,14,12,1478,0.2890995260663507,0.6255924170616114,0.2734375,0.6046875,428,0.842095015576324,0.616822429906542,7.016355140186916,0.38901869158878505,2267,0.4501510574018127,0.08459214501510574,0.4594309799789252,0.09694415173867228,4765,0.6464498076250443,0.24113326337880378,5.490870933892969,0.36923749562784197,2401,0.6673003802281369,0.039923954372623575,0.7357933579335794,0.00959409594095941,3380,0.6832347140039445,0.7289940828402367,5.302662721893491,0.36678994082840244,13.56,13.36,13.1,12.5,0,-1,1
601,1205740978,5,14,15,15,14,1481,0.28875739644970416,0.6248520710059171,0.27414330218068533,0.6043613707165109,429,0.8424630924630925,0.6177156177156177,7.016317016317016,0.38927738927738925,2272,0.44988696307460435,0.08440090429540316,0.45951629863301785,0.09674027339642481,4770,0.6465408805031452,0.24129979035639412,5.490775681341719,0.36942697414395537,2403,0.6669829222011385,0.03984819734345351,0.7357933579335794,0.00959409594095941,3389,0.6831907150585225,0.7288285629979345,5.3024491000295075,0.36692239598701687,13.6,13.42,13.12,12.52,-1,-1,0
602,1205740979,5,14,15,13,15,1482,0.28875739644970416,0.6248520710059171,0.2737169517884914,0.6049766718506998,430,0.8428294573643411,0.6186046511627907,7.0162790697674415,0.38895348837209304,2275,0.4492099322799097,0.08427389014296463,0.46008403361344535,0.09663865546218488,4781,0.6463780241232663,0.24158125915080528,5.490274001254968,0.3696228125217877,2411,0.6666666666666666,0.039660056657223795,0.7356406480117821,0.009572901325478646,3390,0.6831366764995082,0.7289085545722714,5.3023598820058995,0.3669616519174042,13.58,13.42,13.12,12.54,-1,1,-1
603,1205740980,5,14,15,13,14,1484,0.28841607565011823,0.6252955082742316,0.2732919254658385,0.6055900621118012,430,0.8428294573643411,0.6186046511627907,7.0162790697674415,0.38895348837209304,2282,0.4493623405851463,0.08402100525131283,0.4607329842931937,0.09633507853403141,4788,0.6462684489000284,0.24185463659147868,5.490183792815372,0.3695001392369814,2413,0.6669811320754717,0.03962264150943396,0.7358351729212657,0.009565857247976454,3397,0.6830536748111076,0.7288784221371799,5.302619958787165,0.3670150132469827,13.64,13.48,13.12,12.58,-1,1,0
604,1205740981,5,15,15,11,12,1489,0.287396937573616,0.6254416961130742,0.2739938080495356,0.6052631578947368,431,0.8431941221964424,0.617169373549884,7.016241299303944,0.388631090487239,2286,0.4505988023952096,0.08383233532934131,0.46129707112970714,0.09623430962343096,4793,0.6464288198066631,0.2420196119340705,5.490089714166492,0.36953195632519653,2414,0.6669811320754717,0.03962264150943396,0.7360294117647059,0.009558823529411765,3404,0.6831179005092046,0.7291421856639247,5.302878965922444,0.36699471210340784,13.66,13.54,13.04,12.56,0,4,3
605,1205740982,5,16,14,13,14,1490,0.28823529411764703,0.6247058823529412,0.2739938080495356,0.6052631578947368,431,0.8431941221964424,0.617169373549884,7.016241299303944,0.388631090487239,2289,0.450261780104712,0.08376963350785341,0.4603340292275574,0.09603340292275574,4803,0.6466097577902706,0.24193212575473663,5.491359566937331,0.36954334096745095,2418,0.6666666666666666,0.03954802259887006,0.73568281938326,0.009544787077826725,3410,0.6832355816226782,0.729325513196481,5.305278592375367,0.367008797653959,13.7,13.54,12.98,12.6,2,3,2
606,1205740983,5,14,14,12,12,1493,0.2878965922444183,0.6239717978848414,0.27314814814814814,0.6064814814814815,431,0.8431941221964424,0.617169373549884,7.016241299303944,0.388631090487239,2290,0.4499252615844544,0.08370702541106129,0.4603340292275574,0.09603340292275574,4811,0.6463659668814529,0.2423612554562461,5.490958220744128,0.3695004503568212,2420,0.6669802445907808,0.03951081843838194,0.7351430667644901,0.009537784299339692,3417,0.6831528631353037,0.7292947029558092,5.304653204565408,0.3669154228855722,13.7,13.54,12.94,12.56,0,2,2
607,1205740984,5,13,13,13,12,1495,0.2878965922444183,0.6239717978848414,0.27384615384615385,0.6061538461538462,432,0.8435570987654322,0.6180555555555556,7.016203703703703,0.3883101851851852,2296,0.45081967213114754,0.08345752608047691,0.46145833333333336,0.09583333333333334,4818,0.6460149439601501,0.24263179742631796,5.491075134910751,0.36969005119690057,2423,0.6660412757973734,0.040337711069418386,0.7351430667644901,0.009537784299339692,3426,0.6834014399688653,0.7288382953882078,5.304436660828955,0.3668515275345398,13.74,13.54,12.96,12.62,0,0,1
608,1205740985,5,14,13,15,12,1497,0.28722157092614303,0.6248534583821805,0.27384615384615385,0.6061538461538462,433,0.8439183987682833,0.6189376443418014,7.016166281755196,0.38799076212471134,2304,0.45055762081784384,0.08327137546468401,0.46113989637305697,0.09637305699481866,4822,0.646204894234758,0.24284529240978847,5.490875155537122,0.3697463016728882,2428,0.666043030869972,0.040224508886810104,0.7355311355311356,0.009523809523809525,3432,0.6835178710178708,0.7284382284382285,5.303904428904429,0.36693861693861696,13.7,13.56,13.04,12.62,1,-1,2
609,1205740986,5,16,13,16,11,1501,0.28771929824561404,0.624561403508772,0.27300613496932513,0.6058282208588958,433,0.8439183987682833,0.6189376443418014,7.016166281755196,0.38799076212471134,2308,0.45022288261515603,0.08320950965824665,0.4628099173553719,0.09607438016528926,4830,0.6460662525879923,0.24285714285714285,5.490683229813665,0.3698067632850242,2432,0.6657329598506069,0.040149393090569564,0.7359180687637161,0.009509875640087784,3437,0.683250897100184,0.7285423334303172,5.304044224614489,0.3670594510716711,13.76,13.52,13.14,12.62,3,0,5
610,1205740987,5,12,14,13,12,1507,0.28754365541327126,0.6251455180442375,0.27370030581039756,0.6055045871559633,433,0.8439183987682833,0.6189376443418014,7.016166281755196,0.38799076212471134,2313,0.44988864142538976,0.08314773570898293,0.4619341563786008,0.09670781893004116,4834,0.646152254861399,0.2428630533719487,5.490897807199007,0.3697076265342712,2433,0.6657329598506069,0.040149393090569564,0.7361111111111112,0.009502923976608187,3446,0.6833043141806924,0.7278003482298316,5.303830528148578,0.3669713677693945,13.7,13.56,13.1,12.6,-2,-1,0
611,1205740988,5,13,13,10,11,1512,0.2868757259001161,0.6260162601626016,0.273972602739726,0.6057838660578386,433,0.8439183987682833,0.6189376443418014,7.016166281755196,0.38799076212471134,2315,0.4502967359050445,0.0830860534124629,0.4614594039054471,0.09660842754367935,4843,0.6461903778649604,0.24282469543671278,5.490811480487301,0.3696056163534999,2439,0.6666666666666666,0.04003724394785847,0.7366885485047411,0.009482129832239242,3449,0.683144872910022,0.7277471730936503,5.303566251087272,0.36694210882381373,13.7,13.52,13.06,12.54,0,3,2
612,1205740989,5,12,13,12,12,1513,0.2865429234338747,0.6264501160092807,0.273972602739726,0.6057838660578386,433,0.8439183987682833,0.6189376443418014,7.016166281755196,0.38799076212471134,2317,0.45037037037037037,0.0837037037037037,0.4614594039054471,0.09660842754367935,4852,0.6464001099203085,0.24299258037922505,5.490313272877164,0.36958985985160764,2442,0.6657381615598886,0.04085422469823584,0.7366885485047411,0.009482129832239242,3456,0.6827256944444443,0.7280092592592593,5.303819444444445,0.36706693672839513,13.68,13.52,13.04,12.54,-1,0,0
613,1205740990,5,11,15,12,11,1517,0.28587962962962965,0.6273148148148148,0.2731411229135053,0.6069802731411229,434,0.8442780337941629,0.619815668202765,7.016129032258065,0.3876728110599078,2321,0.45077720207253885,0.08364174685418209,0.4610655737704918,0.09631147540983606,4860,0.6462620027434849,0.24300411522633744,5.489917695473251,0.3695644718792867,2446,0.6654309545875811,0.04170528266913809,0.7363437727603788,0.009468317552804079,3463,0.6830782558475309,0.7274039849841178,5.307536817788045,0.36690249302146505,13.62,13.58,13.02,12.54,-4,-1,0
614,1205740991,5,13,14,13,13,1520,0.2855491329479769,0.6277456647398844,0.2723146747352496,0.6081694402420574,435,0.8434865900383142,0.6206896551724138,7.016091954022989,0.3879310344827586,2324,0.4501108647450111,0.0835181079083518,0.46059365404298874,0.09621289662231321,4869,0.6467104812761012,0.2425549394126104,5.489628260423085,0.3694461559526255,2452,0.6651248843663274,0.041628122109158186,0.7356572258533043,0.00944081336238199,3469,0.6826174690112423,0.7272989334102047,5.307581435572211,0.36698856538868074,13.62,13.6,13.04,12.56,-1,0,0
615,1205740992,5,14,14,15,12,1521,0.2863741339491917,0.6270207852193995,0.2723146747352496,0.6081694402420574,436,0.8438455657492355,0.6215596330275229,7.01605504587156,0.3876146788990826,2327,0.45018450184501846,0.08339483394833948,0.4611451942740286,0.09611451942740286,4877,0.6464698243455683,0.24277219602214475,5.489235185564897,0.36940400519445016,2459,0.6648199445983379,0.04155124653739612,0.7351664254703328,0.009406657018813314,3471,0.6828003457216939,0.7274560645347162,5.308268510515702,0.366921156246999,13.64,13.58,13.1,12.48,0,-1,2
616,1205740993,5,13,15,12,14,1525,0.2868663594470046,0.6267281105990783,0.2730015082956259,0.6063348416289592,437,0.8430587337909993,0.6224256292906178,7.016018306636155,0.3878718535469107,2332,0.45025792188651437,0.08327192336035372,0.4597349643221203,0.09582059123343527,4881,0.6465546677593396,0.24257324318787135,5.488834255275559,0.36942566413986205,2464,0.6645161290322581,0.041474654377880185,0.7350180505415163,0.009386281588447653,3478,0.6830074755606669,0.727142035652674,5.307935595169638,0.3669733563350585,13.6,13.58,13.06,12.48,-2,1,-1
617,1205740994,5,15,14,11,13,1527,0.286536248561565,0.6271576524741082,0.27259036144578314,0.6054216867469879,439,0.8437737281700836,0.6241457858769932,7.015945330296128,0.3878132118451025,2337,0.4503311258278146,0.08314937454010302,0.4613821138211382,0.09552845528455285,4885,0.6467076083248046,0.24278403275332652,5.489048106448311,0.3695837598089389,2468,0.6636029411764706,0.04136029411764706,0.7352092352092352,0.00937950937950938,3485,0.6830703012912481,0.7268292682926829,5.308464849354376,0.3670253467240555,13.62,13.58,13.1,12.48,1,4,2
618,1205740995,5,13,13,12,12,1529,0.28587830080367393,0.6280137772675086,0.27259036144578314,0.6054216867469879,439,0.8437737281700836,0.6241457858769932,7.015945330296128,0.3878132118451025,2345,0.450476889214967,0.08290535583272193,0.46153846153846156,0.0951417004048583,4894,0.6466080915406628,0.24274621986105435,5.488761749080507,0.3696192616809699,2471,0.6636113657195234,0.04124656278643447,0.7352092352092352,0.00937950937950938,3489,0.6830037259959872,0.7268558326167956,5.308111206649469,0.3671061431164613,13.62,13.58,13.08,12.48,0,1,1
619,1205740996,5,13,13,12,10,1530,0.28587830080367393,0.6280137772675086,0.2736842105263158,0.6045112781954888,439,0.8437737281700836,0.6241457858769932,7.015945330296128,0.3878132118451025,2351,0.45054945054945056,0.08278388278388278,0.4596774193548387,0.09475806451612903,4900,0.6466326530612252,0.24285714285714285,5.488979591836735,0.36965986394557826,2477,0.663013698630137,0.0410958904109589,0.7355907780979827,0.009365994236311239,3496,0.6830663615560639,0.7265446224256293,5.308066361556064,0.36722921434019834,13.6,13.6,13.04,12.44,0,1,3
620,1205740997,5,14,12,13,13,1536,0.286368843069874,0.6277205040091638,0.2750373692077728,0.6038863976083707,439,0.8437737281700836,0.6241457858769932,7.015945330296128,0.3878132118451025,2354,0.451353328456474,0.08266276517922458,0.459214501510574,0.094662638469285,4904,0.6465130505709632,0.24265905383360523,5.488784665579119,0.3697661772702556,2481,0.6633211678832117,0.04105839416058394,0.7361610352264558,0.009345794392523364,3503,0.6833666381197069,0.7265201256066229,5.308307165286897,0.36742316110000955,13.6,13.58,13.04,12.42,2,1,1
621,1205740998,5,14,15,15,14,1539,0.2865296803652968,0.6278538812785388,0.2750373692077728,0.6038863976083707,439,0.8437737281700836,0.6241457858769932,7.015945330296128,0.3878132118451025,2359,0.45215485756026297,0.08254200146092038,0.4608433734939759,0.09437751004016064,4910,0.6467413441955201,0.24276985743380855,5.4883910386965375,0.3697216564833673,2485,0.663023679417122,0.040983606557377046,0.7358219669777458,0.00933237616654702,3509,0.6834805737627053,0.7264177828441152,5.308064975776574,0.36750736202146866,13.58,13.6,13.1,12.44,-1,-1,0
622,1205740999,5,13,13,13,17,1542,0.2865296803652968,0.6278538812785388,0.27529761904761907,0.6041666666666666,440,0.8433712121212122,0.625,7.015909090909091,0.3886363636363636,2364,0.4515659140568099,0.08230152949745084,0.46138415245737213,0.09428284854563691,4917,0.6468375025422013,0.24283099450884685,5.487899125483018,0.36975459290895535,2488,0.6633303002729755,0.04094631483166515,0.7362007168458782,0.00931899641577061,3514,0.683646366913299,0.726237905520774,5.307911212293682,0.3674824511477898,13.54,13.56,13.08,12.52,0,0,-4
623,1205741000,5,14,13,12,14,1545,0.285876993166287,0.6287015945330297,0.274888558692422,0.6047548291233283,440,0.8433712121212122,0.625,7.015909090909091,0.3886363636363636,2368,0.4516363636363636,0.0829090909090909,0.46046046046046046,0.0940940940940941,4924,0.6469333874898464,0.2426888708367181,5.487611697806662,0.3695843487679394,2492,0.6636363636363637,0.04090909090909091,0.7360515021459227,0.009298998569384835,3520,0.6837594696969697,0.7267045454545454,5.307386363636364,0.3673532196969697,13.52,13.52,13.08,12.54,1,2,0
624,1205741001,5,15,13,13,11,1548,0.285551763367463,0.6291240045506257,0.2740740740740741,0.605925925925926,441,0.8437263794406652,0.6258503401360545,7.015873015873016,0.3888888888888889,2369,0.45130813953488375,0.08284883720930232,0.46046046046046046,0.0940940940940941,4933,0.646868031623759,0.2428542469085749,5.48753294141496,0.3694675315899723,2496,0.6630336058128974,0.04178019981834696,0.7359029264810849,0.009279086366880799,3526,0.6834467763282284,0.7263187748156551,5.307146908678389,0.36736623180185296,13.54,13.5,13.08,12.54,2,2,4
625,1205741002,5,15,14,12,14,1549,0.2852272727272727,0.6295454545454545,0.2740740740740741,0.605925925925926,442,0.8440799396681751,0.6266968325791855,7.015837104072398,0.38857466063348417,2374,0.4510514865844815,0.0826686004350979,0.46053946053946054,0.0939060939060939,4939,0.6461834379429041,0.24296416278598906,5.487750556792873,0.36947425254774924,2498,0.6633393829401089,0.041742286751361164,0.7353780313837375,0.009272467902995721,3536,0.6834935897435896,0.7259615384615384,5.3085407239819,0.36738782051282054,13.56,13.52,13.04,12.56,1,3,1
626,1205741003,5,15,14,13,11,1551,0.28603859250851305,0.6288308740068105,0.27366863905325445,0.6050295857988166,443,0.8444319036869827,0.6252821670428894,7.015801354401806,0.38826185101580135,2375,0.45072463768115945,0.08260869565217391,0.46053946053946054,0.0939060939060939,4950,0.6461616161616169,0.24242424242424243,5.487676767676768,0.36941077441077447,2503,0.6639492753623188,0.041666666666666664,0.7352313167259786,0.009252669039145907,3540,0.6832862523540488,0.726271186440678,5.3081920903954805,0.36732580037664786,13.62,13.52,13.0,12.56,1,2,4
627,1205741004,5,14,16,13,12,1553,0.28603859250851305,0.6288308740068105,0.275811209439528,0.6032448377581121,446,0.8454783258594919,0.625560538116592,7.015695067264574,0.3873318385650224,2380,0.4507959479015919,0.0824891461649783,0.4601593625498008,0.09362549800796813,4957,0.6460560823078482,0.24248537421827718,5.48779503732096,0.36939345033958715,2509,0.6627486437613019,0.04159132007233273,0.7352732434350603,0.009226401703335699,3543,0.6831310565434189,0.7262207169065763,5.307931131809201,0.36736757926427704,13.64,13.58,13.04,12.54,-2,1,2
628,1205741005,5,14,13,15,13,1557,0.2873303167420814,0.6278280542986425,0.27540500736377027,0.6038291605301914,446,0.8454783258594919,0.625560538116592,7.015695067264574,0.3873318385650224,2381,0.4507959479015919,0.0824891461649783,0.4597014925373134,0.09353233830845771,4968,0.6459339774557173,0.24214975845410627,5.487520128824476,0.36933038110574345,2514,0.6624548736462094,0.04151624548736462,0.7344192634560907,0.009206798866855524,3548,0.6831078541901541,0.7263246899661782,5.308060879368658,0.36734310409620446,13.6,13.58,13.04,12.52,1,-1,1
629,1205741006,5,10,14,14,15,1563,0.2874859075535513,0.6279594137542277,0.27419354838709675,0.6055718475073314,446,0.8454783258594919,0.625560538116592,7.015695067264574,0.3873318385650224,2382,0.4511930585683297,0.0824295010845987,0.4597014925373134,0.09353233830845771,4974,0.6456574185765991,0.24205870526739043,5.487334137515078,0.36928695885270074,2519,0.6621621621621622,0.04144144144144144,0.7335689045936395,0.009187279151943463,3557,0.6822228469684191,0.726454877705932,5.307562552712961,0.36739761971699003,13.54,13.66,13.06,12.58,-4,-4,-5
630,1205741007,5,13,14,13,14,1566,0.28716216216216217,0.6283783783783784,0.27485380116959063,0.6052631578947368,447,0.8458240119313946,0.6263982102908278,7.015659955257271,0.3875838926174497,2387,0.4509379509379509,0.08225108225108226,0.46077457795431975,0.09334657398212512,4983,0.6455281289718383,0.24162151314469196,5.486855308047361,0.36952304501973376,2524,0.6618705035971223,0.04136690647482014,0.7334273624823695,0.009167842031029619,3561,0.6825797996817373,0.7264813254703735,5.307217073855658,0.36733595431994764,13.56,13.74,13.14,12.64,-1,0,-1
631,1205741008,5,14,13,15,13,1569,0.287317620650954,0.6273849607182941,0.27485380116959063,0.6052631578947368,447,0.8458240119313946,0.6263982102908278,7.015659955257271,0.3875838926174497,2390,0.4513338139870223,0.0821917808219178,0.46085232903865214,0.0931615460852329,4990,0.6454241816967274,0.24188376753507013,5.486773547094188,0.3694054776219105,2528,0.6624775583482945,0.04129263913824058,0.7338028169014085,0.009154929577464789,3567,0.6827866554527614,0.7266610597140454,5.307261003644519,0.36734884590225214,13.6,13.7,13.12,12.66,1,-1,1
632,1205741009,5,13,12,10,10,1571,0.28699551569506726,0.6278026905829597,0.2759124087591241,0.6043795620437956,450,0.8446296296296297,0.6266666666666667,7.017777777777778,0.38722222222222225,2392,0.4513338139870223,0.0821917808219178,0.4599406528189911,0.09297725024727992,4997,0.6455206457207665,0.24194516710026015,5.487292375425255,0.36933826962844374,2530,0.6618834080717488,0.04125560538116592,0.7339901477832512,0.009148486980999296,3573,0.6824797089280716,0.7262804366078925,5.306745032185838,0.3671517865472526,13.6,13.64,13.02,12.6,1,3,3
633,1205741010,5,11,13,15,10,1577,0.28683035714285715,0.6283482142857143,0.2765647743813683,0.604075691411936,450,0.8446296296296297,0.6266666666666667,7.017777777777778,0.38722222222222225,2397,0.4506839452843773,0.08279337652987762,0.45956607495069035,0.09368836291913216,5005,0.6458874458874466,0.24195804195804196,5.486713286713287,0.3692474192474193,2533,0.6612903225806451,0.04121863799283154,0.7329585382993675,0.009135628952916374,3579,0.6827326068734283,0.7261804973456273,5.306510198379436,0.36716494365278945,13.56,13.64,13.08,12.54,-2,-4,1
634,1205741011,5,13,14,11,12,1579,0.28651059085841696,0.6287625418060201,0.2761627906976744,0.6046511627906976,451,0.8449741315594975,0.6274944567627494,7.017738359201774,0.3874722838137472,2403,0.45003594536304814,0.08267433501078361,0.45972495088408644,0.09332023575638507,5011,0.6456462449278261,0.2418678906405907,5.486928756735183,0.36925430719084684,2536,0.6618962432915921,0.04114490161001789,0.7331460674157303,0.009129213483146067,3586,0.6831195389477598,0.7255995538204127,5.306469604015616,0.3673545268637294,13.52,13.62,13.08,12.54,-1,2,1
635,1205741012,5,13,16,11,14,1586,0.28555555555555556,0.6277777777777778,0.27601156069364163,0.6054913294797688,452,0.8431047197640119,0.6283185840707964,7.017699115044247,0.38716814159292035,2408,0.45082555635319455,0.08255563531945441,0.4603330068560235,0.0940254652301665,5014,0.6457585427469757,0.24172317510969285,5.486836856800958,0.3692328147852679,2538,0.6618962432915921,0.04114490161001789,0.7328190743338009,0.0091164095371669,3595,0.6830319888734353,0.725173852573018,5.305980528511822,0.36754751970329164,13.48,13.62,13.02,12.6,-3,2,-1
636,1205741013,5,14,13,11,11,1588,0.28492239467849223,0.6286031042128604,0.27601156069364163,0.6054913294797688,453,0.8434510669610008,0.6291390728476821,7.0176600441501105,0.3868653421633554,2411,0.4512893982808023,0.08237822349570201,0.4603330068560235,0.0940254652301665,5022,0.6453272268684461,0.24193548387096775,5.487455197132617,0.36934156378600824,2541,0.6610169491525424,0.04103479036574487,0.7328190743338009,0.0091164095371669,3601,0.6826807368323614,0.7250763676756456,5.30630380449875,0.3676293622141998,13.54,13.66,12.96,12.54,1,3,3
637,1205741014,5,12,14,13,14,1591,0.2842920353982301,0.629424778761062,0.2756132756132756,0.6060606060606061,455,0.8430402930402932,0.6307692307692307,7.0175824175824175,0.3868131868131868,2417,0.45071428571428573,0.08214285714285714,0.4604105571847507,0.093841642228739,5029,0.6453237886922523,0.24219526744879696,5.488168621992444,0.36922516073440714,2544,0.6601423487544484,0.04092526690391459,0.7328190743338009,0.0091164095371669,3609,0.682506696222407,0.7248545303408146,5.306178996952064,0.36764570056340634,13.48,13.64,12.96,12.54,-2,-1,-2
638,1205741015,5,12,12,12,12,1596,0.2839779005524862,0.6287292817679558,0.27403156384505023,0.6083213773314203,456,0.8433845029239767,0.6293859649122807,7.017543859649122,0.38706140350877194,2425,0.45085470085470086,0.08262108262108261,0.4605647517039922,0.09444985394352483,5032,0.6454358770535248,0.2422496025437202,5.487877583465819,0.36920376258611554,2545,0.6601423487544484,0.04092526690391459,0.7330063069376314,0.009110021023125438,3617,0.6822412680858908,0.7243572021011888,5.305501797069395,0.3676619666390195,13.46,13.62,12.9,12.5,0,0,0
639,1205741016,5,13,15,13,13,1598,0.2847682119205298,0.6280353200883002,0.27363896848137537,0.6088825214899714,456,0.8433845029239767,0.6293859649122807,7.017543859649122,0.38706140350877194,2430,0.4509943181818182,0.08238636363636363,0.46108949416342415,0.0943579766536965,5041,0.6449778483105211,0.24261059313628247,5.4874032929974215,0.3692885009588045,2547,0.6604444444444444,0.04088888888888889,0.7331932773109243,0.009103641456582634,3622,0.6821277378980306,0.7244616234124793,5.305080066261734,0.3675685624884963,13.48,13.62,12.88,12.54,-2,0,0
640,1205741017,5,14,15,13,15,1599,0.2844542447629548,0.6284454244762955,0.27363896848137537,0.6088825214899714,457,0.8437272064186726,0.6301969365426696,7.017505470459518,0.38676148796498905,2432,0.451063829787234,0.08226950354609928,0.46108949416342415,0.0943579766536965,5049,0.6445500759226256,0.24301841948900774,5.487225193107546,0.36934706542549683,2553,0.6607617360496014,0.04074402125775022,0.7335664335664336,0.00909090909090909,3628,0.6823778022785741,0.7238147739801544,5.304851157662624,0.36764976111723635,13.52,13.68,12.9,12.6,-1,1,-1
641,1205741018,5,13,13,16,11,1601,0.2841409691629956,0.6288546255506607,0.2732474964234621,0.6094420600858369,458,0.8440684133915576,0.631004366812227,7.0174672489082965,0.3864628820960699,2436,0.45010615711252655,0.08209483368719038,0.4616132167152575,0.09426627793974733,5059,0.6444620148909541,0.24293338604467285,5.486459774659023,0.3694076563220663,2559,0.6604774535809018,0.040671971706454466,0.7336122733612274,0.00906555090655509,3630,0.682552800734619,0.7239669421487603,5.304683195592286,0.36758494031221306,13.5,13.68,12.96,12.58,0,-3,2
642,1205741019,5,13,15,13,13,1601,0.2841409691629956,0.6288546255506607,0.2732474964234621,0.6094420600858369,460,0.8440217391304349,0.6304347826086957,7.017391304347826,0.3869565217391304,2441,0.451271186440678,0.08192090395480225,0.46071774975751695,0.0950533462657614,5065,0.6439947351102343,0.2426456071076012,5.487265547877591,0.3693155643303719,2561,0.6604774535809018,0.040671971706454466,0.733983286908078,0.009052924791086351,3639,0.6823761106531099,0.7238252267106348,5.306677658697445,0.36756892919300177,13.48,13.7,12.96,12.6,-2,0,0
643,1205741020,5,12,13,13,13,1602,0.2841409691629956,0.6288546255506607,0.27285714285714285,0.61,460,0.8440217391304349,0.6304347826086957,7.017391304347826,0.3869565217391304,2443,0.4506346967559944,0.08251057827926657,0.46071774975751695,0.0950533462657614,5072,0.644190325972661,0.24290220820189273,5.4875788643533125,0.3692494742376446,2564,0.6607773851590106,0.04063604240282685,0.7336578581363005,0.009040333796940195,3646,0.682025964527336,0.7235326385079539,5.307460230389468,0.3675489120497349,13.44,13.7,12.94,12.58,-1,-1,-1
644,1205741021,5,15,14,13,13,1603,0.2841409691629956,0.6288546255506607,0.2724679029957204,0.6105563480741797,461,0.844360086767896,0.6290672451193059,7.017353579175705,0.3866594360086768,2445,0.45140845070422536,0.0823943661971831,0.46071774975751695,0.0950533462657614,5079,0.6442869331233189,0.24276432368576492,5.4873006497342,0.36923278860668113,2567,0.6604938271604939,0.04056437389770723,0.7338429464906184,0.009034051424600417,3654,0.6823116219667945,0.7235905856595511,5.307060755336617,0.3676336434957125,13.54,13.74,12.92,12.6,1,2,2
645,1205741022,5,15,14,13,12,1603,0.2841409691629956,0.6288546255506607,0.2724679029957204,0.6105563480741797,462,0.8446969696969698,0.6277056277056277,7.017316017316017,0.38636363636363635,2449,0.45186226282501757,0.08222066057624737,0.46027131782945735,0.09496124031007752,5087,0.6444531813118413,0.2423825437389424,5.487124041674858,0.3692418583316952,2570,0.6604938271604939,0.04056437389770723,0.7343966712898752,0.009015256588072122,3660,0.6826958105646631,0.7237704918032787,5.306830601092896,0.3676457194899818,13.52,13.74,12.9,12.62,1,2,3
646,1205741023,5,13,12,11,11,1605,0.2838283828382838,0.6292629262926293,0.27350427350427353,0.6096866096866097,463,0.8450323974082075,0.6285097192224622,7.017278617710583,0.38606911447084236,2451,0.4515449438202247,0.08216292134831461,0.45982575024201355,0.09583736689254599,5097,0.6440389771761174,0.2426917794781244,5.486560721993329,0.36933490288404947,2578,0.6587510993843447,0.040457343887423045,0.7353144436765722,0.008984105044920525,3663,0.6826826826826827,0.7234507234507235,5.306579306579307,0.36761761761761763,13.48,13.72,12.86,12.58,1,2,2
647,1205741024,5,12,13,13,14,1610,0.2835164835164835,0.6296703296703297,0.273371104815864,0.6104815864022662,466,0.8417381974248929,0.630901287553648,7.021459227467811,0.3851931330472103,2455,0.4523809523809524,0.0819327731092437,0.45982575024201355,0.09583736689254599,5103,0.644261545496114,0.24240642759161277,5.4867724867724865,0.36943954536547136,2581,0.659350307287094,0.04038630377524144,0.7348066298342542,0.008977900552486187,3668,0.682842602689931,0.7238276990185387,5.306434023991276,0.3675936023264268,13.42,13.68,12.88,12.6,-1,-1,-2
648,1205741025,5,16,11,15,12,1612,0.283205268935236,0.6300768386388584,0.2743988684582744,0.6096181046676096,467,0.8420770877944327,0.6316916488222698,7.0214132762312635,0.38490364025695933,2461,0.45321229050279327,0.08170391061452514,0.4608695652173913,0.09565217391304348,5108,0.6441855912294447,0.24236491777603758,5.486491777603759,0.3696652310101802,2586,0.6590709903593339,0.040315512708150744,0.735354927636113,0.00895933838731909,3672,0.6831880900508353,0.7233115468409586,5.306372549019608,0.3676697530864198,13.5,13.66,12.94,12.62,5,1,4
649,1205741026,5,12,12,11,11,1613,0.283205268935236,0.6300768386388584,0.2740112994350282,0.6101694915254238,467,0.8420770877944327,0.6316916488222698,7.0214132762312635,0.38490364025695933,2466,0.4529616724738676,0.08153310104529617,0.4609450337512054,0.09546769527483125,5115,0.6442815249266869,0.24222873900293254,5.486217008797654,0.3695992179863148,2593,0.6590909090909091,0.04020979020979021,0.7347079037800688,0.008934707903780068,3676,0.6832607907145449,0.7227965179542981,5.3076713819368875,0.36754171200580343,13.46,13.66,12.9,12.6,0,1,1
650,1205741027,5,14,14,13,14,1616,0.2833698030634573,0.6301969365426696,0.2740112994350282,0.6101694915254238,467,0.8420770877944327,0.6316916488222698,7.0214132762312635,0.38490364025695933,2469,0.453027139874739,0.081419624217119,0.4614643545279383,0.0953757225433526,5124,0.6443208430913356,0.2423887587822014,5.485948477751757,0.3696330991412959,2601,0.6585152838427948,0.04017467248908297,0.7346101231190151,0.008891928864569083,3679,0.6835190722116518,0.7224789344930688,5.3076923076923075,0.36751381716046033,13.48,13.68,12.88,12.64,0,1,0
651,1205741028,5,14,13,10,13,1619,0.2833698030634573,0.6301969365426696,0.27285513361462727,0.6118143459915611,468,0.84241452991453,0.6324786324786325,7.021367521367521,0.38461538461538464,2474,0.4521497919556172,0.08183079056865465,0.4614643545279383,0.0953757225433526,5129,0.6442776369662709,0.242152466367713,5.4858646909729,0.3696139598362254,2605,0.6588132635253054,0.04013961605584642,0.7351535836177474,0.008873720136518772,3685,0.6837630031659884,0.7223880597014926,5.307462686567164,0.3674581637268205,13.48,13.64,12.78,12.62,1,4,1
652,1205741029,5,13,13,16,12,1628,0.28291621327529926,0.6311207834602829,0.27132867132867133,0.6111888111888112,469,0.8420398009950251,0.6332622601279317,7.021321961620469,0.3853944562899787,2476,0.45221606648199447,0.0817174515235457,0.4614643545279383,0.0953757225433526,5138,0.6446736732840282,0.24231218372907745,5.485208252238225,0.3697936940443753,2607,0.6591107236268526,0.04010462074978204,0.7353342428376535,0.008867667121418827,3688,0.683477946493131,0.7223427331887202,5.307483731019523,0.36749819233550257,13.46,13.6,12.84,12.56,0,-3,1
653,1205741030,5,16,13,16,12,1629,0.28369565217391307,0.6304347826086957,0.27132867132867133,0.6111888111888112,469,0.8420398009950251,0.6332622601279317,7.021321961620469,0.3853944562899787,2484,0.4516574585635359,0.08149171270718232,0.46257197696737046,0.09500959692898273,5145,0.6444768383543901,0.2423712342079689,5.485131195335277,0.36977648202138,2610,0.6588337684943429,0.04003481288076589,0.7355146557600545,0.008861622358554875,3693,0.6836357071937902,0.7221770917952883,5.307338207419442,0.3674068056683817,13.5,13.56,12.9,12.52,3,0,4
654,1205741031,5,13,13,12,12,1631,0.28338762214983715,0.6308360477741585,0.2723463687150838,0.6103351955307262,471,0.841648973814579,0.6348195329087049,7.021231422505308,0.3853503184713376,2491,0.453232462173315,0.0811554332874828,0.46308724832214765,0.09491850431447747,5149,0.644364601540753,0.2423771606137114,5.485336958632744,0.3697805399106623,2611,0.6591304347826087,0.04,0.7355146557600545,0.008861622358554875,3699,0.684148869063711,0.7223573938902406,5.3076507164098405,0.3672163647832748,13.46,13.52,12.92,12.52,0,1,1
655,1205741032,5,11,10,8,11,1633,0.28308026030368766,0.631236442516269,0.2719665271966527,0.6108786610878661,472,0.8419844632768363,0.635593220338983,7.021186440677966,0.3850635593220339,2495,0.453360768175583,0.08161865569272976,0.46308724832214765,0.09491850431447747,5157,0.6441406502488535,0.24238898584448323,5.485359705254993,0.36983711460151253,2616,0.6597222222222222,0.03993055555555555,0.7346938775510204,0.008843537414965987,3705,0.6839406207827262,0.7225371120107962,5.3076923076923075,0.3672964462438147,13.36,13.44,12.82,12.46,1,3,0
656,1205741033,5,14,17,16,15,1633,0.28308026030368766,0.631236442516269,0.2719665271966527,0.6108786610878661,472,0.8419844632768363,0.635593220338983,7.021186440677966,0.3850635593220339,2501,0.4531143052703628,0.08145106091718002,0.4646271510516252,0.09464627151051626,5166,0.6443089430894317,0.2421602787456446,5.48548199767712,0.3697896502774552,2617,0.6597222222222222,0.03993055555555555,0.7348742352141401,0.008837525492861998,3711,0.6838228689481722,0.7224467798437079,5.30800323362975,0.36744363603700714,13.36,13.5,12.9,12.52,-3,-2,-1
657,1205741034,5,13,14,12,12,1635,0.28277356446370533,0.6316359696641387,0.27298050139275765,0.6100278551532033,473,0.8412614517265682,0.6363636363636364,7.023255813953488,0.38530655391120505,2504,0.4531784005468216,0.08202323991797676,0.46418338108882523,0.09455587392550144,5177,0.6440023179447564,0.24261155109136565,5.486382074560557,0.3698248663962398,2621,0.6594454072790294,0.04072790294627383,0.7352342158859471,0.008825526137135099,3714,0.6839436366900019,0.7226709746903608,5.308023694130318,0.36741608328845815,13.36,13.52,12.88,12.52,-1,1,1
658,1205741035,5,13,15,14,13,1636,0.28354978354978355,0.6309523809523809,0.27298050139275765,0.6100278551532033,473,0.8412614517265682,0.6363636363636364,7.023255813953488,0.38530655391120505,2506,0.4531784005468216,0.08202323991797676,0.4632983794089609,0.09437559580552908,5187,0.6441102756892237,0.24310776942355888,5.486408328513591,0.3697384486858171,2623,0.6594454072790294,0.04072790294627383,0.7349152542372881,0.008813559322033898,3722,0.683100483610962,0.722729715206878,5.307630306286942,0.3673652158337812,13.34,13.56,12.86,12.54,-2,-1,0
659,1205741036,5,15,14,13,12,1639,0.28324324324324324,0.6313513513513513,0.2722222222222222,0.6097222222222223,474,0.8415963431786219,0.6371308016877637,7.023206751054852,0.3850210970464135,2509,0.45286885245901637,0.08196721311475409,0.46241674595623217,0.09419600380589914,5195,0.6441770933589998,0.2433108758421559,5.48604427333975,0.3698909207571383,2627,0.6591695501730104,0.04065743944636678,0.7352742044685172,0.008801624915368992,3727,0.6832573115105984,0.722296753420982,5.308022538234505,0.36754315356408196,13.32,13.58,12.8,12.56,1,2,3
660,1205741037,5,15,13,14,12,1639,0.28324324324324324,0.6313513513513513,0.2722222222222222,0.6097222222222223,475,0.8419298245614036,0.6378947368421053,7.023157894736842,0.38473684210526315,2514,0.45262440354464895,0.081799591002045,0.4624881291547958,0.0949667616334283,5200,0.6443269230769237,0.24307692307692308,5.485961538461538,0.3698717948717949,2632,0.6591695501730104,0.04065743944636678,0.7361673414304993,0.008771929824561403,3734,0.6838510980182112,0.7228173540439208,5.307980717728977,0.36732279950008934,13.38,13.56,12.82,12.56,2,1,3
661,1205741038,5,15,16,11,13,1640,0.28324324324324324,0.6313513513513513,0.27184466019417475,0.6102635228848821,476,0.8422619047619049,0.6365546218487395,7.023109243697479,0.38445378151260506,2518,0.45374149659863944,0.08163265306122448,0.4620493358633776,0.09487666034155598,5209,0.6439815703589947,0.24304089076598195,5.485697830677673,0.3698086644909452,2636,0.6594641313742438,0.04062229904926534,0.7367003367003367,0.008754208754208754,3740,0.683957219251337,0.7229946524064171,5.307754010695187,0.36733511586452766,13.42,13.62,12.84,12.6,-1,4,2
662,1205741039,5,15,12,12,15,1643,0.2837108953613808,0.6310679611650486,0.27146814404432135,0.610803324099723,477,0.8425925925925928,0.6352201257861635,7.023060796645702,0.3841719077568134,2521,0.45417515274949083,0.0814663951120163,0.4620493358633776,0.09487666034155598,5217,0.6440962238834587,0.24343492428598812,5.486103124400997,0.3699124656571465,2637,0.6597582037996546,0.04058721934369603,0.7367003367003367,0.008754208754208754,3745,0.684245660881175,0.7230974632843792,5.307877169559412,0.36724521584334674,13.48,13.6,12.84,12.66,3,3,0
663,1205741040,5,14,14,13,13,1645,0.2837108953613808,0.6310679611650486,0.27209944751381215,0.6104972375690608,477,0.8425925925925928,0.6352201257861635,7.023060796645702,0.3841719077568134,2525,0.453929539295393,0.08130081300813008,0.46255924170616114,0.0947867298578199,5226,0.6444221201683895,0.2432070417145044,5.486222732491389,0.36989730833014417,2642,0.6600517687661778,0.04055220017256255,0.7367360644728005,0.008730691739422432,3749,0.6843158175513472,0.7231261669778608,5.307548679647906,0.36714234907086335,13.54,13.58,12.86,12.7,0,1,1
664,1205741041,5,13,12,11,11,1648,0.2831001076426265,0.6318622174381054,0.2731034482758621,0.6096551724137931,478,0.8429218967921899,0.6359832635983264,7.023012552301255,0.38389121338912136,2531,0.4539918809201624,0.08119079837618404,0.4627006610009443,0.09537299338999056,5233,0.6446111217274992,0.2432639021593732,5.486145614370342,0.36992802089305055,2646,0.6603448275862069,0.04051724137931034,0.7365951742627346,0.00871313672922252,3755,0.6846870838881493,0.7227696404793609,5.307589880159787,0.36708832667554375,13.54,13.54,12.82,12.66,1,2,2
665,1205741042,5,13,15,12,14,1651,0.2838709677419355,0.6311827956989248,0.2751031636863824,0.6079779917469051,479,0.8432498260264442,0.6346555323590815,7.022964509394572,0.38413361169102295,2534,0.45368492224476,0.08113590263691683,0.46277097078228085,0.09519321394910461,5240,0.6445133587786267,0.2431297709923664,5.485877862595419,0.3698632315521629,2648,0.6606373815676141,0.040482342807924204,0.7367716008037508,0.008707300736771601,3762,0.6843434343434345,0.722488038277512,5.3075491759702285,0.3671141236930711,13.52,13.56,12.76,12.7,-2,1,-1
666,1205741043,5,13,15,13,13,1651,0.2838709677419355,0.6311827956989248,0.2751031636863824,0.6079779917469051,480,0.8435763888888891,0.6354166666666666,7.022916666666666,0.384375,2537,0.4530722484807562,0.08102633355840648,0.4632768361581921,0.0951035781544256,5248,0.6442930640243909,0.24314024390243902,5.485708841463414,0.36977578760162605,2653,0.6609294320137694,0.04044750430292599,0.7374749498997996,0.008684034736138945,3766,0.6841918923703311,0.7225172596919809,5.3074880509824744,0.3671888829881395,13.52,13.56,12.78,12.68,-2,0,0
667,1205741044,5,13,14,13,11,1654,0.28356605800214824,0.631578947368421,0.2757201646090535,0.607681755829904,481,0.843901593901594,0.6361746361746362,7.022869022869023,0.38461538461538464,2541,0.45350404312668463,0.08086253369272237,0.4628410159924741,0.09501411100658513,5257,0.6442362564200121,0.2427239870648659,5.485638196690127,0.36990362056939957,2655,0.6609294320137694,0.04044750430292599,0.7371581054036024,0.00867244829886591,3773,0.6835851223606326,0.7225019878081103,5.307182613305062,0.36703772418058134,13.48,13.56,12.82,12.64,-1,0,2
668,1205741045,5,11,13,14,14,1655,0.28356605800214824,0.631578947368421,0.27534246575342464,0.6082191780821918,482,0.8442254495159061,0.6369294605809128,7.022821576763485,0.3848547717842324,2544,0.45387205387205387,0.08080808080808081,0.4619718309859155,0.09671361502347418,5267,0.6436776153408019,0.2426428707043858,5.485855325612303,0.3701980887285615,2660,0.6592274678111588,0.04034334763948498,0.7368421052631579,0.008660892738174551,3779,0.6834259504278029,0.7224133368616036,5.307488753638529,0.3670503660580401,13.44,13.56,12.86,12.68,-2,-3,-3
669,1205741046,5,13,15,15,12,1656,0.28356605800214824,0.631578947368421,0.2749658002735978,0.6087551299589603,483,0.8445479641131817,0.6356107660455487,7.022774327122153,0.38457556935817805,2548,0.4543010752688172,0.08064516129032258,0.46153846153846156,0.09662288930581614,5277,0.643500094750806,0.2425620617775251,5.4856926283873415,0.3701598130250774,2663,0.6595197255574614,0.04030874785591767,0.7371922821024618,0.008649367930805056,3783,0.6834963432901578,0.7227068464181866,5.3074279672217815,0.36692660146268397,13.44,13.6,12.92,12.72,-2,-2,1
670,1205741047,5,11,13,14,11,1661,0.2837259100642398,0.6316916488222698,0.2755798090040928,0.607094133697135,484,0.8428030303030305,0.6342975206611571,7.0227272727272725,0.38481404958677684,2550,0.45369127516778524,0.08120805369127516,0.46153846153846156,0.09662288930581614,5285,0.6436613055818361,0.2423841059602649,5.485903500473037,0.3701671397035636,2664,0.6595197255574614,0.04030874785591767,0.7373670212765957,0.008643617021276596,3792,0.6832805907172997,0.7233649789029536,5.307753164556962,0.3669787271448664,13.38,13.62,12.94,12.68,-2,-3,0
671,1205741048,5,12,15,14,13,1663,0.28342245989304815,0.6320855614973262,0.27520435967302453,0.6076294277929155,485,0.8431271477663231,0.6350515463917525,7.022680412371134,0.3845360824742268,2555,0.4538152610441767,0.08099062918340026,0.4620431115276476,0.09653233364573571,5290,0.6437145557655961,0.24234404536862003,5.485822306238186,0.3701008191556396,2667,0.6595197255574614,0.04030874785591767,0.7372262773722628,0.008626410086264101,3800,0.6833771929824562,0.7231578947368421,5.307631578947368,0.367061403508772,13.34,13.62,12.92,12.66,-3,-2,-1
672,1205741049,5,14,15,13,13,1663,0.28342245989304815,0.6320855614973262,0.27520435967302453,0.6076294277929155,486,0.8434499314128945,0.6358024691358025,7.022633744855967,0.38477366255144035,2559,0.4535117056856187,0.08093645484949832,0.4616822429906542,0.09626168224299066,5299,0.6438478958294025,0.24249858463861107,5.485940743536516,0.37013272944580744,2670,0.6589545844044559,0.04027420736932305,0.7369118621603711,0.008614976805831677,3807,0.6838280360738991,0.7228789072760704,5.308641975308642,0.36697749759215487,13.36,13.66,12.92,12.58,-1,1,1
673,1205741050,5,15,15,13,14,1663,0.28342245989304815,0.6320855614973262,0.27520435967302453,0.6076294277929155,486,0.8434499314128945,0.6358024691358025,7.022633744855967,0.38477366255144035,2563,0.4529058116232465,0.08082832331329326,0.4626865671641791,0.0960820895522388,5308,0.6438865862848537,0.2426525998492841,5.485870384325547,0.37016453152474255,2672,0.6592465753424658,0.04023972602739726,0.7370860927152317,0.008609271523178808,3814,0.6837528404125155,0.7228631358154168,5.308337703198742,0.36689389966789027,13.38,13.7,12.94,12.58,0,2,1
674,1205741051,5,15,12,13,13,1665,0.2831196581196581,0.6324786324786325,0.2748299319727891,0.6081632653061224,487,0.8417180013689255,0.6365503080082136,7.02258726899384,0.3844969199178645,2567,0.45266666666666666,0.08066666666666666,0.46318732525629075,0.09599254426840634,5314,0.644131852967006,0.24256680466691757,5.485509973654498,0.37026408229833147,2677,0.659556313993174,0.04010238907849829,0.7372600926538716,0.008603573792190603,3820,0.6837260034904016,0.7227748691099476,5.308115183246073,0.36697207678883076,13.38,13.68,12.94,12.62,3,2,2
675,1205741052,5,11,11,10,14,1670,0.28404255319148936,0.6319148936170212,0.27445652173913043,0.6086956521739131,487,0.8417180013689255,0.6365503080082136,7.02258726899384,0.3844969199178645,2574,0.4521276595744681,0.08045212765957446,0.4637546468401487,0.09572490706319703,5320,0.6443139097744368,0.24266917293233084,5.485338345864662,0.37026942355889725,2680,0.659846547314578,0.040068201193520885,0.73694646397885,0.008592200925313946,3826,0.6839606203171286,0.7226868792472556,5.309200209095661,0.3668539815298833,13.3,13.62,12.9,12.62,0,1,-3
676,1205741053,5,13,15,13,13,1671,0.28374070138150903,0.6323060573857598,0.27445652173913043,0.6086956521739131,488,0.8413592896174865,0.6372950819672131,7.022540983606557,0.38524590163934425,2577,0.45122760451227606,0.08029197080291971,0.4637546468401487,0.09572490706319703,5332,0.6443642160540142,0.24287321830457614,5.484996249062266,0.3702800700175044,2684,0.6595744680851063,0.04,0.7372937293729372,0.008580858085808581,3829,0.6838164882040569,0.7229041525202403,5.309219117262993,0.3668277182902412,13.26,13.64,12.9,12.66,-2,0,0
677,1205741054,5,12,11,14,12,1673,0.28343949044585987,0.6326963906581741,0.27544097693351427,0.6078697421981004,489,0.8416837082481257,0.6380368098159509,7.022494887525562,0.38496932515337423,2581,0.4515915119363395,0.08023872679045092,0.4643188137164041,0.09545875810936053,5341,0.6444017974162148,0.24321288148286838,5.4856768395431565,0.3702646196093116,2689,0.6584536958368734,0.03993203058623619,0.7364953886693018,0.008563899868247694,3835,0.6837896566710128,0.7225554106910039,5.310039113428944,0.36677531508039984,13.22,13.54,12.92,12.66,1,-2,0
678,1205741055,5,13,13,11,13,1675,0.2831389183457052,0.633085896076352,0.2750677506775068,0.6084010840108401,489,0.8416837082481257,0.6380368098159509,7.022494887525562,0.38496932515337423,2584,0.45129224652087474,0.08018555334658714,0.4653098982423682,0.09528214616096208,5351,0.6443188189123535,0.24313212483647917,5.485329844888806,0.37027346913349535,2695,0.6584745762711864,0.03983050847457627,0.7363576594345825,0.008547008547008548,3838,0.683906548549592,0.7227722772277227,5.3097967691506,0.3668143130102484,13.2,13.54,12.84,12.66,0,2,0
679,1205741056,5,14,14,15,14,1678,0.2828389830508475,0.6334745762711864,0.2743243243243243,0.6094594594594595,490,0.8420068027210886,0.636734693877551,7.022448979591837,0.3852040816326531,2589,0.45201853077432164,0.0800794176042356,0.46494464944649444,0.09501845018450185,5357,0.6444371849916004,0.2436064961732313,5.485346275900691,0.370232095078091,2700,0.6584953508030431,0.039729501267962805,0.7360472751149048,0.008535784635587657,3844,0.6841397849462367,0.7221644120707597,5.310613943808533,0.366718695802983,13.28,13.54,12.86,12.64,0,-1,0
680,1205741057,5,12,13,12,13,1680,0.2828389830508475,0.6334745762711864,0.2749326145552561,0.6091644204851752,491,0.842328581126952,0.6374745417515275,7.022403258655804,0.384928716904277,2592,0.4520819563780568,0.07997356245869135,0.46543778801843316,0.09493087557603687,5366,0.6444123493601697,0.2441297055534849,5.485464032799105,0.3703099763945832,2706,0.6585160202360877,0.03962900505902192,0.7365661861074705,0.00851900393184797,3848,0.6842082467082469,0.7219334719334719,5.3102910602910605,0.36659736659736664,13.26,13.52,12.84,12.62,-1,0,-1
681,1205741058,5,15,13,13,14,1682,0.2828389830508475,0.6334745762711864,0.27419354838709675,0.6102150537634409,492,0.842649051490515,0.6361788617886179,7.022357723577236,0.3851626016260163,2596,0.45184696569920846,0.07981530343007916,0.46500920810313073,0.09484346224677716,5376,0.6437717013888896,0.24423363095238096,5.4851190476190474,0.3703652033730159,2710,0.6585365853658537,0.03952901597981497,0.7367387033398821,0.008513425016371971,3851,0.684454254306241,0.7221500908854843,5.310049337834329,0.3665714533021726,13.28,13.52,12.8,12.64,2,2,1
682,1205741059,5,15,11,12,13,1683,0.2828389830508475,0.6334745762711864,0.2738255033557047,0.610738255033557,493,0.8429682217714674,0.6369168356997972,7.0223123732251524,0.38488843813387424,2600,0.4515491100856954,0.07976268951878708,0.46464646464646464,0.0945821854912764,5383,0.6436776270976539,0.24428757198588147,5.484859743637377,0.37030156666047437,2714,0.6593959731543624,0.03942953020134228,0.7362565445026178,0.008507853403141362,3857,0.6842969492697262,0.7220637801400052,5.309826289862587,0.3666493820758794,13.32,13.5,12.84,12.7,4,3,2
683,1205741060,5,16,13,13,12,1685,0.2843551797040169,0.6321353065539113,0.2738255033557047,0.610738255033557,493,0.8429682217714674,0.6369168356997972,7.0223123732251524,0.38488843813387424,2604,0.4519736842105263,0.07960526315789473,0.4651376146788991,0.0944954128440367,5391,0.6435571631731906,0.2442960489705064,5.485253199777407,0.3703085389228962,2716,0.6596814752724225,0.039396479463537304,0.736429038587312,0.008502289077828646,3864,0.6843512767425812,0.7223084886128365,5.309782608695652,0.36676155969634233,13.42,13.5,12.8,12.74,3,3,4
684,1205741061,5,16,15,13,13,1685,0.2843551797040169,0.6321353065539113,0.2738255033557047,0.610738255033557,494,0.8432860998650474,0.6356275303643725,7.022267206477733,0.38461538461538464,2607,0.45269382391590013,0.0795006570302234,0.46471127406049495,0.09440879926672777,5400,0.6435030864197538,0.24425925925925926,5.485,0.37029320987654324,2719,0.6599664991624791,0.03936348408710218,0.736773350751143,0.008491182233834096,3870,0.6844530577088718,0.7224806201550388,5.309302325581395,0.36683893195521106,13.48,13.52,12.84,12.76,1,3,3
685,1205741062,5,13,15,12,11,1688,0.28375527426160335,0.6329113924050633,0.2734584450402145,0.6112600536193029,495,0.8436026936026938,0.6343434343434343,7.022222222222222,0.38484848484848483,2612,0.452755905511811,0.07939632545931759,0.46617915904936014,0.09414990859232175,5408,0.6432908037475352,0.24426775147928995,5.485022189349112,0.3702847633136095,2722,0.6602510460251046,0.03933054393305439,0.7364644487932159,0.008480104370515329,3877,0.6846358868540969,0.7222078927005416,5.309775599690482,0.3669503911959419,13.48,13.5,12.86,12.7,-2,1,2
686,1205741063,5,14,13,13,14,1691,0.2834562697576396,0.6332982086406744,0.2727272727272727,0.6109625668449198,495,0.8436026936026938,0.6343434343434343,7.022222222222222,0.38484848484848483,2616,0.4521625163826999,0.08060288335517693,0.4653284671532847,0.09397810218978102,5416,0.6437253815854266,0.2442762186115214,5.484859675036928,0.3701994091580503,2728,0.6608187134502924,0.03926482873851295,0.7364996746909565,0.008458035133376708,3882,0.6846127425725573,0.7223080886141164,5.309376609994848,0.36692855916194406,13.48,13.5,12.9,12.76,1,1,0
687,1205741064,5,13,14,14,13,1694,0.28391167192429023,0.6330178759200841,0.27236315086782376,0.6114819759679573,496,0.8439180107526884,0.6350806451612904,7.022177419354839,0.3845766129032258,2621,0.4512753433616743,0.08044473512099411,0.4663023679417122,0.09380692167577413,5423,0.6438164607535811,0.24432970680435184,5.484602618476858,0.37009035589157296,2731,0.6602671118530885,0.04006677796327212,0.7368421052631579,0.008447043534762833,3889,0.6844947287220366,0.7220365132424788,5.309334019028028,0.36716808091197395,13.5,13.5,12.92,12.74,-1,-1,0
688,1205741065,5,13,13,12,14,1699,0.28361344537815125,0.6334033613445378,0.27091633466135456,0.6135458167330677,496,0.8439180107526884,0.6350806451612904,7.022177419354839,0.3845766129032258,2626,0.4516971279373368,0.08028720626631854,0.4672727272727273,0.09363636363636364,5431,0.6436966795556381,0.2441539311360707,5.484257042901859,0.3700208678573621,2732,0.6602671118530885,0.04006677796327212,0.7363636363636363,0.008441558441558441,3897,0.6847575057736722,0.7220939183987682,5.309982037464716,0.3671200068428706,13.52,13.52,12.92,12.78,0,1,-1
689,1205741066,5,16,13,13,15,1705,0.28451882845188287,0.6317991631799164,0.271523178807947,0.6132450331125828,497,0.8442320590207916,0.635814889336016,7.022132796780684,0.3843058350100604,2628,0.4520547945205479,0.08023483365949119,0.46684831970935514,0.09355131698455948,5439,0.6439143224857518,0.2439786725501011,5.485567199852914,0.3700281914567629,2733,0.6605504587155964,0.040033361134278564,0.7363636363636363,0.008441558441558441,3903,0.6848578016910071,0.722521137586472,5.310017934921855,0.3671321205909984,13.58,13.48,12.92,12.82,3,3,1
690,1205741067,5,8,11,13,14,1710,0.28362877997914493,0.6329509906152242,0.27212681638044917,0.6129458388375165,498,0.8435408299866133,0.6365461847389559,7.022088353413655,0.3845381526104418,2634,0.4524739583333333,0.080078125,0.46557971014492755,0.09510869565217392,5443,0.6438698021924192,0.24398309755649458,5.485577806356789,0.37003184518341603,2736,0.6597337770382695,0.04076539101497504,0.7363636363636363,0.008441558441558441,3914,0.6843382728666327,0.7217680122636689,5.309402146142054,0.3669306762050758,13.46,13.4,12.92,12.8,-3,-5,-6
691,1205741068,5,12,13,13,11,1711,0.284375,0.6322916666666667,0.27212681638044917,0.6129458388375165,499,0.8438543754175019,0.6352705410821643,7.022044088176353,0.3847695390781563,2640,0.45289148797920725,0.07992202729044834,0.4643179765130985,0.0948509485094851,5452,0.6439074345805829,0.2437637564196625,5.485509904622157,0.36983370017119105,2740,0.6605809128630705,0.04066390041493776,0.735885788449059,0.008436080467229072,3921,0.6847742922723796,0.7217546544248916,5.309359857179291,0.36704072090453116,13.44,13.4,12.86,12.8,-1,-1,1
692,1205741069,5,11,12,11,13,1713,0.28407908428720086,0.6326742976066597,0.2717678100263852,0.6134564643799473,500,0.8435000000000002,0.636,7.022,0.3855,2649,0.4523655217109527,0.0797148412184057,0.46492805755395683,0.09442446043165467,5456,0.6436797409579675,0.2435850439882698,5.485520527859237,0.3698833088954057,2741,0.6608623548922057,0.0406301824212272,0.735885788449059,0.008436080467229072,3930,0.685496183206107,0.7213740458015268,5.310178117048346,0.3668999151823579,13.4,13.34,12.82,12.8,-1,0,-2
693,1205741070,5,12,14,12,12,1716,0.28556593977154726,0.6313603322949117,0.2727272727272727,0.6126482213438735,500,0.8435000000000002,0.636,7.022,0.3855,2654,0.4517799352750809,0.07961165048543689,0.46457399103139013,0.09506726457399103,5466,0.643233930967192,0.243322356384925,5.485729967069155,0.36984693255275036,2745,0.6614238410596026,0.04056291390728477,0.7349319507453014,0.008425145819831496,3936,0.6855521680216804,0.7212906504065041,5.310467479674797,0.36684874661246614,13.4,13.36,12.8,12.78,-2,0,0
694,1205741071,5,13,13,12,12,1720,0.2860103626943005,0.6310880829015544,0.2720105124835742,0.6136662286465178,501,0.8428143712574853,0.6367265469061876,7.021956087824352,0.38572854291417163,2658,0.4521345407503234,0.0795601552393273,0.46422182468694095,0.09481216457960644,5473,0.6432943541019559,0.2433765759181436,5.4852914306596015,0.3698306839637006,2749,0.6611570247933884,0.04049586776859504,0.7339805825242719,0.008414239482200648,3942,0.6856502621342806,0.7209538305428717,5.310248604769153,0.36698799255876885,13.36,13.34,12.78,12.76,0,1,1
695,1205741072,5,12,12,14,12,1722,0.2867494824016563,0.6304347826086957,0.27296587926509186,0.6128608923884514,502,0.8431274900398409,0.6354581673306773,7.02191235059761,0.3854581673306773,2662,0.45219638242894056,0.08010335917312661,0.46339285714285716,0.09553571428571428,5480,0.6434762773722636,0.24306569343065693,5.486131386861314,0.3697232360097324,2753,0.6614368290668868,0.04046242774566474,0.7338501291989664,0.008397932816537468,3948,0.6857480580884838,0.720871327254306,5.311803444782168,0.36687352245862886,13.3,13.3,12.8,12.76,0,-2,0
696,1205741073,5,13,12,14,12,1727,0.2871900826446281,0.6291322314049587,0.27450980392156865,0.611764705882353,502,0.8431274900398409,0.6354581673306773,7.02191235059761,0.3854581673306773,2666,0.4513217279174726,0.07994842037395229,0.46297948260481714,0.09634255129348795,5489,0.6435143013299334,0.24303151758061578,5.486063035161232,0.3696635695633692,2758,0.6611706512778236,0.0403957131079967,0.7337201805286911,0.008381689232753063,3952,0.6856865721997303,0.7206477732793523,5.3117408906882595,0.3668184885290149,13.3,13.3,12.86,12.78,1,-1,1
697,1205741074,5,16,15,12,13,1727,0.2871900826446281,0.6291322314049587,0.27450980392156865,0.611764705882353,503,0.8434393638170976,0.6341948310139165,7.021868787276342,0.3856858846918489,2667,0.45167525773195877,0.07989690721649484,0.46297948260481714,0.09634255129348795,5499,0.643162393162394,0.24295326422985997,5.485724677214039,0.36962781111717286,2762,0.6611842105263158,0.04029605263157895,0.7338917525773195,0.008376288659793814,3956,0.6857094708459726,0.7206774519716885,5.311425682507584,0.3669531513313111,13.38,13.34,12.84,12.76,1,4,3
698,1205741075,5,16,15,14,13,1731,0.2876288659793814,0.6288659793814433,0.27640156453715775,0.6101694915254238,503,0.8434393638170976,0.6341948310139165,7.021868787276342,0.3856858846918489,2667,0.45167525773195877,0.07989690721649484,0.46297948260481714,0.09634255129348795,5509,0.6435681006837305,0.24287529497186422,5.485569068796515,0.36963756277606347,2768,0.660377358490566,0.04019688269073011,0.7331189710610932,0.008360128617363344,3959,0.6853161572787743,0.7206365243748422,5.311189694367265,0.3669276753388903,13.38,13.42,12.82,12.78,1,2,3
699,1205741076,5,11,10,13,11,1735,0.2867420349434738,0.6300102774922919,0.2760416666666667,0.6106770833333334,503,0.8434393638170976,0.6341948310139165,7.021868787276342,0.3856858846918489,2668,0.4513844172569221,0.08048937540244688,0.46297948260481714,0.09634255129348795,5522,0.6434112036701686,0.24284679463962333,5.485512495472655,0.3696728238560908,2771,0.660655737704918,0.04016393442622951,0.7328195247270392,0.008349389852280027,3963,0.6850029438977208,0.720666161998486,5.3111279333838,0.3668727395071074,13.36,13.38,12.86,12.78,1,-2,0
700,1205741077,5,12,13,12,13,1738,0.28615384615384615,0.6307692307692307,0.27698309492847856,0.6098829648894668,503,0.8434393638170976,0.6341948310139165,7.021868787276342,0.3856858846918489,2671,0.4517374517374517,0.08043758043758044,0.46215494211932323,0.09617097061442564,5532,0.6433929862617507,0.242588575560376,5.485357917570499,0.36968245360327795,2777,0.6612111292962357,0.040098199672667756,0.732222934016656,0.008327994875080076,3968,0.6847698252688174,0.7205141129032258,5.310735887096774,0.3667884744623656,13.32,13.36,12.84,12.76,-1,0,-1
701,1205741078,5,14,13,13,13,1739,0.28615384615384615,0.6307692307692307,0.2779220779220779,0.6090909090909091,504,0.8437500000000002,0.6329365079365079,7.021825396825397,0.3864087301587302,2672,0.4517374517374517,0.08043758043758044,0.4626334519572954,0.09608540925266904,5543,0.6429580852727171,0.24264838535089303,5.486018401587588,0.36985086295026764,2779,0.660670482420278,0.04006541291905151,0.7323943661971831,0.008322663252240717,3976,0.6850268276324616,0.7200704225352113,5.311619718309859,0.36699362843729044,13.32,13.36,12.9,12.76,1,1,1
702,1205741079,5,14,14,12,14,1743,0.28556806550665303,0.6305015353121801,0.2772020725388601,0.6101036269430051,505,0.8420792079207923,0.6336633663366337,7.021782178217822,0.38613861386138615,2676,0.4515093127809891,0.08092485549132948,0.4631111111111111,0.096,5550,0.6430780780780788,0.24288288288288287,5.485765765765766,0.3698798798798799,2784,0.6606851549755302,0.0399673735725938,0.7327365728900256,0.008312020460358057,3981,0.6851712300092107,0.7199196181863853,5.311479527756845,0.367097881604287,13.34,13.38,12.82,12.8,0,2,0
703,1205741080,5,14,13,12,11,1743,0.28556806550665303,0.6305015353121801,0.2772020725388601,0.6101036269430051,506,0.8423913043478263,0.6343873517786561,7.021739130434782,0.3858695652173913,2685,0.4514066496163683,0.08056265984654731,0.4631765749778172,0.09582963620230701,5556,0.6434635229181673,0.24262059035277178,5.485961123110151,0.36979541636669067,2787,0.6601466992665037,0.03993480032599837,0.7330779054916986,0.008301404853128991,3987,0.6853941978095479,0.7203411086029596,5.311010785051417,0.36704706964300643,13.3,13.38,12.74,12.78,1,2,3
704,1205741081,5,16,12,15,12,1746,0.2849846782431052,0.6292134831460674,0.276843467011643,0.6093143596377749,506,0.8423913043478263,0.6343873517786561,7.021739130434782,0.3858695652173913,2691,0.4518187619655393,0.08040842373962986,0.46283185840707963,0.09557522123893805,5561,0.6433345321584855,0.24258226937601152,5.486063657615537,0.3697776179344243,2787,0.6601466992665037,0.03993480032599837,0.7330779054916986,0.008301404853128991,3996,0.6853520186853522,0.7204704704704705,5.31056056056056,0.36697113780447116,13.36,13.36,12.8,12.78,4,1,4
705,1205741082,5,12,13,13,11,1748,0.28469387755102044,0.6295918367346939,0.27648578811369506,0.6098191214470284,507,0.8427021696252468,0.6331360946745562,7.021696252465484,0.38560157790927024,2696,0.4515923566878981,0.08025477707006369,0.4620141342756184,0.09540636042402827,5570,0.6431926989826459,0.24254937163375223,5.486175942549371,0.3697187312986236,2791,0.6604234527687296,0.039902280130293157,0.7335882727852135,0.0082855321861058,4002,0.6855738797268035,0.7206396801599201,5.310594702648675,0.36698317507912714,13.38,13.42,12.9,12.78,-1,-1,1
706,1205741083,5,14,14,15,15,1751,0.285132382892057,0.6293279022403259,0.2761290322580645,0.6103225806451613,507,0.8427021696252468,0.6331360946745562,7.021696252465484,0.38560157790927024,2700,0.45136681500317866,0.08010171646535283,0.4624889673433363,0.09532215357458076,5581,0.6433584184435294,0.24242967210177388,5.486113599713313,0.36948276891835397,2796,0.6601626016260163,0.03983739837398374,0.7334605597964376,0.00826972010178117,4005,0.68568456096546,0.720848938826467,5.310362047440699,0.36704119850187267,13.38,13.36,12.88,12.78,0,-1,-1
707,1205741084,5,14,15,12,12,1754,0.28484231943031535,0.6286876907426246,0.2767052767052767,0.61003861003861,508,0.8430118110236223,0.6318897637795275,7.021653543307087,0.3853346456692913,2700,0.45136681500317866,0.08010171646535283,0.4624889673433363,0.09532215357458076,5589,0.6435110633983427,0.24226158525675434,5.4861334764716405,0.36944593546847976,2801,0.6601626016260163,0.03983739837398374,0.7330374128091313,0.008243500317057704,4011,0.6856561123576832,0.7212665170780354,5.31014709548741,0.3668661181750187,13.4,13.38,12.88,12.78,-1,2,2
708,1205741085,5,16,14,13,13,1761,0.2870182555780933,0.6267748478701826,0.2791293213828425,0.6069142125480154,509,0.8433202357563853,0.630648330058939,7.0216110019646365,0.3855599214145383,2704,0.4507936507936508,0.08,0.46343612334801765,0.09515418502202644,5593,0.6434084272006683,0.24208832469157876,5.486143393527624,0.36944990762262353,2803,0.6601626016260163,0.03983739837398374,0.7327422419252692,0.008233058898036731,4018,0.6856645097063218,0.721005475360876,5.309606769537083,0.366973618715779,13.46,13.36,12.86,12.78,2,3,3
709,1205741086,5,14,14,13,12,1763,0.2867274569402229,0.6271529888551165,0.28005115089514065,0.6061381074168798,511,0.8439334637964777,0.6301369863013698,7.021526418786693,0.3850293542074364,2708,0.45022194039315155,0.08053265694356374,0.4635004397537379,0.09498680738786279,5602,0.6439813161965973,0.24223491610139236,5.486433416636915,0.3693026300130906,2806,0.6604386677497969,0.039805036555645816,0.7330803289057558,0.008222643896268185,4023,0.685599469715801,0.7208550832711906,5.309221973651504,0.36713895103156846,13.44,13.36,12.86,12.78,0,1,2
710,1205741087,5,14,14,12,13,1766,0.2867274569402229,0.6271529888551165,0.2802547770700637,0.6050955414012739,512,0.8442382812500002,0.630859375,7.021484375,0.384765625,2716,0.45,0.08037974683544304,0.46409807355516636,0.09457092819614711,5608,0.6440055872563013,0.2423323823109843,5.486091298145507,0.36917498811222066,2810,0.6607142857142857,0.03977272727272727,0.7316919191919192,0.008207070707070708,4028,0.6857828533598148,0.7202085402184707,5.30883813306852,0.3672418073485601,13.42,13.38,12.82,12.8,0,2,1
711,1205741088,5,14,11,13,11,1767,0.28643724696356276,0.6275303643724697,0.2802547770700637,0.6050955414012739,513,0.8445419103313843,0.6296296296296297,7.021442495126705,0.3845029239766082,2719,0.4497153700189753,0.08032890575585072,0.46503496503496505,0.0944055944055944,5618,0.6436602586922994,0.24243503025987895,5.486828052687789,0.36927435623590843,2811,0.6609894566098946,0.039740470397404706,0.7316919191919192,0.008207070707070708,4036,0.6859101420548399,0.7205153617443013,5.308969276511397,0.3670713577799802,13.4,13.28,12.86,12.76,3,1,3
712,1205741089,5,16,16,15,13,1771,0.2868686868686869,0.6262626262626263,0.2795425667090216,0.6060991105463787,513,0.8445419103313843,0.6296296296296297,7.021442495126705,0.3845029239766082,2720,0.4497153700189753,0.08032890575585072,0.4646288209606987,0.09519650655021834,5629,0.6433795227097775,0.24231657488008526,5.4862320127909046,0.36955942440930895,2817,0.6615384615384615,0.03967611336032389,0.732367758186398,0.00818639798488665,4038,0.6860657090969128,0.7206537890044576,5.3090638930163445,0.36701337295690933,13.42,13.36,12.92,12.72,0,1,3
713,1205741090,5,15,15,13,13,1773,0.2872983870967742,0.626008064516129,0.2795425667090216,0.6060991105463787,514,0.8448443579766539,0.6303501945525292,7.021400778210117,0.3842412451361868,2725,0.4504106127605812,0.08022741629816804,0.4642857142857143,0.09494773519163763,5635,0.6434043182490395,0.2422360248447205,5.485891748003549,0.36952085181898847,2822,0.6620856911883589,0.039611964430072755,0.7316153362664991,0.008170961659333752,4043,0.6859592711682745,0.7209992579767499,5.308929013109077,0.36699233242641605,13.44,13.38,12.92,12.72,0,2,2
714,1205741091,5,13,14,11,15,1774,0.2872983870967742,0.626008064516129,0.27918781725888325,0.6065989847715736,516,0.8444767441860467,0.6298449612403101,7.021317829457364,0.38420542635658916,2732,0.4501891551071879,0.08007566204287515,0.4644097222222222,0.09461805555555555,5641,0.6436063345742488,0.242155646162028,5.4859067541216096,0.36939372451692964,2825,0.6620856911883589,0.039611964430072755,0.7308657465495608,0.008155583437892095,4049,0.6855602206306085,0.720918745369227,5.308718202025191,0.36700419856754757,13.44,13.42,12.92,12.8,-1,2,-2
715,1205741092,5,11,16,11,13,1779,0.2864321608040201,0.6261306532663317,0.27848101265822783,0.6075949367088608,517,0.8447775628626695,0.6286266924564797,7.0212765957446805,0.3844294003868472,2736,0.4499685336689742,0.08118313404657017,0.46487424111014747,0.09453599306157849,5650,0.6435545722713871,0.24230088495575222,5.4854867256637165,0.3693952802359882,2827,0.6623586429725363,0.0395799676898223,0.7304075235109718,0.008150470219435737,4055,0.6855322646937938,0.7208384710234279,5.308508014796548,0.36695437731196057,13.4,13.44,12.9,12.78,-5,0,-2
716,1205741093,5,15,15,12,12,1781,0.286144578313253,0.6265060240963856,0.2781289506953224,0.6080910240202275,518,0.8450772200772203,0.6293436293436293,7.021235521235521,0.3841698841698842,2740,0.45037688442211055,0.08103015075376885,0.46533795493934144,0.09445407279029462,5657,0.643730481409464,0.2421778327735549,5.485593070532084,0.36936538801484886,2830,0.6626311541565779,0.03954802259887006,0.730745147150908,0.008140262993112084,4061,0.6853402281868178,0.7212509234178773,5.308544693425265,0.36708938685052944,13.44,13.44,12.88,12.76,0,3,3
717,1205741094,5,15,15,13,11,1782,0.2858575727181545,0.6268806419257773,0.2781289506953224,0.6080910240202275,519,0.8453757225433528,0.630057803468208,7.021194605009634,0.38439306358381503,2742,0.4500941619585687,0.08097928436911488,0.4658008658008658,0.09437229437229437,5667,0.6437415446150234,0.24192694547379565,5.485971413446268,0.3693753308628904,2834,0.6623690572119258,0.0394842868654311,0.7310819262038775,0.008130081300813009,4065,0.684788847888479,0.7212792127921279,5.3084870848708485,0.36709717097170974,13.48,13.46,12.88,12.76,0,2,4
718,1205741095,5,14,14,14,11,1784,0.2865731462925852,0.62625250501002,0.2777777777777778,0.6085858585858586,519,0.8453757225433528,0.630057803468208,7.021194605009634,0.38439306358381503,2747,0.45015673981191223,0.08087774294670846,0.46545768566493956,0.09412780656303972,5677,0.6433121954083737,0.24150079267218602,5.485819975339088,0.3694292760260701,2839,0.6629123089300081,0.039420756234915526,0.7309612983770287,0.008114856429463172,4070,0.6851760851760854,0.7211302211302212,5.308353808353808,0.3670761670761671,13.54,13.48,12.88,12.7,0,0,3
719,1205741096,5,14,12,14,11,1786,0.2862862862862863,0.6266266266266266,0.27742749054224464,0.6090794451450189,519,0.8453757225433528,0.630057803468208,7.021194605009634,0.38439306358381503,2753,0.450625,0.080625,0.46505608283002586,0.09490940465918896,5681,0.6433873144399468,0.2416828023235346,5.48582995951417,0.3695505486123335,2842,0.662379421221865,0.03938906752411576,0.7312967581047382,0.008104738154613466,4078,0.6853032532287071,0.7214320745463463,5.308239333006376,0.36709171162334475,13.56,13.42,12.86,12.68,2,0,3
720,1205741097,5,14,16,13,12,1789,0.286,0.627,0.2779874213836478,0.6088050314465409,520,0.8456730769230771,0.6288461538461538,7.0211538461538465,0.3841346153846154,2756,0.4509681449094316,0.08057464084946908,0.46425495262704564,0.09474590869939707,5691,0.6434575060036323,0.2416095589527324,5.4856791425057105,0.3696479821941076,2849,0.6626602564102564,0.03926282051282051,0.730553827006845,0.008089607965152458,4080,0.685294117647059,0.7213235294117647,5.308088235294117,0.367156862745098,13.62,13.48,12.84,12.7,-2,1,2
721,1205741098,5,15,16,14,12,1791,0.2857142857142857,0.6273726273726273,0.2776381909547739,0.6092964824120602,521,0.8459692898272555,0.6295585412667947,7.021113243761996,0.3838771593090211,2760,0.45165315034310666,0.08047411104179664,0.46345657781599314,0.09458297506448839,5699,0.6435193308767628,0.2417968064572732,5.485874714862256,0.36961162777095397,2856,0.662669864108713,0.03916866506794564,0.7306021104903786,0.008069522036002483,4083,0.6852804310555966,0.7212833700710262,5.3081067842272835,0.3671320107763899,13.68,13.5,12.84,12.68,-1,1,3
722,1205741099,5,14,13,14,12,1793,0.28614157527417744,0.6271186440677966,0.2776381909547739,0.6092964824120602,521,0.8459692898272555,0.6295585412667947,7.021113243761996,0.3838771593090211,2764,0.45143212951432127,0.08032378580323786,0.4630584192439863,0.09450171821305842,5707,0.6436101863208932,0.24163308217977922,5.485894515507272,0.3697067928275217,2861,0.6632083000798085,0.03910614525139665,0.7311028500619579,0.0080545229244114,4088,0.6851761252446186,0.7216242661448141,5.308219178082192,0.3672333659491194,13.68,13.46,12.86,12.66,1,0,2
723,1205741100,5,13,15,13,11,1796,0.2855721393034826,0.6278606965174129,0.27728983688833125,0.6097867001254705,521,0.8459692898272555,0.6295585412667947,7.021113243761996,0.3838771593090211,2767,0.45143212951432127,0.08032378580323786,0.4644387317909169,0.09425878320479864,5717,0.6434172934522776,0.24191009270596467,5.485919188385517,0.3696285930849513,2863,0.6634768740031898,0.03907496012759171,0.7312693498452012,0.00804953560371517,4094,0.6849047386419153,0.7212994626282364,5.307767464582316,0.3672447484123107,13.64,13.46,12.86,12.6,-2,0,2
724,1205741101,5,14,14,12,11,1799,0.28500496524329694,0.6285998013902682,0.2781954887218045,0.6090225563909775,522,0.8462643678160922,0.6302681992337165,7.021072796934866,0.38362068965517243,2771,0.45149253731343286,0.08022388059701492,0.4644995722840034,0.09409751924721985,5725,0.6433915574963618,0.24157205240174673,5.485589519650655,0.36963609898107713,2870,0.6629482071713148,0.03904382470119522,0.7304133251079581,0.008019740900678593,4096,0.6846923828125002,0.721435546875,5.3076171875,0.3673095703125,13.62,13.5,12.84,12.56,0,2,3
725,1205741102,5,13,14,13,11,1799,0.28500496524329694,0.6285998013902682,0.2781954887218045,0.6090225563909775,523,0.8452836201402169,0.6309751434034416,7.0210325047801145,0.384321223709369,2776,0.45251396648044695,0.08007448789571694,0.4645602049530316,0.09393680614859094,5732,0.6431292160967674,0.24145150034891835,5.485170969993022,0.3697080716445685,2879,0.6621621621621622,0.038950715421303655,0.7301782421634911,0.007990165949600492,4099,0.68492315198829,0.72139546230788,5.308123932666504,0.3672237131007563,13.66,13.56,12.9,12.5,-1,0,2
726,1205741103,5,13,14,13,13,1802,0.2847222222222222,0.6279761904761905,0.27875,0.60875,523,0.8452836201402169,0.6309751434034416,7.0210325047801145,0.384321223709369,2780,0.45285359801488834,0.08002481389578164,0.46422487223168657,0.09369676320272573,5742,0.6432282596075707,0.2415534656913967,5.485196795541623,0.3695431324741669,2881,0.6626984126984127,0.03888888888888889,0.7301782421634911,0.007990165949600492,4105,0.6847746650426312,0.7210718635809987,5.307673568818514,0.3671132764920828,13.66,13.54,12.9,12.5,-1,0,0
727,1205741104,5,11,12,15,9,1805,0.2844400396432111,0.6283448959365708,0.2793017456359102,0.6072319201995012,523,0.8452836201402169,0.6309751434034416,7.0210325047801145,0.384321223709369,2783,0.45257284562926225,0.07997520148791072,0.4651360544217687,0.0935374149659864,5749,0.6432278077346792,0.2414332927465646,5.485127848321447,0.3695280338609613,2884,0.6626984126984127,0.03888888888888889,0.7306748466257669,0.007975460122699387,4112,0.6850275616083011,0.7208171206225681,5.307636186770428,0.36711656939040205,13.64,13.56,12.92,12.44,-1,-4,2
728,1205741105,5,14,12,10,12,1806,0.2844400396432111,0.6283448959365708,0.27895392278953923,0.6077210460772104,524,0.8455788804071248,0.6316793893129771,7.020992366412214,0.38406488549618323,2790,0.4542645241038319,0.07972805933250927,0.46434634974533107,0.0933786078098472,5755,0.6432522444251383,0.2413553431798436,5.484969591659427,0.3694468578048074,2888,0.6634996041171813,0.038796516231195566,0.7308399754751687,0.00797057020232986,4117,0.6847623674196425,0.7211561816856935,5.307505465144523,0.36721722937413975,13.66,13.54,12.9,12.42,2,4,2
729,1205741106,5,18,15,12,12,1807,0.28415841584158413,0.6287128712871287,0.27895392278953923,0.6077210460772104,525,0.845873015873016,0.6323809523809524,7.020952380952381,0.3838095238095238,2796,0.45499383477188654,0.07953144266337854,0.4635593220338983,0.09322033898305085,5760,0.6435619212962971,0.24114583333333334,5.4847222222222225,0.36938657407407405,2892,0.6637658227848101,0.038765822784810125,0.7313341493268054,0.00795593635250918,4123,0.6850594227504248,0.7213194276012612,5.3073005093378605,0.3672285552591155,13.74,13.56,12.84,12.38,3,6,6
730,1205741107,5,14,11,14,10,1809,0.283596837944664,0.6294466403162056,0.27895392278953923,0.6077210460772104,526,0.8461660329531053,0.6311787072243346,7.020912547528517,0.3840304182509506,2797,0.45499383477188654,0.07953144266337854,0.46316680779000846,0.09314140558848434,5771,0.6435482007739857,0.24120603015075376,5.4846647028244675,0.36933229365216885,2897,0.6637726913970008,0.03867403314917127,0.7316625916870416,0.007946210268948655,4128,0.6849563953488376,0.7214147286821705,5.30765503875969,0.3671471253229974,13.78,13.52,12.88,12.32,3,0,4
731,1205741108,5,15,13,14,11,1811,0.28303747534516766,0.6301775147928994,0.27895392278953923,0.6077210460772104,527,0.8464579380139154,0.6299810246679317,7.020872865275142,0.38472485768500947,2797,0.45499383477188654,0.07953144266337854,0.46316680779000846,0.09314140558848434,5781,0.6435881912010617,0.24113475177304963,5.484691229891022,0.36947183301620246,2903,0.6637795275590551,0.03858267716535433,0.7321537522879805,0.007931665649786455,4133,0.6853375272199375,0.7217517541737237,5.307282845390757,0.3671263811597709,13.78,13.52,12.9,12.26,2,1,4
732,1205741109,5,13,13,16,11,1813,0.2827586206896552,0.6305418719211823,0.27860696517412936,0.6082089552238806,528,0.8467487373737376,0.6306818181818182,7.020833333333333,0.38446969696969696,2802,0.4544334975369458,0.08004926108374384,0.46199324324324326,0.09375,5785,0.6438346297896868,0.2411408815903198,5.48504753673293,0.3693892250072025,2909,0.6635220125786163,0.03852201257861635,0.7315885575167377,0.007912355447352405,4140,0.6857487922705318,0.7214975845410628,5.309661835748792,0.367109500805153,13.74,13.56,12.98,12.22,0,-3,2
733,1205741110,5,15,13,13,12,1814,0.2827586206896552,0.6305418719211823,0.2782608695652174,0.6086956521739131,529,0.8451480781348458,0.6313799621928167,7.020793950850662,0.3842155009451796,2807,0.45421020282728947,0.07990165949600492,0.4620573355817875,0.09359190556492411,5794,0.6436687377747102,0.2412840869865378,5.484294097342078,0.36967840294557586,2915,0.6630094043887147,0.0384012539184953,0.7319148936170212,0.007902735562310031,4143,0.6857349746560467,0.7214578807627323,5.309920347574222,0.3671453857912945,13.72,13.56,12.98,12.22,2,2,3
734,1205741111,5,14,13,12,13,1815,0.28346456692913385,0.6299212598425197,0.2782608695652174,0.6086956521739131,529,0.8451480781348458,0.6313799621928167,7.020793950850662,0.3842155009451796,2810,0.4536525475751995,0.0798035604665439,0.46166807076663857,0.09351305812973884,5805,0.6436548952052835,0.241343669250646,5.484926787252369,0.3696238874533448,2918,0.66327329678935,0.03837118245888802,0.73224043715847,0.007893139040680024,4150,0.6857831325301208,0.7216867469879518,5.310120481927711,0.3671887550200803,13.68,13.52,12.96,12.22,1,2,1
735,1205741112,5,13,11,12,11,1819,0.2831858407079646,0.6293018682399213,0.2784653465346535,0.6089108910891089,530,0.8454402515723273,0.6320754716981132,7.020754716981132,0.3839622641509434,2814,0.4528186274509804,0.07965686274509803,0.4612794612794613,0.09343434343434344,5815,0.6432358842075101,0.2416165090283749,5.48512467755804,0.3695758096875895,2920,0.662754303599374,0.03834115805946792,0.7324029126213593,0.007888349514563107,4155,0.6855194544725234,0.7215403128760529,5.310228640192539,0.36740874448455674,13.68,13.44,12.96,12.22,2,1,2
736,1205741113,5,14,12,12,12,1820,0.2831858407079646,0.6293018682399213,0.27812113720642767,0.6093943139678616,530,0.8454402515723273,0.6320754716981132,7.020754716981132,0.3839622641509434,2816,0.453153704837722,0.07960808328230251,0.46173254835996635,0.09335576114381834,5826,0.6434803753289857,0.24133196017851014,5.485066941297632,0.36956459549147497,2921,0.6630179827990618,0.03831118060985145,0.7324029126213593,0.007888349514563107,4162,0.6853275668749003,0.7220086496876502,5.309947140797694,0.36739147845587056,13.68,13.42,12.94,12.18,2,2,2
737,1205741114,5,15,15,15,14,1820,0.2831858407079646,0.6293018682399213,0.27812113720642767,0.6093943139678616,530,0.8454402515723273,0.6320754716981132,7.020754716981132,0.3839622641509434,2820,0.45382262996941897,0.07951070336391437,0.4609571788413098,0.09319899244332494,5836,0.6434915467214996,0.24160383824537354,5.484921178889651,0.3697024217500571,2926,0.66328125,0.03828125,0.7324455205811138,0.007869249394673124,4165,0.6854341736694681,0.7222088835534214,5.310204081632653,0.36740696278511403,13.72,13.44,12.96,12.2,0,0,1
738,1205741115,5,13,14,13,13,1823,0.2831858407079646,0.6293018682399213,0.27832512315270935,0.6096059113300493,531,0.8457313245448841,0.632768361581921,7.020715630885123,0.384180790960452,2824,0.4536019536019536,0.07997557997557997,0.46057046979865773,0.09395973154362416,5845,0.6436983176504142,0.24157399486740805,5.484687767322498,0.36973196464214425,2930,0.6630265210608425,0.038221528861154444,0.7327690447400241,0.007859733978234583,4171,0.6855270518660597,0.7221289858547111,5.309757851834092,0.36735794773435626,13.72,13.46,12.98,12.18,-1,0,0
739,1205741116,5,12,14,12,11,1830,0.2829076620825147,0.6296660117878192,0.2762836185819071,0.60880195599022,531,0.8457313245448841,0.632768361581921,7.020715630885123,0.384180790960452,2825,0.45332519829164125,0.08053691275167785,0.46057046979865773,0.09395973154362416,5853,0.6438436129620145,0.2412438065949086,5.484537843840766,0.3698673045162025,2934,0.6635514018691588,0.0381619937694704,0.7330917874396136,0.00785024154589372,4176,0.6853448275862072,0.7222222222222222,5.309386973180077,0.367397030651341,13.64,13.48,12.96,12.1,-2,0,1
740,1205741117,5,12,12,12,12,1832,0.2826300294406281,0.6300294406280668,0.27594627594627597,0.6092796092796092,532,0.8460213032581455,0.6334586466165414,7.0206766917293235,0.38392857142857145,2828,0.45371498172959807,0.08099878197320341,0.46057046979865773,0.09395973154362416,5861,0.6437325826082019,0.24159699709947108,5.484388329636581,0.36983165557640896,2941,0.6638198757763976,0.03804347826086957,0.7323688969258589,0.007836045810729355,4181,0.6848839990432914,0.7220760583592442,5.309016981583353,0.3673164314757235,13.72,13.5,12.94,12.06,0,0,0
741,1205741118,5,13,15,12,15,1833,0.2823529411764706,0.6303921568627451,0.27594627594627597,0.6092796092796092,533,0.8463101938711697,0.6341463414634146,7.0206378986866795,0.38367729831144465,2832,0.4543795620437956,0.08090024330900243,0.46063651591289784,0.09380234505862646,5867,0.6436139992045915,0.24186125788307483,5.4845747400715865,0.3699221635134367,2944,0.6635658914728683,0.03798449612403101,0.7319277108433735,0.00783132530120482,4188,0.6854106972301818,0.7223018147086915,5.30945558739255,0.36719993632601083,13.74,13.54,12.92,12.14,-2,1,-2
742,1205741119,5,15,14,14,12,1837,0.2820763956904995,0.6307541625857003,0.27858880778588807,0.6070559610705596,534,0.8465980024968791,0.6348314606741573,7.020599250936329,0.38342696629213485,2837,0.45476624165148755,0.08075288403157256,0.46070234113712377,0.09364548494983277,5872,0.6437471616712088,0.24165531335149865,5.4841621253406,0.369947774750227,2950,0.6646058732612056,0.03786707882534776,0.7316486161251504,0.007821901323706379,4192,0.6855916030534355,0.7220896946564885,5.309398854961832,0.36720737913486,13.82,13.58,12.98,12.12,1,1,3
743,1205741120,5,16,16,15,11,1838,0.2820763956904995,0.6307541625857003,0.2782503037667072,0.6075334143377886,535,0.8468847352024924,0.6336448598130842,7.020560747663551,0.3836448598130841,2841,0.45454545454545453,0.08060606060606061,0.46115288220551376,0.0935672514619883,5877,0.643880097555443,0.24161987408541774,5.484260677216267,0.3698882649878055,2958,0.6646106399383191,0.03855050115651504,0.7324535092981403,0.007798440311937612,4196,0.6856132824912619,0.7221163012392755,5.30910390848427,0.3672743883063235,13.9,13.62,13.04,12.1,0,1,5
744,1205741121,5,14,16,12,12,1840,0.28180039138943247,0.6301369863013698,0.2779126213592233,0.6080097087378641,536,0.8471703980099504,0.6343283582089553,7.020522388059701,0.3833955223880597,2844,0.4539951573849879,0.08050847457627118,0.46160267111853087,0.09348914858096828,5886,0.6439149394042368,0.24142031940197078,5.484029901461094,0.3698748442632234,2963,0.6643571978444958,0.03849114703618168,0.7323353293413174,0.007784431137724551,4200,0.6855555555555559,0.7221428571428572,5.309523809523809,0.3672222222222222,13.92,13.68,13.04,12.1,-2,2,2
745,1205741122,5,12,15,15,11,1845,0.283203125,0.62890625,0.2781136638452237,0.6082224909310762,536,0.8471703980099504,0.6343283582089553,7.020522388059701,0.3833955223880597,2847,0.4540507859733978,0.0804111245465538,0.46205170975813176,0.09341117597998332,5893,0.6433197579048596,0.24130324113354829,5.485151875106058,0.3698597205724305,2965,0.6646153846153846,0.038461538461538464,0.7318970676241772,0.008378216636744464,4209,0.6850795913518654,0.7215490615348064,5.309574720836303,0.36714975845410625,13.92,13.74,13.06,12.08,-3,-3,1
746,1205741123,5,14,14,14,13,1853,0.28334956183057447,0.6280428432327166,0.27884615384615385,0.6081730769230769,536,0.8471703980099504,0.6343283582089553,7.020522388059701,0.3833955223880597,2851,0.4544357272178636,0.08026554013277007,0.4625,0.09333333333333334,5900,0.6435734463276844,0.24101694915254238,5.485084745762712,0.3700141242937853,2967,0.6646153846153846,0.038461538461538464,0.7322175732217573,0.008368200836820083,4215,0.6848161328588378,0.7214709371293001,5.309134045077106,0.367160933175168,13.94,13.78,13.06,12.1,0,0,1
747,1205741124,5,13,13,15,15,1855,0.2830739299610895,0.6284046692607004,0.2785114045618247,0.6086434573829532,536,0.8471703980099504,0.6343283582089553,7.020522388059701,0.3833955223880597,2855,0.45481927710843373,0.08072289156626505,0.4621149042464613,0.093255620316403,5909,0.6432983584362845,0.24115755627009647,5.484853613132509,0.3701697974840638,2968,0.6641045349730976,0.03843197540353574,0.7322175732217573,0.008368200836820083,4223,0.6848606835582922,0.7217617807246034,5.308785223774568,0.36729418265056435,13.88,13.74,13.12,12.14,0,-2,-2
748,1205741125,5,14,16,14,14,1859,0.28446601941747574,0.6271844660194175,0.27904191616766466,0.6083832335329341,536,0.8471703980099504,0.6343283582089553,7.020522388059701,0.3833955223880597,2860,0.45372596153846156,0.08052884615384616,0.4617304492512479,0.09317803660565724,5916,0.6434950416948397,0.24087221095334685,5.484956051386072,0.37023890015776423,2969,0.6641045349730976,0.03843197540353574,0.7317801672640383,0.008960573476702509,4230,0.6850275807722619,0.7219858156028369,5.308510638297872,0.3672182821118991,13.84,13.76,13.12,12.16,-2,0,0
749,1205741126,5,13,13,12,15,1863,0.28488372093023256,0.626937984496124,0.27956989247311825,0.6069295101553166,537,0.8474549968963379,0.633147113594041,7.02048417132216,0.38314711359404097,2861,0.45345345345345345,0.08048048048048048,0.4617304492512479,0.09317803660565724,5926,0.6434216447294417,0.2408032399595005,5.485656429294634,0.3701203734953313,2971,0.6643625192012289,0.03840245775729647,0.7319402985074627,0.008955223880597015,4236,0.6846474661630472,0.7221435316336167,5.3085457979225685,0.3671702864337425,13.88,13.82,13.1,12.24,0,1,-2
750,1205741127,5,11,13,14,13,1864,0.28488372093023256,0.626937984496124,0.27923627684964203,0.6073985680190931,537,0.8474549968963379,0.633147113594041,7.02048417132216,0.38314711359404097,2864,0.45290941811637675,0.08038392321535692,0.4613466334164589,0.09310058187863675,5939,0.64352865241062,0.24111803333894596,5.486445529550429,0.37003984958186,2977,0.664367816091954,0.03908045977011494,0.732419547079857,0.008939213349225268,4240,0.6843946540880506,0.721933962264151,5.308490566037736,0.3672955974842767,13.86,13.82,13.14,12.24,-2,-3,-2
751,1205741128,5,14,15,15,15,1867,0.2852998065764023,0.6266924564796905,0.2800953516090584,0.6066746126340882,537,0.8474549968963379,0.633147113594041,7.02048417132216,0.38314711359404097,2864,0.45290941811637675,0.08038392321535692,0.4613466334164589,0.09310058187863675,5949,0.6436235781924142,0.24088082030593377,5.486636409480585,0.37000616350086846,2979,0.664367816091954,0.03908045977011494,0.7321428571428571,0.008928571428571428,4247,0.684208460874343,0.7221568165764068,5.3086884859901105,0.3672199984302645,13.86,13.86,13.18,12.28,-1,-1,-1
752,1205741129,5,16,15,14,13,1868,0.28599033816425123,0.6260869565217392,0.2800953516090584,0.6066746126340882,537,0.8474549968963379,0.633147113594041,7.02048417132216,0.38314711359404097,2867,0.45236668663870583,0.08028759736369083,0.46179401993355484,0.09302325581395349,5958,0.6440779903770849,0.24085263511245383,5.486740516951997,0.37007664764462345,2984,0.664624808575804,0.03905053598774885,0.7315914489311164,0.008907363420427554,4252,0.6843446221386017,0.7217779868297272,5.308560677328316,0.3671997491376607,13.9,13.88,13.22,12.26,1,2,3
753,1205741130,5,15,14,15,11,1870,0.28599033816425123,0.6260869565217392,0.2794292508917955,0.6076099881093936,538,0.8477385377943001,0.6319702602230484,7.020446096654275,0.383364312267658,2870,0.4524236983842011,0.08019150209455415,0.46224066390041496,0.09294605809128631,5966,0.6439685998435588,0.2406972846128059,5.486925913509889,0.3700832495250866,2988,0.6651376146788991,0.0389908256880734,0.7319098457888493,0.008896797153024912,4259,0.6842764342177352,0.7217656726931204,5.308523127494717,0.3670658213978242,13.92,13.9,13.28,12.26,1,0,4
754,1205741131,5,12,13,12,12,1871,0.28599033816425123,0.6260869565217392,0.27909738717339666,0.6080760095011877,539,0.8480210265924554,0.6326530612244898,7.020408163265306,0.38311688311688313,2877,0.45167064439140814,0.07995226730310262,0.4631317315658658,0.0927920463960232,5974,0.6440268943198313,0.2407097422162705,5.487110813525276,0.37015958040397273,2992,0.6641221374045801,0.038931297709923665,0.7322274881516587,0.008886255924170616,4266,0.6837396468198158,0.7219878105954055,5.308720112517581,0.3671081418971714,13.84,13.92,13.22,12.26,-1,0,0
755,1205741132,5,14,14,11,13,1873,0.28599033816425123,0.6260869565217392,0.2796208530805687,0.6078199052132701,540,0.8483024691358027,0.6333333333333333,7.020370370370371,0.38333333333333336,2880,0.4511323003575685,0.07985697258641239,0.46357615894039733,0.09271523178807947,5981,0.6443320514964062,0.24059521819093796,5.487209496739676,0.37022794404503145,2999,0.6648895658796649,0.03884234577303884,0.7316784869976359,0.008865248226950355,4270,0.6836846213895397,0.7220140515222483,5.308430913348946,0.3671155347384855,13.88,13.94,13.18,12.3,0,3,1
756,1205741133,5,13,13,14,13,1877,0.28736740597878496,0.6248794599807136,0.28132387706855794,0.6063829787234043,541,0.8479667282809614,0.634011090573013,7.020332717190388,0.3840110905730129,2883,0.4511904761904762,0.07976190476190476,0.46319272125723737,0.09263854425144748,5991,0.6442580537472884,0.24036054081121683,5.4877315973960945,0.370068992377455,3003,0.665144596651446,0.03881278538812785,0.7315634218289085,0.008849557522123894,4276,0.6838946055503589,0.7219363891487371,5.30799812909261,0.3670486435921422,13.86,13.92,13.16,12.26,0,-1,0
757,1205741134,5,14,13,14,12,1879,0.28709055876685935,0.6252408477842004,0.2809917355371901,0.6068476977567887,542,0.8482472324723249,0.6346863468634686,7.020295202952029,0.3837638376383764,2890,0.45098039215686275,0.0796197266785502,0.4624896949711459,0.09233305853256389,5996,0.6441655548143215,0.24049366244162776,5.4873248832555035,0.37013564598621296,3005,0.664638783269962,0.03878326996197719,0.7317216981132075,0.00884433962264151,4283,0.6837886216826214,0.7216904039224843,5.307961709082419,0.3669740835862713,13.86,13.88,13.2,12.26,1,0,2
758,1205741135,5,15,13,12,11,1882,0.28681424446583254,0.6246390760346487,0.28150765606595995,0.6065959952885748,543,0.8485267034990794,0.6353591160220995,7.020257826887661,0.3835174953959484,2895,0.45077105575326215,0.0800711743772242,0.4633744855967078,0.09218106995884774,6001,0.6444620341054277,0.24029328445259124,5.4872521246458925,0.3702438482475143,3009,0.6651480637813212,0.0387243735763098,0.7314487632508834,0.0088339222614841,4289,0.6838812465998293,0.7213802751224061,5.307764047563535,0.3670435999067382,13.84,13.86,13.18,12.22,2,3,4
759,1205741136,5,13,15,17,11,1884,0.2865384615384615,0.625,0.2823529411764706,0.6058823529411764,544,0.8488051470588237,0.6360294117647058,7.020220588235294,0.38327205882352944,2901,0.45082938388625593,0.07997630331753554,0.4634946677604594,0.0918785890073831,6009,0.6444915959394251,0.24047262439673822,5.486769845232152,0.3702501802851278,3013,0.665402124430956,0.038694992412746584,0.7313345091122869,0.008818342151675485,4293,0.6837099153661002,0.7209410668530165,5.307477288609364,0.36716748194735616,13.82,13.88,13.26,12.2,-2,-4,2
760,1205741137,5,12,14,16,12,1887,0.2869481765834933,0.6247600767754319,0.282021151586369,0.6051703877790834,544,0.8488051470588237,0.6360294117647058,7.020220588235294,0.38327205882352944,2903,0.45056246299585556,0.07992895204262877,0.46311475409836067,0.09180327868852459,6018,0.6447740112994359,0.240777666999003,5.48654037886341,0.3701534286030796,3017,0.6651515151515152,0.038636363636363635,0.731650029359953,0.008807985907222548,4299,0.683686128557029,0.7208653175157014,5.307280762968132,0.36717841358455455,13.78,13.88,13.34,12.18,-2,-4,0
761,1205741138,5,14,15,16,12,1888,0.2869481765834933,0.6247600767754319,0.2828638497652582,0.6044600938967136,545,0.8490825688073397,0.634862385321101,7.020183486238532,0.3830275229357798,2907,0.4512123004139562,0.07983441750443525,0.46399345335515546,0.09165302782324058,6025,0.6446058091286315,0.24066390041493776,5.486804979253112,0.370207468879668,3023,0.6651549508692366,0.03854875283446712,0.7321219226260258,0.008792497069167644,4305,0.6840108401084014,0.7205574912891987,5.307317073170732,0.3672667440960124,13.78,13.96,13.4,12.2,-1,-2,2
762,1205741139,5,12,12,12,12,1890,0.28639846743295017,0.6254789272030651,0.2828638497652582,0.6044600938967136,546,0.8493589743589746,0.6355311355311355,7.02014652014652,0.38278388278388276,2913,0.45073746312684365,0.08023598820058997,0.46486928104575165,0.0915032679738562,6035,0.6444490472245245,0.24059652029826015,5.487158243579122,0.37013256006628,3025,0.6654078549848943,0.03851963746223565,0.7322788517867604,0.008787346221441126,4312,0.6837121212121215,0.7207792207792207,5.307513914656772,0.3673082869511441,13.7,13.88,13.34,12.18,0,0,0
763,1205741140,5,13,13,14,14,1892,0.28639846743295017,0.6254789272030651,0.2822014051522248,0.6053864168618267,548,0.8462591240875914,0.635036496350365,7.0200729927007295,0.38321167883211676,2916,0.450530035335689,0.0812720848056537,0.46486928104575165,0.0915032679738562,6044,0.6445648577101266,0.24056915949702184,5.4879219060225015,0.37011912640635336,3029,0.6656603773584906,0.038490566037735846,0.7327485380116959,0.008771929824561403,4318,0.6840358190520306,0.7204724409448819,5.307549791570171,0.36737687200864594,13.66,13.84,13.36,12.2,0,-1,-1
764,1205741141,5,12,15,16,12,1893,0.28708133971291866,0.6248803827751196,0.2822014051522248,0.6053864168618267,548,0.8462591240875914,0.635036496350365,7.0200729927007295,0.38321167883211676,2918,0.4502648616833431,0.08122424955856386,0.46530612244897956,0.09142857142857143,6052,0.6444839171623714,0.24041639127561137,5.487937871777925,0.37012557832121606,3029,0.6656603773584906,0.038490566037735846,0.7327485380116959,0.008771929824561403,4328,0.6836105976586571,0.7208872458410351,5.307301293900185,0.36727895871842264,13.64,13.86,13.46,12.14,-3,-4,0
765,1205741142,5,17,16,13,12,1896,0.2874880611270296,0.6246418338108882,0.2818713450292398,0.6058479532163743,548,0.8462591240875914,0.635036496350365,7.0200729927007295,0.38321167883211676,2922,0.45,0.0811764705882353,0.46661237785016285,0.09120521172638436,6061,0.6446818456800316,0.2403893746906451,5.487873288236265,0.3700709453885497,3033,0.6656626506024096,0.038403614457831324,0.7329047340736411,0.008766803039158387,4331,0.6833679673670441,0.7208496882936966,5.3070884322327405,0.36719772185022703,13.76,13.86,13.5,12.12,1,4,5
766,1205741143,5,12,14,14,12,1899,0.2872137404580153,0.625,0.2812135355892649,0.6056009334889149,549,0.8456284153005467,0.6357012750455373,7.020036429872495,0.38342440801457195,2925,0.44920728126834997,0.08103347034644745,0.46661237785016285,0.09120521172638436,6071,0.6449925877120746,0.2401581288090924,5.48756382803492,0.3700378850271783,3039,0.6659142212189616,0.03837471783295711,0.7313519813519813,0.008741258741258742,4335,0.6834678969627069,0.720876585928489,5.307035755478662,0.36730103806228376,13.7,13.84,13.54,12.12,-2,-2,0
767,1205741144,5,13,11,12,8,1901,0.2869399428026692,0.6253574833174452,0.28088578088578087,0.6060606060606061,550,0.8450000000000002,0.6363636363636364,7.02,0.3836363636363636,2932,0.44874048037492675,0.08084358523725835,0.4670999187652315,0.09098294069861901,6079,0.6450485277183755,0.24017108076986346,5.48692219114986,0.370003290014805,3042,0.6661654135338346,0.038345864661654135,0.7310826542491269,0.008731082654249126,4340,0.6831413210445471,0.7207373271889401,5.306912442396313,0.3672811059907834,13.66,13.76,13.52,12.06,2,1,5
768,1205741145,5,14,13,13,11,1903,0.2876190476190476,0.6247619047619047,0.28055878928987193,0.6053550640279395,551,0.8452813067150637,0.6352087114337568,7.019963702359346,0.3838475499092559,2937,0.44853801169590646,0.08070175438596491,0.46715328467153283,0.09164639091646391,6083,0.6451175406871618,0.24001315140555646,5.486930790728259,0.3700887719875061,3046,0.6666666666666666,0.038288288288288286,0.7313953488372092,0.00872093023255814,4347,0.6829614293382412,0.720956981826547,5.306648263170002,0.36726478030825854,13.66,13.74,13.5,12.06,1,1,3
769,1205741146,5,12,12,15,15,1906,0.2870722433460076,0.6254752851711026,0.2802325581395349,0.6058139534883721,552,0.8455615942028988,0.6340579710144928,7.019927536231884,0.3836050724637681,2939,0.4491822429906542,0.08060747663551401,0.46715328467153283,0.09164639091646391,6090,0.6451970443349762,0.2400656814449918,5.487356321839081,0.3700738916256157,3049,0.6669167291822956,0.03825956489122281,0.7317073170731707,0.008710801393728223,4356,0.6828895010713195,0.7213039485766759,5.306932966023875,0.3672520661157025,13.62,13.74,13.52,12.14,0,-3,-3
770,1205741147,5,14,12,13,15,1906,0.2870722433460076,0.6254752851711026,0.2802325581395349,0.6058139534883721,553,0.8458408679927669,0.6329113924050633,7.019891500904159,0.3833634719710669,2941,0.4498249708284714,0.08051341890315053,0.46715328467153283,0.09164639091646391,6098,0.6449245654312897,0.23991472613971793,5.487372909150541,0.3699573630698589,3055,0.6666666666666666,0.038202247191011236,0.7323290845886443,0.00869061413673233,4362,0.6829436038514446,0.7214580467675378,5.306969280146721,0.36720541036221915,13.62,13.66,13.52,12.2,2,1,-1
771,1205741148,5,12,13,13,11,1908,0.28679962013295346,0.6258309591642925,0.27990708478513354,0.6062717770034843,553,0.8458408679927669,0.6329113924050633,7.019891500904159,0.3833634719710669,2946,0.45020384391380314,0.0809551543389633,0.46639676113360323,0.09149797570850203,6105,0.6450040950040958,0.24013104013104014,5.487305487305488,0.36986076986076977,3062,0.6674140508221226,0.03811659192825112,0.7317919075144509,0.008670520231213872,4368,0.6833028083028085,0.7216117216117216,5.3074633699633695,0.36721611721611724,13.56,13.6,13.5,12.18,-1,-1,1
772,1205741149,5,16,14,13,11,1909,0.2874762808349146,0.6252371916508539,0.27990708478513354,0.6062717770034843,553,0.8458408679927669,0.6329113924050633,7.019891500904159,0.3833634719710669,2954,0.4503195816385822,0.08076699593259733,0.4648910411622276,0.09120258272800645,6109,0.644909150433787,0.2401375020461614,5.487477492224587,0.3698641348829595,3063,0.6674140508221226,0.03811659192825112,0.731946851530907,0.008665511265164644,4378,0.6833409471600429,0.7215623572407492,5.307903152124258,0.3672910004568296,13.6,13.62,13.48,12.16,2,3,5
773,1205741150,5,12,12,12,11,1912,0.2869318181818182,0.625,0.27958236658932717,0.6067285382830626,554,0.8461191335740075,0.6335740072202166,7.01985559566787,0.3831227436823105,2957,0.4503772489843297,0.0812536273940801,0.4645161290322581,0.09193548387096774,6120,0.6447303921568636,0.23986928104575164,5.487254901960784,0.3698120915032679,3065,0.6676624346527259,0.038088125466766244,0.7321016166281755,0.008660508083140877,4383,0.6832078485055901,0.7216518366415697,5.3075519050878395,0.3673283139402236,13.58,13.56,13.46,12.16,0,0,1
774,1205741151,5,16,16,13,13,1918,0.2870632672332389,0.6251180358829084,0.2786127167630058,0.6069364161849711,554,0.8461191335740075,0.6335740072202166,7.01985559566787,0.3831227436823105,2958,0.4503772489843297,0.0812536273940801,0.4649476228847704,0.09186140209508462,6128,0.6449494125326379,0.23971932114882508,5.486945169712794,0.3697372715404699,3071,0.6676624346527259,0.038088125466766244,0.7318757192174914,0.00863060989643268,4386,0.6831965344277249,0.7213862289101687,5.307569539443684,0.36736206110351116,13.62,13.6,13.48,12.2,0,3,3
775,1205741152,5,11,13,13,12,1920,0.28679245283018867,0.6254716981132076,0.27829099307159355,0.6073903002309469,556,0.8466726618705038,0.6330935251798561,7.0215827338129495,0.3830935251798561,2960,0.45069605568445475,0.08120649651972157,0.464573268921095,0.09178743961352658,6138,0.6449304876724239,0.23981753014011079,5.488106875203649,0.3697458455522971,3074,0.667910447761194,0.03805970149253731,0.7316091954022989,0.008620689655172414,4392,0.6831739526411661,0.7215391621129326,5.308743169398907,0.36725865209471764,13.58,13.58,13.48,12.22,-2,-2,-1
776,1205741153,5,14,14,13,12,1923,0.28679245283018867,0.6254716981132076,0.27963176064441886,0.6064441887226697,557,0.8469479353680432,0.6337522441651705,7.021543985637343,0.38330341113105926,2965,0.4510712217718587,0.08106543138390272,0.4638263665594855,0.09163987138263666,6145,0.6451722267426099,0.23954434499593166,5.487713588283157,0.36985353946297794,3078,0.6674123788217748,0.03803131991051454,0.7320711417096959,0.008605851979345954,4398,0.6831514324693045,0.7216916780354706,5.308321964529331,0.36726921327876305,13.6,13.58,13.48,12.2,0,1,2
777,1205741154,5,11,12,11,11,1926,0.2862523540489642,0.6261770244821092,0.2793103448275862,0.6068965517241379,557,0.8469479353680432,0.6337522441651705,7.021543985637343,0.38330341113105926,2969,0.45112781954887216,0.08155002891844997,0.46308186195826645,0.09149277688603531,6157,0.6452141194304594,0.23923988955660225,5.487250284229332,0.3698635699204157,3083,0.6679076693968726,0.0379746835443038,0.7313860252004581,0.00859106529209622,4401,0.6831401954101344,0.721881390593047,5.308111792774369,0.3674733015223813,13.6,13.58,13.4,12.24,-1,0,0
778,1205741155,5,15,13,14,13,1927,0.2869238005644403,0.625587958607714,0.2793103448275862,0.6068965517241379,558,0.845430107526882,0.6344086021505376,7.021505376344086,0.38306451612903225,2977,0.4520785219399538,0.08140877598152425,0.4628297362110312,0.09112709832134293,6161,0.6454444624790355,0.23908456419412433,5.487096250608667,0.36978574906670986,3083,0.6679076693968726,0.0379746835443038,0.7313860252004581,0.00859106529209622,4409,0.6833749149467002,0.7217056021773645,5.307779541846224,0.3674302562939442,13.62,13.6,13.48,12.26,2,1,2
779,1205741156,5,10,12,13,12,1933,0.287593984962406,0.625,0.27885714285714286,0.6057142857142858,560,0.8433035714285716,0.6339285714285714,7.021428571428571,0.3830357142857143,2977,0.4520785219399538,0.08140877598152425,0.4628297362110312,0.09112709832134293,6172,0.6450232231583503,0.23930654569021387,5.48752430330525,0.3697207820263555,3085,0.6676579925650558,0.0379182156133829,0.7313860252004581,0.00859106529209622,4416,0.6833484299516911,0.7212409420289855,5.308197463768116,0.3676403985507246,13.46,13.54,13.5,12.26,-2,-3,-2
780,1205741157,5,12,13,13,13,1935,0.28732394366197184,0.6253521126760564,0.2785388127853881,0.6061643835616438,561,0.8435828877005349,0.6345811051693404,7.021390374331551,0.38324420677361853,2981,0.45244956772334294,0.08126801152737752,0.46325878594249204,0.09105431309904154,6181,0.6450547376368448,0.23960524187024754,5.487461575796797,0.3697082456991856,3090,0.6674090571640683,0.0378619153674833,0.7307032590051458,0.008576329331046312,4421,0.6832164668627011,0.7208776294955892,5.308301289301063,0.3678089421699465,13.42,13.58,13.48,12.32,-1,-1,-1
781,1205741158,5,12,12,13,15,1936,0.28732394366197184,0.6253521126760564,0.2782212086659065,0.6066134549600912,562,0.843861209964413,0.6334519572953736,7.0213523131672595,0.38434163701067614,2981,0.45244956772334294,0.08126801152737752,0.46325878594249204,0.09105431309904154,6191,0.6452242502557484,0.2392182199967695,5.487643353254724,0.369636030797394,3095,0.6681481481481482,0.03777777777777778,0.73043974871502,0.008566533409480296,4427,0.6827422633837816,0.721030042918455,5.308335215721708,0.3678186883517807,13.36,13.56,13.46,12.4,0,-1,-3
782,1205741159,5,13,14,13,13,1941,0.28745318352059923,0.6254681647940075,0.2787258248009101,0.6063708759954494,563,0.8441385435168741,0.6341030195381883,7.021314387211367,0.38410301953818826,2985,0.4525043177892919,0.08117443868739206,0.46331738437001596,0.09170653907496013,6198,0.6454635904055079,0.23910939012584706,5.487737979993546,0.3696219210498009,3101,0.6686390532544378,0.03772189349112426,0.7299145299145299,0.008547008547008548,4430,0.6829571106094812,0.7212189616252822,5.308126410835214,0.36775771256583895,13.36,13.58,13.4,12.44,-1,0,0
783,1205741160,5,13,13,13,12,1943,0.2871842843779233,0.6258185219831618,0.2784090909090909,0.6056818181818182,564,0.8444148936170215,0.6329787234042553,7.0212765957446805,0.38386524822695034,2991,0.453448275862069,0.08103448275862069,0.4638027048528242,0.09228321400159109,6204,0.6454035031162698,0.23920051579626048,5.48758865248227,0.36962712228669664,3103,0.6681448632668144,0.037694013303769404,0.7300683371298405,0.008542141230068337,4438,0.6831906264082923,0.7212708427219469,5.30824695808923,0.36765810425116413,13.32,13.58,13.4,12.44,0,0,1
784,1205741161,5,16,14,14,14,1944,0.2871842843779233,0.6258185219831618,0.27809307604994327,0.6061293984108967,564,0.8444148936170215,0.6329787234042553,7.0212765957446805,0.38386524822695034,2995,0.4535017221584386,0.0809414466130884,0.46386020651310567,0.09293089753772836,6214,0.6453840789614856,0.23897650466688122,5.48744769874477,0.3695955369595536,3109,0.6686346863468635,0.037638376383763834,0.7295454545454545,0.008522727272727272,4441,0.6831794640846659,0.7214591308263905,5.308038730015762,0.36763491706072204,13.36,13.6,13.44,12.46,2,2,2
785,1205741162,5,13,16,15,11,1945,0.2871842843779233,0.6258185219831618,0.2789115646258503,0.6054421768707483,565,0.8446902654867259,0.6336283185840708,7.021238938053098,0.3836283185840708,3001,0.45324153757888697,0.08089500860585198,0.46360759493670883,0.0925632911392405,6223,0.64525416465799,0.23879157962397557,5.486903422786438,0.36974396057635645,3116,0.6681383370125092,0.037527593818984545,0.7288712422007941,0.008508224617129892,4444,0.6831683168316834,0.7211971197119712,5.307830783078308,0.36766801680168015,13.36,13.7,13.5,12.46,-3,-2,2
786,1205741163,5,15,15,15,9,1950,0.2869158878504673,0.6261682242990654,0.27765237020316025,0.6049661399548533,566,0.8449646643109543,0.6325088339222615,7.021201413427562,0.3838339222614841,3003,0.45355504587155965,0.08084862385321101,0.46403162055335967,0.09249011857707509,6230,0.6454119850187273,0.23852327447833066,5.486516853932584,0.3698501872659175,3121,0.6683823529411764,0.0375,0.7289190718732315,0.008488964346349746,4448,0.6832284172661873,0.720773381294964,5.307553956834532,0.3676184052757793,13.38,13.76,13.56,12.4,0,0,6
787,1205741164,5,15,12,10,11,1951,0.2869158878504673,0.6261682242990654,0.2773393461104848,0.6054114994363021,566,0.8449646643109543,0.6325088339222615,7.021201413427562,0.3838339222614841,3008,0.45418098510882016,0.08075601374570447,0.4637223974763407,0.09227129337539432,6238,0.6453858074169079,0.2385379929464572,5.486213529977557,0.3698968686544832,3125,0.6688693098384728,0.037444933920704845,0.7292255511588468,0.008479366873940079,4454,0.6832061068702293,0.7207004939380333,5.307813201616525,0.36762834904954345,13.38,13.7,13.46,12.34,3,5,4
788,1205741165,5,16,11,12,10,1952,0.2869158878504673,0.6261682242990654,0.27702702702702703,0.6058558558558559,566,0.8449646643109543,0.6325088339222615,7.021201413427562,0.3838339222614841,3010,0.453921007441328,0.08070978820835718,0.46335697399527187,0.09219858156028368,6246,0.645119543174299,0.23839257124559718,5.486071085494717,0.36998345607855687,3131,0.6695970695970695,0.03736263736263736,0.7296839729119639,0.008465011286681716,4458,0.6830230297592346,0.7209510991475998,5.307537012113055,0.3678592791984447,13.44,13.64,13.44,12.28,5,4,6
789,1205741166,5,17,17,15,13,1953,0.2875816993464052,0.6255835667600373,0.27702702702702703,0.6058558558558559,566,0.8449646643109543,0.6325088339222615,7.021201413427562,0.3838339222614841,3014,0.4534019439679817,0.08061749571183534,0.4626278520849725,0.0920535011801731,6252,0.6452201962038822,0.23864363403710812,5.486084452975048,0.36994828321603745,3135,0.6695906432748538,0.03728070175438596,0.7298364354201917,0.008460236886632826,4465,0.683296005972378,0.7207166853303472,5.307726763717805,0.36784247853676744,13.54,13.7,13.5,12.32,0,2,4
790,1205741167,5,11,12,14,12,1956,0.28824626865671643,0.625,0.27640449438202247,0.6056179775280899,567,0.8452380952380955,0.6331569664902998,7.021164021164021,0.3835978835978836,3022,0.452937820878494,0.08157444381061038,0.4619607843137255,0.09176470588235294,6256,0.6453671142369999,0.23865089514066495,5.485933503836317,0.3699515132139811,3140,0.6695842450765864,0.037199124726477024,0.7295774647887324,0.008450704225352112,4472,0.6831209004174124,0.7202593917710197,5.307468694096601,0.3677325581395348,13.52,13.7,13.54,12.32,-1,-3,-1
791,1205741168,5,14,14,13,13,1958,0.2886405959031657,0.6247672253258846,0.27640449438202247,0.6056179775280899,567,0.8452380952380955,0.6331569664902998,7.021164021164021,0.3835978835978836,3022,0.452937820878494,0.08157444381061038,0.4619607843137255,0.09176470588235294,6264,0.6451814601958288,0.2386653895274585,5.485791826309067,0.36999787143465296,3145,0.6693372177713037,0.037144938091769844,0.7294713160854893,0.00843644544431946,4479,0.6828347101287493,0.7202500558160304,5.307434695244474,0.3676043759767805,13.54,13.68,13.56,12.28,0,1,1
792,1205741169,5,13,13,12,12,1960,0.28837209302325584,0.6251162790697674,0.2760942760942761,0.6060606060606061,568,0.8455105633802819,0.6338028169014085,7.02112676056338,0.383362676056338,3026,0.45242165242165244,0.08148148148148149,0.4620203602192639,0.09162098668754894,6270,0.6449627857522602,0.23859649122807017,5.486124401913876,0.3699627857522593,3149,0.6695778748180495,0.03711790393013101,0.729365524985963,0.008422234699606962,4487,0.6829544610355845,0.7203030978381992,5.308669489636729,0.3675061288165812,13.5,13.66,13.52,12.28,0,1,1
793,1205741170,5,12,12,14,13,1964,0.28876508820798513,0.6239554317548747,0.2765957446808511,0.6058230683090705,570,0.8460526315789476,0.631578947368421,7.021052631578947,0.3828947368421053,3027,0.45242165242165244,0.08148148148148149,0.4616588419405321,0.09154929577464789,6280,0.6451300424628458,0.23869426751592357,5.486624203821656,0.3699309978768576,3151,0.6695778748180495,0.03711790393013101,0.7291082445316882,0.008412787436904094,4494,0.6827807446966329,0.7205162438807299,5.308633733867379,0.3674899866488651,13.42,13.58,13.5,12.32,0,-2,-1
794,1205741171,5,14,15,13,12,1967,0.2884972170686456,0.62430426716141,0.2759776536312849,0.605586592178771,571,0.8463222416812611,0.6322241681260946,7.021015761821366,0.38266199649737304,3028,0.45242165242165244,0.08148148148148149,0.4612978889757623,0.09147771696637999,6291,0.6451941927621477,0.23843586075345732,5.486568113177555,0.36999947014253154,3155,0.6695715323166304,0.037037037037037035,0.7292600896860987,0.008408071748878924,4497,0.6826588095767552,0.7207026906826773,5.308427840782744,0.3674672003557927,13.42,13.56,13.52,12.32,-1,1,2
795,1205741172,5,15,13,12,12,1968,0.2891566265060241,0.623725671918443,0.2759776536312849,0.605586592178771,571,0.8463222416812611,0.6322241681260946,7.021015761821366,0.38266199649737304,3030,0.4527334851936219,0.08143507972665148,0.4609375,0.09140625,6300,0.6449074074074082,0.23857142857142857,5.486666666666666,0.37011904761904757,3159,0.6698113207547169,0.03701015965166909,0.7297146054840515,0.008393956351426972,4504,0.6822639135583188,0.7204706927175843,5.308392539964476,0.3675066607460035,13.48,13.52,13.46,12.34,2,3,3
796,1205741173,5,11,12,13,11,1968,0.2891566265060241,0.623725671918443,0.2759776536312849,0.605586592178771,572,0.8465909090909093,0.6311188811188811,7.020979020979021,0.38243006993006995,3031,0.45304496300512237,0.08138873079112123,0.4609375,0.09140625,6307,0.6449844088578836,0.2386237513873474,5.487236403995561,0.36998573014111297,3162,0.6700507614213198,0.03698332124728064,0.7288988261598659,0.008384572386808273,4510,0.6817997043606803,0.7201773835920178,5.309756097560975,0.367350332594235,13.42,13.48,13.44,12.3,-1,-2,0
797,1205741174,5,15,16,14,15,1971,0.2895467160037003,0.6234967622571693,0.27566964285714285,0.6060267857142857,572,0.8465909090909093,0.6311188811188811,7.020979020979021,0.38243006993006995,3035,0.45340909090909093,0.08125,0.4605776736924278,0.09133489461358314,6310,0.644915478077127,0.23866877971473852,5.48716323296355,0.3700475435816164,3166,0.6700434153400868,0.03690303907380608,0.7284916201117319,0.008379888268156424,4519,0.6818802094858747,0.7205133879176809,5.310024341668511,0.3674485505642841,13.46,13.54,13.42,12.3,-1,1,0
798,1205741175,5,14,15,14,13,1972,0.2895467160037003,0.6234967622571693,0.2753623188405797,0.6064659977703456,573,0.8468586387434557,0.6300174520069808,7.020942408376963,0.38263525305410123,3042,0.45351473922902497,0.0810657596371882,0.46105919003115264,0.0911214953271028,6317,0.6449131971927611,0.23856260883330696,5.4867817001741335,0.37007281937628617,3168,0.6700434153400868,0.03690303907380608,0.7287946428571429,0.008370535714285714,4526,0.6820408012962147,0.7202828104286345,5.309986743261158,0.36752467226395635,13.46,13.52,13.42,12.28,-1,0,1
799,1205741176,5,14,14,12,12,1974,0.2902033271719039,0.6229205175600739,0.2750556792873051,0.6069042316258352,573,0.8468586387434557,0.6300174520069808,7.020942408376963,0.38263525305410123,3047,0.45361990950226244,0.08088235294117647,0.46070038910505834,0.09182879377431907,6325,0.6446508563899875,0.23857707509881423,5.487114624505929,0.3700395256916995,3168,0.6700434153400868,0.03690303907380608,0.7287946428571429,0.008370535714285714,4535,0.6822307975009191,0.7208379272326351,5.310033076074973,0.3672914369717015,13.48,13.54,13.42,12.22,0,2,2
800,1205741177,5,14,14,13,14,1974,0.2902033271719039,0.6229205175600739,0.2750556792873051,0.6069042316258352,574,0.8471254355400699,0.6289198606271778,7.020905923344948,0.3828397212543554,3048,0.45336348219332956,0.08083663086489543,0.46070038910505834,0.09182879377431907,6335,0.6445014469876356,0.23867403314917127,5.487292817679558,0.3700473559589581,3171,0.6702819956616052,0.0368763557483731,0.7290969899665551,0.008361204013377926,4543,0.6817998385794999,0.7208892802113142,5.3097072419106315,0.3671949519407146,13.54,13.56,13.4,12.24,0,1,0
801,1205741178,5,13,14,13,12,1976,0.29085872576177285,0.6223453370267775,0.27474972191323693,0.60734149054505,574,0.8471254355400699,0.6289198606271778,7.020905923344948,0.3828397212543554,3054,0.45316027088036115,0.0806997742663657,0.4611801242236025,0.09161490683229814,6342,0.6444207925996013,0.23841059602649006,5.487385682749921,0.37015137180700086,3174,0.6705202312138728,0.03684971098265896,0.7293986636971047,0.008351893095768375,4549,0.6816333260057158,0.7212574192130139,5.309738404044845,0.36726020370777457,13.52,13.54,13.36,12.18,-1,0,1
802,1205741179,5,14,13,12,12,1979,0.2912442396313364,0.6221198156682027,0.27555555555555555,0.6066666666666667,575,0.8473913043478263,0.6278260869565218,7.020869565217391,0.3826086956521739,3059,0.4529577464788732,0.08056338028169015,0.462015503875969,0.09147286821705426,6349,0.6443403160602728,0.23846275003937628,5.487320837927233,0.37009765317372806,3179,0.6707581227436823,0.0368231046931408,0.7288888888888889,0.008888888888888889,4554,0.681543697848046,0.7211242863416777,5.309398331137461,0.36729614990484555,13.48,13.5,13.32,12.16,1,2,2
803,1205741180,5,14,12,16,13,1982,0.2907083716651334,0.6228150873965042,0.27524972253052166,0.607103218645949,575,0.8473913043478263,0.6278260869565218,7.020869565217391,0.3826086956521739,3060,0.4529577464788732,0.08056338028169015,0.4616576297443842,0.09140201394268009,6360,0.6447196016771496,0.23836477987421384,5.487264150943396,0.3700471698113207,3185,0.6709863210943124,0.0367170626349892,0.7286348501664817,0.008879023307436182,4557,0.6815339038841346,0.7213078779899056,5.309414088215932,0.3672189305829858,13.46,13.46,13.34,12.2,2,-2,1
804,1205741181,5,14,14,13,11,1985,0.29017447199265384,0.6235078053259872,0.27605321507760533,0.606430155210643,576,0.8476562500000002,0.6267361111111112,7.020833333333333,0.3832465277777778,3066,0.45311622683885455,0.08029197080291971,0.4616576297443842,0.09140201394268009,6366,0.644766467692953,0.2382972038956959,5.487747408105561,0.3701696512723845,3187,0.6712230215827338,0.03669064748201439,0.7287853577371048,0.00887409872434831,4566,0.6814315958534095,0.7216381953569864,5.31011826544021,0.36720689151700975,13.5,13.48,13.36,12.18,0,1,3
805,1205741182,5,11,12,13,13,1986,0.28990825688073396,0.6238532110091743,0.27605321507760533,0.606430155210643,576,0.8476562500000002,0.6267361111111112,7.020833333333333,0.3832465277777778,3067,0.45342312008978675,0.08024691358024691,0.4616576297443842,0.09140201394268009,6378,0.6442327793456681,0.23816243336469112,5.4885544057698334,0.37013954217623074,3189,0.6714593817397556,0.03666427030913012,0.7289356984478935,0.008869179600886918,4575,0.6816211293260476,0.7219672131147541,5.310382513661202,0.36724954462659376,13.44,13.44,13.4,12.18,-1,-2,-2
806,1205741183,5,14,13,14,12,1987,0.28964252978918426,0.6241979835013749,0.27605321507760533,0.606430155210643,577,0.8479202772963607,0.6273830155979203,7.020797227036395,0.3830155979202773,3071,0.453781512605042,0.08011204481792718,0.46207430340557276,0.0913312693498452,6385,0.643918037066041,0.23837118245888803,5.488488645262334,0.3700861393891933,3195,0.6712132089016511,0.0366116295764537,0.728429203539823,0.009402654867256638,4581,0.6813832496543698,0.7218947827985156,5.3104125736738705,0.3672051226078731,13.46,13.44,13.4,12.16,1,0,2
807,1205741184,5,11,14,13,13,1993,0.28949771689497716,0.6237442922374429,0.2754424778761062,0.6073008849557522,577,0.8479202772963607,0.6273830155979203,7.020797227036395,0.3830155979202773,3079,0.453072625698324,0.07988826815642458,0.46332046332046334,0.09111969111969112,6393,0.6439725741696655,0.23854215548255905,5.488346629125606,0.3700140778977005,3198,0.6707317073170732,0.036585365853658534,0.7276243093922652,0.009392265193370166,4586,0.6815489169937493,0.7219799389446141,5.310292193632796,0.36724087803459804,13.4,13.46,13.38,12.18,-3,-2,-2
808,1205741185,5,15,13,13,13,1996,0.28988149498632637,0.6235186873290793,0.2751381215469613,0.6066298342541436,577,0.8479202772963607,0.6273830155979203,7.020797227036395,0.3830155979202773,3083,0.4533780011166946,0.07984366275823562,0.463020030816641,0.09167950693374423,6402,0.6438482765802361,0.23836301155888784,5.488284910965323,0.37000156201187123,3201,0.670487106017192,0.03724928366762178,0.7277747101049145,0.009387078961899503,4591,0.6815690118347494,0.7218470921367893,5.310172075800479,0.367167646845277,13.4,13.46,13.4,12.22,2,2,2
809,1205741186,5,14,16,13,11,2001,0.29038112522686027,0.6225045372050817,0.2751381215469613,0.6066298342541436,577,0.8479202772963607,0.6273830155979203,7.020797227036395,0.3830155979202773,3085,0.4536830357142857,0.07979910714285714,0.4634334103156274,0.09160892994611239,6408,0.6435575322513533,0.23845193508114856,5.4886079900124844,0.36999323761964203,3201,0.670487106017192,0.03724928366762178,0.7277747101049145,0.009387078961899503,4601,0.6814641744548289,0.72223429689198,5.310367311454032,0.3672933420270955,13.42,13.48,13.32,12.22,-2,1,3
810,1205741187,5,11,12,12,12,2003,0.29038112522686027,0.6225045372050817,0.2756339581036384,0.6063947078280044,578,0.8481833910034604,0.6280276816608996,7.02076124567474,0.3827854671280277,3088,0.4537346711259755,0.07971014492753623,0.46307692307692305,0.09153846153846154,6416,0.6436902535328354,0.23831047381546136,5.488466334164588,0.3700384455527846,3204,0.6697641172265905,0.03788420300214439,0.7277747101049145,0.009387078961899503,4608,0.6811523437500003,0.7222222222222222,5.309895833333333,0.36727792245370366,13.4,13.44,13.24,12.22,-1,-1,-1
811,1205741188,5,13,13,13,11,2004,0.29038112522686027,0.6225045372050817,0.276431718061674,0.6057268722466961,578,0.8481833910034604,0.6280276816608996,7.02076124567474,0.3827854671280277,3089,0.45403899721448465,0.07966573816155989,0.46307692307692305,0.09153846153846154,6422,0.644023149589952,0.23808782310806603,5.488788539395827,0.3699652237101629,3208,0.6697641172265905,0.03788420300214439,0.7278236914600551,0.009366391184573003,4617,0.6813406974225691,0.7223305176521551,5.311024474767165,0.36726590137896176,13.38,13.4,13.18,12.2,0,0,2
812,1205741189,5,13,13,13,11,2004,0.29038112522686027,0.6225045372050817,0.276431718061674,0.6057268722466961,579,0.8484455958549225,0.6269430051813472,7.020725388601036,0.38255613126079446,3089,0.45403899721448465,0.07966573816155989,0.46307692307692305,0.09153846153846154,6430,0.6439735614307939,0.23825816485225507,5.4884914463452565,0.3700103680663555,3213,0.67,0.03785714285714286,0.7278724573941726,0.009345794392523364,4623,0.6811053428509629,0.7226908933592905,5.311053428509625,0.3671137068281779,13.4,13.42,13.2,12.18,0,0,2
813,1205741190,5,14,15,14,14,2011,0.2917795844625113,0.6214995483288166,0.27692307692307694,0.6054945054945055,579,0.8484455958549225,0.6269430051813472,7.020725388601036,0.38255613126079446,3091,0.4537861915367483,0.07962138084632517,0.46348962336664107,0.09146810146041506,6438,0.6438723205964593,0.2385834109972041,5.488505747126437,0.3700942321631976,3216,0.67,0.03785714285714286,0.7277716794731065,0.009330406147091108,4628,0.6813418323249787,0.722990492653414,5.310717372515126,0.36716724286949,13.42,13.46,13.2,12.18,-1,0,0
814,1205741191,5,14,13,12,12,2013,0.29305680793507666,0.6203787195671776,0.27692307692307694,0.6054945054945055,579,0.8484455958549225,0.6269430051813472,7.020725388601036,0.38255613126079446,3095,0.4546970539188438,0.07948860478043357,0.4631336405529954,0.0913978494623656,6442,0.6440158335920528,0.2385904998447687,5.488668115492083,0.3700972782779674,3220,0.6702355460385439,0.03783012134189864,0.7282191780821918,0.009315068493150684,4636,0.6817838654012083,0.723037100949094,5.31190681622088,0.3670729076790336,13.46,13.42,13.12,12.18,1,2,2
815,1205741192,5,15,15,11,12,2015,0.29432943294329433,0.6192619261926192,0.27692307692307694,0.6054945054945055,579,0.8484455958549225,0.6269430051813472,7.020725388601036,0.38255613126079446,3100,0.45394006659267483,0.07935627081021088,0.46319018404907975,0.09125766871165644,6449,0.6437819817025903,0.23895177546906496,5.488447821367654,0.37012198273634145,3223,0.6707056307911617,0.037776193870277974,0.7278203723986857,0.009309967141292442,4643,0.6819405556752103,0.723023906956709,5.312298083135904,0.367004092181779,13.42,13.4,13.08,12.18,0,4,3
816,1205741193,5,14,15,15,12,2018,0.29406474820143885,0.6196043165467626,0.27631578947368424,0.606359649122807,580,0.8487068965517244,0.6258620689655172,7.020689655172414,0.38232758620689655,3102,0.4539911308203991,0.07926829268292683,0.46319018404907975,0.09125766871165644,6457,0.643913582158898,0.2389654638376955,5.488462134118011,0.37016674410200806,3227,0.6711743772241993,0.03772241992882562,0.7281181619256017,0.009299781181619256,4648,0.68217512908778,0.7226764199655766,5.311962134251291,0.366985800344234,13.46,13.42,13.1,12.18,-1,-1,2
817,1205741194,5,13,12,11,13,2025,0.29301075268817206,0.6200716845878136,0.2754098360655738,0.6054644808743169,581,0.8489672977624787,0.6265060240963856,7.02065404475043,0.3825301204819277,3104,0.4540420819490587,0.07918050941306755,0.46319018404907975,0.09125766871165644,6464,0.6437835189768985,0.2391707920792079,5.4883972772277225,0.37019131600660055,3228,0.670697012802276,0.03769559032716927,0.7281181619256017,0.009299781181619256,4657,0.6821451578269275,0.722138715911531,5.311573974661799,0.366920764440627,13.46,13.44,13.08,12.28,1,2,0
818,1205741195,5,12,14,14,13,2027,0.2927484333034915,0.6204118173679498,0.27510917030567683,0.6058951965065502,581,0.8489672977624787,0.6265060240963856,7.02065404475043,0.3825301204819277,3106,0.45353982300884954,0.0790929203539823,0.46319018404907975,0.09125766871165644,6473,0.6438153354961643,0.23930171481538698,5.4878727019928935,0.37010144703640757,3230,0.6709310589907604,0.037668798862828715,0.7277200656096228,0.009294696555494806,4662,0.6819498069498072,0.7222222222222222,5.311454311454312,0.3668489918489918,13.42,13.46,13.1,12.32,-2,-2,-1
819,1205741196,5,14,15,14,13,2028,0.2924865831842576,0.6207513416815742,0.27510917030567683,0.6058951965065502,583,0.8494854202401374,0.6243567753001715,7.020583190394511,0.38250428816466553,3108,0.4535911602209945,0.07900552486187845,0.46319018404907975,0.09125766871165644,6481,0.6437921102710494,0.23931492053695416,5.48804196883197,0.3700046289152908,3236,0.6711647727272727,0.037642045454545456,0.727917121046892,0.009269356597600873,4667,0.682290550674952,0.7225198200128562,5.311334904649668,0.36672380544246835,13.46,13.52,13.08,12.28,-1,0,1
820,1205741197,5,13,14,11,14,2030,0.29285714285714287,0.6205357142857143,0.27510917030567683,0.6058951965065502,584,0.8497431506849317,0.6232876712328768,7.02054794520548,0.3827054794520548,3111,0.4530905077262693,0.07891832229580574,0.46283524904214557,0.09118773946360154,6489,0.6436918888375206,0.23932809369702573,5.4882108183079055,0.3699722607489597,3241,0.6709219858156028,0.0375886524822695,0.7278170930865542,0.00979858464888405,4674,0.6823384681215237,0.7227214377406932,5.31086863500214,0.3667629439452289,13.44,13.56,13.04,12.26,-1,2,-1
821,1205741198,5,15,12,14,13,2033,0.29233511586452765,0.6203208556149733,0.2748091603053435,0.6063249727371864,585,0.8500000000000002,0.6222222222222222,7.02051282051282,0.38333333333333336,3113,0.4530905077262693,0.07891832229580574,0.4636572302983933,0.09104820198928845,6496,0.6437679597701157,0.2395320197044335,5.488146551724138,0.36999692118226596,3246,0.6711552090715804,0.03756201275690999,0.7278652906029331,0.00977729494839761,4679,0.6822504808719815,0.7223765761914939,5.31053643941013,0.3666916007693951,13.5,13.54,13.06,12.3,3,1,2
822,1205741199,5,14,14,12,13,2035,0.2929652715939448,0.6197684772929652,0.275599128540305,0.6056644880174292,585,0.8500000000000002,0.6222222222222222,7.02051282051282,0.38333333333333336,3121,0.453494771601541,0.0787011557512383,0.4633587786259542,0.09083969465648854,6502,0.6436352917051171,0.2394647800676715,5.488003691171947,0.369963088280529,3248,0.6706798866855525,0.037535410764872525,0.7280130293159609,0.009771986970684038,4685,0.6822305229455713,0.7223052294557097,5.310565635005336,0.36659551760939163,13.46,13.54,13.04,12.34,0,2,1
823,1205741200,5,13,12,14,13,2036,0.2929652715939448,0.6197684772929652,0.2763873775843308,0.6050054406964092,586,0.850255972696246,0.621160409556314,7.020477815699659,0.38310580204778155,3123,0.4537953795379538,0.07865786578657866,0.4630053394355454,0.09077040427154844,6514,0.6437544775355651,0.23979121891311023,5.488332821614983,0.369818851704022,3252,0.6709129511677282,0.03750884642604388,0.7279132791327914,0.00975609756097561,4690,0.6823560767590622,0.7223880597014926,5.3104477611940295,0.36657782515991466,13.48,13.54,13.08,12.38,1,-1,0
824,1205741201,5,15,15,12,13,2039,0.29396092362344584,0.6181172291296625,0.2763873775843308,0.6050054406964092,586,0.850255972696246,0.621160409556314,7.020477815699659,0.38310580204778155,3125,0.45354590434304565,0.07861462341946124,0.4634146341463415,0.09070121951219512,6523,0.6437860902447756,0.23976697838417907,5.488578874750882,0.36988348919208947,3255,0.6711456859971712,0.03748231966053748,0.7276664861938278,0.009745533297238766,4695,0.6821263755768552,0.7222577209797657,5.3103301384451544,0.3666134185303514,13.46,13.52,13.06,12.38,0,3,2
825,1205741202,5,15,13,13,12,2041,0.29432624113475175,0.6179078014184397,0.2763873775843308,0.6050054406964092,586,0.850255972696246,0.621160409556314,7.020477815699659,0.38310580204778155,3126,0.4532967032967033,0.07857142857142857,0.4634146341463415,0.09070121951219512,6533,0.6440252053676215,0.23970610745446197,5.488749425991122,0.36985305372723093,3261,0.671136203246295,0.038108680310515175,0.7281081081081081,0.00972972972972973,4699,0.6821841526565939,0.7224941476909981,5.3109172164290275,0.3666382918351422,13.54,13.52,13.06,12.38,2,2,3
826,1205741203,5,14,14,13,11,2044,0.2940655447298494,0.6182462356067316,0.2768729641693811,0.6047774158523345,587,0.8505110732538332,0.6201022146507666,7.0204429301533215,0.3833049403747871,3131,0.45279912184412735,0.07903402854006586,0.46387832699619774,0.09049429657794676,6539,0.6442753734006227,0.2396390885456492,5.488453892032421,0.36997247285517654,3265,0.6706629055007052,0.0380818053596615,0.7285483000539665,0.009713977334052886,4705,0.6822706340772231,0.7222104144527098,5.310520722635494,0.36659582004959257,13.54,13.52,13.06,12.36,0,1,3
827,1205741204,5,14,14,12,12,2045,0.29469026548672567,0.6176991150442478,0.2768729641693811,0.6047774158523345,588,0.8507653061224492,0.6190476190476191,7.020408163265306,0.3835034013605442,3131,0.45279912184412735,0.07903402854006586,0.46387832699619774,0.09049429657794676,6552,0.6441417378917387,0.23962148962148963,5.489774114774114,0.369848901098901,3266,0.6706629055007052,0.0380818053596615,0.7281553398058253,0.009708737864077669,4713,0.6823148737534482,0.7222575854020794,5.310842350944197,0.3666100855788952,13.6,13.56,13.08,12.38,0,2,2
828,1205741205,5,14,16,12,13,2048,0.2950530035335689,0.6174911660777385,0.2765726681127983,0.6052060737527115,589,0.8510186757215622,0.6196943972835314,7.020373514431239,0.383276740237691,3136,0.4526027397260274,0.0789041095890411,0.4639331814730448,0.09035687167805619,6559,0.6442928291914425,0.23967068150632717,5.489251410275957,0.36983534075316354,3272,0.6708949964763918,0.03805496828752643,0.7283485745024206,0.009682625067240451,4716,0.6824109414758273,0.7222222222222222,5.310856658184902,0.36664192818772967,13.58,13.62,13.04,12.38,-2,2,1
829,1205741206,5,14,15,16,13,2049,0.29567519858781993,0.616946160635481,0.2765726681127983,0.6052060737527115,589,0.8510186757215622,0.6196943972835314,7.020373514431239,0.383276740237691,3139,0.45320197044334976,0.07881773399014778,0.4635811836115326,0.09028831562974203,6568,0.6437398497766958,0.23964677222898903,5.489037758830694,0.37001370280146156,3280,0.6699438202247191,0.037921348314606744,0.7287862513426423,0.00966702470461869,4719,0.6825068870523419,0.7223988133079042,5.310870947234584,0.36667373031009387,13.66,13.68,13.1,12.4,-1,-2,1
830,1205741207,5,13,12,14,14,2052,0.29577464788732394,0.6170774647887324,0.2765726681127983,0.6052060737527115,589,0.8510186757215622,0.6196943972835314,7.020373514431239,0.383276740237691,3144,0.4535010940919037,0.0787746170678337,0.4629349470499244,0.0907715582450832,6577,0.6436698596117791,0.23977497339212406,5.4886726471035425,0.36996350919872273,3283,0.6701754385964912,0.037894736842105266,0.7285407725321889,0.009656652360515022,4725,0.6821340388007058,0.7219047619047619,5.310687830687831,0.36668430335096996,13.68,13.66,13.12,12.42,1,-1,-1
831,1205741208,5,14,13,13,11,2054,0.2963940193491645,0.6165347405452947,0.27735644637053086,0.6045503791982665,590,0.8495762711864409,0.6203389830508474,7.020338983050848,0.38305084745762713,3148,0.4533042053522665,0.07864554888039323,0.4633408919123205,0.09070294784580499,6585,0.6438749683624406,0.23963553530751708,5.488382687927107,0.36996962794229304,3287,0.6706377014716188,0.0378416257883672,0.7288317256162915,0.00964630225080386,4730,0.6820472163495422,0.7221987315010571,5.310570824524313,0.366613812544045,13.72,13.68,13.12,12.34,1,1,3
832,1205741209,5,14,14,12,12,2055,0.2961335676625659,0.616871704745167,0.27735644637053086,0.6045503791982665,591,0.8481387478849409,0.6209813874788495,7.020304568527918,0.38282571912013535,3155,0.4537037037037037,0.0784313725490196,0.4633962264150943,0.09056603773584905,6592,0.64402558656958,0.23968446601941748,5.488167475728155,0.3699560072815533,3289,0.6706377014716188,0.0378416257883672,0.7291220556745182,0.009635974304068522,4735,0.6821013727560721,0.7222808870116156,5.310454065469905,0.3665962689193945,13.74,13.68,13.1,12.32,0,2,2
833,1205741210,5,14,12,12,14,2056,0.2961335676625659,0.616871704745167,0.27813852813852813,0.6038961038961039,591,0.8481387478849409,0.6209813874788495,7.020304568527918,0.38282571912013535,3157,0.45400108873162764,0.0783886771910724,0.46304675716440424,0.09049773755656108,6601,0.6437282229965163,0.23981214967429176,5.488107862445084,0.37013331313437353,3293,0.6706293706293707,0.03776223776223776,0.729266987693954,0.009630818619582664,4742,0.6818325601012234,0.7222690847743568,5.3104175453395195,0.3665823140728243,13.76,13.66,13.08,12.36,2,2,0
834,1205741211,5,13,13,14,12,2060,0.2967515364354697,0.6163301141352063,0.2772384034519957,0.6051779935275081,591,0.8481387478849409,0.6209813874788495,7.020304568527918,0.38282571912013535,3157,0.45400108873162764,0.0783886771910724,0.46304675716440424,0.09049773755656108,6613,0.6436942386208989,0.23967941932557085,5.488129442008166,0.37021775291093295,3296,0.6708595387840671,0.03773584905660377,0.7295563869588455,0.009620523784072688,4748,0.6816729851165406,0.7221988205560236,5.310235888795282,0.36669825891603475,13.7,13.64,13.08,12.32,0,-1,1
835,1205741212,5,12,12,15,13,2062,0.2964912280701754,0.6166666666666667,0.2769396551724138,0.6056034482758621,592,0.8483952702702705,0.6199324324324325,7.02027027027027,0.38260135135135137,3162,0.4540511147362697,0.07884719956498097,0.4620015048908954,0.09104589917231001,6619,0.6438661429218923,0.23961323462758724,5.488291282671098,0.37022208792869005,3300,0.6708595387840671,0.03773584905660377,0.7296,0.0096,4757,0.681959918716278,0.7220937565692663,5.309648938406559,0.3666876883189685,13.68,13.56,13.08,12.36,0,-3,-1
836,1205741213,5,13,12,12,11,2065,0.2968476357267951,0.6164623467600701,0.2766415500538213,0.6060279870828849,592,0.8483952702702705,0.6199324324324325,7.02027027027027,0.38260135135135137,3166,0.453804347826087,0.07880434782608696,0.4617117117117117,0.09084084084084085,6626,0.6440159975852708,0.23936009658919408,5.4886809538182915,0.37020827044974336,3305,0.6710893854748603,0.03770949720670391,0.729643427354976,0.009579563597658328,4764,0.6818674783095442,0.7216624685138538,5.309823677581864,0.3668310943184998,13.64,13.5,13.02,12.4,1,1,2
837,1205741214,5,15,13,13,13,2066,0.2974628171478565,0.615923009623797,0.2766415500538213,0.6060279870828849,592,0.8483952702702705,0.6199324324324325,7.02027027027027,0.38260135135135137,3169,0.453804347826087,0.07880434782608696,0.46217228464419474,0.09063670411985018,6636,0.6439496684749856,0.23945147679324894,5.489150090415913,0.3701024713682941,3312,0.6717770034843206,0.037630662020905925,0.7296866702071163,0.009559214020180564,4767,0.6818229494440952,0.7216278581917348,5.3096286972938955,0.36696734494091315,13.64,13.52,13.08,12.44,2,2,2
838,1205741215,5,13,16,15,13,2069,0.29694323144104806,0.616593886462882,0.2763440860215054,0.6064516129032258,593,0.8486509274873526,0.6188870151770658,7.020236087689713,0.3827993254637437,3174,0.4546934346174715,0.07867607162235486,0.46148092744951386,0.09050112191473449,6643,0.6437227156405245,0.23950022580159566,5.489086256209544,0.3701264488935721,3317,0.672461752433936,0.037552155771905425,0.729973474801061,0.009549071618037135,4772,0.6817372170997489,0.721709974853311,5.30951383067896,0.3670019558535903,13.58,13.62,13.14,12.5,-3,-2,0
839,1205741216,5,15,13,14,11,2072,0.29694323144104806,0.616593886462882,0.2754555198285102,0.6077170418006431,594,0.848905723905724,0.6178451178451179,7.02020202020202,0.38257575757575757,3176,0.4544468546637744,0.07863340563991324,0.4618834080717489,0.09043348281016443,6652,0.6439040889957914,0.23917618761274806,5.488875526157547,0.37013930647424326,3322,0.6729166666666667,0.0375,0.7304025423728814,0.009533898305084746,4776,0.6820037688442215,0.7219430485762144,5.309254606365159,0.36699120603015073,13.54,13.54,13.12,12.46,2,1,4
840,1205741217,5,15,13,12,12,2073,0.29668411867364747,0.6169284467713787,0.2754555198285102,0.6077170418006431,595,0.8491596638655464,0.6168067226890757,7.020168067226891,0.38277310924369745,3183,0.45454545454545453,0.07846320346320346,0.46234153616703955,0.09023117076808351,6659,0.6437528157380995,0.23922510887520648,5.488812133954047,0.3700881013165139,3326,0.6731436502428869,0.03747397640527411,0.7303014278159704,0.009518773135906928,4782,0.6819845253032208,0.7220828105395232,5.308866583019657,0.3669489753241321,13.62,13.56,13.08,12.46,2,3,3
841,1205741218,5,12,15,11,11,2075,0.2961672473867596,0.617595818815331,0.2754555198285102,0.6077170418006431,595,0.8491596638655464,0.6168067226890757,7.020168067226891,0.38277310924369745,3187,0.4535637149028078,0.07937365010799136,0.46234153616703955,0.09023117076808351,6668,0.6438837232553495,0.2396520695860828,5.48875224955009,0.370113477304539,3331,0.6731301939058172,0.037396121883656507,0.7300581088219757,0.009508716323296355,4788,0.6822786131996662,0.7224310776942355,5.3086883876357565,0.36685463659147866,13.58,13.58,13.04,12.42,-3,1,1
842,1205741219,5,14,15,14,13,2076,0.2959094865100087,0.61792863359443,0.2754555198285102,0.6077170418006431,596,0.8494127516778526,0.6157718120805369,7.02013422818792,0.3825503355704698,3190,0.4533189422558014,0.07933081489476525,0.462397617274758,0.09009679821295608,6678,0.6440925426774489,0.23959269242288112,5.488469601677149,0.3702331037236697,3337,0.673356401384083,0.03737024221453287,0.7297154899894626,0.009483667017913594,4792,0.6825438230383977,0.7220367278797997,5.308430717863105,0.36691360601001666,13.6,13.62,13.08,12.44,-1,0,1
843,1205741220,5,14,13,14,12,2077,0.2959094865100087,0.61792863359443,0.2762312633832976,0.607066381156317,597,0.8496649916247908,0.6147403685092128,7.0201005025125625,0.38274706867671693,3194,0.45390835579514827,0.07924528301886792,0.4617100371747212,0.08996282527881042,6687,0.6440481531329451,0.23971885748467175,5.487812172872738,0.37018344050645524,3344,0.673567977915804,0.037267080745341616,0.7301420305102577,0.009468700683850605,4795,0.6825338894681964,0.7220020855057352,5.30844629822732,0.3669447340980187,13.64,13.64,13.08,12.42,1,0,2
844,1205741221,5,13,12,13,11,2077,0.2959094865100087,0.61792863359443,0.2762312633832976,0.607066381156317,597,0.8496649916247908,0.6147403685092128,7.0201005025125625,0.38274706867671693,3195,0.45390835579514827,0.07924528301886792,0.46136701337295694,0.09063893016344725,6696,0.644078554360813,0.23939665471923535,5.487455197132617,0.37009657506969323,3351,0.6744666207845836,0.03716448726772195,0.7300420168067226,0.009453781512605041,4799,0.6826943113148577,0.722025421962909,5.3081892060846005,0.36689935403208995,13.62,13.58,13.08,12.4,1,0,2
845,1205741222,5,14,12,11,13,2078,0.2965217391304348,0.6173913043478261,0.2762312633832976,0.607066381156317,598,0.8499163879598665,0.6137123745819398,7.0200668896321075,0.38252508361204013,3199,0.453713670613563,0.07911733046286329,0.4617668893838159,0.09057164068299926,6706,0.6441619445272896,0.2391887861616463,5.487473903966597,0.37009146038373586,3357,0.6749140893470791,0.03711340206185567,0.730083857442348,0.009433962264150943,4802,0.6824760516451482,0.7221990837151187,5.307996668054977,0.36693044564764676,13.6,13.56,13.06,12.42,2,3,1
846,1205741223,5,12,13,13,10,2078,0.2965217391304348,0.6173913043478261,0.2762312633832976,0.607066381156317,598,0.8499163879598665,0.6137123745819398,7.0200668896321075,0.38252508361204013,3202,0.4543010752688172,0.07903225806451612,0.46142433234421365,0.09050445103857567,6712,0.6440330750893927,0.2392729439809297,5.487485101311084,0.37009584823202213,3359,0.6751373626373627,0.03708791208791209,0.7302252488213724,0.009429020429544265,4811,0.6824464768239455,0.7225109124922053,5.308251922677198,0.3668675950945749,13.62,13.58,13.06,12.4,-1,-1,2
847,1205741224,5,14,14,13,10,2084,0.29636048526863085,0.6178509532062392,0.2767094017094017,0.6068376068376068,598,0.8499163879598665,0.6137123745819398,7.0200668896321075,0.38252508361204013,3204,0.453813104189044,0.079484425349087,0.46142433234421365,0.09050445103857567,6718,0.6441029076113928,0.23950580529919618,5.487198571003275,0.3701374416989182,3366,0.6744345442083619,0.037011651816312545,0.7302665969681129,0.009409304756926294,4815,0.6823987538940813,0.722533748701973,5.308203530633437,0.36687435098650045,13.6,13.54,13.04,12.3,0,1,4
848,1205741225,5,13,13,13,13,2089,0.29620034542314333,0.6183074265975821,0.27641408751334046,0.6061899679829242,598,0.8499163879598665,0.6137123745819398,7.0200668896321075,0.38252508361204013,3209,0.4533762057877814,0.07984994640943194,0.46108228317272054,0.0904373610081542,6722,0.644165922840425,0.2395120499851235,5.487206188634335,0.3701031439055835,3369,0.6741957563312799,0.03696098562628337,0.7304075235109718,0.009404388714733543,4822,0.682756117793447,0.7225217751970137,5.3077561177934465,0.36686022397345497,13.58,13.5,13.02,12.3,0,0,0
849,1205741226,5,13,16,13,12,2091,0.29680759275237273,0.6177739430543572,0.2771855010660981,0.605543710021322,599,0.849332220367279,0.6143572621035058,7.020033388981636,0.3827212020033389,3211,0.45313336904124263,0.07980717728976969,0.4614814814814815,0.09037037037037036,6732,0.6443974054268177,0.2393048128342246,5.487967914438503,0.3700361457714398,3371,0.673734610123119,0.036935704514363885,0.7305483028720626,0.009399477806788513,4830,0.6823844030365773,0.7227743271221532,5.3080745341614906,0.36702898550724633,13.56,13.54,13.04,12.3,-3,0,1
850,1205741227,5,13,15,13,12,2094,0.296551724137931,0.618103448275862,0.2765957446808511,0.6063829787234043,600,0.8495833333333335,0.615,7.02,0.3825,3213,0.45264847512038525,0.07972177635098983,0.4614814814814815,0.09037037037037036,6742,0.6438865816276085,0.2395431622663898,5.487540789083358,0.3700682290121624,3379,0.6734972677595629,0.036885245901639344,0.7308693388859969,0.009370119729307652,4833,0.682374646527347,0.7225325884543762,5.308297123939582,0.36705979722739496,13.54,13.56,13.04,12.26,-2,0,1
851,1205741228,5,10,14,9,12,2101,0.2972508591065292,0.6176975945017182,0.2767762460233298,0.6065747613997879,600,0.8495833333333335,0.615,7.02,0.3825,3215,0.45269909139497594,0.07963655799037947,0.4614814814814815,0.09037037037037036,6749,0.6438855139032948,0.23959105052600385,5.48747962661135,0.37001778041191274,3383,0.6734972677595629,0.036885245901639344,0.7303896103896104,0.00935064935064935,4842,0.6818635550048192,0.7220156959933912,5.308756712102437,0.3672036348616274,13.48,13.56,12.96,12.26,-4,1,-2
852,1205741229,5,13,12,13,12,2104,0.2967409948542024,0.6183533447684391,0.2764830508474576,0.6069915254237288,601,0.8498336106489187,0.6139767054908486,7.019966722129784,0.38227953410981697,3220,0.45250800426894344,0.07950907150480256,0.46227810650887574,0.09023668639053255,6757,0.6437891569236845,0.23989936362290956,5.487198460855409,0.3700236791475506,3387,0.6734972677595629,0.036885245901639344,0.7309486780715396,0.00933125972006221,4847,0.6821917337184515,0.7218898287600578,5.309057148751806,0.3671343098824014,13.46,13.54,12.98,12.26,1,0,1
853,1205741230,5,15,12,14,12,2105,0.29648671808054844,0.6186803770351328,0.2764830508474576,0.6069915254237288,602,0.8484219269102992,0.6146179401993356,7.019933554817276,0.38205980066445183,3223,0.45250800426894344,0.07950907150480256,0.4619926199261993,0.09003690036900369,6762,0.6437567780735488,0.24001774622892635,5.487577639751553,0.37000887311446307,3392,0.6739427012278308,0.036834924965893585,0.7313664596273292,0.009316770186335404,4855,0.6824064538276694,0.721936148300721,5.309989701338826,0.3671472708547888,13.48,13.54,12.94,12.24,3,1,3
854,1205741231,5,12,12,15,12,2110,0.29803586678052946,0.6174210076857387,0.27724867724867724,0.6063492063492063,602,0.8484219269102992,0.6146179401993356,7.019933554817276,0.38205980066445183,3226,0.4525586353944563,0.07995735607675906,0.4616519174041298,0.08997050147492626,6767,0.6438722230432004,0.23984040195064282,5.48736515442589,0.3699940889611348,3399,0.6741496598639456,0.036734693877551024,0.7307493540051679,0.009302325581395349,4861,0.6823527394911887,0.7220736473976548,5.3098127957210455,0.3672598230816704,13.44,13.5,12.98,12.26,0,-3,0
855,1205741232,5,14,12,14,13,2112,0.29752770673486784,0.6172208013640239,0.27724867724867724,0.6063492063492063,603,0.8486733001658376,0.6135986733001658,7.019900497512438,0.3826699834162521,3228,0.45231752797016517,0.07991475759190197,0.46204863669859986,0.0899042004421518,6778,0.64413052031081,0.23989377397462378,5.4873118914133965,0.3699100029507228,3403,0.6743711760707002,0.036709721278042146,0.7301341589267286,0.009287925696594427,4865,0.6822028091812268,0.7218910585817061,5.309763617677286,0.36716341212744086,13.5,13.5,13.0,12.26,2,0,1
856,1205741233,5,12,15,12,13,2116,0.2970212765957447,0.617872340425532,0.27666314677930304,0.6061246040126715,604,0.8489238410596028,0.6142384105960265,7.0198675496688745,0.382864238410596,3232,0.4526595744680851,0.0797872340425532,0.46170839469808544,0.0898379970544919,6783,0.6443928448572416,0.24001179419136076,5.487247530591183,0.3698584697036708,3406,0.6734555329260014,0.03665987780040733,0.7302733367715317,0.009283135636926251,4874,0.6823792914785942,0.7215839146491588,5.309807139926138,0.36725482150184646,13.46,13.54,12.96,12.28,-3,0,-1
857,1205741234,5,17,16,14,10,2119,0.2970212765957447,0.617872340425532,0.2768421052631579,0.6063157894736843,605,0.847520661157025,0.6148760330578512,7.019834710743802,0.38264462809917354,3232,0.4526595744680851,0.0797872340425532,0.46170839469808544,0.0898379970544919,6790,0.6443912616593034,0.24005891016200295,5.487187039764359,0.3699189985272458,3408,0.6736770691994572,0.036635006784260515,0.7304123711340206,0.009278350515463918,4882,0.6822852656015298,0.7216304793117575,5.309299467431381,0.36731872183531333,13.58,13.58,12.98,12.22,1,3,7
858,1205741235,5,14,13,14,13,2123,0.2965165675446049,0.6185216652506372,0.2773109243697479,0.6060924369747899,606,0.847772277227723,0.6138613861386139,7.01980198019802,0.38283828382838286,3234,0.4529505582137161,0.07974481658692185,0.4613686534216336,0.08977189109639441,6800,0.6443259803921573,0.2401470588235294,5.487058823529412,0.36984068627450967,3413,0.674119241192412,0.036585365853658534,0.7308286155429747,0.009264024704065878,4887,0.6820987654320991,0.7215060364231635,5.308983016165336,0.367403314917127,13.56,13.58,13.0,12.22,1,0,1
859,1205741236,5,15,12,12,12,2124,0.2965165675446049,0.6185216652506372,0.2770199370409234,0.6065057712486883,607,0.8480230642504121,0.6144975288303131,7.019769357495881,0.3830313014827018,3241,0.4525198938992042,0.07957559681697612,0.461086637298091,0.08957415565345081,6805,0.6443179035023272,0.24011756061719325,5.487141807494489,0.36997305902522637,3418,0.6736486486486486,0.03648648648648649,0.7309670781893004,0.009259259259259259,4893,0.6821139042169089,0.721438790108318,5.309217249131412,0.3675148170856325,13.58,13.5,12.98,12.24,3,3,3
860,1205741237,5,14,14,15,13,2126,0.2968617472434266,0.6183206106870229,0.2770199370409234,0.6065057712486883,607,0.8480230642504121,0.6144975288303131,7.019769357495881,0.3830313014827018,3244,0.45227995758218453,0.07953340402969247,0.46114369501466274,0.09017595307917889,6813,0.6440750525955287,0.24012916483193894,5.48701012769705,0.37001565634326516,3419,0.673869007427414,0.03646185010128292,0.7309670781893004,0.009259259259259259,4901,0.6819866693872002,0.7218934911242604,5.309120587635176,0.36747602530095896,13.64,13.54,13.04,12.26,0,-1,1
861,1205741238,5,16,12,12,12,2129,0.2972057578323455,0.6181202370872142,0.27672955974842767,0.6058700209643606,607,0.8480230642504121,0.6144975288303131,7.019769357495881,0.3830313014827018,3247,0.45227995758218453,0.07953340402969247,0.4615947329919532,0.08997805413313825,6822,0.6435918108081702,0.24010554089709762,5.486953972442099,0.3700772012117657,3421,0.673869007427414,0.03646185010128292,0.7312435765673175,0.009249743062692703,4906,0.6820050278570461,0.7219730941704036,5.309213208316347,0.36745821443130855,13.7,13.52,13.02,12.28,4,4,4
862,1205741239,5,12,13,12,11,2131,0.2969543147208122,0.6175972927241963,0.2774869109947644,0.6052356020942409,609,0.8468801313628902,0.6141215106732348,7.019704433497537,0.3830049261083744,3248,0.45227995758218453,0.07953340402969247,0.4612573099415205,0.08991228070175439,6831,0.6436954081881623,0.24022837066315328,5.487044356609574,0.3701751817693845,3425,0.6736345246122725,0.03641267700606878,0.731006160164271,0.009240246406570842,4912,0.6819184310532034,0.7223127035830619,5.308835504885994,0.3674674267100977,13.68,13.52,13.0,12.28,-1,0,1
863,1205741240,5,13,16,14,12,2133,0.2967032967032967,0.6179205409974641,0.27824267782426776,0.604602510460251,611,0.8465630114566287,0.613747954173486,7.0212765957446805,0.3829787234042553,3252,0.4528601694915254,0.07944915254237288,0.46131386861313867,0.08978102189781022,6839,0.6436735390164259,0.24038602134815032,5.487644392455037,0.3701442706048641,3428,0.6727272727272727,0.03636363636363636,0.7306310928681375,0.009235505387378143,4916,0.6821772443721186,0.7223352318958502,5.309194467046379,0.36742270138323835,13.66,13.54,13.0,12.24,-3,-1,1
864,1205741241,5,13,12,12,12,2137,0.2965459140690817,0.6175231676495366,0.27824267782426776,0.604602510460251,611,0.8465630114566287,0.613747954173486,7.0212765957446805,0.3829787234042553,3257,0.4526204340921122,0.07940709370037057,0.4606986899563319,0.09024745269286755,6845,0.6436693450206968,0.24046749452154859,5.48736303871439,0.3702215729242755,3434,0.6727150537634409,0.036290322580645164,0.7305327868852459,0.009221311475409836,4922,0.6819213057022894,0.7222673709874035,5.3090207232832185,0.3674319382364892,13.64,13.52,13.0,12.24,1,1,1
865,1205741242,5,11,15,13,14,2140,0.2962962962962963,0.6178451178451179,0.2776617954070981,0.6043841336116911,612,0.8468137254901963,0.6127450980392157,7.021241830065359,0.38357843137254904,3258,0.45291005291005293,0.07936507936507936,0.4606986899563319,0.09024745269286755,6854,0.643699542846027,0.24058943682521156,5.487160782025095,0.3702096099601205,3440,0.6715817694369973,0.036193029490616625,0.7308085977482088,0.009211873080859774,4928,0.6821056547619051,0.7224025974025974,5.309862012987013,0.36728896103896097,13.56,13.52,13.04,12.28,-4,-2,-3
866,1205741243,5,11,12,10,11,2141,0.2962962962962963,0.6178451178451179,0.278415015641293,0.6037539103232534,613,0.8470636215334423,0.6133768352365416,7.02120717781403,0.383768352365416,3262,0.4527205493924987,0.07923930269413629,0.4610909090909091,0.09018181818181818,6860,0.6437925170068032,0.24037900874635568,5.487026239067055,0.3701409135082603,3448,0.6700066800267201,0.03740814963259853,0.7307102708226878,0.009197751660705161,4932,0.6819579616112467,0.7224249797242498,5.310421735604217,0.3672107326304406,13.5,13.46,12.94,12.26,-1,1,0
867,1205741244,5,12,12,12,13,2145,0.2953020134228188,0.6191275167785235,0.278415015641293,0.6037539103232534,614,0.8473127035830621,0.6140065146579805,7.021172638436482,0.38355048859934854,3266,0.4525316455696203,0.07911392405063292,0.46075581395348836,0.09084302325581395,6867,0.6436459395174996,0.2401339740789282,5.486966652104266,0.3701276637056452,3451,0.6702269692923899,0.037383177570093455,0.7309851965288412,0.009188361408882083,4939,0.6821050145103601,0.7224134440170075,5.309981777687791,0.367095228453803,13.48,13.46,12.96,12.26,0,0,-1
868,1205741245,5,13,14,13,14,2146,0.2950544844928751,0.6194467728415759,0.278415015641293,0.6037539103232534,614,0.8473127035830621,0.6140065146579805,7.021172638436482,0.38355048859934854,3268,0.4525316455696203,0.07911392405063292,0.46081277213352684,0.09071117561683599,6875,0.6436242424242429,0.24043636363636364,5.487127272727273,0.36998787878787864,3454,0.6706666666666666,0.037333333333333336,0.7306122448979592,0.009183673469387756,4947,0.6818779058014962,0.7224580553871033,5.31028906407924,0.36705747591132665,13.5,13.46,12.94,12.28,-1,0,-1
869,1205741246,5,15,15,13,13,2147,0.2948073701842546,0.6197654941373534,0.278415015641293,0.6037539103232534,615,0.8475609756097563,0.6146341463414634,7.021138211382114,0.38333333333333336,3272,0.4518167456556082,0.0795155344918378,0.4612037708484409,0.09064539521392313,6882,0.64355080887339,0.24033711130485325,5.486922406277245,0.3699384868739706,3457,0.6706666666666666,0.037333333333333336,0.7305145185939887,0.009169638308711156,4954,0.6815199838514335,0.72264836495761,5.310456197012515,0.3670434665590095,13.52,13.46,12.92,12.28,0,2,2
870,1205741247,5,14,15,11,12,2150,0.29431438127090304,0.6204013377926422,0.278125,0.6041666666666666,616,0.8472673160173161,0.6152597402597403,7.021103896103896,0.38392857142857145,3275,0.4518674381904261,0.07943187795896896,0.4608695652173913,0.09057971014492754,6891,0.6433633241426019,0.24045856914816427,5.486721811057902,0.36992695786775004,3464,0.6708860759493671,0.037308461025982675,0.7308278313864907,0.009141696292534281,4957,0.6812756371461237,0.7224127496469639,5.310671777284648,0.36722479994620394,13.54,13.48,12.92,12.24,-1,3,2
871,1205741248,5,14,13,14,12,2153,0.29490392648287383,0.6198830409356725,0.27754677754677753,0.604989604989605,617,0.8475148568341438,0.6142625607779578,7.021069692058346,0.38371150729335496,3281,0.45168067226890757,0.07930672268907563,0.46059291395516994,0.0911062906724512,6898,0.6435802648110568,0.24050449405624819,5.486807770368222,0.369877742340775,3466,0.6708860759493671,0.037308461025982675,0.7311009639776763,0.0091324200913242,4963,0.6813587212035735,0.7223453556316743,5.310497682853113,0.3671838269863657,13.52,13.5,12.92,12.22,1,0,2
872,1205741249,5,14,15,14,13,2156,0.29549248747913187,0.6193656093489148,0.2769709543568465,0.6058091286307054,617,0.8475148568341438,0.6142625607779578,7.021069692058346,0.38371150729335496,3282,0.4519685039370079,0.07926509186351706,0.46059291395516994,0.0911062906724512,6906,0.6433898059658272,0.24051549377353026,5.486388647552853,0.3700646780577274,3475,0.6713147410358565,0.03718459495351926,0.730632911392405,0.009113924050632912,4966,0.6811484763055448,0.7225130890052356,5.310511478050745,0.3671633776345818,13.52,13.52,12.96,12.22,-1,0,1
873,1205741250,5,12,13,13,12,2157,0.29524603836530444,0.6196830692243537,0.2769709543568465,0.6058091286307054,618,0.8477615965480044,0.6132686084142395,7.0210355987055015,0.38470873786407767,3282,0.4519685039370079,0.07926509186351706,0.46059291395516994,0.0911062906724512,6918,0.6431892647200543,0.2406764960971379,5.486556808326106,0.3700852847643826,3480,0.6717506631299734,0.03713527851458886,0.7305358948432761,0.00910010111223458,4973,0.6809605201421011,0.7225015081439775,5.310476573496883,0.36719954420537565,13.5,13.54,12.94,12.2,-1,-1,0
874,1205741251,5,13,13,13,13,2159,0.29558701082431305,0.6186511240632806,0.2769709543568465,0.6058091286307054,618,0.8477615965480044,0.6132686084142395,7.0210355987055015,0.38470873786407767,3288,0.45154531168150863,0.07962283918281823,0.459927797833935,0.09169675090252707,6929,0.643539231250301,0.240871698657815,5.486505989320248,0.3701832876316928,3485,0.671523178807947,0.03708609271523179,0.7299343765774862,0.009086320040383645,4975,0.681088777219431,0.7226130653266332,5.31035175879397,0.3671524288107202,13.46,13.5,12.96,12.2,0,0,0
875,1205741252,5,13,14,12,13,2164,0.29485049833887045,0.6187707641196013,0.27639751552795033,0.6055900621118012,619,0.8480075390414649,0.6138933764135702,7.021001615508886,0.38449111470113084,3288,0.45154531168150863,0.07962283918281823,0.459927797833935,0.09169675090252707,6939,0.6436926550415529,0.24066868424845078,5.486093096988038,0.3701542008935004,3490,0.671740569159497,0.037061548643282594,0.7294710327455919,0.00906801007556675,4978,0.6806783179322355,0.7225793491361993,5.310164724789072,0.367182268648721,13.42,13.52,12.94,12.22,-1,1,0
876,1205741253,5,13,14,13,13,2165,0.2946058091286307,0.6190871369294606,0.27639751552795033,0.6055900621118012,620,0.8482526881720431,0.614516129032258,7.0209677419354835,0.38467741935483873,3289,0.4513089005235602,0.07958115183246073,0.459927797833935,0.09169675090252707,6950,0.6432494004796167,0.24086330935251798,5.486187050359712,0.37021582733812936,3493,0.6708526107072043,0.037012557832121616,0.729103726082578,0.009566968781470292,4984,0.6807617710005355,0.7223113964686998,5.309991974317817,0.36719168004280356,13.4,13.52,12.94,12.26,-1,0,0
877,1205741254,5,9,9,14,11,2166,0.29519071310116085,0.6185737976782753,0.27639751552795033,0.6055900621118012,621,0.8476918947933442,0.6135265700483091,7.020933977455717,0.38486312399355876,3292,0.4513598326359833,0.0794979079497908,0.4603174603174603,0.09163059163059163,6956,0.6431258386045624,0.24108683151236343,5.487492811960897,0.37014807360552027,3494,0.6708526107072043,0.037012557832121616,0.7292400603925516,0.009562154001006542,4991,0.6807086088292263,0.7223001402524544,5.311560809457022,0.367077405997462,13.3,13.42,12.98,12.24,0,-5,-2
878,1205741255,5,15,15,11,15,2171,0.29577464788732394,0.6180613090306545,0.27628865979381445,0.6061855670103092,622,0.8479367631296892,0.6141479099678456,7.020900321543408,0.3846463022508039,3294,0.4513598326359833,0.0794979079497908,0.4610951008645533,0.0914985590778098,6962,0.6431461265919758,0.24116633151393277,5.487503590922149,0.37011634587762127,3497,0.6704095112285336,0.036988110964332896,0.7295123177476118,0.009552538964303671,4998,0.680555555555556,0.7216886754701881,5.311124449779912,0.3671635320794984,13.32,13.4,12.96,12.28,0,4,0
879,1205741256,5,16,15,13,12,2175,0.2969396195202647,0.6170388751033913,0.2757201646090535,0.6059670781893004,622,0.8479367631296892,0.6141479099678456,7.020900321543408,0.3846463022508039,3296,0.4511238891792995,0.07945635128071092,0.4607631389488841,0.09143268538516919,6967,0.6431151619539739,0.2409932539112961,5.487440792306588,0.3701019089995693,3500,0.670844327176781,0.036939313984168866,0.7296482412060301,0.009547738693467337,5005,0.680602730602731,0.7214785214785214,5.311488511488512,0.3671495171495171,13.36,13.4,12.9,12.26,1,3,4
880,1205741257,5,13,13,13,12,2176,0.29669421487603304,0.6173553719008265,0.2757201646090535,0.6059670781893004,623,0.8481808453718568,0.6131621187800963,7.020866773675762,0.3848314606741573,3299,0.4511749347258486,0.0793733681462141,0.4611510791366906,0.09136690647482014,6973,0.6430159185429516,0.241216119317367,5.487738419618529,0.37029733734882153,3504,0.6706192358366272,0.03689064558629776,0.7294176706827309,0.009538152610441768,5014,0.6806774365111027,0.7215795771838851,5.312524930195453,0.36712205823693655,13.36,13.42,12.88,12.22,0,0,1
881,1205741258,5,13,14,13,13,2180,0.2967848309975268,0.6174773289365211,0.27543679342240496,0.6063720452209661,623,0.8481808453718568,0.6131621187800963,7.020866773675762,0.3848314606741573,3303,0.4507042253521127,0.0792905581637976,0.46120689655172414,0.09123563218390805,6978,0.642770134709086,0.2411865864144454,5.487818859271997,0.3703544473105951,3506,0.6708360763660303,0.03686635944700461,0.7295534370296036,0.009533366783743101,5023,0.6811500431349131,0.7212821023292852,5.312363129603822,0.3669619749153892,13.34,13.44,12.88,12.26,-1,0,0
882,1205741259,5,14,14,15,15,2181,0.29654036243822074,0.6177924217462932,0.27543679342240496,0.6063720452209661,623,0.8481808453718568,0.6131621187800963,7.020866773675762,0.3848314606741573,3305,0.45099061522419187,0.07924921793534932,0.46087580760947594,0.09117013639626705,6987,0.6427293545155291,0.24101903535136682,5.488049234292257,0.3704141023806115,3509,0.6712689020381328,0.036817882971729124,0.7296890672016049,0.009528585757271816,5030,0.6809642147117301,0.7214711729622266,5.312127236580517,0.3669980119284294,13.34,13.44,12.94,12.32,0,-1,-1
883,1205741260,5,14,12,13,12,2186,0.29614438063986875,0.6177194421657096,0.27543679342240496,0.6063720452209661,623,0.8481808453718568,0.6131621187800963,7.020866773675762,0.3848314606741573,3311,0.4513780551222049,0.07956318252730109,0.460545193687231,0.09110473457675754,6994,0.6429439519588221,0.24149270803545897,5.487989705461825,0.3703293299018205,3513,0.671484888304862,0.03679369250985545,0.730095142714071,0.009514271407110666,5035,0.6809169149288319,0.7213505461767626,5.31201588877855,0.36708043694141007,13.34,13.44,12.96,12.28,2,1,2
884,1205741261,5,13,13,10,11,2192,0.2949346405228758,0.6184640522875817,0.2751540041067762,0.6057494866529775,623,0.8481808453718568,0.6131621187800963,7.020866773675762,0.3848314606741573,3311,0.4513780551222049,0.07956318252730109,0.460545193687231,0.09110473457675754,7000,0.6431071428571431,0.24142857142857144,5.4877142857142855,0.37033333333333324,3515,0.671484888304862,0.03679369250985545,0.7303651825912957,0.009504752376188095,5043,0.6806629651662374,0.7215942891136229,5.311719214753123,0.36704342653182626,13.34,13.44,12.88,12.26,0,3,2
885,1205741262,5,12,14,11,11,2195,0.2946938775510204,0.6187755102040816,0.27561475409836067,0.6055327868852459,625,0.8486666666666668,0.6128,7.0208,0.3848,3314,0.4514285714285714,0.07948051948051948,0.46021505376344085,0.0910394265232975,7010,0.6429029957203997,0.24122681883024252,5.488159771754637,0.370304327151688,3518,0.6717005909389363,0.036769533814839134,0.7306346826586707,0.009495252373813094,5047,0.6805528036457305,0.7218149395680602,5.311670299187636,0.36709926689122246,13.34,13.48,12.8,12.22,-2,1,1
886,1205741263,5,13,14,15,14,2198,0.29502852485737574,0.6185819070904646,0.27533265097236437,0.6059365404298874,626,0.8481096911608095,0.6134185303514377,7.020766773162939,0.38498402555910544,3317,0.45119418483904467,0.07995846313603323,0.4609878310665712,0.09090909090909091,7017,0.6429029499786236,0.24112868747327917,5.488100327775403,0.3702555698066599,3524,0.6705959397511461,0.03732809430255403,0.7309036445332002,0.009485771342985522,5054,0.6807973882073609,0.721606648199446,5.311238622872972,0.36708547685001974,13.34,13.52,12.86,12.28,-1,-2,-1
887,1205741264,5,14,13,12,11,2202,0.2951219512195122,0.6186991869918699,0.27607361963190186,0.6053169734151329,627,0.8483519404572037,0.6124401913875598,7.020733652312599,0.38516746411483255,3322,0.45077720207253885,0.08031088082901554,0.4613733905579399,0.09084406294706723,7022,0.6429673407386313,0.24109940187980633,5.488322415266306,0.3702411468717363,3527,0.6708115183246073,0.037303664921465966,0.7306733167082294,0.009476309226932668,5061,0.6811400908911286,0.7217941118356056,5.3117960877296975,0.36702232760324044,13.32,13.52,12.84,12.24,1,2,3
888,1205741265,5,14,13,13,13,2209,0.29521492295214924,0.6188158961881589,0.27494908350305497,0.6069246435845214,627,0.8483519404572037,0.6124401913875598,7.020733652312599,0.38516746411483255,3323,0.4510616261004661,0.08026929052304506,0.4613733905579399,0.09084406294706723,7032,0.6428351346226776,0.241325369738339,5.488054607508532,0.3703190178232839,3530,0.6708115183246073,0.037303664921465966,0.7305776892430279,0.009462151394422311,5064,0.6813289889415486,0.7217614533965245,5.311611374407583,0.3669530015797788,13.34,13.46,12.8,12.24,1,1,1
889,1205741266,5,13,14,13,12,2210,0.29578606158833065,0.6183144246353323,0.27494908350305497,0.6069246435845214,627,0.8483519404572037,0.6124401913875598,7.020733652312599,0.38516746411483255,3330,0.4513960703205791,0.08014477766287487,0.4600570613409415,0.0920114122681883,7040,0.6426728219696972,0.24133522727272727,5.487926136363637,0.370324337121212,3535,0.6708033964728936,0.037230568256041804,0.7308457711442786,0.00945273631840796,5070,0.6812130177514797,0.7216962524654832,5.311439842209073,0.36706114398422085,13.3,13.48,12.78,12.26,-1,0,1
890,1205741267,5,14,12,13,12,2211,0.2963562753036437,0.6178137651821862,0.27494908350305497,0.6069246435845214,628,0.8485934182590235,0.6130573248407644,7.020700636942675,0.3853503184713376,3334,0.4509297520661157,0.08006198347107438,0.46082621082621084,0.09188034188034189,7047,0.6427439572394875,0.24123740598836385,5.487583368809423,0.3702757674660611,3539,0.6710182767624021,0.03720626631853786,0.7307501241927471,0.009438648782911079,5077,0.6809631672247394,0.7216860350600749,5.311404372661021,0.3670474689777427,13.28,13.46,12.8,12.26,2,1,2
891,1205741268,5,14,13,13,13,2214,0.2964458804523425,0.6179321486268174,0.27494908350305497,0.6069246435845214,629,0.8488341282458931,0.6136724960254372,7.020667726550079,0.38513513513513514,3338,0.45126353790613716,0.07993811242908716,0.4604982206405694,0.09181494661921709,7055,0.6428655799669268,0.24124734231041814,5.487455705173636,0.37024568863690044,3543,0.6712328767123288,0.03718199608610567,0.7311507936507936,0.009424603174603174,5082,0.6812770562770566,0.7215663124754034,5.311097992916174,0.3669815033451397,13.32,13.42,12.84,12.3,1,1,1
892,1205741269,5,15,14,12,12,2214,0.2964458804523425,0.6179321486268174,0.27494908350305497,0.6069246435845214,631,0.8485208663497096,0.6133122028526149,7.020602218700476,0.38589540412044376,3340,0.45131375579598143,0.07985574446161772,0.4604982206405694,0.09181494661921709,7066,0.6427139352769132,0.24115482592697424,5.487687517690349,0.3703061609585809,3544,0.6714471968709257,0.037157757496740544,0.7311507936507936,0.009424603174603174,5089,0.6807984541822235,0.7219493024169777,5.310866574965612,0.3669679701316565,13.34,13.4,12.8,12.28,1,3,3
893,1205741270,5,11,11,12,11,2218,0.29653505237711525,0.6180499597099114,0.27568667344862663,0.6063072227873856,631,0.8485208663497096,0.6133122028526149,7.020602218700476,0.38589540412044376,3348,0.4522096608427544,0.08016443987667009,0.45951704545454547,0.09161931818181818,7074,0.6429059466591276,0.24116482895108848,5.48741871642635,0.37020544717745724,3547,0.6716612377850163,0.03713355048859935,0.7314172447968286,0.009415262636273538,5094,0.6811117654757235,0.7222222222222222,5.310757754220652,0.3669185970422719,13.28,13.36,12.76,12.26,0,-1,0
894,1205741271,5,13,14,14,11,2222,0.29686242960579245,0.6178600160901045,0.27614213197969545,0.6050761421319797,631,0.8485208663497096,0.6133122028526149,7.020602218700476,0.38589540412044376,3351,0.4517453798767967,0.08008213552361396,0.45990063875088716,0.09155429382540808,7080,0.6428790018832394,0.24110169491525424,5.487288135593221,0.37035075329566847,3547,0.6716612377850163,0.03713355048859935,0.7314172447968286,0.009415262636273538,5103,0.6807923443725916,0.7223202038016853,5.310405643738977,0.366859363772944,13.28,13.4,12.78,12.26,-1,-1,2
895,1205741272,5,13,14,15,11,2227,0.2969502407704655,0.6171749598715891,0.2755825734549139,0.6058763931104356,631,0.8485208663497096,0.6133122028526149,7.020602218700476,0.38589540412044376,3354,0.45202668034889687,0.08004104669061057,0.4599574769666903,0.09213323883770376,7086,0.6430167466365605,0.2410386677956534,5.487016652554333,0.3703546899990591,3553,0.6712239583333334,0.037109375,0.731586752347998,0.009391992090954029,5109,0.6806778886931563,0.72264631043257,5.310236836954394,0.36691785737587257,13.26,13.44,12.86,12.22,-1,-2,2
896,1205741273,5,14,13,11,11,2229,0.2980769230769231,0.6161858974358975,0.2755825734549139,0.6058763931104356,632,0.8487605485232069,0.6123417721518988,7.0205696202531644,0.3864715189873418,3358,0.45258841619682216,0.07995899538698104,0.4600141542816702,0.0927105449398443,7093,0.643016589125429,0.24094177357958552,5.48724094177358,0.37051788147939274,3558,0.6714378659726741,0.03708523096942095,0.7316230883078441,0.009373458312777503,5114,0.6805990092556385,0.7225263981228002,5.310129057489245,0.3669502020597053,13.3,13.44,12.82,12.24,1,3,3
897,1205741274,5,14,12,15,12,2230,0.2986389111289031,0.6156925540432346,0.2755825734549139,0.6058763931104356,632,0.8487605485232069,0.6123417721518988,7.0205696202531644,0.3864715189873418,3365,0.45194274028629855,0.08026584867075665,0.4600706713780919,0.09328621908127209,7099,0.6430365779217732,0.24087899704183688,5.4868291308635015,0.3705451472038314,3563,0.6710013003901171,0.0377113133940182,0.7316592811422944,0.009354997538158542,5121,0.6806776020308537,0.722515133762937,5.310486233157587,0.36693679619865904,13.3,13.4,12.86,12.28,2,-1,2
898,1205741275,5,15,15,12,14,2234,0.2984,0.616,0.27575757575757576,0.6050505050505051,633,0.8489994734070565,0.6129541864139021,7.0205371248025275,0.3862559241706161,3370,0.45227156712608474,0.08014293006636039,0.4601270289343684,0.0931545518701482,7104,0.6430062875375377,0.24113175675675674,5.486768018018018,0.3704954954954954,3567,0.6712150747238467,0.037686809616634176,0.7315634218289085,0.009341199606686333,5127,0.680466159547494,0.7222547298615175,5.3105129705480785,0.36704375528249134,13.34,13.44,12.84,12.3,0,3,1
899,1205741276,5,15,12,11,13,2239,0.29768555466879487,0.6161213088587391,0.2772177419354839,0.6038306451612904,634,0.8492376445846479,0.613564668769716,7.020504731861199,0.3860410094637224,3371,0.4520408163265306,0.08010204081632653,0.4601270289343684,0.0931545518701482,7112,0.6431969441319837,0.24128233970753657,5.486361079865017,0.37053571428571414,3574,0.6714193130265717,0.037589112119248216,0.7314678448699067,0.009327442317133039,5130,0.6804580896686163,0.7224171539961014,5.310331384015594,0.36702404158544505,13.38,13.36,12.8,12.32,3,4,2
900,1205741277,5,15,14,14,15,2241,0.2982456140350877,0.6156299840510366,0.2769385699899295,0.6042296072507553,634,0.8492376445846479,0.613564668769716,7.020504731861199,0.3860410094637224,3372,0.4520408163265306,0.08010204081632653,0.4605077574047955,0.0930888575458392,7124,0.6433066629234514,0.24129702414373946,5.486805165637282,0.3705783267827062,3577,0.6716321243523317,0.03756476683937824,0.7317312408043158,0.009318293281020108,5135,0.6802823758519965,0.7222979552093476,5.310223953261928,0.3670561506004543,13.42,13.34,12.82,12.38,1,1,0
901,1205741278,5,14,14,14,13,2242,0.2982456140350877,0.6156299840510366,0.2766599597585513,0.6046277665995976,635,0.849475065616798,0.6125984251968504,7.020472440944882,0.3858267716535433,3379,0.45236882322975036,0.07997962302598065,0.459915611814346,0.09282700421940929,7129,0.6429957450787863,0.2415486042923271,5.486744283910787,0.37073923411418136,3580,0.6714100905562742,0.037516170763260026,0.7318627450980392,0.009313725490196078,5141,0.6800719704337681,0.7222330285936588,5.310639953316476,0.36701679310121244,13.5,13.34,12.92,12.4,0,0,1
902,1205741279,5,9,15,15,13,2247,0.29832935560859186,0.6157517899761337,0.2761044176706827,0.6054216867469879,636,0.8497117400419288,0.6116352201257862,7.020440251572327,0.3856132075471698,3385,0.4524173027989822,0.07989821882951655,0.4600280504908836,0.09256661991584852,7135,0.6430156505489373,0.24148563419761737,5.486895585143658,0.3706727400140153,3582,0.6714100905562742,0.037516170763260026,0.7321253672869735,0.00930460333006856,5150,0.6801456310679616,0.722135922330097,5.312038834951457,0.36695792880258893,13.42,13.4,12.96,12.42,-6,-6,-4
903,1205741280,5,12,13,11,11,2250,0.2978554408260524,0.6155679110405083,0.275827482447342,0.6058174523570712,637,0.8499476713762429,0.6122448979591837,7.020408163265306,0.38540031397174257,3388,0.45246568378240976,0.07981698017285206,0.45970567624386827,0.09250175192711983,7144,0.6428354796565885,0.24146136618141098,5.486422172452408,0.37073068309070534,3589,0.6716224951519069,0.03749191984486102,0.73193359375,0.00927734375,5153,0.6802348146710657,0.7219095672423831,5.312051232291869,0.36693835306294065,13.36,13.42,12.9,12.4,-1,1,1
904,1205741281,5,13,13,14,12,2252,0.29817605075337034,0.6153846153846154,0.275827482447342,0.6058174523570712,637,0.8499476713762429,0.6122448979591837,7.020408163265306,0.38540031397174257,3394,0.45182555780933065,0.07961460446247465,0.45938375350140054,0.09243697478991597,7150,0.6427156177156179,0.24153846153846154,5.486153846153846,0.37080419580419566,3594,0.6714009038089089,0.03744351194318916,0.7318381277425646,0.009263773768893223,5158,0.6802539744086858,0.7221791392012408,5.312136487010469,0.36687346516737745,13.38,13.44,12.88,12.4,0,-1,1
905,1205741282,5,12,14,13,12,2254,0.2977038796516231,0.615993665874901,0.275827482447342,0.6058174523570712,638,0.8486154649947755,0.6128526645768025,7.02037617554859,0.38557993730407525,3398,0.4524291497975709,0.07995951417004049,0.45938375350140054,0.09243697478991597,7159,0.6422335521720912,0.24207291521162175,5.486241095125018,0.37089677329235915,3599,0.6701030927835051,0.037371134020618556,0.7320993667803215,0.009254749147588894,5165,0.6803000968054215,0.7221684414327202,5.3130687318489835,0.3667634720877702,13.34,13.48,12.86,12.38,-2,-1,0
906,1205741283,5,14,14,15,14,2257,0.2972332015810277,0.616600790513834,0.2755511022044088,0.6062124248496994,639,0.848852373500261,0.6118935837245696,7.020344287949921,0.3857589984350548,3404,0.45224861040929765,0.08034360788276908,0.4605171208944794,0.09224318658280922,7166,0.6423039352497908,0.2422550934970695,5.4864638571029865,0.3708484510186993,3602,0.6703155183515775,0.03734707018673535,0.732360097323601,0.009245742092457421,5170,0.68041586073501,0.7222437137330754,5.312959381044488,0.3666989039329464,13.38,13.46,12.92,12.4,0,-1,0
907,1205741284,5,13,13,13,14,2259,0.2967640094711918,0.6172059984214681,0.2755511022044088,0.6062124248496994,640,0.8490885416666668,0.6109375,7.0203125,0.385546875,3409,0.4520686175580222,0.08022199798183653,0.4612700628053036,0.09211444521981857,7176,0.6420127276105538,0.24247491638795987,5.486622073578595,0.3708890746934224,3606,0.6707395498392283,0.03729903536977492,0.732620320855615,0.009236752552260573,5173,0.6801179199690706,0.7222114826986274,5.312777885173014,0.36667955409498026,13.3,13.4,12.9,12.48,0,0,-1
908,1205741285,5,14,15,12,13,2262,0.29652996845425866,0.6175078864353313,0.275,0.607,641,0.8493239729589185,0.609984399375975,7.02028081123245,0.38572542901716067,3414,0.4518891687657431,0.0801007556675063,0.46132404181184666,0.09198606271777003,7183,0.6421295651770385,0.24251705415564528,5.486565501879437,0.3709104830850618,3610,0.6707317073170732,0.037227214377406934,0.7327502429543246,0.00923226433430515,5178,0.6804268057164932,0.7219003476245655,5.3124758594051755,0.36666344792069006,13.3,13.44,12.86,12.48,-1,2,1
909,1205741286,5,14,16,12,11,2263,0.2962962962962963,0.6178092986603625,0.275,0.607,643,0.8497926386728877,0.609642301710731,7.020217729393468,0.38530326594090203,3414,0.4518891687657431,0.0801007556675063,0.46132404181184666,0.09198606271777003,7191,0.6421105085060029,0.24238631622861911,5.486441385064664,0.3709150326797384,3613,0.6703014753046825,0.03720333547145606,0.7330097087378641,0.009223300970873786,5184,0.68041087962963,0.7218364197530864,5.312114197530864,0.3666248713991769,13.28,13.52,12.86,12.46,-2,2,3
910,1205741287,5,14,14,13,10,2266,0.2958300550747443,0.6184107002360346,0.27472527472527475,0.6073926073926074,644,0.8500258799171844,0.610248447204969,7.020186335403727,0.38509316770186336,3418,0.45143432310015097,0.08002013085052843,0.46207376478775225,0.0918580375782881,7200,0.6423495370370371,0.24222222222222223,5.486111111111111,0.3709722222222221,3620,0.6709346991037132,0.03713188220230474,0.7330426356589147,0.009205426356589148,5186,0.6804377169301971,0.721943694562283,5.3119938295410725,0.3666763080087414,13.28,13.52,12.82,12.4,0,1,4
911,1205741288,5,14,16,14,13,2271,0.29591836734693877,0.6185243328100472,0.27517447657028915,0.6071784646061814,645,0.8497416020671835,0.6108527131782946,7.02015503875969,0.3856589147286822,3421,0.4517102615694165,0.07997987927565392,0.46143154968728284,0.0917303683113273,7207,0.6423500300633643,0.2422644651033717,5.485777716109338,0.3710628555570971,3624,0.6707161125319693,0.0370843989769821,0.7333010648596321,0.009196515004840271,5191,0.6804886662813848,0.7218262377191292,5.311693315353496,0.36675656585115257,13.24,13.6,12.86,12.42,-2,0,1
912,1205741289,5,12,12,12,13,2274,0.29591836734693877,0.6185243328100472,0.27435387673956263,0.6083499005964215,646,0.8484262125902994,0.6114551083591331,7.020123839009288,0.38544891640866874,3424,0.45175879396984925,0.07989949748743719,0.46111111111111114,0.09166666666666666,7217,0.6424991917232461,0.24234446445891644,5.485243175834834,0.37096438963558254,3631,0.6700701978302489,0.03828972559029994,0.7333333333333333,0.009178743961352657,5195,0.6804459416105233,0.721655437921078,5.311645813282002,0.3667147898620468,13.24,13.58,12.86,12.46,0,0,-1
913,1205741290,5,14,15,15,13,2279,0.2962382445141066,0.6183385579937304,0.2745292368681863,0.6085232903865213,646,0.8484262125902994,0.6114551083591331,7.020123839009288,0.38544891640866874,3426,0.4515318935208438,0.07985936715218483,0.4614850798056905,0.0916030534351145,7224,0.6426148947951273,0.242109634551495,5.485188261351052,0.37098560354374294,3634,0.670280612244898,0.03826530612244898,0.7335907335907336,0.00916988416988417,5201,0.6802377747869003,0.7219765429725052,5.3114785618150355,0.36677241556111,13.26,13.56,12.88,12.48,-1,-1,1
914,1205741291,5,11,15,12,11,2282,0.29678935003915424,0.6178543461237275,0.27497527200791294,0.6083086053412463,646,0.8484262125902994,0.6114551083591331,7.020123839009288,0.38544891640866874,3433,0.45162907268170427,0.08020050125313283,0.46121883656509693,0.09141274238227147,7230,0.642680958967266,0.24204702627939143,5.484923928077455,0.3709889349930842,3639,0.6698473282442748,0.03880407124681934,0.7337192474674384,0.009165460684997588,5207,0.6804141860316244,0.7219128096792778,5.3113116957941235,0.36673388387427175,13.22,13.62,12.88,12.46,-4,-1,0
915,1205741292,5,16,13,14,11,2283,0.29678935003915424,0.6178543461237275,0.2756916996047431,0.607707509881423,647,0.8486604842864504,0.6120556414219475,7.020092735703246,0.38523956723338487,3435,0.4514028056112224,0.08016032064128256,0.46089965397923877,0.09134948096885813,7238,0.6425232568849589,0.24205581652390162,5.4849405913235705,0.37095882840563676,3648,0.6687817258883249,0.038705583756345176,0.733878729547642,0.009143407122232916,5211,0.680371649715346,0.7221262713490693,5.3110727307618495,0.3666922535661741,13.32,13.58,12.9,12.4,3,2,5
916,1205741293,5,13,13,14,14,2288,0.2965571205007825,0.6181533646322379,0.27460629921259844,0.609251968503937,648,0.8488940329218108,0.6111111111111112,7.020061728395062,0.3854166666666667,3438,0.4514028056112224,0.08016032064128256,0.4599447513812155,0.09116022099447514,7246,0.6425039102033305,0.24206458735854264,5.484681203422578,0.370894286502898,3655,0.6689917564996829,0.03868103994927077,0.7346449136276392,0.009117082533589251,5213,0.680494277127694,0.7220410512181086,5.311337042010359,0.366695440884967,13.36,13.6,12.98,12.46,0,-1,-1
917,1205741294,5,16,16,12,13,2288,0.2965571205007825,0.6181533646322379,0.27460629921259844,0.609251968503937,649,0.8491268618387263,0.6117103235747303,7.020030816640986,0.3852080123266564,3444,0.4512256128064032,0.080040020010005,0.4603721571330117,0.09166092350103378,7257,0.6426324009002802,0.24224886316659777,5.484911120297643,0.370848835607,3656,0.6692015209125475,0.038656527249683145,0.7346449136276392,0.009117082533589251,5218,0.6801616200332187,0.7219241088539671,5.311038712150249,0.36667944295387755,13.44,13.68,12.98,12.46,0,4,3
918,1205741295,5,15,14,13,13,2291,0.296875,0.61796875,0.2743362831858407,0.6096361848574238,649,0.8491268618387263,0.6117103235747303,7.020030816640986,0.3852080123266564,3445,0.4515,0.08,0.4603721571330117,0.09166092350103378,7265,0.6426129846295021,0.24225739848589126,5.484927735719202,0.370887818306951,3663,0.6698292220113852,0.038583175205566096,0.7341954022988506,0.009099616858237548,5222,0.6802151155368317,0.7221371122175412,5.3108004595940255,0.36659006766245367,13.48,13.68,12.98,12.44,1,2,2
919,1205741296,5,15,13,14,13,2295,0.2961808261886204,0.61730319563523,0.275049115913556,0.6090373280943026,650,0.8493589743589745,0.6107692307692307,7.02,0.385,3449,0.45182226660009983,0.08037943085371942,0.46005509641873277,0.09159779614325068,7271,0.6427015999633245,0.24260761930958602,5.4849401732911565,0.37102874432677746,3667,0.6694058154235145,0.038558786346396964,0.7340985174557628,0.009086561453849833,5228,0.6804864830400411,0.7220734506503443,5.310635042081102,0.36658377964804895,13.48,13.64,13.0,12.44,2,1,2
920,1205741297,5,13,15,14,13,2299,0.2962674961119751,0.6174183514774495,0.2747791952894995,0.6094210009813543,650,0.8493589743589745,0.6107692307692307,7.02,0.385,3451,0.45159680638722555,0.08033932135728543,0.4604267033723331,0.09153475567790778,7279,0.6428882172459587,0.2424783624124193,5.484681961807941,0.37099876356642386,3671,0.6696146557169931,0.03853442830069488,0.7335243553008596,0.009073543457497613,5233,0.6806006752022424,0.7219568125358303,5.31052933307854,0.36656793426332884,13.46,13.64,13.06,12.46,-2,-1,0
921,1205741298,5,14,13,14,15,2300,0.2962674961119751,0.6174183514774495,0.2754901960784314,0.6088235294117647,651,0.8495903737839222,0.6113671274961597,7.019969278033794,0.3847926267281106,3459,0.45124378109452734,0.08059701492537313,0.46048109965635736,0.09140893470790377,7285,0.6430450697780827,0.2425531914893617,5.484557309540151,0.3708991077556622,3675,0.669609079445145,0.038461538461538464,0.7331742243436754,0.009069212410501194,5239,0.6802665903162184,0.7220843672456576,5.310746325634663,0.36667302920404654,13.46,13.64,13.06,12.52,1,0,-1
922,1205741299,5,12,13,11,11,2304,0.29635376260667184,0.6175329712955779,0.2752203721841332,0.6092066601371204,651,0.8495903737839222,0.6113671274961597,7.019969278033794,0.3847926267281106,3468,0.45233366434955313,0.0804369414101291,0.4602739726027397,0.09178082191780822,7292,0.6431134576705064,0.24259462424574876,5.484366428963248,0.3708859023587492,3677,0.669609079445145,0.038461538461538464,0.7329518359561278,0.009060562708631379,5245,0.680155703844932,0.7220209723546235,5.310772163965682,0.36669844296155063,13.42,13.6,13.0,12.48,-1,1,1
923,1205741300,5,12,13,13,12,2306,0.2961240310077519,0.6178294573643411,0.27495107632093935,0.6095890410958904,652,0.8498210633946831,0.6119631901840491,7.019938650306749,0.38496932515337423,3472,0.45188492063492064,0.08035714285714286,0.46101231190150477,0.09165526675786594,7301,0.6434164269734739,0.24256951102588686,5.484180249280921,0.3708738528968633,3681,0.6691871455576559,0.03843730308758664,0.7333333333333333,0.009047619047619047,5250,0.6800793650793654,0.7220952380952381,5.310476190476191,0.3667301587301587,13.42,13.6,13.0,12.48,-1,-1,0
924,1205741301,5,12,14,12,13,2310,0.29589465530596437,0.6181254841208366,0.2760975609756098,0.608780487804878,653,0.8500510464522716,0.6125574272588055,7.019908116385912,0.3847626339969372,3472,0.45188492063492064,0.08035714285714286,0.46101231190150477,0.09165526675786594,7311,0.6434938220945606,0.24278484475447956,5.483928327178225,0.37087949664888514,3687,0.6681332495285983,0.03834066624764299,0.7335870599429115,0.009039010466222646,5255,0.6799080241040282,0.7219790675547098,5.310180780209325,0.36676181414525844,13.4,13.62,12.98,12.48,-2,0,-1
925,1205741302,5,15,11,11,13,2314,0.2954369682907966,0.6187161639597835,0.2775073028237585,0.6075949367088608,654,0.8502803261977574,0.6131498470948012,7.019877675840979,0.3845565749235474,3472,0.45188492063492064,0.08035714285714286,0.46101231190150477,0.09165526675786594,7320,0.6434540072859745,0.24262295081967214,5.483606557377049,0.370981329690346,3695,0.6683385579937304,0.03824451410658307,0.7336182336182336,0.009021842355175688,5257,0.6797761714539348,0.7217043941411452,5.310062773444931,0.36681250396296994,13.44,13.56,12.96,12.48,4,4,2
926,1205741303,5,13,15,13,13,2315,0.29598145285935085,0.6182380216383307,0.2775073028237585,0.6075949367088608,654,0.8502803261977574,0.6131498470948012,7.019877675840979,0.3845565749235474,3475,0.45242814667988107,0.0802775024777007,0.4606971975393028,0.09159261790840738,7327,0.6430439925390109,0.24239115599836222,5.483690459942678,0.3710704699513215,3696,0.6683385579937304,0.03824451410658307,0.7337446606549597,0.009017560512577124,5267,0.6797196379975954,0.722042908676666,5.3102335295234475,0.3667331181570786,13.44,13.58,12.96,12.48,-2,0,0
927,1205741304,5,15,13,13,12,2317,0.29575289575289576,0.6185328185328185,0.2772373540856031,0.607976653696498,655,0.8505089058524173,0.6137404580152672,7.019847328244275,0.3843511450381679,3481,0.4520276953511375,0.08061325420375866,0.4614334470989761,0.09146757679180888,7334,0.6430438141987092,0.24229615489500955,5.483228797382056,0.3710571766203071,3703,0.6681277395115842,0.038196618659987476,0.734375,0.008996212121212122,5270,0.679901960784314,0.7222011385199241,5.310246679316888,0.3666666666666666,13.56,13.66,12.94,12.5,2,2,3
928,1205741305,5,13,14,13,14,2320,0.2950693374422188,0.6194144838212635,0.2772373540856031,0.607976653696498,655,0.8505089058524173,0.6137404580152672,7.019847328244275,0.3843511450381679,3486,0.45207509881422925,0.08053359683794467,0.4611716621253406,0.09128065395095368,7346,0.6433886922588257,0.24230873945004083,5.483392322352301,0.3710295852618204,3707,0.6685428392745466,0.03814884302689181,0.7336802270577105,0.008987701040681173,5272,0.6800233940313609,0.7221168437025797,5.310128983308043,0.36662240768841675,13.52,13.64,12.98,12.48,-1,0,-1
929,1205741306,5,13,12,12,11,2323,0.29484218629715164,0.619707467282525,0.2766990291262136,0.6087378640776699,656,0.8502286585365854,0.614329268292683,7.0198170731707314,0.38490853658536583,3489,0.45185185185185184,0.08049382716049383,0.46122448979591835,0.09115646258503401,7355,0.6431452526625878,0.24214819850441877,5.483344663494222,0.3709494674824381,3713,0.66875,0.038125,0.7338367154318075,0.008966493629070316,5276,0.6801080363912058,0.7217589082638363,5.31008339651251,0.36667614354308814,13.46,13.58,12.96,12.46,1,1,2
930,1205741307,5,10,16,12,13,2327,0.29438893159108376,0.6202920830130668,0.2761627906976744,0.6094961240310077,657,0.8504566210045662,0.6133942161339422,7.019786910197869,0.3850837138508371,3493,0.4518993586581154,0.080414405525407,0.46127717391304346,0.09103260869565218,7361,0.643164425123398,0.24195082189919848,5.483629941584024,0.37091880632160473,3716,0.6691635455680399,0.038077403245942575,0.7334905660377359,0.008962264150943396,5283,0.6804372515616129,0.7213704334658338,5.311376112057543,0.3666161902959177,13.4,13.64,12.94,12.48,-6,-2,-3
931,1205741308,5,11,11,12,11,2328,0.29438893159108376,0.6202920830130668,0.2758954501452081,0.6098741529525653,658,0.8501773049645389,0.6139817629179332,7.019756838905775,0.38563829787234044,3498,0.45145391818629865,0.08033514046328241,0.4616949152542373,0.09084745762711864,7369,0.6432125571086081,0.24195956032026056,5.483647713393948,0.3708214592662956,3718,0.6687461010605116,0.038053649407361195,0.7331447430457332,0.008958038661008957,5291,0.6803219303219306,0.7212247212247213,5.3118503118503115,0.3666761166761166,13.36,13.58,12.92,12.44,0,-1,0
932,1205741309,5,13,13,13,13,2330,0.29393706830391403,0.6208749040675364,0.2758954501452081,0.6098741529525653,659,0.8504046535154274,0.6130500758725341,7.019726858877086,0.38543247344461307,3504,0.45181907571288105,0.08013765978367748,0.462059620596206,0.09078590785907859,7376,0.6432461135213304,0.24200108459869848,5.4835954446854664,0.3708536695589298,3721,0.6689526184538653,0.038029925187032416,0.7333961375412152,0.008949599623174752,5299,0.6804271246147074,0.7212681638044914,5.3127005095301,0.36664150468641876,13.34,13.56,12.88,12.4,0,0,0
933,1205741310,5,15,14,11,13,2331,0.2937116564417178,0.6211656441717791,0.2758954501452081,0.6098741529525653,660,0.8506313131313131,0.6136363636363636,7.0196969696969695,0.38522727272727275,3509,0.45137524557956776,0.08055009823182711,0.46247464503042596,0.09060175794455713,7382,0.6432651494626569,0.24193985369818477,5.483744242752642,0.37085703964598565,3727,0.6689483509645302,0.037958929682638455,0.7333019755409219,0.008936970837253057,5304,0.6804455756661641,0.721342383107089,5.312594268476621,0.3666729512317747,13.36,13.6,12.84,12.42,1,4,2
934,1205741311,5,12,14,13,10,2337,0.2942528735632184,0.6206896551724138,0.2745664739884393,0.6098265895953757,660,0.8506313131313131,0.6136363636363636,7.0196969696969695,0.38522727272727275,3515,0.4519607843137255,0.08088235294117647,0.4618501012829169,0.09115462525320729,7386,0.6433906489755392,0.2420796100731113,5.484023828865421,0.37089313114902056,3730,0.6681168427594779,0.03853325046612803,0.7334273624823695,0.008932769158439116,5313,0.6805163435598222,0.7206851119894598,5.312441182006399,0.3665694209172469,13.34,13.62,12.9,12.4,-2,-1,2
935,1205741312,5,11,11,11,12,2341,0.2938026013771997,0.6212700841622035,0.27403846153846156,0.6105769230769231,661,0.8508572869389813,0.6142208774583964,7.0196671709531016,0.38540090771558244,3519,0.4522760646108664,0.08076358296622614,0.4622132253711201,0.09109311740890688,7395,0.6434189767861167,0.24219066937119677,5.483705206220419,0.37084741942754107,3733,0.6677018633540373,0.03850931677018633,0.732738374823861,0.008924377642085486,5317,0.6803805404049905,0.7207071656949408,5.312394207259733,0.3665757632750297,13.32,13.56,12.9,12.42,0,0,-1
936,1205741313,5,15,15,13,12,2343,0.2938026013771997,0.6212700841622035,0.27351247600767753,0.6113243761996161,661,0.8508572869389813,0.6142208774583964,7.0196671709531016,0.38540090771558244,3525,0.4525904203323558,0.08064516129032258,0.4626262626262626,0.09090909090909091,7402,0.6434634783391875,0.2422318292353418,5.483517968116725,0.3708344591551832,3737,0.6677018633540373,0.03850931677018633,0.7327707454289732,0.008907641819034223,5322,0.6804929224602283,0.7207816610296881,5.312476512589252,0.36651321558311406,13.36,13.58,12.86,12.38,0,2,3
937,1205741314,5,15,14,12,16,2345,0.29357798165137616,0.6215596330275229,0.27325023969319273,0.6116970278044104,662,0.8505790533736152,0.6148036253776435,7.019637462235649,0.3859516616314199,3529,0.45290385553928747,0.08052708638360176,0.4629878869448183,0.0908479138627187,7412,0.6436072135276129,0.24244468429573665,5.483135456017269,0.3709075373268573,3744,0.667905824039653,0.03841387856257745,0.7331460674157303,0.008895131086142321,5323,0.6804590143402846,0.7206462521134699,5.312417809505917,0.36653829294257617,13.38,13.6,12.86,12.48,1,3,-1
938,1205741315,5,11,12,14,13,2346,0.29411764705882354,0.6210847975553858,0.27325023969319273,0.6116970278044104,663,0.8492961287078933,0.6153846153846154,7.019607843137255,0.38574660633484165,3533,0.452729044834308,0.0804093567251462,0.46267652992602554,0.09145931405514458,7421,0.6433656739882315,0.24255491173696267,5.4841665543727265,0.37077213313569596,3747,0.6674922600619195,0.03900928792569659,0.7333956969130028,0.008886810102899906,5331,0.680281998374289,0.7206903020071281,5.313262052147815,0.36645720002501087,13.32,13.58,12.88,12.48,-1,-3,-2
939,1205741316,5,13,14,13,12,2352,0.2934451219512195,0.6219512195121951,0.27246653919694075,0.6108986615678776,664,0.8495230923694778,0.6144578313253012,7.019578313253012,0.3859186746987952,3534,0.452729044834308,0.0804093567251462,0.46303763440860213,0.0913978494623656,7429,0.6435478081392739,0.24269753668057611,5.484183604792031,0.3707430340557275,3751,0.6674907292954264,0.03893695920889988,0.7335203366058906,0.008882655446470314,5337,0.6803603772406474,0.7204421959902567,5.312909874461308,0.3665136468677783,13.32,13.58,12.88,12.48,-1,0,1
940,1205741317,5,15,13,14,10,2354,0.2929984779299848,0.6225266362252664,0.27246653919694075,0.6108986615678776,665,0.8497493734335838,0.6135338345864662,7.019548872180451,0.38609022556390976,3538,0.4527750730282376,0.08033106134371958,0.46308724832214765,0.0912751677852349,7433,0.6436050943988519,0.24283600161442218,5.484326651419346,0.370678057311987,3756,0.6679012345679012,0.03888888888888889,0.7338935574229691,0.008870214752567693,5344,0.6804048153692618,0.7202470059880239,5.312874251497006,0.36659493512974045,13.34,13.6,12.9,12.44,2,1,5
941,1205741318,5,13,13,14,13,2356,0.2929984779299848,0.6225266362252664,0.2719465648854962,0.6116412213740458,666,0.8499749749749749,0.6126126126126126,7.01951951951952,0.38626126126126126,3545,0.4533980582524272,0.08009708737864078,0.46277665995975853,0.09188464118041582,7441,0.6434507010706445,0.24257492272544012,5.484612283295256,0.37058191103346316,3757,0.6679012345679012,0.03888888888888889,0.7335510965935604,0.009332711152589827,5351,0.6801999626238089,0.720239207624743,5.313212483647916,0.36676945119292337,13.32,13.6,12.92,12.44,0,-1,0
942,1205741319,5,11,11,14,12,2360,0.29309035687167806,0.621867881548975,0.2716873212583413,0.6120114394661582,667,0.8501999000499749,0.6131934032983508,7.019490254872563,0.3860569715142429,3550,0.4527387300048473,0.08046534173533688,0.46282652377762895,0.09243134628265237,7448,0.6435620300751879,0.24274973147153597,5.48469387755102,0.3706364124597207,3762,0.6666666666666666,0.038817005545286505,0.7328671328671329,0.009324009324009324,5359,0.6800242582571377,0.7200970330285501,5.3127449150961,0.36678173788642154,13.24,13.54,12.96,12.44,0,-3,-1
943,1205741320,5,13,12,12,11,2365,0.2936267071320182,0.6213960546282246,0.27350427350427353,0.610636277302944,667,0.8501999000499749,0.6131934032983508,7.019490254872563,0.3860569715142429,3553,0.45278450363196127,0.08038740920096853,0.46251673360107093,0.09236947791164658,7456,0.6435197603719598,0.2426233905579399,5.484576180257511,0.37060756437768233,3764,0.666871921182266,0.03879310344827586,0.7329916123019571,0.009319664492078284,5365,0.67972972972973,0.7202236719478099,5.312581547064306,0.36679092885989434,13.28,13.56,12.96,12.44,1,1,2
944,1205741321,5,14,14,12,12,2367,0.2934040940106141,0.6209249431387415,0.2732447817836812,0.6110056925996205,668,0.8504241516966067,0.6137724550898204,7.019461077844311,0.38622754491017963,3557,0.4533139816158684,0.0803096274794388,0.4625668449197861,0.09224598930481283,7465,0.643681625362804,0.24273275284661755,5.484393837910248,0.3705626255860683,3767,0.6662569145666871,0.03872157344806392,0.7329916123019571,0.009319664492078284,5368,0.679536140089419,0.7203800298062594,5.312406855439642,0.3667722305017386,13.3,13.56,12.92,12.46,0,2,2
945,1205741322,5,15,12,12,8,2367,0.2934040940106141,0.6209249431387415,0.2732447817836812,0.6110056925996205,668,0.8504241516966067,0.6137724550898204,7.019461077844311,0.38622754491017963,3561,0.45335911068148865,0.08023199613339778,0.46328437917222964,0.09212283044058744,7471,0.6437447017355997,0.24280551465667247,5.484138669522152,0.37059965198768563,3772,0.6656441717791411,0.0392638036809816,0.7327746741154563,0.00931098696461825,5373,0.679741299088033,0.7204541224641727,5.312302252000745,0.3667566226192691,13.34,13.52,12.86,12.4,3,3,7
946,1205741323,5,11,12,11,12,2367,0.2934040940106141,0.6209249431387415,0.2732447817836812,0.6110056925996205,669,0.8506477329347283,0.6143497757847534,7.019431988041854,0.3860239162929746,3566,0.4534041525832931,0.08015451472718493,0.463690872751499,0.09193870752831446,7477,0.6439414203557574,0.24287815968971513,5.484151397619366,0.3705697472248227,3777,0.6646266829865362,0.03916768665850673,0.7328990228013029,0.009306654257794323,5379,0.6796337609221047,0.7203941253021008,5.313998884551032,0.36676581768606303,13.28,13.5,12.86,12.42,-1,0,-1
947,1205741324,5,16,14,12,12,2368,0.29393939393939394,0.6204545454545455,0.2732447817836812,0.6110056925996205,670,0.8508706467661691,0.6134328358208955,7.019402985074627,0.3858208955223881,3572,0.45397590361445783,0.08,0.4637391882900865,0.09248170326014638,7481,0.6439312926079399,0.24301563962037162,5.48415987167491,0.3706723700040101,3781,0.6642201834862386,0.03914373088685015,0.733271375464684,0.00929368029739777,5386,0.6799572966951358,0.720571852952098,5.313962124025251,0.36675331105334813,13.32,13.54,12.8,12.42,2,4,4
948,1205741325,5,13,13,12,13,2372,0.29425113464447805,0.6202723146747352,0.2746212121212121,0.6098484848484849,670,0.8508706467661691,0.6134328358208955,7.019402985074627,0.3858208955223881,3576,0.45375722543352603,0.07996146435452794,0.4641434262948207,0.09229747675962816,7488,0.6439302884615382,0.24292200854700854,5.484241452991453,0.3707264957264957,3783,0.6638141809290954,0.039119804400977995,0.7333952624245239,0.009289363678588018,5392,0.6801279673590507,0.7201409495548962,5.313798219584569,0.36685521760633033,13.28,13.5,12.8,12.4,0,1,0
949,1205741326,5,14,13,12,14,2373,0.29402872260015117,0.6205593348450491,0.2746212121212121,0.6098484848484849,671,0.8510928961748633,0.6140089418777943,7.019374068554397,0.38561847988077497,3580,0.4542829643888354,0.07988450433108758,0.46419098143236076,0.09217506631299735,7498,0.6442718058148837,0.24273139503867697,5.4842624699919975,0.37063216857828746,3785,0.6638141809290954,0.039119804400977995,0.7331786542923434,0.009280742459396751,5398,0.6799586266518467,0.7202667654686921,5.31363467951093,0.3670032110658268,13.26,13.52,12.82,12.42,1,2,0
950,1205741327,5,15,12,12,12,2374,0.2945619335347432,0.6200906344410876,0.2746212121212121,0.6098484848484849,671,0.8510928961748633,0.6140089418777943,7.019374068554397,0.38561847988077497,3582,0.4542829643888354,0.07988450433108758,0.46357615894039733,0.09205298013245033,7508,0.6440796483750664,0.24280767181672883,5.484150239744273,0.3707045817794352,3794,0.6644295302013423,0.039048200122025624,0.7329939842665433,0.00925497454881999,5401,0.6797660926988832,0.7202369931494168,5.313645621181263,0.36693822131704,13.26,13.48,12.78,12.36,3,3,3
951,1205741328,5,10,14,15,12,2375,0.2943396226415094,0.6203773584905661,0.2746212121212121,0.6098484848484849,672,0.851314484126984,0.6130952380952381,7.019345238095238,0.3854166666666667,3586,0.45384615384615384,0.0798076923076923,0.46296296296296297,0.09193121693121693,7518,0.6437882415536045,0.24288374567704177,5.484304336259643,0.37086547840737777,3796,0.6646341463414634,0.03902439024390244,0.7326549491211841,0.009250693802035153,5410,0.6798675292667902,0.7201478743068392,5.313308687615526,0.3669439309919901,13.18,13.48,12.8,12.34,-4,-5,-2
952,1205741329,5,13,14,11,13,2376,0.29411764705882354,0.6206636500754148,0.2746212121212121,0.6098484848484849,673,0.8515354135710747,0.6136701337295691,7.0193164933135215,0.38521545319465084,3591,0.4541966426858513,0.07961630695443644,0.46296296296296297,0.09193121693121693,7523,0.6437591386414991,0.2428552439186495,5.4842483051973945,0.37085161061633204,3799,0.6646341463414634,0.03902439024390244,0.7325635103926097,0.009237875288683603,5417,0.6796966340532893,0.7205095071072549,5.313457633376408,0.36693126576826035,13.26,13.46,12.72,12.34,-1,2,0
953,1205741330,5,16,13,13,16,2378,0.2946495855312736,0.6201959306706858,0.27436140018921473,0.6102175969725638,673,0.8515354135710747,0.6136701337295691,7.0193164933135215,0.38521545319465084,3594,0.45424053665548636,0.07954000958313369,0.4633179114342366,0.09187045604758758,7529,0.6439102138398192,0.24279452782574046,5.484260858015673,0.37082171160401994,3803,0.6648385131017672,0.039000609384521635,0.7329335793357934,0.00922509225092251,5425,0.6797081413210448,0.720552995391705,5.313364055299539,0.3668049155145929,13.34,13.46,12.76,12.44,3,3,0
954,1205741331,5,15,15,13,15,2380,0.29518072289156627,0.6197289156626506,0.2741020793950851,0.610586011342155,673,0.8515354135710747,0.6136701337295691,7.0193164933135215,0.38521545319465084,3598,0.4538056486357109,0.0794638583054093,0.464026402640264,0.09174917491749175,7534,0.6437925847270151,0.24303159012476772,5.48420493761614,0.3708078931068046,3807,0.664637857577602,0.038953134510042606,0.7331797235023041,0.009216589861751152,5434,0.6797172126119497,0.7202797202797203,5.313213102686787,0.36679548521653776,13.38,13.5,12.74,12.5,0,2,0
955,1205741332,5,13,14,11,13,2382,0.29473684210526313,0.6203007518796992,0.2741020793950851,0.610586011342155,674,0.8517556874381799,0.612759643916914,7.019287833827893,0.3857566765578635,3601,0.4535885167464115,0.07942583732057416,0.4634146341463415,0.0922874093605801,7543,0.6440187370188694,0.24274161474214503,5.483892350523664,0.3707963233019576,3813,0.6650455927051672,0.038905775075987845,0.733670653173873,0.00919963201471941,5439,0.6793681436538582,0.7201691487405774,5.312925170068027,0.3669179383465097,13.4,13.5,12.7,12.52,-1,2,0
956,1205741333,5,13,15,15,13,2383,0.29451540195341847,0.6205860255447032,0.2741020793950851,0.610586011342155,675,0.8519753086419752,0.6133333333333333,7.019259259259259,0.38555555555555554,3604,0.453416149068323,0.07978977544194936,0.4634146341463415,0.0922874093605801,7550,0.6438189845474611,0.2427814569536424,5.483841059602649,0.37081677704194255,3816,0.6652490886998785,0.038882138517618466,0.7339154411764706,0.009191176470588236,5446,0.6793212143469216,0.7201615864854939,5.313073815644509,0.3669053739747826,13.38,13.52,12.7,12.5,-2,-2,0
957,1205741334,5,12,11,12,12,2385,0.2948237059264816,0.6204051012753188,0.2741020793950851,0.610586011342155,676,0.8521942800788953,0.613905325443787,7.019230769230769,0.3853550295857988,3609,0.45346062052505964,0.07971360381861575,0.4625,0.09210526315789473,7557,0.6437078205637154,0.24295355299722113,5.4847161572052405,0.37087027480040574,3818,0.6648451730418944,0.03885853066180935,0.7340376665135507,0.009186954524575103,5456,0.6794507575757579,0.7199413489736071,5.313782991202346,0.366904936461388,13.36,13.48,12.68,12.46,1,0,0
958,1205741335,5,13,13,10,10,2386,0.2948237059264816,0.6204051012753188,0.2738432483474976,0.6109537299339,677,0.8524126046282618,0.6144756277695717,7.019202363367799,0.38552437223042835,3613,0.4530281354315689,0.07963757749165475,0.46254927726675427,0.09198423127463863,7565,0.6436219431592858,0.24296100462656972,5.485261070720423,0.37090768891826387,3820,0.6648451730418944,0.03885853066180935,0.7342817806333181,0.009178522257916476,5465,0.6791552302531262,0.7198536139066789,5.314181152790485,0.36694114059164373,13.34,13.44,12.64,12.4,0,3,3
959,1205741336,5,15,13,15,13,2386,0.2948237059264816,0.6204051012753188,0.2738432483474976,0.6109537299339,678,0.8526302851524089,0.6135693215339233,7.019174041297935,0.3853244837758112,3618,0.4533333333333333,0.07952380952380952,0.463254593175853,0.09186351706036745,7571,0.6437722889974901,0.24290054154008717,5.485140668339717,0.3708779113283141,3826,0.6650485436893204,0.038834951456310676,0.7344322344322345,0.009157509157509158,5470,0.6793570993296772,0.7199268738574041,5.3140767824497255,0.3669256550883607,13.36,13.38,12.7,12.44,2,0,2
960,1205741337,5,15,14,12,14,2387,0.2946026986506747,0.6206896551724138,0.2738432483474976,0.6109537299339,678,0.8526302851524089,0.6135693215339233,7.019174041297935,0.3853244837758112,3623,0.4534220532319392,0.07937262357414449,0.46295081967213114,0.09180327868852459,7578,0.6437714436526785,0.242808128793877,5.484956452889945,0.3708322336588369,3830,0.6656571774682011,0.03876438522107813,0.7345537757437071,0.009153318077803204,5475,0.6791019786910201,0.72,5.313789954337899,0.3670015220700152,13.38,13.38,12.68,12.52,1,3,1
961,1205741338,5,14,15,15,13,2390,0.29394166043380704,0.6215407629020194,0.2738432483474976,0.6109537299339,679,0.8528473244968089,0.6126656848306333,7.019145802650957,0.3851251840942563,3624,0.45368171021377673,0.07933491686460807,0.46295081967213114,0.09180327868852459,7586,0.6436857368837329,0.24294753493277088,5.485104139203797,0.3708036734335178,3835,0.6658610271903324,0.03867069486404834,0.7346752058554438,0.009149130832570906,5480,0.6790602189781024,0.7198905109489051,5.314051094890511,0.36712287104622865,13.38,13.36,12.7,12.52,-1,-1,1
962,1205741339,5,14,12,15,14,2392,0.2937219730941704,0.6218236173393124,0.27358490566037735,0.6113207547169811,680,0.8530637254901959,0.6132352941176471,7.019117647058824,0.3849264705882353,3629,0.45398481973434535,0.07922201138519924,0.4629993451211526,0.091683038637852,7593,0.6440142236270245,0.24285526142499672,5.484920321348611,0.37069230431537814,3844,0.6656626506024096,0.03855421686746988,0.7351598173515982,0.0091324200913242,5482,0.6790556974340268,0.7198102882159796,5.313936519518424,0.36717134865620815,13.42,13.36,12.76,12.54,2,-1,0
963,1205741340,5,14,14,14,11,2393,0.2935026138909634,0.6221060492905153,0.27358490566037735,0.6113207547169811,680,0.8530637254901959,0.6132352941176471,7.019117647058824,0.3849264705882353,3630,0.45398481973434535,0.07922201138519924,0.46335078534031415,0.09162303664921466,7606,0.6439433780348843,0.2428346042597949,5.485274783066001,0.37068323253571733,3847,0.6658639373871162,0.03853100541842264,0.7344890510948905,0.009124087591240875,5487,0.6793481562481019,0.7197011117186076,5.313832695462001,0.36711013911670004,13.42,13.34,12.74,12.5,0,0,3
964,1205741341,5,14,11,14,12,2398,0.29381058911260255,0.6219239373601789,0.2756349952963311,0.6095954844778928,680,0.8530637254901959,0.6132352941176471,7.019117647058824,0.3849264705882353,3631,0.45398481973434535,0.07922201138519924,0.46370176586003925,0.09156311314584696,7612,0.6441583464704848,0.24277456647398843,5.485286389910668,0.3707194780171658,3850,0.6658639373871162,0.03853100541842264,0.7348519362186788,0.009111617312072893,5493,0.6792129376782575,0.7198252321135992,5.3138539959949025,0.36716426967655796,13.48,13.26,12.78,12.52,3,0,2
965,1205741342,5,14,14,14,13,2400,0.29381058911260255,0.6219239373601789,0.27511737089201876,0.6103286384976526,681,0.853279490944689,0.6138032305433186,7.019089574155654,0.38472834067547723,3636,0.45381335859782096,0.07910942681193747,0.46309601567602876,0.09144350097975179,7617,0.6440637171239767,0.2427464881186819,5.485099120388605,0.3707715198459585,3853,0.6654632972322503,0.03850782190132371,0.7350933090578061,0.009103322712790168,5501,0.6796794522208086,0.719869114706417,5.31430648972914,0.3670393261831182,13.44,13.28,12.78,12.56,0,0,1
966,1205741343,5,12,12,14,13,2403,0.2931547619047619,0.6227678571428571,0.27511737089201876,0.6103286384976526,681,0.853279490944689,0.6138032305433186,7.019089574155654,0.38472834067547723,3640,0.45338381448177945,0.07950780880265026,0.46314416177429873,0.091324200913242,7625,0.6441748633879777,0.24249180327868852,5.4852459016393444,0.3708415300546447,3857,0.6656644618159951,0.03848466626578473,0.7354545454545455,0.00909090909090909,5507,0.6800284486411238,0.7198111494461594,5.314145632830942,0.3670026027480176,13.42,13.26,12.78,12.54,0,-2,-1
967,1205741344,5,12,13,14,12,2403,0.2931547619047619,0.6227678571428571,0.27511737089201876,0.6103286384976526,682,0.8534946236559139,0.6129032258064516,7.019061583577713,0.3845307917888563,3641,0.45338381448177945,0.07950780880265026,0.46284224250325945,0.09191655801825294,7632,0.6441408979734448,0.2429245283018868,5.485324947589098,0.37089447938504533,3860,0.6658653846153846,0.038461538461538464,0.7356948228882834,0.009082652134423252,5511,0.6798675376519692,0.7194701506078751,5.314099074578117,0.36705377124538796,13.34,13.2,12.82,12.52,-1,-2,0
968,1205741345,5,14,10,13,11,2406,0.29271916790490343,0.6233283803863299,0.274859287054409,0.6106941838649156,683,0.8537091264031234,0.6120058565153733,7.019033674963397,0.38469985358711567,3642,0.45364238410596025,0.07947019867549669,0.46284224250325945,0.09191655801825294,7641,0.6439711207084584,0.24276927103782228,5.485407669153252,0.37098111067486794,3865,0.6664667066586683,0.03839232153569286,0.735934664246824,0.009074410163339383,5516,0.6800368624607207,0.719361856417694,5.31399564902103,0.36708363548465067,13.32,13.12,12.82,12.48,4,1,3
969,1205741346,5,11,13,12,13,2407,0.2925018559762435,0.623608017817372,0.274859287054409,0.6106941838649156,684,0.8539230019493176,0.6111111111111112,7.019005847953216,0.3848684210526316,3647,0.45299952763344353,0.07982994803967879,0.462890625,0.091796875,7652,0.6440255270953124,0.24255096706743334,5.485101934134867,0.37087253876982046,3868,0.6666666666666666,0.03836930455635491,0.7357207615593835,0.009066183136899365,5521,0.6799643784338589,0.7192537583771056,5.3138924107951455,0.3670228823280806,13.24,13.12,12.78,12.48,-2,-1,-2
970,1205741347,5,12,13,14,11,2409,0.2920681986656783,0.6241660489251297,0.274859287054409,0.6106941838649156,684,0.8539230019493176,0.6111111111111112,7.019005847953216,0.3848684210526316,3652,0.4535596416784536,0.07967939651107968,0.46258945998698764,0.09238776837996096,7660,0.643875108790252,0.24242819843342037,5.485248041775457,0.3709094865100086,3871,0.6664670658682634,0.03832335329341317,0.7353874037154509,0.009062075215224286,5528,0.6801887361312111,0.7194283646888567,5.313675832127352,0.3669651471297636,13.22,13.08,12.78,12.44,-1,-2,1
971,1205741348,5,15,12,12,12,2413,0.29185185185185186,0.6237037037037036,0.2768942937324602,0.6089803554724041,685,0.8541362530413624,0.6116788321167883,7.018978102189781,0.38467153284671535,3655,0.4540744229863401,0.07960433349034385,0.46228868660598177,0.09232769830949285,7668,0.643964093201182,0.24256651017214398,5.485133020344288,0.37097896018083804,3876,0.6658696951583981,0.03825463239689181,0.7356269805341784,0.009053870529651425,5532,0.6804199807182457,0.7194504699927693,5.313449023861171,0.3670161484695107,13.24,13.06,12.74,12.38,3,3,3
972,1205741349,5,15,12,14,13,2414,0.29185185185185186,0.6237037037037036,0.2766355140186916,0.6093457943925233,686,0.8543488824101068,0.6122448979591837,7.018950437317784,0.3844752186588921,3656,0.4538606403013183,0.0795668549905838,0.46228868660598177,0.09232769830949285,7678,0.6441673178779191,0.24225058609012765,5.4848918989320135,0.37099505079447764,3883,0.6656716417910448,0.0382089552238806,0.7362240289069557,0.009033423667570008,5535,0.6804125263474861,0.7194218608852755,5.313640469738031,0.36707317073170725,13.3,13.04,12.8,12.42,3,1,2
973,1205741350,5,12,13,12,14,2416,0.29142011834319526,0.6242603550295858,0.2766355140186916,0.6093457943925233,687,0.8545608927704996,0.6128093158660844,7.018922852983988,0.38427947598253276,3659,0.4543744120413923,0.0794920037629351,0.46263807667316437,0.09226770630279402,7688,0.6437196496704817,0.24245577523413112,5.4853017689906345,0.3709027055150884,3883,0.6656716417910448,0.0382089552238806,0.7362240289069557,0.009033423667570008,5545,0.6803276224827175,0.7195671776375113,5.313796212804328,0.3670874661857529,13.3,13.04,12.78,12.46,-1,0,-2
974,1205741351,5,17,14,13,10,2416,0.29142011834319526,0.6242603550295858,0.2766355140186916,0.6093457943925233,688,0.8533187984496123,0.6133720930232558,7.0188953488372094,0.3840843023255814,3666,0.45492957746478874,0.07934272300469483,0.46173800259403375,0.09208819714656291,7696,0.6437001905751901,0.24220374220374222,5.485317047817047,0.37100441787941785,3886,0.6660703637447823,0.0381633870005963,0.7358916478555305,0.009029345372460496,5550,0.6800750750750755,0.7196396396396396,5.313513513513514,0.3671171171171171,13.4,13.04,12.8,12.4,3,4,7
975,1205741352,5,11,10,12,13,2422,0.2915129151291513,0.6243542435424354,0.27586206896551724,0.6095060577819198,689,0.8535316884373487,0.6124818577648766,7.018867924528302,0.3838896952104499,3667,0.45518535898639134,0.07930549038010323,0.46173800259403375,0.09208819714656291,7703,0.6436345146912454,0.24198364273659614,5.485135661430611,0.3710783677355142,3889,0.6660703637447823,0.0381633870005963,0.7357980162308386,0.009017132551848512,5558,0.6797259205949386,0.7195034184958619,5.314321698452681,0.36703850305865415,13.32,13.02,12.82,12.4,1,-1,-2
976,1205741353,5,11,13,13,13,2425,0.29129793510324486,0.6246312684365781,0.2762790697674419,0.6093023255813953,689,0.8535316884373487,0.6124818577648766,7.018867924528302,0.3838896952104499,3672,0.4550140581068416,0.07919400187441425,0.46178756476683935,0.09196891191709844,7713,0.6438372444790177,0.2416699079476209,5.485025281991443,0.3710834521803016,3892,0.6660703637447823,0.0381633870005963,0.7357046375506529,0.00945520036019811,5563,0.679834022409971,0.7195757684702498,5.314398705734316,0.367023188926838,13.28,12.98,12.82,12.4,-2,-2,-2
977,1205741354,5,15,14,12,13,2428,0.2913907284768212,0.6239882266372333,0.2762790697674419,0.6093023255813953,689,0.8535316884373487,0.6124818577648766,7.018867924528302,0.3838896952104499,3678,0.4548432381843706,0.07908282639213851,0.46218487394957986,0.09179056237879767,7722,0.6439933523266852,0.24164724164724163,5.484977984977985,0.3709747043080376,3895,0.66626936829559,0.03814064362336114,0.7354925775978407,0.009446693657219974,5567,0.679704808095324,0.7197772588467757,5.314172804023711,0.3669391054427878,13.28,13.0,12.8,12.42,1,3,2
978,1205741355,5,14,13,14,13,2429,0.2913907284768212,0.6239882266372333,0.27695167286245354,0.6087360594795539,690,0.8530193236714975,0.6130434782608696,7.018840579710145,0.38405797101449274,3678,0.4548432381843706,0.07908282639213851,0.46218487394957986,0.09179056237879767,7732,0.6441304535264697,0.2413347128815313,5.484997413347129,0.37097991032936706,3902,0.6656751933372992,0.0380725758477097,0.73551863493489,0.009429726088908847,5571,0.679396278346198,0.7199784598815293,5.313947226709747,0.3669000179500987,13.3,12.98,12.82,12.4,1,0,1
979,1205741356,5,15,13,13,12,2431,0.2924320352681852,0.6230712711241734,0.27695167286245354,0.6087360594795539,690,0.8530193236714975,0.6130434782608696,7.018840579710145,0.38405797101449274,3685,0.45492760392340026,0.07940214852872489,0.4619354838709677,0.09225806451612903,7736,0.644120561875215,0.24133919338159254,5.485005170630817,0.37101430541192687,3904,0.6660724896019014,0.038027332144979206,0.73551863493489,0.009429726088908847,5580,0.6790173237753887,0.7200716845878136,5.313620071684587,0.36680107526881717,13.34,13.0,12.84,12.42,2,2,3
980,1205741357,5,15,14,13,14,2435,0.2925219941348974,0.6231671554252199,0.27669452181987003,0.6090993500464252,690,0.8530193236714975,0.6130434782608696,7.018840579710145,0.38405797101449274,3691,0.4542910447761194,0.07929104477611941,0.4623309723116549,0.09207984546039923,7746,0.6439345038299333,0.24141492383165505,5.484895429899303,0.37108400034426364,3908,0.6658753709198814,0.03798219584569733,0.7348586810228802,0.009421265141318977,5583,0.6789211296196792,0.7202221028121082,5.3134515493462295,0.3667830915278524,13.44,12.96,12.86,12.44,1,2,1
981,1205741358,5,12,14,13,14,2437,0.2925219941348974,0.6231671554252199,0.2761816496756256,0.6098239110287303,692,0.8527215799614642,0.6127167630057804,7.01878612716763,0.38403179190751446,3697,0.45369939506747325,0.07957189390414146,0.4626769626769627,0.09202059202059203,7754,0.6438504857707845,0.24142378127418107,5.485168945060614,0.37102355773364276,3914,0.6658767772511849,0.037914691943127965,0.7343189964157706,0.009408602150537635,5586,0.6790040577634566,0.7203723594701038,5.31328320802005,0.366765127103473,13.46,13.02,12.88,12.5,-2,-1,-2
982,1205741359,5,15,14,11,11,2439,0.2925219941348974,0.6231671554252199,0.2765957446808511,0.6096207215541165,692,0.8527215799614642,0.6127167630057804,7.01878612716763,0.38403179190751446,3700,0.45420734542073454,0.0794979079497908,0.46237942122186493,0.09196141479099679,7762,0.6435733917375243,0.2413037876835867,5.484926565318217,0.3710598642961435,3916,0.6658767772511849,0.037914691943127965,0.73455684870188,0.009400179051029543,5594,0.6789864140150165,0.7200572041473007,5.313013943510905,0.36677690382552736,13.5,13.04,12.84,12.46,1,4,4
983,1205741360,5,13,13,13,13,2439,0.2925219941348974,0.6231671554252199,0.2765957446808511,0.6096207215541165,693,0.8529341029341029,0.6118326118326118,7.0187590187590185,0.3838383838383838,3702,0.4544609665427509,0.07946096654275094,0.4620822622107969,0.09190231362467867,7773,0.6434774218448471,0.24134825678631158,5.4851408722500965,0.37108152150606794,3919,0.6660746003552398,0.037892243931320305,0.7347942754919499,0.009391771019677997,5601,0.6790602868535385,0.7202285306195322,5.312801285484735,0.36689876807712907,13.46,13.02,12.88,12.46,0,0,0
984,1205741361,5,13,11,13,13,2442,0.2918800292611558,0.6232626188734455,0.2765957446808511,0.6096207215541165,694,0.853146013448607,0.6109510086455331,7.018731988472623,0.3840057636887608,3707,0.454292343387471,0.07935034802784223,0.46277278562259305,0.09178433889602054,7780,0.6433483290488428,0.24151670951156812,5.485089974293059,0.3710689802913453,3923,0.6652868125369604,0.03784742755765819,0.7345844504021448,0.00938337801608579,5607,0.6794037215385534,0.7203495630461922,5.312823256643481,0.3668182628856786,13.48,12.96,12.88,12.52,2,0,0
985,1205741362,5,15,12,13,12,2444,0.2916666666666667,0.6228070175438597,0.27726432532347506,0.6090573012939002,695,0.8526378896882493,0.6115107913669064,7.018705035971223,0.3841726618705036,3708,0.45454545454545453,0.07931354359925788,0.46277278562259305,0.09178433889602054,7788,0.6435648861496314,0.2416538263995891,5.485362095531587,0.37110511898647486,3932,0.6645047169811321,0.038325471698113206,0.7350579839429081,0.00936663693131133,5611,0.6793649379195632,0.7203707004099091,5.313134913562645,0.3668240955266441,13.56,12.98,12.92,12.52,3,2,3
986,1205741363,5,10,11,13,11,2447,0.2914536157779401,0.6223520818115412,0.2767527675276753,0.6097785977859779,695,0.8526378896882493,0.6115107913669064,7.018705035971223,0.3841726618705036,3711,0.4541241890639481,0.07924003707136237,0.46247594611930726,0.09172546504169339,7795,0.6438208253153725,0.2416933932007697,5.485311096856959,0.3710925807141329,3936,0.6639199529134785,0.03825779870512066,0.7351761034329024,0.009362460989745877,5619,0.6792875363350541,0.7204128848549564,5.312689090585513,0.36683573589606694,13.46,12.9,12.92,12.5,-1,-3,-1
987,1205741364,5,14,17,14,16,2451,0.29175784099197666,0.6214442013129103,0.27716390423572745,0.6095764272559853,695,0.8526378896882493,0.6115107913669064,7.018705035971223,0.3841726618705036,3717,0.45441925034706154,0.07913003239241093,0.46286811779769527,0.09154929577464789,7801,0.6437102080929791,0.24189206511985642,5.485450583258556,0.3711596803828568,3939,0.6631393298059964,0.03880070546737213,0.7352941176470589,0.009358288770053475,5624,0.6794541251778099,0.7203058321479374,5.3124110953058326,0.36686522048364156,13.44,12.96,12.96,12.5,-3,0,-2
988,1205741365,5,17,13,13,13,2451,0.29175784099197666,0.6214442013129103,0.27716390423572745,0.6095764272559853,696,0.8528496168582375,0.610632183908046,7.01867816091954,0.3843390804597701,3720,0.45399907535829864,0.07905686546463246,0.46321177223288545,0.09149072296865003,7813,0.643809462861043,0.2419045181108409,5.485472929732497,0.371101582832032,3942,0.663337250293772,0.038777908343125736,0.7350845948352627,0.009349955476402494,5628,0.6795042643923246,0.7199715707178393,5.312189054726368,0.3669598436389481,13.56,12.98,12.94,12.5,4,4,4
989,1205741366,5,11,11,14,12,2458,0.2914244186046512,0.622093023255814,0.2775735294117647,0.609375,697,0.8530607364897177,0.6097560975609756,7.018651362984218,0.38414634146341464,3722,0.4537892791127542,0.07902033271719039,0.4635549872122762,0.09143222506393862,7820,0.6439791133844837,0.24194373401534527,5.485294117647059,0.3710890878090366,3947,0.6633431085043988,0.03870967741935484,0.7348754448398577,0.009341637010676156,5633,0.679552044499675,0.7198650807740103,5.311911947452512,0.36703355228120005,13.52,12.92,12.96,12.5,0,-3,-1
990,1205741367,5,11,12,11,13,2458,0.2914244186046512,0.622093023255814,0.2775735294117647,0.609375,698,0.8532712511938871,0.6103151862464183,7.018624641833811,0.3839541547277937,3726,0.4538319482917821,0.07940904893813482,0.46296296296296297,0.09195402298850575,7828,0.6442152103559865,0.24182422074603985,5.48569238630557,0.3710292113779594,3950,0.6635404454865181,0.038686987104337635,0.7346666666666667,0.009333333333333334,5641,0.6793860426638307,0.719907817762808,5.311824144655203,0.36713348697039533,13.44,12.9,12.9,12.56,-1,0,-2
991,1205741368,5,13,12,13,12,2461,0.29172714078374457,0.6211901306240929,0.2773186409550046,0.6097337006427915,698,0.8532712511938871,0.6103151862464183,7.018624641833811,0.3839541547277937,3731,0.4536652835408022,0.0792992162286768,0.4630102040816326,0.09247448979591837,7834,0.6441685813973274,0.24189430686750063,5.485703344396222,0.37096842821887493,3953,0.6637375512595196,0.03866432337434095,0.7349023090586145,0.009325044404973356,5649,0.6793680297397774,0.7201274561869357,5.311559568065144,0.3671888829881395,13.44,12.88,12.88,12.54,1,0,1
992,1205741369,5,13,13,14,11,2466,0.29088277858176553,0.6215629522431259,0.27706422018348625,0.6100917431192661,700,0.8536904761904761,0.61,7.018571428571429,0.38357142857142856,3734,0.45370796867802854,0.07922616305849839,0.4627151051625239,0.09241555130656469,7839,0.6442679763575281,0.24212271973466004,5.485903814262024,0.37093379257558357,3957,0.66296079578701,0.03861907548273844,0.7351375332741792,0.009316770186335404,5657,0.6796446879971721,0.7201697012550822,5.31182605621354,0.36706735018561076,13.48,12.92,12.88,12.52,0,-1,2
993,1205741370,5,16,15,15,12,2470,0.29067245119305857,0.6218365871294288,0.2790484903934126,0.6084172003659652,701,0.8538991916310033,0.6105563480741797,7.018544935805991,0.38373751783166904,3738,0.4539594843462247,0.07918968692449356,0.4631043256997455,0.09223918575063614,7846,0.6443092021412179,0.2424165179709406,5.485980117257201,0.37098521539638024,3961,0.6623831775700935,0.038551401869158876,0.7352549889135255,0.009312638580931265,5662,0.6796479453667731,0.7198869657364889,5.3117273048392795,0.36727304839279407,13.54,12.98,12.94,12.54,1,1,4
994,1205741371,5,13,11,11,14,2472,0.2904624277456647,0.6213872832369942,0.2797074954296161,0.6078610603290676,702,0.8541073124406456,0.6096866096866097,7.018518518518518,0.38354700854700857,3738,0.4539594843462247,0.07918968692449356,0.4631043256997455,0.09223918575063614,7854,0.6442258721670481,0.242296918767507,5.48637636872931,0.37092564298446645,3964,0.6623906705539359,0.03848396501457726,0.7352549889135255,0.009312638580931265,5671,0.6798036795391764,0.7199788397108093,5.3115852583318635,0.36717510139305237,13.52,12.92,12.92,12.58,2,2,-1
995,1205741372,5,14,13,13,14,2475,0.2905551550108147,0.6214852198990627,0.2797074954296161,0.6078610603290676,703,0.8543148411569463,0.6102418207681366,7.018492176386913,0.3833570412517781,3745,0.45429490124023886,0.07900780891134589,0.46378653113087676,0.09212198221092757,7857,0.6442344406261926,0.2422044037164312,5.486445208094692,0.37100674557719227,3965,0.6623906705539359,0.03848396501457726,0.7353723404255319,0.009308510638297872,5680,0.6798708920187798,0.7204225352112676,5.311267605633803,0.36704812206572773,13.5,12.94,12.94,12.7,1,1,0
996,1205741373,5,14,11,12,12,2479,0.29013678905687545,0.6220302375809935,0.2791970802919708,0.6085766423357665,704,0.8545217803030302,0.609375,7.018465909090909,0.3835227272727273,3748,0.4541284403669725,0.07935779816513762,0.46378653113087676,0.09212198221092757,7866,0.644323671497584,0.2421815408085431,5.486778540554284,0.37096364098652423,3970,0.6627839254513687,0.0384391380314502,0.7357237715803453,0.009296148738379814,5684,0.6800082101806244,0.7206192821956369,5.311400422237861,0.3670097349284542,13.56,12.92,12.96,12.7,3,2,2
997,1205741374,5,14,14,13,13,2481,0.2906474820143885,0.6215827338129496,0.27985414767547856,0.6080218778486782,704,0.8545217803030302,0.609375,7.018465909090909,0.3835227272727273,3751,0.45442052221713236,0.07924874026568941,0.46378653113087676,0.09212198221092757,7873,0.6445128921630885,0.24222024641178713,5.486726787755621,0.370919598628223,3973,0.6627839254513687,0.0384391380314502,0.7351900972590628,0.009725906277630416,5692,0.6799016163035845,0.7208362614195362,5.3121925509487,0.36710880768329823,13.52,12.92,12.98,12.72,0,1,1
998,1205741375,5,13,13,12,13,2482,0.29043853342918763,0.6218547807332854,0.27985414767547856,0.6080218778486782,707,0.855139085337105,0.6096181046676096,7.01980198019802,0.38295615275813294,3754,0.45467032967032966,0.07921245421245421,0.46383248730964466,0.09263959390862944,7879,0.6443393831704525,0.24216271100393452,5.486863815204975,0.37092270592714804,3975,0.6629802095459837,0.03841676367869616,0.7348652231551038,0.009721608484312859,5698,0.6798876798876804,0.7209547209547209,5.312214812214812,0.36702936702936706,13.52,12.92,12.98,12.72,0,1,0
999,1205741376,5,16,16,12,12,2482,0.29043853342918763,0.6218547807332854,0.27985414767547856,0.6080218778486782,707,0.855139085337105,0.6096181046676096,7.01980198019802,0.38295615275813294,3758,0.4554183813443073,0.07910379515317786,0.4641724793912492,0.09258084971464807,7883,0.6441392870734486,0.24203983255105924,5.486870480781429,0.37098820246099196,3976,0.6629802095459837,0.03841676367869616,0.734982332155477,0.009717314487632508,5710,0.6802101576182141,0.7206654991243433,5.3133099824868655,0.36700233508464686,13.56,12.98,12.98,12.68,0,4,4
1000,1205741377,5,15,14,15,9,2482,0.29043853342918763,0.6218547807332854,0.27985414767547856,0.6080218778486782,708,0.8539312617702447,0.6101694915254238,7.019774011299435,0.3827683615819209,3764,0.4554997717937015,0.07895937927886809,0.4648511716276124,0.09246358454718176,7890,0.6442015209125469,0.24195183776932827,5.486818757921419,0.3709759188846641,3979,0.6631762652705061,0.038394415357766144,0.7343336275375111,0.009708737864077669,5718,0.680191209047453,0.7203567681007346,5.313396292409934,0.36710096770432554,13.56,13.02,13.04,12.62,1,0,6
