game,seed,teamset,adaptive_persistent,adaptive_reset,full,intentional,p1_resp_obs,p1_p_play_num,p1_p_disc_num,p1_p_play_color,p1_p_disc_color,p1_giving_obs,p1_giving_play_bias,p1_giving_color_bias,p1_giving_conservatism,p1_giving_coverage,p2_resp_obs,p2_p_play_num,p2_p_disc_num,p2_p_play_color,p2_p_disc_color,p2_giving_obs,p2_giving_play_bias,p2_giving_color_bias,p2_giving_conservatism,p2_giving_coverage,p3_resp_obs,p3_p_play_num,p3_p_disc_num,p3_p_play_color,p3_p_disc_color,p3_giving_obs,p3_giving_play_bias,p3_giving_color_bias,p3_giving_conservatism,p3_giving_coverage,ma50_adaptive_persistent,ma50_adaptive_reset,ma50_full,ma50_intentional,diff_persistent_reset,diff_persistent_full,diff_persistent_intentional
1,1205740378,2,14,14,12,13,3,0.6,0.2,0.5,0.25,5,0.1,0.2,5.6,0.45,1,0.3333333333333333,0.3333333333333333,0.25,0.5,7,0.5,0.2857142857142857,5.428571428571429,0.35714285714285715,7,0.3333333333333333,0.16666666666666666,0.5714285714285714,0.14285714285714285,1,0.5,1.0,6.0,0.5,14.0,14.0,12.0,13.0,0,2,1
2,1205740379,2,14,14,12,14,6,0.75,0.125,0.5,0.25,11,0.36363636363636365,0.09090909090909091,5.545454545454546,0.45454545454545453,3,0.25,0.25,0.4,0.4,14,0.5952380952380951,0.5,5.285714285714286,0.4107142857142857,12,0.2857142857142857,0.14285714285714285,0.36363636363636365,0.18181818181818182,1,0.5,1.0,6.0,0.5,14.0,14.0,12.0,13.5,0,2,0
3,1205740380,2,13,13,12,11,8,0.7777777777777778,0.1111111111111111,0.4,0.4,22,0.4318181818181818,0.18181818181818182,5.409090909090909,0.4090909090909091,4,0.25,0.25,0.3333333333333333,0.3333333333333333,19,0.5438596491228069,0.47368421052631576,5.2105263157894735,0.40789473684210525,18,0.3,0.1,0.35714285714285715,0.21428571428571427,2,0.75,0.5,6.0,0.5,13.666666666666666,13.666666666666666,12.0,12.666666666666666,0,1,2
4,1205740381,2,16,16,12,13,15,0.8333333333333334,0.08333333333333333,0.6666666666666666,0.2222222222222222,25,0.46,0.2,5.4,0.39,8,0.2,0.2,0.4444444444444444,0.2222222222222222,24,0.47222222222222215,0.4166666666666667,5.166666666666667,0.40625,20,0.36363636363636365,0.09090909090909091,0.3333333333333333,0.2,6,0.75,0.3333333333333333,6.0,0.4583333333333333,14.25,14.25,12.0,12.75,0,4,3
5,1205740382,2,12,13,11,12,21,0.875,0.0625,0.7272727272727273,0.18181818181818182,33,0.4393939393939394,0.15151515151515152,5.424242424242424,0.3560606060606061,8,0.2,0.2,0.4444444444444444,0.2222222222222222,32,0.44791666666666663,0.46875,5.21875,0.375,23,0.38461538461538464,0.07692307692307693,0.375,0.1875,7,0.7857142857142857,0.2857142857142857,6.0,0.4642857142857143,13.8,14.0,11.8,12.6,-1,1,0
6,1205740383,2,13,12,12,10,28,0.9047619047619048,0.047619047619047616,0.7692307692307693,0.15384615384615385,37,0.43243243243243246,0.13513513513513514,5.4324324324324325,0.3581081081081081,10,0.2,0.2,0.36363636363636365,0.2727272727272727,41,0.48373983739837395,0.4878048780487805,5.219512195121951,0.3780487804878049,27,0.3125,0.125,0.35294117647058826,0.17647058823529413,8,0.8125,0.25,6.0,0.4375,13.666666666666666,13.666666666666666,11.833333333333334,12.166666666666666,1,1,3
7,1205740384,2,13,13,9,13,31,0.9130434782608695,0.043478260869565216,0.7857142857142857,0.14285714285714285,47,0.4574468085106383,0.1276595744680851,5.468085106382978,0.35638297872340424,12,0.16666666666666666,0.16666666666666666,0.3333333333333333,0.25,47,0.46453900709219853,0.5106382978723404,5.212765957446808,0.3723404255319149,30,0.3333333333333333,0.1111111111111111,0.3333333333333333,0.16666666666666666,8,0.8125,0.25,6.0,0.4375,13.571428571428571,13.571428571428571,11.428571428571429,12.285714285714286,0,4,0
8,1205740385,2,11,14,11,13,36,0.9285714285714286,0.03571428571428571,0.7857142857142857,0.14285714285714285,53,0.44339622641509435,0.1320754716981132,5.433962264150943,0.35377358490566035,13,0.16666666666666666,0.16666666666666666,0.3076923076923077,0.23076923076923078,53,0.45911949685534587,0.5660377358490566,5.2075471698113205,0.36792452830188677,37,0.30434782608695654,0.13043478260869565,0.3,0.15,9,0.7777777777777778,0.2222222222222222,6.0,0.4444444444444444,13.25,13.625,11.375,12.375,-3,0,-2
9,1205740386,2,12,13,13,13,39,0.9310344827586207,0.034482758620689655,0.8125,0.125,59,0.4661016949152542,0.15254237288135594,5.4576271186440675,0.3516949152542373,16,0.25,0.125,0.35714285714285715,0.21428571428571427,60,0.4388888888888889,0.5666666666666667,5.183333333333334,0.37916666666666665,41,0.2692307692307692,0.11538461538461539,0.3333333333333333,0.14285714285714285,10,0.8,0.2,6.0,0.425,13.11111111111111,13.555555555555555,11.555555555555555,12.444444444444445,-1,-1,-1
10,1205740387,2,13,13,10,13,42,0.9354838709677419,0.03225806451612903,0.8235294117647058,0.11764705882352941,65,0.47692307692307695,0.15384615384615385,5.430769230769231,0.35,18,0.25,0.125,0.375,0.1875,67,0.44029850746268656,0.5970149253731343,5.17910447761194,0.376865671641791,45,0.2857142857142857,0.10714285714285714,0.30434782608695654,0.13043478260869565,11,0.7272727272727273,0.18181818181818182,6.0,0.4090909090909091,13.1,13.5,11.4,12.5,0,3,0
11,1205740388,2,13,13,10,12,47,0.9411764705882353,0.029411764705882353,0.8421052631578947,0.10526315789473684,72,0.5,0.16666666666666666,5.458333333333333,0.3541666666666667,21,0.2222222222222222,0.1111111111111111,0.3333333333333333,0.2222222222222222,74,0.43243243243243246,0.6216216216216216,5.1891891891891895,0.3783783783783784,47,0.27586206896551724,0.10344827586206896,0.2916666666666667,0.125,11,0.7272727272727273,0.18181818181818182,6.0,0.4090909090909091,13.090909090909092,13.454545454545455,11.272727272727273,12.454545454545455,0,3,1
12,1205740389,2,15,13,13,14,56,0.95,0.025,0.8636363636363636,0.09090909090909091,75,0.5,0.16,5.466666666666667,0.3566666666666667,22,0.2222222222222222,0.1111111111111111,0.3157894736842105,0.21052631578947367,83,0.4397590361445783,0.6144578313253012,5.192771084337349,0.3704819277108434,50,0.26666666666666666,0.1,0.3076923076923077,0.11538461538461539,12,0.75,0.16666666666666666,6.0,0.3958333333333333,13.25,13.416666666666666,11.416666666666666,12.583333333333334,2,2,1
13,1205740390,2,14,13,12,12,59,0.9523809523809523,0.023809523809523808,0.8695652173913043,0.08695652173913043,84,0.5119047619047619,0.16666666666666666,5.440476190476191,0.36904761904761907,25,0.3,0.1,0.3333333333333333,0.19047619047619047,87,0.44636015325670503,0.6206896551724138,5.195402298850575,0.3706896551724138,55,0.25806451612903225,0.0967741935483871,0.3,0.1,12,0.75,0.16666666666666666,6.0,0.3958333333333333,13.307692307692308,13.384615384615385,11.461538461538462,12.538461538461538,1,2,2
14,1205740391,2,14,13,11,10,67,0.9565217391304348,0.021739130434782608,0.8888888888888888,0.07407407407407407,89,0.5056179775280899,0.19101123595505617,5.438202247191011,0.3651685393258427,27,0.2727272727272727,0.09090909090909091,0.3181818181818182,0.18181818181818182,93,0.449820788530466,0.6021505376344086,5.204301075268817,0.3709677419354839,58,0.24242424242424243,0.12121212121212122,0.3225806451612903,0.0967741935483871,14,0.75,0.21428571428571427,6.0,0.4107142857142857,13.357142857142858,13.357142857142858,11.428571428571429,12.357142857142858,1,3,4
15,1205740392,2,10,10,12,13,67,0.9565217391304348,0.021739130434782608,0.8888888888888888,0.07407407407407407,98,0.5170068027210885,0.20408163265306123,5.5,0.36989795918367346,27,0.2727272727272727,0.09090909090909091,0.3181818181818182,0.18181818181818182,100,0.4616666666666667,0.62,5.25,0.3725,62,0.22857142857142856,0.11428571428571428,0.30303030303030304,0.09090909090909091,14,0.75,0.21428571428571427,6.0,0.4107142857142857,13.133333333333333,13.133333333333333,11.466666666666667,12.4,0,-2,-3
16,1205740393,2,13,13,10,13,72,0.96,0.02,0.8928571428571429,0.07142857142857142,106,0.5062893081761006,0.2169811320754717,5.5,0.36792452830188677,32,0.25,0.0625,0.3181818181818182,0.18181818181818182,106,0.44496855345911956,0.6037735849056604,5.254716981132075,0.37106918238993714,64,0.22857142857142856,0.11428571428571428,0.3142857142857143,0.08571428571428572,15,0.7666666666666667,0.2,6.0,0.4166666666666667,13.125,13.125,11.375,12.4375,0,3,0
17,1205740394,2,15,12,11,12,76,0.9615384615384616,0.019230769230769232,0.9,0.06666666666666667,114,0.5190058479532164,0.24561403508771928,5.5,0.36622807017543857,32,0.25,0.0625,0.3181818181818182,0.18181818181818182,112,0.43005952380952384,0.5982142857142857,5.258928571428571,0.3668154761904762,65,0.22857142857142856,0.11428571428571428,0.3333333333333333,0.08333333333333333,18,0.8055555555555556,0.2222222222222222,6.111111111111111,0.4027777777777778,13.235294117647058,13.058823529411764,11.352941176470589,12.411764705882353,3,4,3
18,1205740395,2,11,11,16,12,79,0.9636363636363636,0.01818181818181818,0.9,0.06666666666666667,123,0.5216802168021679,0.23577235772357724,5.536585365853658,0.36585365853658536,37,0.2631578947368421,0.05263157894736842,0.3333333333333333,0.16666666666666666,120,0.42638888888888893,0.5833333333333334,5.266666666666667,0.3715277777777778,67,0.22857142857142856,0.11428571428571428,0.3157894736842105,0.10526315789473684,19,0.8157894736842105,0.21052631578947367,6.105263157894737,0.39473684210526316,13.11111111111111,12.944444444444445,11.61111111111111,12.38888888888889,0,-5,-1
19,1205740396,2,12,14,13,11,83,0.9655172413793104,0.017241379310344827,0.9032258064516129,0.06451612903225806,130,0.5243589743589743,0.23846153846153847,5.523076923076923,0.36346153846153845,40,0.25,0.1,0.3076923076923077,0.15384615384615385,127,0.4173228346456693,0.5905511811023622,5.275590551181103,0.37270341207349084,70,0.25,0.1111111111111111,0.3,0.1,19,0.8157894736842105,0.21052631578947367,6.105263157894737,0.39473684210526316,13.052631578947368,13.0,11.68421052631579,12.31578947368421,-2,-1,1
20,1205740397,2,14,14,12,12,85,0.9666666666666667,0.016666666666666666,0.9032258064516129,0.06451612903225806,140,0.5011904761904761,0.2357142857142857,5.507142857142857,0.3607142857142857,42,0.2857142857142857,0.09523809523809523,0.2962962962962963,0.14814814814814814,131,0.41603053435114506,0.6030534351145038,5.267175572519084,0.3708651399491094,73,0.24324324324324326,0.10810810810810811,0.3333333333333333,0.09523809523809523,20,0.775,0.25,6.1,0.4,13.1,13.05,11.7,12.3,0,2,2
21,1205740398,2,15,13,11,10,90,0.9682539682539683,0.015873015873015872,0.9090909090909091,0.06060606060606061,143,0.5011655011655011,0.23076923076923078,5.503496503496503,0.36363636363636365,45,0.3181818181818182,0.09090909090909091,0.3103448275862069,0.1724137931034483,137,0.41970802919708033,0.5985401459854015,5.2846715328467155,0.3728710462287105,77,0.23684210526315788,0.10526315789473684,0.3333333333333333,0.1111111111111111,24,0.7708333333333334,0.25,6.125,0.375,13.19047619047619,13.047619047619047,11.666666666666666,12.19047619047619,2,4,5
22,1205740399,2,13,13,9,12,94,0.9701492537313433,0.014925373134328358,0.9090909090909091,0.06060606060606061,148,0.49774774774774766,0.23648648648648649,5.486486486486487,0.36317567567567566,51,0.28,0.08,0.34375,0.15625,141,0.41489361702127664,0.5957446808510638,5.276595744680851,0.3711583924349882,81,0.21951219512195122,0.12195121951219512,0.32608695652173914,0.10869565217391304,27,0.7962962962962963,0.2222222222222222,6.111111111111111,0.37037037037037035,13.181818181818182,13.045454545454545,11.545454545454545,12.181818181818182,0,4,1
23,1205740400,2,13,12,10,13,99,0.9714285714285714,0.014285714285714285,0.8857142857142857,0.08571428571428572,152,0.4923245614035087,0.24342105263157895,5.480263157894737,0.3667763157894737,54,0.25925925925925924,0.07407407407407407,0.36363636363636365,0.15151515151515152,150,0.43111111111111117,0.5933333333333334,5.28,0.3738888888888889,83,0.21951219512195122,0.12195121951219512,0.3125,0.10416666666666667,28,0.8035714285714286,0.21428571428571427,6.107142857142857,0.375,13.173913043478262,13.0,11.478260869565217,12.217391304347826,1,3,0
24,1205740401,2,13,13,11,11,102,0.9722222222222222,0.013888888888888888,0.8888888888888888,0.08333333333333333,160,0.4989583333333333,0.24375,5.46875,0.3625,60,0.3,0.06666666666666667,0.3611111111111111,0.1388888888888889,155,0.43333333333333335,0.6,5.283870967741936,0.37311827956989246,86,0.23255813953488372,0.11627906976744186,0.30612244897959184,0.12244897959183673,30,0.8166666666666667,0.2,6.1,0.36666666666666664,13.166666666666666,13.0,11.458333333333334,12.166666666666666,0,2,2
25,1205740402,2,13,13,13,12,110,0.9736842105263158,0.013157894736842105,0.9,0.075,165,0.4979797979797979,0.24848484848484848,5.466666666666667,0.36666666666666664,62,0.28125,0.0625,0.3611111111111111,0.1388888888888889,163,0.4335378323108385,0.5950920245398773,5.282208588957055,0.37014314928425357,87,0.22727272727272727,0.11363636363636363,0.30612244897959184,0.12244897959183673,31,0.8225806451612904,0.1935483870967742,6.096774193548387,0.3709677419354839,13.16,13.0,11.52,12.16,0,0,1
26,1205740403,2,12,12,10,13,115,0.9753086419753086,0.012345679012345678,0.9,0.075,171,0.5009746588693956,0.24561403508771928,5.450292397660819,0.3654970760233918,62,0.28125,0.0625,0.3611111111111111,0.1388888888888889,170,0.4421568627450981,0.5941176470588235,5.2823529411764705,0.37107843137254903,94,0.2391304347826087,0.10869565217391304,0.2777777777777778,0.12962962962962962,32,0.828125,0.1875,6.09375,0.3671875,13.115384615384615,12.961538461538462,11.461538461538462,12.192307692307692,0,2,-1
27,1205740404,2,15,15,12,13,118,0.9759036144578314,0.012048192771084338,0.9024390243902439,0.07317073170731707,175,0.5066666666666666,0.24571428571428572,5.468571428571429,0.3628571428571429,62,0.28125,0.0625,0.3611111111111111,0.1388888888888889,182,0.45283882783882784,0.5824175824175825,5.335164835164835,0.3727106227106228,95,0.23404255319148937,0.1276595744680851,0.2777777777777778,0.12962962962962962,34,0.8088235294117647,0.20588235294117646,6.117647058823529,0.3602941176470588,13.185185185185185,13.037037037037036,11.481481481481481,12.222222222222221,0,3,2
28,1205740405,2,12,13,11,12,118,0.9759036144578314,0.012048192771084338,0.9024390243902439,0.07317073170731707,184,0.503623188405797,0.25,5.4728260869565215,0.36730072463768115,66,0.29411764705882354,0.058823529411764705,0.3684210526315789,0.13157894736842105,188,0.4383865248226951,0.5904255319148937,5.329787234042553,0.37056737588652483,101,0.22,0.12,0.2631578947368421,0.12280701754385964,36,0.8194444444444444,0.19444444444444445,6.166666666666667,0.3611111111111111,13.142857142857142,13.035714285714286,11.464285714285714,12.214285714285714,-1,1,0
29,1205740406,2,13,16,12,9,125,0.9772727272727273,0.011363636363636364,0.9069767441860465,0.06976744186046512,189,0.4991181657848324,0.25396825396825395,5.476190476190476,0.3694885361552028,69,0.2777777777777778,0.08333333333333333,0.358974358974359,0.15384615384615385,196,0.43835034013605445,0.5918367346938775,5.331632653061225,0.3707482993197279,102,0.21568627450980393,0.13725490196078433,0.2631578947368421,0.12280701754385964,37,0.8243243243243243,0.1891891891891892,6.162162162162162,0.3581081081081081,13.137931034482758,13.137931034482758,11.482758620689655,12.10344827586207,-3,1,4
30,1205740407,2,12,12,11,14,129,0.978021978021978,0.01098901098901099,0.9090909090909091,0.06818181818181818,196,0.5017006802721088,0.25510204081632654,5.5,0.37032312925170063,70,0.2777777777777778,0.08333333333333333,0.375,0.15,203,0.44293924466338264,0.5960591133004927,5.330049261083744,0.37274220032840727,104,0.20754716981132076,0.1509433962264151,0.2631578947368421,0.12280701754385964,39,0.8333333333333334,0.1794871794871795,6.230769230769231,0.3525641025641026,13.1,13.1,11.466666666666667,12.166666666666666,0,1,-2
31,1205740408,2,14,14,12,13,132,0.9782608695652174,0.010869565217391304,0.9130434782608695,0.06521739130434782,202,0.5066006600660066,0.2524752475247525,5.5049504950495045,0.3704620462046204,75,0.3157894736842105,0.07894736842105263,0.3953488372093023,0.13953488372093023,209,0.4421850079744817,0.5933014354066986,5.3253588516746415,0.37161084529505584,106,0.20754716981132076,0.1509433962264151,0.2711864406779661,0.11864406779661017,40,0.8375,0.175,6.225,0.35625,13.129032258064516,13.129032258064516,11.483870967741936,12.193548387096774,0,2,1
32,1205740409,2,14,14,13,11,136,0.9789473684210527,0.010526315789473684,0.9148936170212766,0.06382978723404255,207,0.5136876006441223,0.2608695652173913,5.502415458937198,0.3723832528180354,77,0.3076923076923077,0.07692307692307693,0.4090909090909091,0.13636363636363635,219,0.4379756468797565,0.5981735159817352,5.319634703196347,0.3706240487062405,110,0.21818181818181817,0.16363636363636364,0.2786885245901639,0.13114754098360656,40,0.8375,0.175,6.225,0.35625,13.15625,13.15625,11.53125,12.15625,0,1,3
33,1205740410,2,13,13,12,13,142,0.9797979797979798,0.010101010101010102,0.9183673469387755,0.061224489795918366,214,0.5062305295950156,0.26635514018691586,5.4953271028037385,0.3707165109034268,82,0.30952380952380953,0.07142857142857142,0.43478260869565216,0.13043478260869565,224,0.4371279761904762,0.59375,5.316964285714286,0.36904761904761907,112,0.22807017543859648,0.17543859649122806,0.2786885245901639,0.13114754098360656,40,0.8375,0.175,6.225,0.35625,13.151515151515152,13.151515151515152,11.545454545454545,12.181818181818182,0,1,0
34,1205740411,2,13,13,11,11,148,0.9807692307692307,0.009615384615384616,0.92,0.06,223,0.49925261584454406,0.2645739910313901,5.502242152466367,0.366965620328849,83,0.30952380952380953,0.07142857142857142,0.425531914893617,0.1276595744680851,233,0.4417024320457797,0.5879828326180258,5.309012875536481,0.3655221745350501,114,0.22413793103448276,0.1724137931034483,0.27419354838709675,0.12903225806451613,40,0.8375,0.175,6.225,0.35625,13.147058823529411,13.147058823529411,11.529411764705882,12.147058823529411,0,2,2
35,1205740412,2,12,12,11,12,152,0.9811320754716981,0.009433962264150943,0.9230769230769231,0.057692307692307696,230,0.5014492753623189,0.26521739130434785,5.51304347826087,0.36666666666666664,84,0.30952380952380953,0.07142857142857142,0.4166666666666667,0.125,242,0.4356060606060606,0.5867768595041323,5.309917355371901,0.3622589531680441,117,0.21666666666666667,0.18333333333333332,0.2698412698412698,0.12698412698412698,40,0.8375,0.175,6.225,0.35625,13.114285714285714,13.114285714285714,11.514285714285714,12.142857142857142,0,1,0
36,1205740413,2,15,14,12,14,157,0.9814814814814815,0.009259259259259259,0.9272727272727272,0.05454545454545454,236,0.509180790960452,0.2627118644067797,5.512711864406779,0.3679378531073446,88,0.3023255813953488,0.06976744186046512,0.39215686274509803,0.11764705882352941,249,0.43741633199464525,0.5863453815261044,5.309236947791165,0.3611111111111111,120,0.21666666666666667,0.18333333333333332,0.25757575757575757,0.12121212121212122,40,0.8375,0.175,6.225,0.35625,13.166666666666666,13.13888888888889,11.527777777777779,12.194444444444445,1,3,1
37,1205740414,2,13,15,14,12,158,0.9814814814814815,0.009259259259259259,0.9285714285714286,0.05357142857142857,244,0.5068306010928961,0.2581967213114754,5.524590163934426,0.3681693989071038,93,0.3333333333333333,0.06666666666666667,0.3888888888888889,0.1111111111111111,256,0.44368489583333337,0.57421875,5.3125,0.3639322916666667,123,0.21311475409836064,0.18032786885245902,0.25,0.1323529411764706,41,0.8414634146341463,0.17073170731707318,6.219512195121951,0.35365853658536583,13.162162162162161,13.18918918918919,11.594594594594595,12.18918918918919,-2,-1,1
38,1205740415,2,12,13,12,11,161,0.9818181818181818,0.00909090909090909,0.9298245614035088,0.05263157894736842,252,0.5066137566137566,0.2619047619047619,5.523809523809524,0.3664021164021164,97,0.32608695652173914,0.06521739130434782,0.38596491228070173,0.10526315789473684,265,0.439937106918239,0.5773584905660377,5.309433962264151,0.3628930817610063,124,0.22580645161290322,0.1774193548387097,0.25,0.1323529411764706,41,0.8414634146341463,0.17073170731707318,6.219512195121951,0.35365853658536583,13.131578947368421,13.18421052631579,11.605263157894736,12.157894736842104,-1,0,1
39,1205740416,2,13,15,13,13,166,0.9824561403508771,0.008771929824561403,0.9310344827586207,0.05172413793103448,258,0.5064599483204134,0.26356589147286824,5.51937984496124,0.3656330749354005,98,0.32608695652173914,0.06521739130434782,0.39655172413793105,0.10344827586206896,270,0.442283950617284,0.5777777777777777,5.307407407407408,0.36358024691358026,130,0.208955223880597,0.1791044776119403,0.2608695652173913,0.13043478260869565,42,0.8452380952380952,0.16666666666666666,6.214285714285714,0.35119047619047616,13.128205128205128,13.23076923076923,11.64102564102564,12.179487179487179,-2,0,0
40,1205740417,2,12,12,12,10,170,0.9829059829059829,0.008547008547008548,0.9322033898305084,0.05084745762711865,264,0.5063131313131313,0.2727272727272727,5.518939393939394,0.36426767676767674,103,0.3333333333333333,0.0625,0.39344262295081966,0.09836065573770492,276,0.4435386473429952,0.5760869565217391,5.311594202898551,0.3647342995169082,133,0.22058823529411764,0.17647058823529413,0.2535211267605634,0.14084507042253522,45,0.8111111111111111,0.17777777777777778,6.2,0.3611111111111111,13.1,13.2,11.65,12.125,0,0,2
41,1205740418,2,13,15,12,8,175,0.9834710743801653,0.008264462809917356,0.9333333333333333,0.05,272,0.5079656862745098,0.26838235294117646,5.525735294117647,0.3636642156862745,106,0.34,0.08,0.3870967741935484,0.0967741935483871,282,0.44296690307328607,0.5815602836879432,5.3120567375886525,0.36495271867612294,135,0.21739130434782608,0.17391304347826086,0.25,0.1388888888888889,46,0.8152173913043478,0.17391304347826086,6.195652173913044,0.358695652173913,13.097560975609756,13.24390243902439,11.658536585365853,12.024390243902438,-2,1,5
42,1205740419,2,11,10,11,10,178,0.983739837398374,0.008130081300813009,0.9344262295081968,0.04918032786885246,278,0.5059952038369304,0.2733812949640288,5.528776978417266,0.36570743405275774,109,0.3333333333333333,0.0784313725490196,0.40625,0.09375,291,0.445303550973654,0.5807560137457045,5.312714776632302,0.3699885452462772,138,0.22535211267605634,0.18309859154929578,0.2465753424657534,0.136986301369863,47,0.8191489361702128,0.1702127659574468,6.191489361702128,0.3617021276595745,13.047619047619047,13.166666666666666,11.642857142857142,11.976190476190476,1,0,1
43,1205740420,2,13,12,12,12,184,0.984251968503937,0.007874015748031496,0.9365079365079365,0.047619047619047616,282,0.5,0.2730496453900709,5.5212765957446805,0.367612293144208,110,0.3269230769230769,0.07692307692307693,0.40625,0.09375,300,0.4452777777777777,0.58,5.316666666666666,0.3688888888888889,143,0.22666666666666666,0.17333333333333334,0.24324324324324326,0.14864864864864866,48,0.8229166666666666,0.16666666666666666,6.1875,0.359375,13.046511627906977,13.13953488372093,11.651162790697674,11.976744186046512,1,1,1
44,1205740421,2,14,14,12,13,189,0.9847328244274809,0.007633587786259542,0.9375,0.046875,291,0.49369988545246274,0.27147766323024053,5.515463917525773,0.36827033218785793,116,0.36363636363636365,0.07272727272727272,0.40298507462686567,0.1044776119402985,303,0.4441694169416941,0.5808580858085809,5.313531353135313,0.36853685368536854,145,0.2236842105263158,0.17105263157894737,0.24,0.14666666666666667,49,0.826530612244898,0.16326530612244897,6.183673469387755,0.3622448979591837,13.068181818181818,13.159090909090908,11.659090909090908,12.0,0,2,1
45,1205740422,2,13,13,11,13,194,0.9850746268656716,0.007462686567164179,0.9393939393939394,0.045454545454545456,296,0.4887387387387387,0.2668918918918919,5.513513513513513,0.3662725225225225,119,0.375,0.07142857142857142,0.391304347826087,0.10144927536231885,312,0.4463141025641025,0.5801282051282052,5.310897435897436,0.3683226495726496,149,0.21794871794871795,0.1794871794871795,0.23376623376623376,0.14285714285714285,49,0.826530612244898,0.16326530612244897,6.183673469387755,0.3622448979591837,13.066666666666666,13.155555555555555,11.644444444444444,12.022222222222222,0,2,0
46,1205740423,2,14,12,13,12,195,0.9850746268656716,0.007462686567164179,0.9402985074626866,0.04477611940298507,301,0.4872646733111849,0.26578073089701,5.511627906976744,0.36517165005537094,122,0.39655172413793105,0.06896551724137931,0.4,0.1,319,0.4474921630094043,0.5799373040752351,5.307210031347962,0.3672936259143156,155,0.2289156626506024,0.18072289156626506,0.24358974358974358,0.14102564102564102,50,0.82,0.18,6.18,0.365,13.08695652173913,13.130434782608695,11.673913043478262,12.021739130434783,2,1,2
47,1205740424,2,12,11,13,13,201,0.9856115107913669,0.007194244604316547,0.9411764705882353,0.04411764705882353,307,0.48697068403908794,0.2671009771986971,5.50814332247557,0.3672638436482084,125,0.3898305084745763,0.06779661016949153,0.4027777777777778,0.1111111111111111,324,0.44984567901234557,0.5740740740740741,5.311728395061729,0.3670267489711934,160,0.22093023255813954,0.1744186046511628,0.2375,0.1375,52,0.8173076923076923,0.19230769230769232,6.1923076923076925,0.36538461538461536,13.063829787234043,13.085106382978724,11.702127659574469,12.042553191489361,1,-1,-1
48,1205740425,2,14,11,11,13,205,0.9859154929577465,0.007042253521126761,0.9420289855072463,0.043478260869565216,313,0.4840255591054313,0.268370607028754,5.507987220447284,0.3690095846645367,128,0.3770491803278688,0.06557377049180328,0.410958904109589,0.1095890410958904,330,0.4507575757575757,0.5787878787878787,5.3121212121212125,0.3664141414141414,166,0.24175824175824176,0.16483516483516483,0.2345679012345679,0.14814814814814814,52,0.8173076923076923,0.19230769230769232,6.1923076923076925,0.36538461538461536,13.083333333333334,13.041666666666666,11.6875,12.0625,3,3,1
49,1205740426,2,14,15,13,13,210,0.9861111111111112,0.006944444444444444,0.9444444444444444,0.041666666666666664,316,0.48417721518987344,0.2689873417721519,5.512658227848101,0.36867088607594933,132,0.375,0.0625,0.4189189189189189,0.10810810810810811,338,0.45044378698224846,0.5739644970414202,5.3076923076923075,0.3673570019723866,169,0.25,0.16304347826086957,0.2289156626506024,0.14457831325301204,53,0.8207547169811321,0.18867924528301888,6.188679245283019,0.3632075471698113,13.10204081632653,13.081632653061224,11.714285714285714,12.081632653061224,-1,1,1
50,1205740427,2,13,14,14,13,216,0.9863945578231292,0.006802721088435374,0.9466666666666667,0.04,322,0.4782608695652174,0.2670807453416149,5.509316770186335,0.36723602484472045,136,0.3787878787878788,0.06060606060606061,0.40789473684210525,0.10526315789473684,343,0.45553935860058303,0.5743440233236151,5.311953352769679,0.36710398445092324,172,0.25,0.16304347826086957,0.22093023255813954,0.1511627906976744,54,0.8240740740740741,0.18518518518518517,6.185185185185185,0.3611111111111111,13.1,13.1,11.76,12.1,-1,-1,0
51,1205740428,2,14,14,10,12,220,0.9867549668874173,0.006622516556291391,0.9466666666666667,0.04,330,0.47424242424242424,0.2727272727272727,5.503030303030303,0.3674242424242424,139,0.38235294117647056,0.058823529411764705,0.4155844155844156,0.1038961038961039,349,0.4534383954154727,0.5759312320916905,5.315186246418338,0.3667621776504298,177,0.25263157894736843,0.15789473684210525,0.22727272727272727,0.14772727272727273,55,0.8272727272727273,0.18181818181818182,6.181818181818182,0.35909090909090907,13.1,13.1,11.72,12.08,0,4,2
52,1205740429,2,12,14,9,13,221,0.9868421052631579,0.006578947368421052,0.9466666666666667,0.04,338,0.4783037475345167,0.2781065088757396,5.502958579881657,0.36760355029585795,143,0.38571428571428573,0.05714285714285714,0.4177215189873418,0.10126582278481013,356,0.4529494382022471,0.5758426966292135,5.317415730337078,0.3651685393258427,177,0.25263157894736843,0.15789473684210525,0.22727272727272727,0.14772727272727273,57,0.8157894736842105,0.21052631578947367,6.175438596491228,0.35526315789473684,13.06,13.1,11.66,12.06,-2,3,-1
53,1205740430,2,10,10,14,12,223,0.9869281045751634,0.006535947712418301,0.9473684210526315,0.039473684210526314,348,0.4765325670498084,0.27873563218390807,5.497126436781609,0.36853448275862066,148,0.3783783783783784,0.05405405405405406,0.4125,0.1,361,0.4494459833795013,0.5761772853185596,5.3185595567867034,0.36426592797783935,179,0.25263157894736843,0.15789473684210525,0.23333333333333334,0.15555555555555556,58,0.8017241379310345,0.20689655172413793,6.172413793103448,0.35344827586206895,13.0,13.04,11.7,12.08,0,-4,-2
54,1205740431,2,12,14,12,12,229,0.9811320754716981,0.006289308176100629,0.9473684210526315,0.039473684210526314,353,0.4811142587346553,0.2776203966005666,5.492917847025495,0.36756373937677056,151,0.3783783783783784,0.05405405405405406,0.40963855421686746,0.0963855421686747,366,0.45013661202185784,0.5765027322404371,5.319672131147541,0.3633879781420765,183,0.26804123711340205,0.15463917525773196,0.22826086956521738,0.15217391304347827,59,0.8050847457627118,0.2033898305084746,6.169491525423729,0.3516949152542373,12.92,13.0,11.7,12.06,-2,0,0
55,1205740432,2,15,12,14,13,235,0.9815950920245399,0.006134969325153374,0.9487179487179487,0.038461538461538464,359,0.48328690807799435,0.28133704735376047,5.487465181058496,0.3697771587743733,157,0.358974358974359,0.05128205128205128,0.4,0.09411764705882353,371,0.44676549865229104,0.5795148247978437,5.320754716981132,0.36253369272237196,183,0.26804123711340205,0.15463917525773196,0.22826086956521738,0.15217391304347827,60,0.8,0.2,6.166666666666667,0.3541666666666667,12.98,12.98,11.76,12.08,3,1,2
56,1205740433,2,12,12,12,11,239,0.9818181818181818,0.006060606060606061,0.95,0.0375,368,0.47961956521739124,0.2826086956521739,5.480978260869565,0.36752717391304346,161,0.3625,0.0625,0.39080459770114945,0.09195402298850575,374,0.44719251336898386,0.5802139037433155,5.320855614973262,0.3622994652406417,187,0.27,0.15,0.22580645161290322,0.15053763440860216,63,0.8095238095238095,0.2222222222222222,6.190476190476191,0.3531746031746032,12.96,12.98,11.76,12.1,0,0,1
57,1205740434,2,12,14,13,14,243,0.9820359281437125,0.005988023952095809,0.9512195121951219,0.036585365853658534,376,0.4747340425531914,0.2845744680851064,5.4787234042553195,0.3683510638297872,164,0.35802469135802467,0.06172839506172839,0.39325842696629215,0.0898876404494382,380,0.4467105263157894,0.5789473684210527,5.321052631578947,0.3625,190,0.27184466019417475,0.14563106796116504,0.22580645161290322,0.15053763440860216,63,0.8095238095238095,0.2222222222222222,6.190476190476191,0.3531746031746032,12.94,13.0,11.84,12.12,-2,-1,-2
58,1205740435,2,13,13,13,14,251,0.9825581395348837,0.005813953488372093,0.9529411764705882,0.03529411764705882,380,0.4749999999999999,0.2868421052631579,5.478947368421053,0.36776315789473685,164,0.35802469135802467,0.06172839506172839,0.39325842696629215,0.0898876404494382,388,0.4490979381443298,0.5773195876288659,5.329896907216495,0.36211340206185566,193,0.2641509433962264,0.1509433962264151,0.22580645161290322,0.15053763440860216,63,0.8095238095238095,0.2222222222222222,6.190476190476191,0.3531746031746032,12.98,12.98,11.88,12.14,0,0,-1
59,1205740436,2,11,10,12,11,253,0.9825581395348837,0.005813953488372093,0.9425287356321839,0.034482758620689655,389,0.47686375321336755,0.2802056555269923,5.4832904884318765,0.36568123393316193,166,0.35802469135802467,0.06172839506172839,0.38461538461538464,0.08791208791208792,396,0.45012626262626254,0.5833333333333334,5.328282828282828,0.3611111111111111,194,0.2616822429906542,0.14953271028037382,0.22580645161290322,0.15053763440860216,64,0.8125,0.21875,6.1875,0.3515625,12.96,12.92,11.86,12.1,1,-1,0
60,1205740437,2,12,11,12,11,254,0.9825581395348837,0.005813953488372093,0.9431818181818182,0.03409090909090909,398,0.47864321608040195,0.27638190954773867,5.489949748743719,0.3636934673366834,168,0.36585365853658536,0.06097560975609756,0.391304347826087,0.08695652173913043,406,0.4427339901477832,0.583743842364532,5.320197044334975,0.35960591133004927,195,0.26851851851851855,0.14814814814814814,0.22580645161290322,0.15053763440860216,65,0.8153846153846154,0.2153846153846154,6.184615384615385,0.35384615384615387,12.94,12.88,11.9,12.06,1,0,1
61,1205740438,2,14,12,13,12,256,0.9827586206896551,0.005747126436781609,0.9431818181818182,0.03409090909090909,406,0.4856321839080459,0.27586206896551724,5.485221674876847,0.3645320197044335,172,0.37349397590361444,0.060240963855421686,0.3894736842105263,0.08421052631578947,411,0.4434306569343065,0.5863746958637469,5.318734793187348,0.3588807785888078,200,0.2743362831858407,0.1415929203539823,0.22580645161290322,0.15053763440860216,65,0.8153846153846154,0.2153846153846154,6.184615384615385,0.35384615384615387,12.96,12.86,11.96,12.06,2,1,2
62,1205740439,2,14,10,13,13,261,0.9832402234636871,0.00558659217877095,0.9431818181818182,0.03409090909090909,413,0.4870863599677158,0.2784503631961259,5.486682808716707,0.36561743341404357,177,0.367816091954023,0.05747126436781609,0.3854166666666667,0.08333333333333333,418,0.44198564593301426,0.5885167464114832,5.318181818181818,0.3588516746411483,202,0.26956521739130435,0.1391304347826087,0.22580645161290322,0.15053763440860216,65,0.8153846153846154,0.2153846153846154,6.184615384615385,0.35384615384615387,12.94,12.8,11.96,12.04,4,1,1
63,1205740440,2,13,13,12,12,265,0.9836065573770492,0.00546448087431694,0.9431818181818182,0.03409090909090909,419,0.4896579156722354,0.2840095465393795,5.479713603818616,0.36515513126491644,179,0.36363636363636365,0.056818181818181816,0.3917525773195876,0.08247422680412371,424,0.4439858490566037,0.589622641509434,5.318396226415095,0.3590801886792453,205,0.2627118644067797,0.13559322033898305,0.22580645161290322,0.15053763440860216,67,0.8059701492537313,0.22388059701492538,6.17910447761194,0.35447761194029853,12.92,12.8,11.96,12.04,0,1,1
64,1205740441,2,15,13,15,14,270,0.983957219251337,0.0053475935828877,0.9438202247191011,0.033707865168539325,426,0.48982785602503903,0.2887323943661972,5.47887323943662,0.36502347417840375,179,0.36363636363636365,0.056818181818181816,0.3917525773195876,0.08247422680412371,429,0.4458041958041957,0.5897435897435898,5.317016317016317,0.3583916083916084,211,0.26229508196721313,0.13934426229508196,0.23157894736842105,0.14736842105263157,67,0.8059701492537313,0.22388059701492538,6.17910447761194,0.35447761194029853,12.94,12.8,12.04,12.12,2,0,1
65,1205740442,2,13,12,12,12,276,0.984375,0.005208333333333333,0.9444444444444444,0.03333333333333333,431,0.48762567672080426,0.2900232018561485,5.482598607888631,0.3648491879350348,184,0.37362637362637363,0.054945054945054944,0.3939393939393939,0.08080808080808081,435,0.44252873563218387,0.5885057471264368,5.31264367816092,0.35919540229885055,213,0.25806451612903225,0.13709677419354838,0.23157894736842105,0.14736842105263157,68,0.8088235294117647,0.22058823529411764,6.176470588235294,0.3602941176470588,13.0,12.84,12.04,12.1,1,1,1
66,1205740443,2,16,13,11,12,285,0.9848484848484849,0.005050505050505051,0.946236559139785,0.03225806451612903,434,0.4888632872503839,0.29493087557603687,5.47926267281106,0.36463133640552997,185,0.3695652173913043,0.05434782608695652,0.3939393939393939,0.08080808080808081,441,0.44331065759637184,0.5850340136054422,5.317460317460317,0.3599773242630385,216,0.2619047619047619,0.1349206349206349,0.22916666666666666,0.14583333333333334,70,0.8142857142857143,0.22857142857142856,6.171428571428572,0.35714285714285715,13.06,12.84,12.06,12.08,3,5,4
67,1205740444,2,14,13,11,13,291,0.9852216748768473,0.0049261083743842365,0.9468085106382979,0.031914893617021274,440,0.48674242424242414,0.29772727272727273,5.4772727272727275,0.365719696969697,190,0.3723404255319149,0.05319148936170213,0.39215686274509803,0.0784313725490196,448,0.439360119047619,0.5892857142857143,5.3125,0.3599330357142857,216,0.2619047619047619,0.1349206349206349,0.22916666666666666,0.14583333333333334,71,0.8028169014084507,0.23943661971830985,6.169014084507042,0.3591549295774648,13.04,12.86,12.06,12.1,1,3,1
68,1205740445,2,14,14,14,13,297,0.9855769230769231,0.004807692307692308,0.9473684210526315,0.031578947368421054,446,0.48355754857997,0.29596412556053814,5.475336322869955,0.36584454409566514,195,0.3684210526315789,0.05263157894736842,0.39622641509433965,0.07547169811320754,453,0.4385577630610743,0.5916114790286976,5.313465783664459,0.3609271523178808,219,0.2558139534883721,0.13953488372093023,0.22916666666666666,0.14583333333333334,72,0.8055555555555556,0.2361111111111111,6.166666666666667,0.3611111111111111,13.1,12.92,12.02,12.12,0,0,1
69,1205740446,2,14,14,10,9,300,0.9857142857142858,0.004761904761904762,0.9479166666666666,0.03125,454,0.48604992657856083,0.29295154185022027,5.4801762114537445,0.3660058737151248,199,0.375,0.052083333333333336,0.3853211009174312,0.07339449541284404,461,0.44143167028199565,0.5900216919739696,5.31236442516269,0.3617136659436009,220,0.26153846153846155,0.13846153846153847,0.22916666666666666,0.14583333333333334,72,0.8055555555555556,0.2361111111111111,6.166666666666667,0.3611111111111111,13.14,12.92,11.96,12.08,0,4,5
70,1205740447,2,12,11,13,12,304,0.9859154929577465,0.004694835680751174,0.9484536082474226,0.030927835051546393,463,0.48524118070554345,0.2937365010799136,5.479481641468682,0.3653707703383729,204,0.37373737373737376,0.050505050505050504,0.3783783783783784,0.07207207207207207,465,0.44193548387096776,0.5935483870967742,5.311827956989247,0.36075268817204303,223,0.2556390977443609,0.13533834586466165,0.22916666666666666,0.14583333333333334,73,0.8082191780821918,0.2328767123287671,6.164383561643835,0.363013698630137,13.1,12.86,11.98,12.08,1,-1,0
71,1205740448,2,13,12,12,12,308,0.986046511627907,0.004651162790697674,0.9494949494949495,0.030303030303030304,471,0.481245576786978,0.2929936305732484,5.48619957537155,0.3655343241330502,208,0.38235294117647056,0.049019607843137254,0.375,0.07142857142857142,471,0.44550601556970987,0.5944798301486199,5.312101910828026,0.3625265392781316,224,0.2537313432835821,0.13432835820895522,0.22916666666666666,0.14583333333333334,74,0.8108108108108109,0.22972972972972974,6.162162162162162,0.3614864864864865,13.06,12.84,12.0,12.12,1,1,1
72,1205740449,2,13,14,12,15,311,0.9862385321100917,0.0045871559633027525,0.9494949494949495,0.030303030303030304,479,0.4826026443980514,0.2964509394572025,5.480167014613778,0.36569241475295755,211,0.375,0.04807692307692308,0.37168141592920356,0.07079646017699115,476,0.44607843137254904,0.5966386554621849,5.310924369747899,0.3634453781512605,228,0.26277372262773724,0.13138686131386862,0.23711340206185566,0.14432989690721648,74,0.8108108108108109,0.22972972972972974,6.162162162162162,0.3614864864864865,13.06,12.86,12.06,12.18,-1,1,-2
73,1205740450,2,14,15,12,12,318,0.9864864864864865,0.0045045045045045045,0.9509803921568627,0.029411764705882353,485,0.48384879725085905,0.29896907216494845,5.478350515463918,0.3663230240549828,212,0.37142857142857144,0.047619047619047616,0.37168141592920356,0.07079646017699115,482,0.44778699861687415,0.5995850622406639,5.309128630705394,0.36358921161825725,231,0.2642857142857143,0.12857142857142856,0.23711340206185566,0.14432989690721648,74,0.8108108108108109,0.22972972972972974,6.162162162162162,0.3614864864864865,13.08,12.92,12.1,12.16,-1,2,2
74,1205740451,2,13,13,11,11,322,0.9867256637168141,0.004424778761061947,0.9509803921568627,0.029411764705882353,491,0.4850644942294636,0.29938900203665986,5.478615071283095,0.36693822131704,214,0.36792452830188677,0.05660377358490566,0.37719298245614036,0.07017543859649122,492,0.45054200542005424,0.5975609756097561,5.310975609756097,0.3648373983739837,231,0.2642857142857143,0.12857142857142856,0.23711340206185566,0.14432989690721648,76,0.8157894736842105,0.2236842105263158,6.157894736842105,0.3618421052631579,13.08,12.92,12.1,12.16,0,2,2
75,1205740452,2,9,9,11,10,323,0.986784140969163,0.004405286343612335,0.9509803921568627,0.029411764705882353,501,0.48236859614105115,0.2954091816367265,5.487025948103793,0.3661011310711909,215,0.36792452830188677,0.05660377358490566,0.3826086956521739,0.06956521739130435,497,0.4470154258886654,0.5975855130784709,5.317907444668008,0.36519114688128773,236,0.2676056338028169,0.1267605633802817,0.24,0.14,77,0.8181818181818182,0.23376623376623376,6.1558441558441555,0.36038961038961037,13.0,12.84,12.06,12.12,0,-2,-1
76,1205740453,2,13,12,11,12,327,0.9869565217391304,0.004347826086956522,0.9514563106796117,0.02912621359223301,505,0.4844884488448844,0.29306930693069305,5.485148514851486,0.36518151815181515,222,0.3611111111111111,0.05555555555555555,0.375,0.06666666666666667,504,0.4457671957671958,0.5972222222222222,5.315476190476191,0.36706349206349204,238,0.2708333333333333,0.125,0.24,0.14,77,0.8181818181818182,0.23376623376623376,6.1558441558441555,0.36038961038961037,13.02,12.84,12.08,12.1,1,2,1
77,1205740454,2,14,12,15,11,331,0.9870689655172413,0.004310344827586207,0.9523809523809523,0.02857142857142857,511,0.48467058056099144,0.29354207436399216,5.483365949119373,0.36431833007175474,225,0.3611111111111111,0.05555555555555555,0.3821138211382114,0.06504065040650407,512,0.44466145833333337,0.599609375,5.314453125,0.3671875,240,0.273972602739726,0.13013698630136986,0.24,0.14,77,0.8181818181818182,0.23376623376623376,6.1558441558441555,0.36038961038961037,13.0,12.78,12.14,12.06,2,-1,3
78,1205740455,2,12,14,10,15,334,0.9871794871794872,0.004273504273504274,0.9528301886792453,0.02830188679245283,516,0.4815891472868217,0.29457364341085274,5.478682170542636,0.3651485788113695,234,0.36036036036036034,0.05405405405405406,0.3798449612403101,0.06976744186046512,517,0.44326241134751776,0.5996131528046421,5.3152804642166345,0.36750483558994196,244,0.2684563758389262,0.1342281879194631,0.2376237623762376,0.13861386138613863,78,0.8205128205128205,0.23076923076923078,6.153846153846154,0.36217948717948717,13.0,12.8,12.12,12.12,-2,2,-3
79,1205740456,2,15,14,11,15,340,0.9873949579831933,0.004201680672268907,0.9537037037037037,0.027777777777777776,522,0.4798850574712643,0.29693486590038315,5.475095785440613,0.3647828863346105,240,0.3684210526315789,0.05263157894736842,0.3787878787878788,0.07575757575757576,519,0.4444444444444445,0.5992292870905588,5.317919075144508,0.36801541425818884,246,0.26490066225165565,0.13245033112582782,0.2376237623762376,0.13861386138613863,80,0.825,0.2375,6.15,0.359375,13.04,12.76,12.1,12.24,1,4,0
80,1205740457,2,13,13,11,13,343,0.9874476987447699,0.0041841004184100415,0.9545454545454546,0.02727272727272727,525,0.47968253968253965,0.29714285714285715,5.476190476190476,0.3655555555555555,246,0.36752136752136755,0.05128205128205128,0.3851851851851852,0.07407407407407407,525,0.44507936507936513,0.5961904761904762,5.314285714285714,0.36857142857142855,252,0.2597402597402597,0.13636363636363635,0.2403846153846154,0.1346153846153846,81,0.8271604938271605,0.24691358024691357,6.148148148148148,0.3611111111111111,13.06,12.78,12.1,12.22,0,2,0
81,1205740458,2,10,10,11,10,346,0.987603305785124,0.004132231404958678,0.9545454545454546,0.02727272727272727,535,0.4785046728971962,0.297196261682243,5.478504672897197,0.3657320872274143,248,0.36752136752136755,0.05128205128205128,0.3795620437956204,0.08029197080291971,530,0.4459119496855346,0.5962264150943396,5.315094339622641,0.36933962264150944,254,0.26282051282051283,0.1346153846153846,0.2403846153846154,0.1346153846153846,84,0.8214285714285714,0.25,6.154761904761905,0.35714285714285715,12.98,12.7,12.08,12.16,0,-1,0
82,1205740459,2,12,11,13,10,349,0.9877049180327869,0.004098360655737705,0.954954954954955,0.02702702702702703,544,0.4797794117647059,0.29411764705882354,5.479779411764706,0.36473651960784315,252,0.36666666666666664,0.05,0.38405797101449274,0.07971014492753623,537,0.44289261328367474,0.5940409683426443,5.314711359404097,0.3687150837988827,255,0.2611464968152866,0.1337579617834395,0.2403846153846154,0.1346153846153846,85,0.8235294117647058,0.24705882352941178,6.152941176470589,0.3558823529411765,12.94,12.64,12.08,12.14,1,-1,2
83,1205740460,2,12,12,12,10,352,0.9878542510121457,0.004048582995951417,0.954954954954955,0.02702702702702703,549,0.4781420765027322,0.29143897996357016,5.4863387978142075,0.36460230722525805,255,0.36885245901639346,0.05737704918032787,0.38848920863309355,0.07913669064748201,545,0.44189602446483184,0.5944954128440367,5.330275229357798,0.36896024464831806,257,0.25949367088607594,0.13291139240506328,0.24761904761904763,0.13333333333333333,89,0.8014981273408239,0.2696629213483146,6.146067415730337,0.35674157303370785,12.92,12.62,12.08,12.08,0,0,2
84,1205740461,2,12,13,12,13,355,0.988,0.004,0.954954954954955,0.02702702702702703,559,0.4749552772808587,0.2898032200357782,5.4865831842576025,0.366577221228384,258,0.3629032258064516,0.06451612903225806,0.38571428571428573,0.07857142857142857,550,0.4445454545454545,0.5963636363636363,5.330909090909091,0.3696969696969697,260,0.25625,0.13125,0.24528301886792453,0.1320754716981132,90,0.7925925925925925,0.26666666666666666,6.144444444444445,0.35555555555555557,12.9,12.62,12.1,12.12,-1,0,-1
85,1205740462,2,13,13,14,12,360,0.9881422924901185,0.003952569169960474,0.9469026548672567,0.035398230088495575,563,0.4739490822972173,0.2895204262877442,5.486678507992895,0.3666370633510953,259,0.3629032258064516,0.06451612903225806,0.3829787234042553,0.07801418439716312,560,0.44821428571428573,0.5982142857142857,5.332142857142857,0.37023809523809526,261,0.2608695652173913,0.13043478260869565,0.24528301886792453,0.1320754716981132,91,0.7948717948717948,0.26373626373626374,6.142857142857143,0.35714285714285715,12.92,12.64,12.16,12.12,0,-1,1
86,1205740463,2,12,12,13,11,364,0.9883268482490273,0.0038910505836575876,0.9469026548672567,0.035398230088495575,568,0.4750586854460094,0.2904929577464789,5.48943661971831,0.36561032863849763,261,0.368,0.064,0.38028169014084506,0.08450704225352113,566,0.446113074204947,0.5971731448763251,5.330388692579505,0.36984687868080096,265,0.25766871165644173,0.1411042944785276,0.25,0.1388888888888889,95,0.7929824561403508,0.2736842105263158,6.147368421052631,0.3526315789473684,12.86,12.6,12.18,12.06,0,-1,1
87,1205740464,2,14,12,12,14,372,0.9885496183206107,0.003816793893129771,0.9482758620689655,0.034482758620689655,574,0.477061556329849,0.29442508710801396,5.489547038327526,0.36556329849012775,264,0.3700787401574803,0.06299212598425197,0.38461538461538464,0.08391608391608392,572,0.44667832167832167,0.5961538461538461,5.328671328671328,0.36902680652680653,266,0.25609756097560976,0.1402439024390244,0.25,0.1388888888888889,96,0.7951388888888888,0.2708333333333333,6.145833333333333,0.3515625,12.88,12.54,12.14,12.1,2,2,0
88,1205740465,2,14,14,13,12,375,0.9885931558935361,0.0038022813688212928,0.9491525423728814,0.03389830508474576,582,0.47709049255441,0.29381443298969073,5.498281786941581,0.3656930126002291,267,0.3700787401574803,0.06299212598425197,0.3904109589041096,0.0821917808219178,579,0.4464594127806563,0.5941278065630398,5.331606217616581,0.36888313183649973,268,0.25301204819277107,0.14457831325301204,0.25,0.1388888888888889,98,0.7993197278911565,0.2653061224489796,6.153061224489796,0.3494897959183674,12.92,12.56,12.16,12.12,0,1,2
89,1205740466,2,14,13,11,12,380,0.9888059701492538,0.0037313432835820895,0.9491525423728814,0.03389830508474576,589,0.4807583474816072,0.2937181663837012,5.495755517826825,0.3664402942840973,271,0.3671875,0.0625,0.3959731543624161,0.08053691275167785,584,0.44805936073059366,0.5941780821917808,5.332191780821918,0.3695776255707763,272,0.25595238095238093,0.14285714285714285,0.2545454545454545,0.13636363636363635,99,0.8013468013468013,0.26262626262626265,6.151515151515151,0.3484848484848485,12.94,12.52,12.12,12.1,1,3,2
90,1205740467,2,13,13,14,14,387,0.988929889298893,0.0036900369003690036,0.9508196721311475,0.03278688524590164,594,0.47923681257014583,0.29292929292929293,5.494949494949495,0.36588103254769916,274,0.37209302325581395,0.06201550387596899,0.39072847682119205,0.07947019867549669,591,0.4478285391990976,0.5922165820642978,5.331641285956007,0.36985335589396506,274,0.2529411764705882,0.1411764705882353,0.2545454545454545,0.13636363636363635,100,0.8033333333333332,0.26,6.15,0.35,12.96,12.54,12.16,12.18,0,-1,-1
91,1205740468,2,13,14,11,11,391,0.9890510948905109,0.0036496350364963502,0.9512195121951219,0.032520325203252036,597,0.4801786711334449,0.2914572864321608,5.4958123953098825,0.36571747627024004,278,0.366412213740458,0.061068702290076333,0.39869281045751637,0.0784313725490196,601,0.44370493621741547,0.5906821963394343,5.329450915141431,0.37077093732667776,277,0.2558139534883721,0.13953488372093023,0.25225225225225223,0.13513513513513514,101,0.801980198019802,0.25742574257425743,6.148514851485149,0.35396039603960394,12.96,12.52,12.14,12.24,-1,2,2
92,1205740469,2,12,14,14,12,395,0.9891696750902527,0.0036101083032490976,0.9516129032258065,0.03225806451612903,603,0.48120508568269754,0.2935323383084577,5.492537313432836,0.3649806522940851,283,0.3609022556390977,0.06015037593984962,0.3974358974358974,0.08333333333333333,605,0.44159779614325073,0.5917355371900826,5.328925619834711,0.3703856749311295,279,0.2543352601156069,0.13872832369942195,0.25,0.13392857142857142,104,0.7932692307692307,0.25961538461538464,6.144230769230769,0.3557692307692308,12.98,12.6,12.2,12.28,-2,-2,0
93,1205740470,2,12,14,9,11,399,0.9893238434163701,0.0035587188612099642,0.9516129032258065,0.03225806451612903,608,0.4799890350877193,0.29276315789473684,5.488486842105263,0.3660910087719298,285,0.3582089552238806,0.05970149253731343,0.39490445859872614,0.08280254777070063,614,0.4416395222584148,0.5960912052117264,5.3322475570032575,0.3702497285559175,281,0.25287356321839083,0.14367816091954022,0.24778761061946902,0.13274336283185842,106,0.7971698113207547,0.2641509433962264,6.1415094339622645,0.35377358490566035,12.96,12.64,12.14,12.26,-2,3,1
94,1205740471,2,10,11,11,10,401,0.9858657243816255,0.007067137809187279,0.9516129032258065,0.03225806451612903,618,0.47788565264293414,0.29449838187702265,5.488673139158576,0.36542610571736783,292,0.36764705882352944,0.058823529411764705,0.38271604938271603,0.08024691358024691,618,0.44201725997842506,0.5970873786407767,5.330097087378641,0.3698759439050701,283,0.25142857142857145,0.14285714285714285,0.24561403508771928,0.13157894736842105,108,0.8009259259259259,0.26851851851851855,6.148148148148148,0.35185185185185186,12.88,12.58,12.12,12.2,-1,-1,0
95,1205740472,2,12,11,11,12,402,0.9859154929577465,0.007042253521126761,0.9516129032258065,0.03225806451612903,630,0.4753968253968254,0.2920634920634921,5.492063492063492,0.3667989417989418,294,0.36496350364963503,0.058394160583941604,0.38650306748466257,0.07975460122699386,626,0.44195953141640043,0.597444089456869,5.335463258785943,0.3703407880724175,284,0.25142857142857145,0.14285714285714285,0.25217391304347825,0.13043478260869565,109,0.8027522935779816,0.26605504587155965,6.146788990825688,0.35091743119266056,12.86,12.54,12.12,12.18,1,1,0
96,1205740473,2,15,16,13,15,410,0.9861111111111112,0.006944444444444444,0.953125,0.03125,635,0.47506561679790027,0.2929133858267717,5.488188976377953,0.3674540682414698,297,0.36231884057971014,0.057971014492753624,0.38181818181818183,0.07878787878787878,630,0.44312169312169314,0.5984126984126984,5.333333333333333,0.369973544973545,286,0.25,0.14204545454545456,0.25,0.12931034482758622,110,0.8045454545454546,0.2727272727272727,6.1454545454545455,0.35,12.88,12.62,12.12,12.24,-1,2,0
97,1205740474,2,12,14,10,11,411,0.986159169550173,0.006920415224913495,0.953125,0.03125,646,0.47626418988648095,0.29411764705882354,5.487616099071207,0.3670020639834881,303,0.3617021276595745,0.05673758865248227,0.3869047619047619,0.07738095238095238,636,0.4420859538784067,0.60062893081761,5.331761006289308,0.36962788259958074,288,0.24719101123595505,0.14606741573033707,0.25,0.12931034482758622,110,0.8045454545454546,0.2727272727272727,6.1454545454545455,0.35,12.88,12.68,12.06,12.2,-2,2,1
98,1205740475,2,13,13,12,10,414,0.9862542955326461,0.006872852233676976,0.9534883720930233,0.031007751937984496,652,0.47418200408997957,0.2929447852760736,5.487730061349693,0.3666922290388548,305,0.3617021276595745,0.05673758865248227,0.38235294117647056,0.07647058823529412,644,0.44125258799171846,0.6009316770186336,5.329192546583851,0.36853002070393376,293,0.24861878453038674,0.143646408839779,0.2542372881355932,0.13559322033898305,110,0.8045454545454546,0.2727272727272727,6.1454545454545455,0.35,12.86,12.72,12.08,12.14,0,1,3
99,1205740476,2,14,14,12,14,419,0.9863481228668942,0.006825938566552901,0.9545454545454546,0.030303030303030304,660,0.4744949494949495,0.29393939393939394,5.486363636363636,0.3656565656565656,311,0.36363636363636365,0.055944055944055944,0.3793103448275862,0.07471264367816093,647,0.4402369912416281,0.5996908809891809,5.327666151468315,0.36875321998969607,296,0.2459016393442623,0.14207650273224043,0.25210084033613445,0.14285714285714285,111,0.8063063063063063,0.2702702702702703,6.1441441441441444,0.3490990990990991,12.86,12.7,12.06,12.16,0,2,0
100,1205740477,2,15,14,14,14,427,0.9864864864864865,0.006756756756756757,0.9562043795620438,0.029197080291970802,665,0.4739348370927319,0.29473684210526313,5.485714285714286,0.3647869674185463,313,0.36363636363636365,0.055944055944055944,0.3806818181818182,0.07386363636363637,653,0.43925472179683517,0.5957120980091883,5.327718223583461,0.36842776927003573,298,0.25,0.14130434782608695,0.25,0.14166666666666666,113,0.8008849557522124,0.26548672566371684,6.1415929203539825,0.3495575221238938,12.9,12.7,12.06,12.18,1,1,1
101,1205740478,2,13,12,13,11,430,0.9865771812080537,0.006711409395973154,0.9565217391304348,0.028985507246376812,671,0.47714853452558376,0.29508196721311475,5.482861400894188,0.36462990561351216,319,0.3561643835616438,0.0547945205479452,0.3854748603351955,0.07262569832402235,660,0.4368686868686869,0.5969696969696969,5.327272727272727,0.3683080808080808,301,0.24864864864864866,0.14054054054054055,0.2459016393442623,0.13934426229508196,114,0.8026315789473685,0.2631578947368421,6.140350877192983,0.3508771929824561,12.88,12.66,12.12,12.16,1,0,2
102,1205740479,2,13,14,11,13,433,0.9866666666666667,0.006666666666666667,0.9568345323741008,0.02877697841726619,674,0.47799208704253215,0.29673590504451036,5.482195845697329,0.36411968348170126,324,0.3581081081081081,0.05405405405405406,0.38461538461538464,0.07142857142857142,669,0.43547583457897365,0.593423019431988,5.324364723467863,0.3689586447433981,303,0.25268817204301075,0.13978494623655913,0.24390243902439024,0.13821138211382114,115,0.8043478260869565,0.2608695652173913,6.139130434782609,0.35,12.9,12.66,12.16,12.16,-1,2,0
103,1205740480,2,12,12,10,12,434,0.9866666666666667,0.006666666666666667,0.9571428571428572,0.02857142857142857,683,0.47974621766715475,0.2957540263543192,5.4816983894582725,0.36371400683260124,331,0.36,0.05333333333333334,0.39037433155080214,0.06951871657754011,674,0.4337289812067261,0.5949554896142433,5.3234421364985165,0.3680761622156281,305,0.25,0.14361702127659576,0.24390243902439024,0.13821138211382114,116,0.8060344827586207,0.25862068965517243,6.137931034482759,0.34913793103448276,12.94,12.7,12.08,12.16,0,2,0
104,1205740481,2,14,14,10,13,439,0.9868421052631579,0.006578947368421052,0.9574468085106383,0.028368794326241134,688,0.48207364341085274,0.2936046511627907,5.4811046511627906,0.3650678294573643,335,0.3684210526315789,0.05263157894736842,0.3915343915343915,0.06878306878306878,680,0.43578431372549026,0.5970588235294118,5.320588235294117,0.36740196078431375,307,0.25396825396825395,0.14285714285714285,0.24193548387096775,0.13709677419354838,117,0.8076923076923077,0.26495726495726496,6.136752136752137,0.3482905982905983,12.98,12.7,12.04,12.18,0,4,1
105,1205740482,2,16,15,13,15,444,0.9869706840390879,0.006514657980456026,0.958041958041958,0.027972027972027972,694,0.48607108549471667,0.2910662824207493,5.476945244956772,0.3655139289145053,340,0.3684210526315789,0.05263157894736842,0.39690721649484534,0.06701030927835051,685,0.437712895377129,0.5956204379562043,5.321167883211679,0.3680048661800487,308,0.25396825396825395,0.14285714285714285,0.24,0.136,118,0.809322033898305,0.2627118644067797,6.135593220338983,0.3474576271186441,13.0,12.76,12.02,12.22,1,3,1
106,1205740483,2,14,15,12,9,448,0.9870967741935484,0.0064516129032258064,0.9583333333333334,0.027777777777777776,702,0.4883665716999051,0.2934472934472934,5.475783475783476,0.3649097815764482,346,0.36774193548387096,0.05161290322580645,0.4010152284263959,0.06598984771573604,688,0.4387112403100776,0.5944767441860465,5.319767441860465,0.3682170542635659,312,0.25654450261780104,0.14659685863874344,0.23622047244094488,0.14173228346456693,119,0.8109243697478992,0.2605042016806723,6.1344537815126055,0.34663865546218486,13.04,12.82,12.02,12.18,-1,2,5
107,1205740484,2,13,11,12,12,453,0.987220447284345,0.006389776357827476,0.958904109589041,0.0273972602739726,708,0.48775894538606407,0.2923728813559322,5.47316384180791,0.36499529190207153,351,0.3670886075949367,0.056962025316455694,0.3969849246231156,0.06532663316582915,692,0.43906551059730253,0.5939306358381503,5.319364161849711,0.36753371868978807,315,0.25257731958762886,0.15463917525773196,0.23622047244094488,0.14173228346456693,121,0.8140495867768595,0.2644628099173554,6.1570247933884295,0.3450413223140496,13.06,12.76,12.0,12.14,2,1,1
108,1205740485,2,13,13,10,12,459,0.987460815047022,0.006269592476489028,0.958904109589041,0.0273972602739726,714,0.4878618113912232,0.29411764705882354,5.471988795518207,0.3643790849673202,354,0.3710691823899371,0.05660377358490566,0.39303482587064675,0.06467661691542288,699,0.43896041964711496,0.5951359084406295,5.3218884120171674,0.3663567000476872,316,0.2512820512820513,0.15384615384615385,0.23622047244094488,0.14173228346456693,122,0.8155737704918032,0.26229508196721313,6.155737704918033,0.3442622950819672,13.06,12.76,11.94,12.1,0,3,1
109,1205740486,2,12,13,10,11,461,0.987460815047022,0.006269592476489028,0.9527027027027027,0.02702702702702703,720,0.48796296296296304,0.2916666666666667,5.470833333333333,0.3637731481481481,357,0.36875,0.05625,0.39901477832512317,0.06403940886699508,708,0.43761770244821097,0.5988700564971752,5.323446327683616,0.36664312617702455,319,0.25757575757575757,0.15656565656565657,0.23622047244094488,0.14173228346456693,122,0.8155737704918032,0.26229508196721313,6.155737704918033,0.3442622950819672,13.08,12.82,11.9,12.1,-1,2,1
110,1205740487,2,11,13,13,12,463,0.9875389408099688,0.006230529595015576,0.9527027027027027,0.02702702702702703,728,0.4860347985347986,0.29120879120879123,5.46978021978022,0.3632097069597069,362,0.37423312883435583,0.06134969325153374,0.3951219512195122,0.06341463414634146,716,0.44040968342644327,0.6005586592178771,5.322625698324022,0.3663873370577282,319,0.25757575757575757,0.15656565656565657,0.23622047244094488,0.14173228346456693,123,0.8170731707317073,0.2682926829268293,6.154471544715447,0.3434959349593496,13.06,12.86,11.92,12.12,-2,-2,-1
111,1205740488,2,12,13,11,12,465,0.9876160990712074,0.006191950464396285,0.9527027027027027,0.02702702702702703,734,0.4868301544050863,0.29155313351498635,5.4727520435967305,0.36330608537693,367,0.3696969696969697,0.06060606060606061,0.40384615384615385,0.0625,725,0.43977011494252877,0.6013793103448276,5.3227586206896556,0.36597701149425294,322,0.25870646766169153,0.15422885572139303,0.23622047244094488,0.14173228346456693,123,0.8170731707317073,0.2682926829268293,6.154471544715447,0.3434959349593496,13.02,12.88,11.88,12.12,-1,1,0
112,1205740489,2,13,13,13,13,471,0.9877300613496932,0.006134969325153374,0.9536423841059603,0.026490066225165563,741,0.4874044084570401,0.29284750337381915,5.47638326585695,0.3635852451641925,371,0.3727810650887574,0.05917159763313609,0.40384615384615385,0.0625,732,0.43761384335154835,0.5997267759562842,5.3210382513661205,0.3662340619307833,322,0.25870646766169153,0.15422885572139303,0.23622047244094488,0.14173228346456693,124,0.8185483870967742,0.2661290322580645,6.153225806451613,0.34274193548387094,13.0,12.94,11.88,12.12,0,0,0
113,1205740490,2,11,14,12,13,478,0.9849397590361446,0.006024096385542169,0.9539473684210527,0.02631578947368421,746,0.48726541554959785,0.2949061662198391,5.477211796246649,0.36382931188561213,372,0.37058823529411766,0.06470588235294118,0.40384615384615385,0.0625,741,0.43702204228520025,0.6005398110661269,5.325236167341431,0.36617183985605045,322,0.25870646766169153,0.15422885572139303,0.23622047244094488,0.14173228346456693,126,0.816137566137566,0.2698412698412698,6.158730158730159,0.34523809523809523,12.96,12.96,11.88,12.14,-3,-1,-2
114,1205740491,2,14,14,13,12,481,0.9850299401197605,0.005988023952095809,0.954248366013072,0.026143790849673203,752,0.4889184397163121,0.29521276595744683,5.477393617021277,0.36491578014184395,378,0.37572254335260113,0.06358381502890173,0.4075829383886256,0.061611374407582936,747,0.43618920124944227,0.6024096385542169,5.322623828647925,0.36624274877286933,324,0.2561576354679803,0.15270935960591134,0.23622047244094488,0.14173228346456693,129,0.8204134366925064,0.26356589147286824,6.155038759689923,0.3430232558139535,12.94,12.98,11.84,12.1,0,1,2
115,1205740492,2,12,14,12,11,485,0.985207100591716,0.005917159763313609,0.954248366013072,0.026143790849673203,760,0.48771929824561405,0.29473684210526313,5.484210526315789,0.36567982456140347,382,0.3793103448275862,0.06321839080459771,0.40654205607476634,0.06074766355140187,754,0.43899204244031836,0.6061007957559682,5.324933687002653,0.36615826702033605,325,0.25980392156862747,0.15196078431372548,0.23622047244094488,0.14173228346456693,131,0.8231552162849872,0.2595419847328244,6.152671755725191,0.3435114503816794,12.92,13.02,11.84,12.08,-2,0,1
116,1205740493,2,14,13,11,13,488,0.9852941176470589,0.0058823529411764705,0.9545454545454546,0.025974025974025976,767,0.49065623641894834,0.29465449804432853,5.485006518904824,0.3662538026944806,385,0.3806818181818182,0.0625,0.40930232558139534,0.06046511627906977,759,0.4400527009222662,0.6034255599472991,5.3227931488801055,0.3657224418093984,329,0.25728155339805825,0.15048543689320387,0.23255813953488372,0.13953488372093023,132,0.8244949494949495,0.25757575757575757,6.151515151515151,0.3428030303030303,12.88,13.02,11.84,12.1,1,3,1
117,1205740494,2,13,11,13,10,493,0.9854227405247813,0.0058309037900874635,0.9551282051282052,0.02564102564102564,773,0.4915912031047866,0.296248382923674,5.482535575679172,0.36599827511858557,387,0.384180790960452,0.062146892655367235,0.4074074074074074,0.06018518518518518,766,0.4412532637075719,0.6044386422976501,5.321148825065274,0.36673194081810273,334,0.2571428571428571,0.14761904761904762,0.23076923076923078,0.13846153846153847,132,0.8244949494949495,0.25757575757575757,6.151515151515151,0.3428030303030303,12.86,12.98,11.88,12.04,2,0,3
118,1205740495,2,15,11,12,13,498,0.985632183908046,0.005747126436781609,0.9551282051282052,0.02564102564102564,780,0.49529914529914537,0.29743589743589743,5.483333333333333,0.3659188034188034,392,0.39106145251396646,0.061452513966480445,0.4063926940639269,0.0593607305936073,769,0.44126571304724754,0.6059817945383615,5.319895968790637,0.3669267446900737,336,0.2559241706161137,0.14691943127962084,0.22900763358778625,0.13740458015267176,133,0.8258145363408521,0.2631578947368421,6.150375939849624,0.34210526315789475,12.88,12.92,11.84,12.04,4,3,2
119,1205740496,2,13,13,10,11,505,0.9858757062146892,0.005649717514124294,0.9554140127388535,0.025477707006369428,785,0.4966029723991508,0.2968152866242038,5.485350318471338,0.36645435244161356,393,0.39106145251396646,0.061452513966480445,0.40454545454545454,0.05909090909090909,775,0.4404301075268818,0.6038709677419355,5.31741935483871,0.36698924731182797,342,0.2651162790697674,0.14418604651162792,0.22556390977443608,0.14285714285714285,133,0.8258145363408521,0.2631578947368421,6.150375939849624,0.34210526315789475,12.86,12.9,11.84,12.08,0,3,2
120,1205740497,2,13,12,10,15,511,0.9832402234636871,0.00558659217877095,0.9559748427672956,0.025157232704402517,789,0.49662019433882554,0.2965779467680608,5.486692015209125,0.3661808196028728,395,0.39444444444444443,0.06111111111111111,0.4072398190045249,0.058823529411764705,783,0.4404001702852278,0.6040868454661558,5.3192848020434225,0.3661132396764581,343,0.2651162790697674,0.14418604651162792,0.22388059701492538,0.14925373134328357,134,0.8271144278606964,0.26865671641791045,6.149253731343284,0.3414179104477612,12.88,12.92,11.78,12.14,1,3,-2
121,1205740498,2,13,14,12,13,518,0.9835164835164835,0.005494505494505495,0.95625,0.025,794,0.4985306465155332,0.2959697732997481,5.488664987405541,0.3660789252728799,398,0.3956043956043956,0.06043956043956044,0.40540540540540543,0.05855855855855856,791,0.442267172355668,0.6055625790139064,5.3173198482933,0.3656763590391909,346,0.26146788990825687,0.14678899082568808,0.22388059701492538,0.14925373134328357,135,0.828395061728395,0.26666666666666666,6.148148148148148,0.34074074074074073,12.88,12.96,11.78,12.16,-1,1,0
122,1205740499,2,12,12,13,12,524,0.9836956521739131,0.005434782608695652,0.9506172839506173,0.030864197530864196,799,0.4991656236962871,0.295369211514393,5.485607008760951,0.3659783062161034,402,0.39344262295081966,0.060109289617486336,0.40444444444444444,0.057777777777777775,797,0.44270179841070684,0.6060225846925973,5.317440401505646,0.366060225846926,351,0.25675675675675674,0.14864864864864866,0.22962962962962963,0.14814814814814814,136,0.829656862745098,0.27205882352941174,6.147058823529412,0.3400735294117647,12.86,12.92,11.8,12.1,0,-1,0
123,1205740500,2,13,13,13,11,531,0.983957219251337,0.0053475935828877,0.950920245398773,0.03067484662576687,803,0.4985471149854712,0.29389788293897884,5.4844333748443335,0.3660232461602324,406,0.39344262295081966,0.060109289617486336,0.39737991266375544,0.0611353711790393,805,0.44327122153209114,0.6074534161490683,5.316770186335404,0.3658385093167702,352,0.2600896860986547,0.14798206278026907,0.22962962962962963,0.14814814814814814,137,0.8309002433090024,0.27007299270072993,6.145985401459854,0.34124087591240876,12.84,12.88,11.82,12.08,0,0,2
124,1205740501,2,13,11,13,12,536,0.9841269841269841,0.005291005291005291,0.9512195121951219,0.03048780487804878,810,0.4973251028806585,0.29506172839506173,5.48395061728395,0.36594650205761314,410,0.3891891891891892,0.06486486486486487,0.39826839826839827,0.06060606060606061,812,0.44314449917898197,0.6083743842364532,5.315270935960591,0.36545566502463056,356,0.25663716814159293,0.14601769911504425,0.23529411764705882,0.14705882352941177,137,0.8309002433090024,0.27007299270072993,6.145985401459854,0.34124087591240876,12.84,12.84,11.86,12.1,2,0,1
125,1205740502,2,14,13,13,14,539,0.9842105263157894,0.005263157894736842,0.9515151515151515,0.030303030303030304,818,0.49674001629991854,0.2946210268948655,5.482885085574572,0.3657294213528932,411,0.3891891891891892,0.06486486486486487,0.39655172413793105,0.0603448275862069,817,0.44532843737250105,0.6083231334149327,5.313341493268054,0.3656670746634027,363,0.2554112554112554,0.1471861471861472,0.2318840579710145,0.14492753623188406,138,0.8321256038647342,0.26811594202898553,6.144927536231884,0.3423913043478261,12.94,12.92,11.9,12.18,1,1,0
126,1205740503,2,14,13,14,10,542,0.9842931937172775,0.005235602094240838,0.9518072289156626,0.030120481927710843,827,0.4965739621120516,0.2998790810157195,5.478839177750907,0.36688835147118093,415,0.39572192513368987,0.06417112299465241,0.39316239316239315,0.05982905982905983,821,0.4462038164839627,0.6090133982947625,5.314250913520097,0.36571254567600486,368,0.2542372881355932,0.1483050847457627,0.2318840579710145,0.14492753623188406,139,0.8333333333333333,0.26618705035971224,6.143884892086331,0.3435251798561151,12.96,12.94,11.96,12.14,1,0,4
127,1205740504,2,11,11,11,12,546,0.9844559585492227,0.0051813471502590676,0.9518072289156626,0.030120481927710843,833,0.4953981592637055,0.29891956782713086,5.481392557022809,0.36694677871148457,418,0.39361702127659576,0.06382978723404255,0.3940677966101695,0.059322033898305086,827,0.44860943168077394,0.6106408706166868,5.316807738814994,0.36577992744860943,368,0.2542372881355932,0.1483050847457627,0.2318840579710145,0.14492753623188406,141,0.8321513002364066,0.2695035460992908,6.156028368794326,0.34397163120567376,12.9,12.92,11.88,12.16,0,0,-1
128,1205740505,2,13,11,10,12,549,0.9845758354755784,0.005141388174807198,0.9518072289156626,0.030120481927710843,838,0.4966189339697693,0.29952267303102625,5.484486873508353,0.3668456642800318,422,0.39473684210526316,0.06315789473684211,0.3907563025210084,0.058823529411764705,834,0.44964028776978426,0.6139088729016786,5.321342925659472,0.3657074340527578,369,0.25738396624472576,0.14767932489451477,0.2318840579710145,0.14492753623188406,141,0.8321513002364066,0.2695035460992908,6.156028368794326,0.34397163120567376,12.92,12.86,11.88,12.1,2,3,1
129,1205740506,2,14,15,12,13,550,0.9845758354755784,0.005141388174807198,0.9520958083832335,0.029940119760479042,848,0.49508647798742134,0.29952830188679247,5.4834905660377355,0.3678262578616352,426,0.39378238341968913,0.06735751295336788,0.3891213389121339,0.058577405857740586,841,0.4486722156163298,0.6135552913198573,5.318668252080856,0.36652794292508917,371,0.2605042016806723,0.14705882352941177,0.2302158273381295,0.14388489208633093,142,0.8333333333333333,0.2746478873239437,6.154929577464789,0.34330985915492956,12.9,12.88,11.9,12.06,-1,2,1
130,1205740507,2,12,13,13,12,552,0.9846153846153847,0.005128205128205128,0.9523809523809523,0.02976190476190476,857,0.49513807856865033,0.29871645274212366,5.481913652275379,0.3683391676390509,430,0.38974358974358975,0.06666666666666667,0.3941908713692946,0.058091286307053944,846,0.4483845547675335,0.6146572104018913,5.317966903073286,0.3664302600472813,375,0.26141078838174275,0.14522821576763487,0.2357142857142857,0.14285714285714285,143,0.8344988344988344,0.2727272727272727,6.153846153846154,0.34265734265734266,12.88,12.88,11.94,12.04,-1,-1,0
131,1205740508,2,13,13,12,11,555,0.9846938775510204,0.00510204081632653,0.9526627218934911,0.029585798816568046,863,0.4951718810351487,0.2989571263035921,5.480880648899189,0.3680957898802626,434,0.3877551020408163,0.0663265306122449,0.39344262295081966,0.05737704918032787,848,0.44968553459119504,0.6143867924528302,5.317216981132075,0.36645047169811323,377,0.2644628099173554,0.1446280991735537,0.23404255319148937,0.14184397163120568,149,0.8344519015659955,0.26174496644295303,6.167785234899329,0.3422818791946309,12.94,12.94,11.96,12.06,0,1,2
132,1205740509,2,14,14,13,10,557,0.9847715736040609,0.005076142131979695,0.9526627218934911,0.029585798816568046,874,0.4940884820747521,0.2974828375286041,5.480549199084668,0.3686117467581998,437,0.38578680203045684,0.06598984771573604,0.3983739837398374,0.056910569105691054,853,0.450566627588902,0.6143024618991794,5.316529894490035,0.36635404454865184,381,0.2653061224489796,0.14285714285714285,0.2323943661971831,0.14084507042253522,150,0.8355555555555555,0.26,6.166666666666667,0.3433333333333333,12.98,13.0,11.96,12.06,0,1,4
133,1205740510,2,15,15,13,13,564,0.9849246231155779,0.005025125628140704,0.9534883720930233,0.029069767441860465,879,0.4946909366704588,0.29692832764505117,5.483503981797497,0.3682214637846037,442,0.39195979899497485,0.06532663316582915,0.40160642570281124,0.05622489959839357,860,0.45193798449612405,0.6162790697674418,5.315116279069767,0.36598837209302326,381,0.2653061224489796,0.14285714285714285,0.2323943661971831,0.14084507042253522,151,0.836644591611479,0.2582781456953642,6.1655629139072845,0.34271523178807944,13.04,13.06,11.98,12.12,0,2,2
134,1205740511,2,13,12,14,11,569,0.9850746268656716,0.004975124378109453,0.953757225433526,0.028901734104046242,885,0.4981167608286252,0.29717514124293787,5.480225988700565,0.36798493408662897,446,0.39195979899497485,0.06532663316582915,0.4031620553359684,0.05533596837944664,865,0.4527938342967245,0.6173410404624278,5.315606936416185,0.36589595375722545,385,0.26104417670682734,0.14457831325301204,0.2323943661971831,0.14084507042253522,152,0.831140350877193,0.2631578947368421,6.1644736842105265,0.34210526315789475,13.06,13.04,12.02,12.08,1,-1,2
135,1205740512,2,11,13,13,10,571,0.9851485148514851,0.0049504950495049506,0.953757225433526,0.028901734104046242,895,0.4986964618249534,0.2994413407821229,5.48268156424581,0.368901303538175,448,0.39,0.065,0.40551181102362205,0.05511811023622047,872,0.4514525993883792,0.6181192660550459,5.31651376146789,0.36496559633027525,391,0.2608695652173913,0.1422924901185771,0.2361111111111111,0.1388888888888889,153,0.8322440087145969,0.26143790849673204,6.163398692810458,0.3415032679738562,13.02,13.04,12.0,12.04,-2,-2,1
136,1205740513,2,13,12,11,13,575,0.9852579852579852,0.004914004914004914,0.9540229885057471,0.028735632183908046,901,0.4998150203477617,0.29966703662597116,5.481687014428413,0.36894191638919716,453,0.39,0.065,0.4015444015444015,0.05405405405405406,880,0.4484848484848485,0.6170454545454546,5.3159090909090905,0.3642992424242424,394,0.2578125,0.140625,0.2361111111111111,0.1388888888888889,154,0.8333333333333333,0.2597402597402597,6.162337662337662,0.3425324675324675,13.04,13.04,11.96,12.08,1,2,0
137,1205740514,2,13,13,11,12,582,0.9854721549636803,0.004842615012106538,0.9542857142857143,0.02857142857142857,904,0.4992625368731563,0.2997787610619469,5.482300884955753,0.36882374631268433,458,0.3910891089108911,0.06435643564356436,0.40076335877862596,0.05343511450381679,887,0.44945509207065015,0.6189402480270575,5.317925591882751,0.3648064637354378,396,0.2558139534883721,0.13953488372093023,0.2361111111111111,0.1388888888888889,155,0.8344086021505375,0.25806451612903225,6.161290322580645,0.3435483870967742,13.02,13.06,11.94,12.04,0,2,1
138,1205740515,2,13,13,12,13,583,0.9855072463768116,0.004830917874396135,0.9542857142857143,0.02857142857142857,909,0.4976164283094976,0.2992299229922992,5.481848184818482,0.3684451778511184,466,0.39805825242718446,0.06796116504854369,0.40601503759398494,0.05263157894736842,893,0.45035460992907805,0.6192609182530795,5.318029115341545,0.3648749533407988,399,0.25868725868725867,0.138996138996139,0.23972602739726026,0.136986301369863,156,0.8354700854700854,0.2564102564102564,6.160256410256411,0.34455128205128205,13.0,13.04,11.92,12.06,0,1,0
139,1205740516,2,11,11,10,11,588,0.9855769230769231,0.004807692307692308,0.9550561797752809,0.028089887640449437,917,0.4954561977462741,0.29880043620501634,5.479825517993457,0.3684114867320974,467,0.39805825242718446,0.06796116504854369,0.4044943820224719,0.052434456928838954,897,0.4511334076551468,0.6176142697881828,5.318840579710145,0.3649201040505388,402,0.25769230769230766,0.13846153846153847,0.24324324324324326,0.14189189189189189,159,0.8322851153039831,0.2578616352201258,6.1572327044025155,0.34276729559748426,12.94,13.0,11.9,12.04,0,1,0
140,1205740517,2,9,9,9,12,591,0.9856459330143541,0.004784688995215311,0.9497206703910615,0.0335195530726257,919,0.4949220166848023,0.3003264417845484,5.482045701849837,0.3684258251722887,468,0.3961352657004831,0.06763285024154589,0.4044943820224719,0.052434456928838954,905,0.452670349907919,0.6165745856353592,5.3259668508287294,0.3647329650092081,403,0.2567049808429119,0.13793103448275862,0.24324324324324326,0.14189189189189189,163,0.8251533742331286,0.26993865030674846,6.159509202453988,0.348159509202454,12.86,12.92,11.8,12.0,0,0,-3
141,1205740518,2,13,12,10,12,594,0.9857142857142858,0.004761904761904762,0.95,0.03333333333333333,924,0.496031746031746,0.29978354978354976,5.481601731601732,0.3680555555555555,471,0.39712918660287083,0.06698564593301436,0.40671641791044777,0.05223880597014925,914,0.45295404814004375,0.6170678336980306,5.326039387308534,0.36497082421590077,406,0.25475285171102663,0.14068441064638784,0.2483221476510067,0.14093959731543623,163,0.8251533742331286,0.26993865030674846,6.159509202453988,0.348159509202454,12.86,12.88,11.78,12.02,1,3,1
142,1205740519,2,13,12,13,12,600,0.9858490566037735,0.0047169811320754715,0.9505494505494505,0.03296703296703297,930,0.4976702508960573,0.3010752688172043,5.479569892473118,0.36810035842293903,473,0.3952380952380952,0.06666666666666667,0.4052044609665427,0.05204460966542751,922,0.4522776572668113,0.6171366594360087,5.325379609544469,0.36433477946493126,409,0.2528301886792453,0.13962264150943396,0.24666666666666667,0.14,164,0.8262195121951218,0.2682926829268293,6.158536585365853,0.3475609756097561,12.88,12.84,11.76,12.02,1,0,1
143,1205740520,2,14,11,12,13,605,0.9859484777517564,0.00468384074941452,0.9510869565217391,0.03260869565217391,935,0.49821746880570406,0.3016042780748663,5.480213903743316,0.36800356506238857,477,0.39622641509433965,0.0660377358490566,0.4059040590405904,0.05166051660516605,926,0.4535637149028078,0.6144708423326134,5.329373650107992,0.3645608351331893,409,0.2528301886792453,0.13962264150943396,0.24666666666666667,0.14,169,0.8224852071005916,0.28402366863905326,6.159763313609467,0.34615384615384615,12.92,12.78,11.82,12.06,3,2,1
144,1205740521,2,11,12,12,11,609,0.986046511627907,0.004651162790697674,0.9513513513513514,0.032432432432432434,941,0.49716613531703857,0.3007438894792774,5.479277364505845,0.36751682607155506,479,0.39436619718309857,0.06572769953051644,0.40441176470588236,0.051470588235294115,931,0.453813104189044,0.6154672395273899,5.330827067669173,0.3644826351593269,411,0.2546816479400749,0.14232209737827714,0.24666666666666667,0.14,170,0.8176470588235293,0.28823529411764703,6.158823529411765,0.34558823529411764,12.94,12.8,11.84,12.08,-1,-1,0
145,1205740522,2,16,16,13,10,612,0.9861431870669746,0.004618937644341801,0.9513513513513514,0.032432432432432434,949,0.49719002458728484,0.30242360379346683,5.478398314014752,0.3675799086757991,482,0.3925233644859813,0.06542056074766354,0.40875912408759124,0.051094890510948905,936,0.45584045584045585,0.6164529914529915,5.331196581196581,0.36467236467236464,414,0.26022304832713755,0.1412639405204461,0.24503311258278146,0.1390728476821192,172,0.8197674418604649,0.28488372093023256,6.156976744186046,0.34593023255813954,13.02,12.9,11.88,12.04,0,3,6
146,1205740523,2,13,13,11,11,617,0.9862700228832952,0.004576659038901602,0.946236559139785,0.03225806451612903,957,0.4959944270289097,0.3019853709508882,5.477533960292581,0.3679031696273075,487,0.39351851851851855,0.06481481481481481,0.4043321299638989,0.05054151624548736,941,0.455012398157988,0.6163655685441021,5.3294367693942615,0.3643287283032235,414,0.26022304832713755,0.1412639405204461,0.24503311258278146,0.1390728476821192,174,0.8160919540229884,0.28735632183908044,6.155172413793103,0.34626436781609193,12.98,12.84,11.84,11.96,0,2,2
147,1205740524,2,15,15,10,12,624,0.9864559819413092,0.004514672686230248,0.946524064171123,0.03208556149732621,961,0.49497051682275406,0.3007284079084287,5.476586888657648,0.36767256330211584,491,0.39908256880733944,0.06422018348623854,0.4050179211469534,0.05017921146953405,949,0.4548647699332631,0.613277133825079,5.328767123287672,0.3641552511415525,414,0.26022304832713755,0.1412639405204461,0.24503311258278146,0.1390728476821192,175,0.817142857142857,0.2857142857142857,6.154285714285714,0.3457142857142857,13.04,12.86,11.84,11.98,0,5,3
148,1205740525,2,13,11,9,11,627,0.9865168539325843,0.0044943820224719105,0.9468085106382979,0.031914893617021274,967,0.4970699758703895,0.3019648397104447,5.479834539813857,0.36720096518441914,495,0.3972602739726027,0.0684931506849315,0.40425531914893614,0.04964539007092199,954,0.45667365478686234,0.6153039832285115,5.328092243186583,0.36434311670160724,416,0.25830258302583026,0.14022140221402213,0.24503311258278146,0.1390728476821192,177,0.8135593220338981,0.2824858757062147,6.163841807909605,0.3446327683615819,13.04,12.82,11.78,12.0,2,4,2
149,1205740526,2,14,11,12,11,633,0.9866369710467706,0.004454342984409799,0.9473684210526315,0.031578947368421054,974,0.4986310746064339,0.30184804928131415,5.476386036960986,0.3671286789869952,500,0.3963963963963964,0.06756756756756757,0.40492957746478875,0.04929577464788732,956,0.45676429567642957,0.6140167364016736,5.327405857740586,0.36462691771269173,420,0.25547445255474455,0.1386861313868613,0.24342105263157895,0.13815789473684212,178,0.8146067415730336,0.2808988764044944,6.162921348314606,0.3441011235955056,13.04,12.76,11.78,11.94,3,2,3
150,1205740527,2,13,15,12,12,637,0.9867256637168141,0.004424778761061947,0.9476439790575916,0.031413612565445025,977,0.49846468781985664,0.30194472876151485,5.475946775844422,0.36728079153872395,502,0.39285714285714285,0.07142857142857142,0.40492957746478875,0.04929577464788732,964,0.45902489626556015,0.6151452282157677,5.327800829875518,0.3649723374827109,426,0.25089605734767023,0.13978494623655913,0.24836601307189543,0.13725490196078433,179,0.8128491620111731,0.2849162011173184,6.162011173184357,0.34497206703910616,13.0,12.78,11.74,11.9,-2,1,1
151,1205740528,2,14,14,14,12,643,0.9868421052631579,0.0043859649122807015,0.9481865284974094,0.031088082901554404,984,0.49695121951219506,0.3018292682926829,5.475609756097561,0.36695460704607047,504,0.39111111111111113,0.07111111111111111,0.4070175438596491,0.04912280701754386,972,0.45781893004115226,0.6152263374485597,5.327160493827161,0.36454046639231824,426,0.25089605734767023,0.13978494623655913,0.24836601307189543,0.13725490196078433,180,0.8138888888888888,0.2833333333333333,6.161111111111111,0.3458333333333333,13.02,12.82,11.76,11.92,0,0,2
152,1205740529,2,13,13,13,11,646,0.9869281045751634,0.004357298474945534,0.9481865284974094,0.031088082901554404,992,0.4974798387096774,0.3034274193548387,5.473790322580645,0.3670194892473118,509,0.39035087719298245,0.07017543859649122,0.40418118466898956,0.05226480836236934,977,0.4580348004094166,0.6151484135107472,5.325486182190379,0.3644660525417946,427,0.25,0.1392857142857143,0.24836601307189543,0.13725490196078433,181,0.8149171270718231,0.287292817679558,6.1602209944751385,0.3453038674033149,13.02,12.8,11.8,11.88,0,0,2
153,1205740530,2,13,14,9,11,649,0.9869565217391304,0.004347826086956522,0.9487179487179487,0.03076923076923077,999,0.49699699699699695,0.3013013013013013,5.474474474474475,0.36720053386720053,513,0.3930131004366812,0.06986899563318777,0.40344827586206894,0.05172413793103448,985,0.4563451776649746,0.6142131979695431,5.323857868020305,0.3652284263959391,430,0.2491103202846975,0.1387900355871886,0.25161290322580643,0.13548387096774195,182,0.8159340659340658,0.2857142857142857,6.15934065934066,0.3447802197802198,13.04,12.84,11.78,11.86,-1,4,2
154,1205740531,2,14,14,13,10,651,0.987012987012987,0.004329004329004329,0.9487179487179487,0.03076923076923077,1006,0.49701789264413515,0.30218687872763417,5.473161033797217,0.3666335321404904,519,0.39914163090128757,0.06866952789699571,0.4075342465753425,0.05136986301369863,989,0.45652173913043476,0.6147623862487361,5.323559150657229,0.36526794742163804,434,0.24647887323943662,0.13732394366197184,0.25,0.1346153846153846,183,0.8114754098360654,0.2896174863387978,6.158469945355192,0.3442622950819672,13.04,12.84,11.84,11.8,0,1,4
155,1205740532,2,12,11,11,12,654,0.9849462365591398,0.0064516129032258064,0.9487179487179487,0.03076923076923077,1015,0.4950738916256157,0.30147783251231525,5.47487684729064,0.3660919540229885,521,0.3974358974358974,0.07264957264957266,0.4061433447098976,0.051194539249146756,998,0.4557448229792919,0.6152304609218436,5.324649298597194,0.3652304609218437,438,0.24390243902439024,0.14285714285714285,0.2484076433121019,0.1337579617834395,183,0.8114754098360654,0.2896174863387978,6.158469945355192,0.3442622950819672,12.96,12.76,11.8,11.74,1,1,0
156,1205740533,2,13,12,13,11,658,0.9849785407725322,0.006437768240343348,0.9494949494949495,0.030303030303030304,1021,0.49608227228207635,0.3006856023506366,5.476003917727718,0.36638916095331375,524,0.4,0.07234042553191489,0.4101694915254237,0.05084745762711865,1004,0.45750332005312083,0.6175298804780877,5.322709163346613,0.36479083665338646,442,0.2413793103448276,0.14482758620689656,0.25316455696202533,0.13291139240506328,184,0.8124999999999999,0.28804347826086957,6.157608695652174,0.3451086956521739,12.94,12.7,11.82,11.78,1,0,2
157,1205740534,2,14,14,13,12,664,0.9851063829787234,0.006382978723404255,0.95,0.03,1027,0.4980525803310613,0.29990262901655307,5.476144109055501,0.36570918532943847,528,0.4025423728813559,0.07203389830508475,0.40939597315436244,0.050335570469798654,1010,0.45676567656765676,0.6188118811881188,5.320792079207921,0.36435643564356435,442,0.2413793103448276,0.14482758620689656,0.25316455696202533,0.13291139240506328,185,0.8135135135135133,0.2864864864864865,6.1567567567567565,0.34459459459459457,12.96,12.76,11.84,11.78,0,1,2
158,1205740535,2,13,13,13,12,667,0.9851380042462845,0.006369426751592357,0.9455445544554455,0.0297029702970297,1035,0.498389694041868,0.2985507246376812,5.473429951690822,0.36602254428341385,533,0.40756302521008403,0.07142857142857142,0.4053156146179402,0.04983388704318937,1015,0.4579638752052545,0.6177339901477833,5.319211822660098,0.3645320197044335,446,0.24315068493150685,0.14383561643835616,0.25,0.13125,186,0.8118279569892471,0.2903225806451613,6.155913978494624,0.34543010752688175,12.96,12.76,11.9,11.78,0,0,1
159,1205740536,2,13,12,13,13,672,0.9852941176470589,0.0063025210084033615,0.9455445544554455,0.0297029702970297,1039,0.49887712544112933,0.2993262752646776,5.473532242540904,0.3660571061918511,533,0.40756302521008403,0.07142857142857142,0.4053156146179402,0.04983388704318937,1023,0.4573150863473444,0.6158357771260997,5.318670576735093,0.3655913978494624,451,0.24745762711864408,0.1423728813559322,0.24691358024691357,0.12962962962962962,186,0.8118279569892471,0.2903225806451613,6.155913978494624,0.34543010752688175,12.98,12.74,11.96,11.82,1,0,0
160,1205740537,2,12,12,13,11,677,0.9853556485355649,0.006276150627615063,0.9463414634146341,0.02926829268292683,1049,0.49761677788369874,0.29837940896091514,5.474737845567207,0.3663806800127105,535,0.40585774058577406,0.07112970711297072,0.40397350993377484,0.04966887417218543,1029,0.4575639779721412,0.6161321671525753,5.319727891156463,0.3654033041788144,453,0.24662162162162163,0.14189189189189189,0.25153374233128833,0.12883435582822086,188,0.8138297872340424,0.2872340425531915,6.154255319148936,0.34574468085106386,13.0,12.72,11.96,11.8,0,-1,1
161,1205740538,2,14,15,12,12,681,0.9854469854469855,0.006237006237006237,0.9466019417475728,0.02912621359223301,1058,0.500945179584121,0.29867674858223064,5.474480151228733,0.36562696912413356,537,0.4041666666666667,0.07083333333333333,0.40264026402640263,0.04950495049504951,1034,0.45712443584784007,0.6170212765957447,5.318181818181818,0.3655705996131528,455,0.24915824915824916,0.1414141414141414,0.25,0.12804878048780488,189,0.8148148148148147,0.2857142857142857,6.1534391534391535,0.34523809523809523,13.04,12.76,11.98,11.8,-1,2,2
162,1205740539,2,13,13,13,12,684,0.9855371900826446,0.006198347107438017,0.9466019417475728,0.02912621359223301,1063,0.4995296331138288,0.29727187206020694,5.475070555032926,0.3650830981498902,539,0.4041666666666667,0.07083333333333333,0.4,0.04918032786885246,1042,0.4587332053742802,0.6170825335892515,5.318618042226488,0.3656429942418426,462,0.2582781456953642,0.1390728476821192,0.2469879518072289,0.13253012048192772,190,0.8157894736842104,0.28421052631578947,6.152631578947369,0.3447368421052632,13.04,12.76,11.98,11.78,0,0,1
163,1205740540,2,12,12,12,14,685,0.9855670103092784,0.006185567010309278,0.9466019417475728,0.02912621359223301,1073,0.5,0.2982292637465051,5.476234855545201,0.3651755203479341,541,0.4066390041493776,0.07053941908713693,0.39869281045751637,0.049019607843137254,1048,0.45896946564885494,0.6154580152671756,5.318702290076335,0.36521946564885494,468,0.2565789473684211,0.14144736842105263,0.2411764705882353,0.13529411764705881,191,0.8167539267015705,0.28272251308900526,6.151832460732984,0.34554973821989526,13.06,12.72,11.98,11.8,0,0,-2
164,1205740541,2,14,11,12,12,692,0.9856850715746421,0.006134969325153374,0.9473684210526315,0.028708133971291867,1078,0.5004638218923934,0.2987012987012987,5.475881261595547,0.36533704390847244,542,0.4066390041493776,0.07053941908713693,0.3973941368078176,0.05211726384364821,1055,0.4597156398104265,0.6132701421800948,5.316587677725119,0.36563981042654026,471,0.2581699346405229,0.14052287581699346,0.23976608187134502,0.13450292397660818,192,0.8177083333333331,0.2864583333333333,6.151041666666667,0.3450520833333333,13.06,12.66,11.96,11.8,3,2,2
165,1205740542,2,12,12,13,11,699,0.9858299595141701,0.006072874493927126,0.9478672985781991,0.02843601895734597,1084,0.49953874538745385,0.29797047970479706,5.476937269372693,0.36515990159901596,544,0.4066390041493776,0.07053941908713693,0.3948220064724919,0.05177993527508091,1062,0.45856873822975514,0.6139359698681732,5.314500941619586,0.365819209039548,475,0.25483870967741934,0.14193548387096774,0.23976608187134502,0.13450292397660818,193,0.8186528497409324,0.2849740932642487,6.150259067357513,0.344559585492228,13.06,12.62,11.98,11.8,0,-1,1
166,1205740543,2,12,12,9,12,701,0.9858585858585859,0.006060606060606061,0.9481132075471698,0.02830188679245283,1094,0.49794332723948814,0.2979890310786106,5.478976234003657,0.36639244363193174,545,0.4090909090909091,0.07024793388429752,0.3948220064724919,0.05177993527508091,1071,0.4565826330532212,0.6134453781512605,5.314659197012138,0.3657796451914099,476,0.2540192926045016,0.1414790996784566,0.23976608187134502,0.13450292397660818,195,0.8179487179487178,0.2923076923076923,6.148717948717949,0.34487179487179487,13.02,12.6,11.94,11.78,0,3,0
167,1205740544,2,15,15,12,13,706,0.986,0.006,0.9481132075471698,0.02830188679245283,1097,0.4984047402005469,0.29899726526891524,5.478577939835916,0.3663020358553631,551,0.4122448979591837,0.06938775510204082,0.3974358974358974,0.05128205128205128,1078,0.45655534941249226,0.614100185528757,5.3144712430426715,0.3661873840445269,478,0.25559105431309903,0.14057507987220447,0.23976608187134502,0.13450292397660818,197,0.8197969543147207,0.29441624365482233,6.147208121827411,0.3456006768189509,13.06,12.68,11.92,11.84,0,3,2
168,1205740545,2,13,12,12,9,711,0.9861111111111112,0.005952380952380952,0.9436619718309859,0.028169014084507043,1100,0.4993181818181818,0.2990909090909091,5.4772727272727275,0.3664393939393939,554,0.4122448979591837,0.06938775510204082,0.3968253968253968,0.050793650793650794,1087,0.45553511192885615,0.6136154553817847,5.316467341306348,0.36637534498620056,484,0.2555205047318612,0.138801261829653,0.23699421965317918,0.1329479768786127,199,0.8190954773869346,0.2964824120603015,6.150753768844221,0.3471524288107202,13.02,12.7,11.92,11.76,1,1,4
169,1205740546,2,12,15,12,12,715,0.9862204724409449,0.005905511811023622,0.9436619718309859,0.028169014084507043,1105,0.498265460030166,0.3004524886877828,5.476923076923077,0.3665912518853695,557,0.4105691056910569,0.06910569105691057,0.40063091482649843,0.050473186119873815,1093,0.4576090271424214,0.6148215919487648,5.3174748398902105,0.36596523330283626,490,0.2577639751552795,0.13664596273291926,0.2413793103448276,0.13218390804597702,200,0.8199999999999998,0.295,6.15,0.3466666666666666,13.0,12.74,11.96,11.78,-3,0,0
170,1205740547,2,14,13,13,15,720,0.98635477582846,0.005847953216374269,0.9436619718309859,0.028169014084507043,1109,0.49917342951608057,0.30027051397655546,5.4770063119927865,0.3666215810039074,559,0.4089068825910931,0.06882591093117409,0.4025157232704403,0.050314465408805034,1100,0.4583333333333333,0.6145454545454545,5.316363636363636,0.36568181818181816,497,0.2530487804878049,0.13414634146341464,0.24,0.13142857142857142,201,0.8208955223880595,0.2935323383084577,6.149253731343284,0.3461857379767827,13.02,12.76,12.02,11.78,1,1,-1
171,1205740548,2,13,15,11,12,723,0.9864077669902913,0.005825242718446602,0.9439252336448598,0.028037383177570093,1116,0.5017174432497014,0.3010752688172043,5.474014336917563,0.3670101553166069,564,0.40963855421686746,0.06827309236947791,0.3987538940809969,0.04984423676012461,1106,0.4585593731163351,0.6148282097649186,5.3164556962025316,0.36573236889692584,501,0.25075528700906347,0.13293051359516617,0.23863636363636365,0.13636363636363635,202,0.8217821782178216,0.29207920792079206,6.148514851485149,0.34694719471947194,13.02,12.78,12.0,11.76,-2,2,1
172,1205740549,2,13,13,12,11,728,0.9864603481624759,0.005802707930367505,0.9447004608294931,0.027649769585253458,1118,0.5014162194394753,0.3023255813953488,5.473166368515206,0.36747167561121047,571,0.40476190476190477,0.06746031746031746,0.4,0.04923076923076923,1114,0.45930580490724116,0.6140035906642729,5.315978456014363,0.3653500897666068,504,0.25225225225225223,0.13213213213213212,0.24293785310734464,0.13559322033898305,203,0.8226600985221674,0.29064039408866993,6.147783251231527,0.34646962233169126,13.04,12.8,11.98,11.74,0,1,2
173,1205740550,2,13,13,11,12,732,0.9865125240847784,0.005780346820809248,0.9452054794520548,0.0273972602739726,1127,0.5027358769594795,0.3034605146406389,5.473824312333629,0.36764270925761605,574,0.4031620553359684,0.06719367588932806,0.40061162079510704,0.04892966360856269,1119,0.46008340780458734,0.613941018766756,5.315460232350313,0.36572832886505807,508,0.25297619047619047,0.13095238095238096,0.24719101123595505,0.1348314606741573,204,0.818627450980392,0.29411764705882354,6.147058823529412,0.3459967320261438,13.04,12.8,11.94,11.76,0,2,1
174,1205740551,2,13,11,11,10,741,0.9847619047619047,0.007619047619047619,0.9459459459459459,0.02702702702702703,1131,0.5013999410551135,0.3032714412024757,5.472148541114058,0.36766872973769527,576,0.4015748031496063,0.06692913385826772,0.39939024390243905,0.04878048780487805,1125,0.4602962962962962,0.6142222222222222,5.3164444444444445,0.36577777777777776,511,0.2514792899408284,0.1301775147928994,0.24581005586592178,0.1340782122905028,205,0.8182926829268291,0.2926829268292683,6.146341463414634,0.3491869918699187,13.04,12.8,11.9,11.72,2,2,3
175,1205740552,2,15,14,13,12,743,0.9847908745247148,0.0076045627376425855,0.9461883408071748,0.026905829596412557,1135,0.5027165932452277,0.3039647577092511,5.472246696035242,0.36769456681350954,584,0.40540540540540543,0.06563706563706563,0.3987915407854985,0.04833836858006042,1129,0.46043696486566277,0.6138175376439327,5.315323294951284,0.36581045172719223,515,0.25219941348973607,0.12903225806451613,0.25,0.13333333333333333,207,0.8200483091787438,0.2946859903381642,6.144927536231884,0.34822866344605474,13.06,12.82,11.9,11.68,1,2,3
176,1205740553,2,12,12,13,11,750,0.9848771266540642,0.007561436672967864,0.947136563876652,0.02643171806167401,1141,0.5044551562956471,0.30499561787905344,5.47239263803681,0.3675138767163307,587,0.4099616858237548,0.06513409961685823,0.39759036144578314,0.04819277108433735,1135,0.45844346549192355,0.613215859030837,5.3136563876651985,0.36541850220264316,517,0.25072886297376096,0.1282798833819242,0.25,0.13333333333333333,208,0.8209134615384615,0.2932692307692308,6.144230769230769,0.3501602564102564,13.02,12.8,11.88,11.7,0,-1,1
177,1205740554,2,13,14,14,12,754,0.9849624060150376,0.007518796992481203,0.9473684210526315,0.02631578947368421,1148,0.5057346109175378,0.3048780487804878,5.4729965156794425,0.3681039488966318,590,0.4068441064638783,0.06463878326996197,0.3963963963963964,0.05105105105105105,1144,0.4584790209790209,0.6136363636363636,5.312937062937063,0.3651660839160839,518,0.25,0.12790697674418605,0.25,0.13333333333333333,209,0.8217703349282295,0.291866028708134,6.143540669856459,0.3496810207336523,13.06,12.86,11.94,11.7,-1,-1,1
178,1205740555,2,13,14,14,12,757,0.9850467289719627,0.007476635514018692,0.9473684210526315,0.02631578947368421,1157,0.5066983578219534,0.3050993949870354,5.47104580812446,0.3689138576779026,592,0.4053030303030303,0.06439393939393939,0.39520958083832336,0.05089820359281437,1149,0.4577893820713663,0.6135770234986945,5.312445604873803,0.3651000870322019,525,0.2492836676217765,0.12893982808022922,0.25274725274725274,0.13186813186813187,209,0.8217703349282295,0.291866028708134,6.143540669856459,0.3496810207336523,13.06,12.92,12.02,11.7,-1,-1,1
179,1205740556,2,14,12,11,12,760,0.9851024208566108,0.0074487895716946,0.9475982532751092,0.026200873362445413,1166,0.5073613493424813,0.3053173241852487,5.471698113207547,0.3692824471126358,594,0.4037735849056604,0.06415094339622641,0.3940298507462687,0.05373134328358209,1157,0.45635263612791693,0.6145203111495247,5.312013828867761,0.36452031114952466,526,0.25142857142857145,0.12857142857142856,0.25274725274725274,0.13186813186813187,209,0.8217703349282295,0.291866028708134,6.143540669856459,0.3496810207336523,13.06,12.86,12.0,11.68,2,3,2
180,1205740557,2,14,11,13,12,762,0.9851576994434137,0.0074211502782931356,0.9475982532751092,0.026200873362445413,1171,0.5086108738969541,0.30572160546541416,5.470538001707942,0.3694136066040421,598,0.40298507462686567,0.06343283582089553,0.3958333333333333,0.05357142857142857,1164,0.45618556701030916,0.6142611683848798,5.313573883161512,0.3638316151202749,530,0.25071225071225073,0.1282051282051282,0.2594594594594595,0.12972972972972974,212,0.8242924528301886,0.29245283018867924,6.14622641509434,0.3482704402515723,13.1,12.82,12.0,11.68,3,1,2
181,1205740558,2,11,15,15,12,764,0.9851851851851852,0.007407407407407408,0.9478260869565217,0.02608695652173913,1179,0.5098247102063895,0.3061916878710772,5.469041560644614,0.36945151258128356,601,0.40148698884758366,0.06319702602230483,0.39349112426035504,0.05621301775147929,1171,0.455593509820666,0.61400512382579,5.314261315115286,0.3637916310845431,535,0.2528409090909091,0.1278409090909091,0.25925925925925924,0.13227513227513227,213,0.8204225352112675,0.29577464788732394,6.145539906103286,0.3478090766823161,13.06,12.86,12.06,11.7,-4,-4,-1
182,1205740559,2,11,10,13,11,769,0.985239852398524,0.007380073800738007,0.9484978540772532,0.02575107296137339,1186,0.509345137717819,0.30522765598650925,5.46964586846543,0.3693788645306352,603,0.40370370370370373,0.06296296296296296,0.3952802359882006,0.05604719764011799,1176,0.45578231292516996,0.6139455782312925,5.313775510204081,0.3637329931972789,541,0.24929971988795518,0.13165266106442577,0.2631578947368421,0.13157894736842105,215,0.8174418604651161,0.29767441860465116,6.144186046511628,0.34689922480620156,13.0,12.78,12.06,11.72,1,-2,0
183,1205740560,2,12,11,12,11,771,0.9852670349907919,0.007366482504604052,0.9487179487179487,0.02564102564102564,1197,0.5093984962406014,0.3032581453634085,5.47702589807853,0.3689083820662768,606,0.40441176470588236,0.0625,0.3941176470588235,0.058823529411764705,1182,0.45558375634517756,0.6150592216582065,5.314720812182741,0.3635786802030457,544,0.25069637883008355,0.1309192200557103,0.2617801047120419,0.13089005235602094,216,0.8136574074074073,0.30092592592592593,6.143518518518518,0.3464506172839506,12.94,12.7,12.04,11.68,1,0,1
184,1205740561,2,13,13,13,12,775,0.9853211009174312,0.007339449541284404,0.9491525423728814,0.025423728813559324,1203,0.5097672485453033,0.30174563591022446,5.476309226932669,0.36873095040177334,607,0.40293040293040294,0.06227106227106227,0.3941176470588235,0.058823529411764705,1191,0.45445004198152805,0.6154492023509656,5.314861460957179,0.36397984886649876,549,0.25,0.13055555555555556,0.2564102564102564,0.13333333333333333,217,0.8145161290322579,0.2995391705069124,6.142857142857143,0.34715821812596004,12.94,12.72,12.02,11.7,0,0,1
185,1205740562,2,12,13,11,12,777,0.9853479853479854,0.007326007326007326,0.9493670886075949,0.02531645569620253,1208,0.5101407284768211,0.30132450331125826,5.47682119205298,0.3686534216335541,615,0.39928057553956836,0.06115107913669065,0.3965014577259475,0.05830903790087463,1198,0.4530467445742904,0.6143572621035058,5.313021702838063,0.36414858096828046,553,0.2520775623268698,0.13019390581717452,0.25252525252525254,0.13131313131313133,218,0.8153669724770641,0.30275229357798167,6.1422018348623855,0.34671253822629966,12.96,12.72,11.98,11.74,-1,1,0
186,1205740563,2,12,14,10,13,779,0.9853747714808044,0.007312614259597806,0.9495798319327731,0.025210084033613446,1215,0.5088477366255143,0.3004115226337449,5.477366255144033,0.36858710562414265,625,0.40070921985815605,0.06382978723404255,0.3982808022922636,0.06017191977077364,1204,0.45577242524916933,0.6146179401993356,5.3147840531561465,0.3637873754152824,554,0.2513812154696133,0.1298342541436464,0.25252525252525254,0.13131313131313133,219,0.8162100456621003,0.3013698630136986,6.141552511415525,0.34627092846270924,12.94,12.76,11.96,11.74,-2,2,-1
187,1205740564,2,11,11,12,11,784,0.9855072463768116,0.007246376811594203,0.9495798319327731,0.025210084033613446,1222,0.5100245499181668,0.2986906710310966,5.47708674304419,0.3681123840698309,628,0.40070921985815605,0.06382978723404255,0.3977272727272727,0.05965909090909091,1214,0.45613673805601307,0.6161449752883031,5.315485996705107,0.36387973640856675,555,0.2534435261707989,0.12947658402203857,0.25252525252525254,0.13131313131313133,219,0.8162100456621003,0.3013698630136986,6.141552511415525,0.34627092846270924,12.9,12.72,11.98,11.72,0,-1,0
188,1205740565,2,15,15,13,15,790,0.9855855855855856,0.007207207207207207,0.950207468879668,0.024896265560165973,1229,0.5105098996474097,0.2994304312449146,5.4768104149715215,0.3690669921345267,631,0.4014084507042254,0.06338028169014084,0.39660056657223797,0.059490084985835696,1216,0.4562088815789473,0.615953947368421,5.316611842105263,0.3638980263157895,558,0.25205479452054796,0.12876712328767123,0.25125628140703515,0.1306532663316583,221,0.8178733031674207,0.3031674208144796,6.153846153846154,0.3453996983408748,12.94,12.76,12.0,11.76,0,2,0
189,1205740566,2,11,12,14,11,794,0.985663082437276,0.007168458781362007,0.9504132231404959,0.024793388429752067,1239,0.5104250739843958,0.2986279257465698,5.477804681194511,0.3689131019639494,634,0.3986013986013986,0.06293706293706294,0.3983050847457627,0.059322033898305086,1223,0.4552330335241209,0.6173344235486509,5.317252657399837,0.3636549468520033,561,0.2506811989100817,0.1307901907356948,0.25,0.13,221,0.8178733031674207,0.3031674208144796,6.153846153846154,0.3453996983408748,12.94,12.78,12.08,11.76,-1,-3,0
190,1205740567,2,14,15,14,14,799,0.9857397504456328,0.0071301247771836,0.9508196721311475,0.02459016393442623,1248,0.5112847222222221,0.2980769230769231,5.47676282051282,0.3690571581196581,637,0.3958333333333333,0.0625,0.3971830985915493,0.059154929577464786,1229,0.45382424735557353,0.6175752644426363,5.316517493897478,0.363506916192026,563,0.25,0.13043478260869565,0.2537313432835821,0.12935323383084577,221,0.8178733031674207,0.3031674208144796,6.153846153846154,0.3453996983408748,13.04,12.9,12.18,11.8,-1,0,0
191,1205740568,2,14,15,11,13,804,0.9858407079646018,0.007079646017699115,0.9510204081632653,0.024489795918367346,1255,0.5112217795484726,0.2972111553784861,5.476494023904382,0.3687915006640106,641,0.39655172413793105,0.06206896551724138,0.3949579831932773,0.058823529411764705,1236,0.4532766990291261,0.6173139158576052,5.315533980582524,0.3630663430420712,564,0.24932249322493225,0.13008130081300814,0.2537313432835821,0.12935323383084577,222,0.8164414414414413,0.30180180180180183,6.153153153153153,0.3460960960960961,13.06,12.96,12.2,11.82,-1,3,1
192,1205740569,2,13,14,10,13,808,0.9859402460456942,0.007029876977152899,0.9510204081632653,0.024489795918367346,1257,0.5112039246884114,0.2975338106603023,5.476531424025457,0.3686024927075046,645,0.4006849315068493,0.06164383561643835,0.3955431754874652,0.0584958217270195,1245,0.4521419009370816,0.6184738955823293,5.31566265060241,0.3644578313253012,566,0.25135135135135134,0.12972972972972974,0.2524752475247525,0.13366336633663367,223,0.8172645739910313,0.3004484304932735,6.1524663677130045,0.3456651718983557,13.06,13.0,12.14,11.84,-1,3,0
193,1205740570,2,14,15,12,15,816,0.9860627177700348,0.006968641114982578,0.9516129032258065,0.024193548387096774,1262,0.512348124669836,0.2979397781299525,5.476228209191759,0.3681325937665082,648,0.3993174061433447,0.06484641638225255,0.3988919667590028,0.05817174515235457,1253,0.4521814312317105,0.6177174780526736,5.315243415802075,0.36465815376429905,567,0.25067385444743934,0.1293800539083558,0.2524752475247525,0.13366336633663367,224,0.818080357142857,0.29910714285714285,6.151785714285714,0.34523809523809523,13.06,13.08,12.14,11.88,-1,2,-1
194,1205740571,2,14,13,13,12,820,0.986159169550173,0.006920415224913495,0.9516129032258065,0.024193548387096774,1269,0.5124113475177303,0.2986603624901497,5.475177304964539,0.3682689781980562,654,0.4,0.06440677966101695,0.39452054794520547,0.057534246575342465,1260,0.4524470899470899,0.6158730158730159,5.315873015873016,0.3648148148148148,567,0.25067385444743934,0.1293800539083558,0.2524752475247525,0.13366336633663367,225,0.8188888888888888,0.29777777777777775,6.151111111111111,0.3459259259259259,13.12,13.1,12.16,11.9,1,1,2
195,1205740572,2,10,14,10,13,825,0.9862542955326461,0.006872852233676976,0.9518072289156626,0.024096385542168676,1275,0.5102614379084965,0.2988235294117647,5.474509803921569,0.3681045751633987,658,0.39730639730639733,0.06734006734006734,0.39509536784741145,0.05994550408719346,1267,0.45231518021573264,0.6156274664561957,5.316495659037096,0.3645751118126809,572,0.25333333333333335,0.128,0.2512315270935961,0.1330049261083744,226,0.8196902654867255,0.29646017699115046,6.150442477876106,0.34550147492625366,13.0,13.06,12.1,11.96,-4,0,-3
196,1205740573,2,12,13,13,11,829,0.9863247863247864,0.006837606837606838,0.952,0.024,1280,0.5103515624999998,0.29921875,5.47421875,0.36842447916666665,664,0.3979933110367893,0.06688963210702341,0.3935309973045822,0.05929919137466307,1274,0.4525771847200418,0.6153846153846154,5.317896389324961,0.36433804290947147,575,0.2519893899204244,0.1273209549071618,0.25,0.1323529411764706,227,0.8204845814977972,0.29515418502202645,6.149779735682819,0.3461820851688693,12.98,13.06,12.14,11.96,-1,-1,1
197,1205740574,2,13,13,10,11,832,0.9863713798977853,0.0068143100511073255,0.952191235059761,0.02390438247011952,1290,0.5115633074935398,0.3,5.474418604651163,0.36925064599483204,665,0.39666666666666667,0.07,0.3935309973045822,0.05929919137466307,1280,0.4524088541666666,0.61484375,5.3171875,0.36458333333333337,578,0.2532981530343008,0.1266490765171504,0.24878048780487805,0.13170731707317074,227,0.8204845814977972,0.29515418502202645,6.149779735682819,0.3461820851688693,12.94,13.02,12.14,11.94,0,3,2
198,1205740575,2,14,15,14,11,837,0.9864176570458404,0.006791171477079796,0.952755905511811,0.023622047244094488,1294,0.51075476558475,0.2990726429675425,5.474497681607419,0.3690752189592993,667,0.3953488372093023,0.06976744186046512,0.3951612903225806,0.05913978494623656,1289,0.45312904059994824,0.6152055857253685,5.318076027928627,0.36455908973364365,581,0.2545931758530184,0.12598425196850394,0.24757281553398058,0.13106796116504854,228,0.8212719298245613,0.29385964912280704,6.149122807017544,0.34576023391812866,12.96,13.1,12.24,11.94,-1,0,3
199,1205740576,2,12,12,13,11,841,0.9864864864864865,0.006756756756756757,0.9529411764705882,0.023529411764705882,1301,0.5103125800666152,0.29746348962336666,5.475019215987702,0.36862669741224696,670,0.3953488372093023,0.06976744186046512,0.392,0.058666666666666666,1296,0.4533822016460905,0.6157407407407407,5.317901234567901,0.3645190329218107,583,0.25392670157068065,0.12827225130890052,0.2463768115942029,0.13043478260869565,229,0.8220524017467248,0.2925764192139738,6.148471615720524,0.34534206695778746,12.92,13.12,12.26,11.94,0,-1,1
200,1205740577,2,12,12,10,11,847,0.9849246231155779,0.008375209380234505,0.953125,0.0234375,1308,0.5105122324159019,0.2966360856269113,5.476299694189603,0.3685652395514781,675,0.39403973509933776,0.0695364238410596,0.39313984168865435,0.05804749340369393,1301,0.45317704330002556,0.617217524980784,5.317448116833205,0.3642710735331796,584,0.25326370757180156,0.1279373368146214,0.2463768115942029,0.13043478260869565,231,0.8235930735930734,0.29004329004329005,6.1558441558441555,0.3445165945165945,12.9,13.06,12.22,11.92,0,2,1
201,1205740578,2,11,13,10,12,852,0.985,0.008333333333333333,0.9534883720930233,0.023255813953488372,1315,0.5100760456273763,0.29581749049429656,5.47680608365019,0.3683143219264892,675,0.39403973509933776,0.0695364238410596,0.39313984168865435,0.05804749340369393,1311,0.4526442918891431,0.6170861937452327,5.3165522501906946,0.3642893465547928,585,0.2526041666666667,0.13020833333333334,0.2463768115942029,0.13043478260869565,232,0.824353448275862,0.28879310344827586,6.155172413793103,0.34410919540229884,12.84,13.04,12.14,11.92,-2,1,-1
202,1205740579,2,11,11,12,11,854,0.9850249584026622,0.008319467554076539,0.9536679536679536,0.023166023166023165,1322,0.5105900151285929,0.2957639939485628,5.478063540090772,0.3687594553706505,679,0.39403973509933776,0.0695364238410596,0.39425587467362927,0.057441253263707574,1317,0.4528600354340673,0.6180713743356112,5.318147304479878,0.3637686661604657,589,0.2519480519480519,0.12987012987012986,0.24285714285714285,0.12857142857142856,234,0.8258547008547007,0.2863247863247863,6.162393162393163,0.3433048433048433,12.8,13.0,12.12,11.92,0,-1,0
203,1205740580,2,12,13,12,13,858,0.9850746268656716,0.008291873963515755,0.9540229885057471,0.022988505747126436,1331,0.5105184072126219,0.29526671675432004,5.478587528174305,0.36870773854244926,685,0.3980263157894737,0.06907894736842106,0.39018087855297157,0.056847545219638244,1322,0.45417297024710035,0.6164901664145235,5.317700453857792,0.3637796268280383,591,0.25129533678756477,0.12953367875647667,0.24170616113744076,0.12796208530805686,235,0.826595744680851,0.2851063829787234,6.1617021276595745,0.34397163120567376,12.78,12.98,12.18,11.96,-1,0,-1
204,1205740581,2,13,15,14,12,862,0.985172981878089,0.008237232289950576,0.9540229885057471,0.022988505747126436,1336,0.5116017964071855,0.29565868263473055,5.479041916167665,0.3686377245508982,687,0.4,0.06885245901639345,0.38917525773195877,0.05670103092783505,1330,0.4533208020050125,0.6157894736842106,5.3165413533834585,0.36372180451127817,599,0.24744897959183673,0.13010204081632654,0.23943661971830985,0.1267605633802817,235,0.826595744680851,0.2851063829787234,6.1617021276595745,0.34397163120567376,12.76,13.0,12.2,12.0,-2,-1,1
205,1205740582,2,16,14,14,11,867,0.9852700490998363,0.008183306055646482,0.9541984732824428,0.022900763358778626,1340,0.5120646766169152,0.2947761194029851,5.479104477611941,0.36884328358208956,692,0.4019607843137255,0.06862745098039216,0.39285714285714285,0.05612244897959184,1334,0.4527111444277861,0.6169415292353823,5.315592203898051,0.3639430284857571,601,0.24681933842239187,0.1297709923664122,0.2383177570093458,0.1308411214953271,237,0.8280590717299577,0.28270042194092826,6.1645569620253164,0.3431786216596343,12.84,13.06,12.26,11.98,2,2,5
206,1205740583,2,12,11,11,12,871,0.9853181076672104,0.008156606851549755,0.9545454545454546,0.022727272727272728,1345,0.5127633209417594,0.29442379182156136,5.481040892193309,0.3691449814126394,692,0.4019607843137255,0.06862745098039216,0.39285714285714285,0.05612244897959184,1341,0.45258513547104146,0.6181953765846383,5.31469052945563,0.3639075316927666,604,0.24619289340101522,0.12944162436548223,0.2361111111111111,0.12962962962962962,240,0.8260416666666666,0.2791666666666667,6.166666666666667,0.3420138888888889,12.82,13.04,12.22,12.0,1,1,0
207,1205740584,2,13,13,13,13,875,0.9853658536585366,0.008130081300813009,0.9548872180451128,0.022556390977443608,1352,0.5123274161735698,0.29363905325443784,5.480029585798817,0.36889792899408286,699,0.39805825242718446,0.07119741100323625,0.39646464646464646,0.05555555555555555,1347,0.452425142291512,0.6184112843355605,5.314031180400891,0.3637713437268003,605,0.2481012658227848,0.1291139240506329,0.2361111111111111,0.12962962962962962,240,0.8260416666666666,0.2791666666666667,6.166666666666667,0.3420138888888889,12.8,13.02,12.22,12.02,0,0,0
208,1205740585,2,14,12,15,14,882,0.9855072463768116,0.008051529790660225,0.9550561797752809,0.02247191011235955,1356,0.5119837758112092,0.2942477876106195,5.478613569321534,0.36965339233038347,703,0.3974358974358974,0.07051282051282051,0.3979848866498741,0.055415617128463476,1352,0.45297090729783035,0.6198224852071006,5.314349112426036,0.36372041420118345,610,0.24623115577889448,0.12814070351758794,0.23394495412844038,0.12844036697247707,241,0.8267634854771783,0.27800829875518673,6.16597510373444,0.3426694329183956,12.82,13.0,12.26,12.06,2,-1,0
209,1205740586,2,12,13,11,11,887,0.985553772070626,0.008025682182985553,0.9555555555555556,0.022222222222222223,1364,0.5104472140762462,0.29545454545454547,5.478005865102639,0.3691348973607038,707,0.39490445859872614,0.0732484076433121,0.39849624060150374,0.05513784461152882,1358,0.453546882670594,0.6200294550810015,5.315905743740795,0.3635861561119293,611,0.24561403508771928,0.12781954887218044,0.23394495412844038,0.12844036697247707,242,0.8274793388429751,0.2768595041322314,6.1652892561983474,0.34228650137741046,12.8,13.02,12.22,12.02,-1,1,1
210,1205740587,2,13,13,15,13,896,0.9841269841269841,0.009523809523809525,0.9558823529411765,0.022058823529411766,1368,0.5093201754385963,0.2953216374269006,5.478070175438597,0.36933479532163743,708,0.39365079365079364,0.07301587301587302,0.39849624060150374,0.05513784461152882,1367,0.4534869544013655,0.6210680321872714,5.316020482809071,0.3632040965618142,611,0.24561403508771928,0.12781954887218044,0.23394495412844038,0.12844036697247707,243,0.8281893004115225,0.2757201646090535,6.1646090534979425,0.34190672153635115,12.82,13.04,12.26,12.06,0,-2,0
211,1205740588,2,15,13,14,13,900,0.9826224328593997,0.009478672985781991,0.9560439560439561,0.02197802197802198,1375,0.5097575757575756,0.29745454545454547,5.479272727272727,0.3698181818181818,708,0.39365079365079364,0.07301587301587302,0.39849624060150374,0.05513784461152882,1375,0.45448484848484844,0.6210909090909091,5.316363636363636,0.36327272727272725,614,0.24875621890547264,0.12686567164179105,0.23394495412844038,0.12844036697247707,243,0.8281893004115225,0.2757201646090535,6.1646090534979425,0.34190672153635115,12.84,13.0,12.3,12.08,2,1,2
212,1205740589,2,13,13,13,12,901,0.9826498422712934,0.00946372239747634,0.9560439560439561,0.02197802197802198,1382,0.5086227689339121,0.29667149059334297,5.479015918958032,0.36975397973950797,708,0.39365079365079364,0.07301587301587302,0.39849624060150374,0.05513784461152882,1385,0.45481347773766545,0.6231046931407942,5.3184115523465705,0.36389891696750903,617,0.24752475247524752,0.12871287128712872,0.2374429223744292,0.1278538812785388,245,0.8282312925170067,0.27755102040816326,6.163265306122449,0.3431972789115646,12.84,13.0,12.3,12.08,0,0,1
213,1205740590,2,12,10,11,10,904,0.9827044025157232,0.009433962264150943,0.9562043795620438,0.021897810218978103,1390,0.5083333333333332,0.2956834532374101,5.479856115107913,0.36942446043165467,711,0.39556962025316456,0.07278481012658228,0.39650872817955113,0.057356608478802994,1393,0.4557908590571907,0.6238334529791816,5.319454414931802,0.3639028475711893,617,0.24752475247524752,0.12871287128712872,0.2374429223744292,0.1278538812785388,246,0.8289295392953928,0.2804878048780488,6.162601626016261,0.3428184281842818,12.84,12.96,12.28,12.0,2,1,2
214,1205740591,2,12,11,12,14,907,0.9827586206896551,0.009404388714733543,0.9563636363636364,0.02181818181818182,1396,0.5094914040114612,0.29727793696275073,5.479942693409742,0.36998567335243554,716,0.3949843260188088,0.07210031347962383,0.3945409429280397,0.05955334987593052,1397,0.45555953233118585,0.6227630637079457,5.318539727988547,0.36393462180863756,623,0.24634146341463414,0.12926829268292683,0.2374429223744292,0.1278538812785388,247,0.8296221322537111,0.2793522267206478,6.161943319838056,0.34345479082321184,12.8,12.96,12.28,12.04,1,0,-2
215,1205740592,2,13,14,14,11,910,0.982839313572543,0.0093603744149766,0.9563636363636364,0.02181818181818182,1402,0.5094507845934377,0.2967189728958631,5.480741797432239,0.3698288159771755,720,0.3956386292834891,0.07165109034267912,0.3925925925925926,0.05925925925925926,1405,0.45545670225385526,0.6241992882562277,5.316725978647687,0.3638196915776987,624,0.24817518248175183,0.12895377128953772,0.2374429223744292,0.1278538812785388,248,0.8303091397849461,0.2782258064516129,6.161290322580645,0.3430779569892473,12.82,13.0,12.3,12.04,-1,-1,2
216,1205740593,2,14,14,12,11,915,0.9829721362229102,0.009287925696594427,0.9563636363636364,0.02181818181818182,1410,0.5086879432624112,0.29645390070921984,5.481560283687943,0.3700354609929078,720,0.3956386292834891,0.07165109034267912,0.3925925925925926,0.05925925925925926,1413,0.45500117952347247,0.6249115357395613,5.3170559094125975,0.3642368483132815,626,0.24757281553398058,0.12864077669902912,0.23636363636363636,0.12727272727272726,249,0.8309906291834002,0.27710843373493976,6.160642570281125,0.3427041499330656,12.86,13.04,12.36,12.02,0,2,3
217,1205740594,2,15,14,13,12,923,0.9830769230769231,0.009230769230769232,0.956989247311828,0.021505376344086023,1413,0.5076079263977351,0.29582448690728946,5.481245576786978,0.36995753715498936,720,0.3956386292834891,0.07165109034267912,0.3925925925925926,0.05925925925925926,1423,0.4535605528226751,0.624033731553057,5.315530569219958,0.3650152260482549,628,0.2463768115942029,0.13043478260869565,0.23636363636363636,0.12727272727272726,250,0.8316666666666666,0.276,6.16,0.3433333333333333,12.86,13.02,12.38,12.0,1,2,3
218,1205740595,2,12,11,15,12,927,0.9831546707503829,0.009188361408882083,0.9571428571428572,0.02142857142857143,1420,0.5061619718309858,0.2964788732394366,5.480985915492957,0.3700704225352113,725,0.3931888544891641,0.07120743034055728,0.39215686274509803,0.058823529411764705,1429,0.4534056449731747,0.6249125262421273,5.314905528341497,0.3647072544903196,631,0.24519230769230768,0.12980769230769232,0.23529411764705882,0.12669683257918551,251,0.8323373173970782,0.2749003984063745,6.159362549800797,0.3439575033200531,12.84,13.0,12.44,12.06,1,-3,0
219,1205740596,2,13,11,13,12,930,0.983206106870229,0.00916030534351145,0.9572953736654805,0.021352313167259787,1427,0.5063653352020555,0.29572529782761037,5.4800280308339175,0.3701822004204625,728,0.39197530864197533,0.07098765432098765,0.3902439024390244,0.05853658536585366,1436,0.45328458681522743,0.6253481894150418,5.3154596100278555,0.36496053853296195,635,0.24641148325358853,0.13157894736842105,0.23318385650224216,0.13452914798206278,253,0.8336627140974966,0.2727272727272727,6.158102766798419,0.3451910408432147,12.86,12.92,12.46,12.06,2,0,1
220,1205740597,2,12,13,10,13,937,0.9817629179331308,0.00911854103343465,0.9578947368421052,0.021052631578947368,1435,0.5056329849012775,0.29686411149825787,5.480836236933798,0.3700348432055749,730,0.3895705521472393,0.0705521472392638,0.3902439024390244,0.05853658536585366,1444,0.4521583564173592,0.6253462603878116,5.316481994459834,0.36466989843028624,635,0.24641148325358853,0.13157894736842105,0.23318385650224216,0.13452914798206278,254,0.8343175853018371,0.27165354330708663,6.15748031496063,0.34481627296587924,12.82,12.92,12.4,12.02,-1,2,-1
221,1205740598,2,12,12,10,14,945,0.9818456883509834,0.009077155824508321,0.9586206896551724,0.020689655172413793,1439,0.5056173268473476,0.29673384294649063,5.480889506601807,0.3698749131341209,734,0.3871951219512195,0.07317073170731707,0.3883495145631068,0.05825242718446602,1448,0.4522905156537753,0.6256906077348067,5.31560773480663,0.3643531307550645,639,0.24465558194774348,0.1330166270783848,0.23214285714285715,0.13839285714285715,256,0.8336588541666665,0.26953125,6.15625,0.3450520833333333,12.8,12.86,12.38,12.06,0,2,-2
222,1205740599,2,13,12,13,12,950,0.9819277108433735,0.009036144578313253,0.958904109589041,0.02054794520547945,1445,0.505594002306805,0.2975778546712803,5.482352941176471,0.37058823529411766,735,0.3871951219512195,0.07317073170731707,0.387409200968523,0.06053268765133172,1457,0.4532715625714939,0.6252573781743308,5.317776252573782,0.36433310455273393,640,0.24407582938388625,0.13270142180094788,0.23214285714285715,0.13839285714285715,257,0.8343060959792475,0.26848249027237353,6.155642023346304,0.3446822308690013,12.8,12.84,12.4,12.08,1,0,1
223,1205740600,2,11,12,10,11,952,0.9819819819819819,0.009009009009009009,0.958904109589041,0.02054794520547945,1452,0.504533976124885,0.2988980716253444,5.482782369146006,0.3701790633608815,738,0.3860182370820669,0.0729483282674772,0.3855421686746988,0.060240963855421686,1463,0.45346320346320346,0.6261107313738893,5.31784005468216,0.3652312599681021,642,0.24528301886792453,0.1320754716981132,0.23214285714285715,0.13839285714285715,258,0.8349483204134366,0.26744186046511625,6.162790697674419,0.34431524547803616,12.76,12.82,12.38,12.06,-1,1,0
224,1205740601,2,12,11,10,13,955,0.9820359281437125,0.008982035928143712,0.9590443686006825,0.020477815699658702,1458,0.505201188843164,0.29766803840877915,5.48079561042524,0.37002743484224965,741,0.3860182370820669,0.0729483282674772,0.3875598086124402,0.05980861244019139,1470,0.4536848072562358,0.6272108843537415,5.317687074829932,0.36502267573696145,647,0.2459016393442623,0.13348946135831383,0.2345132743362832,0.1415929203539823,259,0.8355855855855855,0.26640926640926643,6.162162162162162,0.3449163449163449,12.74,12.82,12.36,12.12,1,2,-1
225,1205740602,2,15,15,14,12,961,0.9821428571428571,0.008928571428571428,0.9593220338983051,0.020338983050847456,1465,0.5055176336746301,0.2982935153583618,5.479180887372014,0.3701365187713311,744,0.38484848484848483,0.07272727272727272,0.3880952380952381,0.05952380952380952,1474,0.4538104929895974,0.6268656716417911,5.3168249660786975,0.36488014473089103,649,0.24708624708624707,0.13286713286713286,0.2345132743362832,0.1415929203539823,260,0.8362179487179485,0.2653846153846154,6.161538461538462,0.34455128205128205,12.74,12.84,12.38,12.12,0,1,3
226,1205740603,2,12,13,9,11,964,0.9807121661721068,0.010385756676557863,0.9594594594594594,0.02027027027027027,1471,0.5048153183775208,0.29707681849082257,5.478585995921142,0.3698164513936098,748,0.38484848484848483,0.07272727272727272,0.3891509433962264,0.0589622641509434,1481,0.454704028809363,0.6266036461850101,5.318028359216745,0.36501237902318256,649,0.24708624708624707,0.13286713286713286,0.2345132743362832,0.1415929203539823,262,0.8374681933842237,0.2633587786259542,6.1603053435114505,0.34382951653944016,12.74,12.86,12.3,12.12,-1,3,1
227,1205740604,2,14,14,11,11,970,0.9808259587020649,0.01032448377581121,0.959731543624161,0.020134228187919462,1476,0.5041214995483286,0.296070460704607,5.477642276422764,0.369579945799458,751,0.38368580060422963,0.0755287009063444,0.3873239436619718,0.05868544600938967,1488,0.45558915770609315,0.6276881720430108,5.317204301075269,0.3650313620071685,652,0.24651162790697675,0.13488372093023257,0.23684210526315788,0.14473684210526316,263,0.8380861850443598,0.2623574144486692,6.159695817490494,0.3453738910012674,12.76,12.86,12.24,12.1,0,3,3
228,1205740605,2,12,13,14,11,974,0.9809384164222874,0.010263929618768328,0.959731543624161,0.020134228187919462,1482,0.5034300494826809,0.29622132253711203,5.4757085020242915,0.37027665317139,759,0.37910447761194027,0.07462686567164178,0.38372093023255816,0.06046511627906977,1493,0.45674257646796157,0.6282652377762894,5.316811788345613,0.3649810225496763,654,0.24768518518518517,0.13425925925925927,0.23684210526315788,0.14473684210526316,263,0.8380861850443598,0.2623574144486692,6.159695817490494,0.3453738910012674,12.74,12.84,12.24,12.08,-1,-2,1
229,1205740606,2,15,13,12,10,977,0.9809663250366032,0.010248901903367497,0.96,0.02,1492,0.5046358355674708,0.29691689008042893,5.4738605898123325,0.37081099195710454,763,0.38095238095238093,0.0744047619047619,0.3810623556581986,0.06235565819861432,1495,0.4568004459308807,0.6287625418060201,5.316387959866221,0.3648272017837236,657,0.2482758620689655,0.13333333333333333,0.23684210526315788,0.14473684210526316,264,0.834911616161616,0.26136363636363635,6.159090909090909,0.34501262626262624,12.76,12.86,12.26,12.04,2,3,5
230,1205740607,2,11,12,12,13,981,0.9810771470160117,0.010189228529839884,0.96,0.02,1498,0.5049510458388962,0.2963951935914553,5.475300400534046,0.37066088117489987,765,0.3827893175074184,0.07418397626112759,0.3824884792626728,0.06221198156682028,1504,0.45672650709219853,0.6269946808510638,5.315159574468085,0.3648049645390071,660,0.24770642201834864,0.13302752293577982,0.23478260869565218,0.14347826086956522,266,0.8361528822055136,0.2593984962406015,6.157894736842105,0.34429824561403505,12.7,12.88,12.24,12.06,-1,-1,-2
231,1205740608,2,12,12,11,11,984,0.9811320754716981,0.010159651669085631,0.9601328903654485,0.019933554817275746,1505,0.5032668881506089,0.2956810631229236,5.475083056478406,0.3704318936877076,771,0.3816568047337278,0.07396449704142012,0.3826879271070615,0.06150341685649203,1508,0.4571728558797524,0.626657824933687,5.314323607427056,0.3648320070733864,661,0.24770642201834864,0.13302752293577982,0.23376623376623376,0.14285714285714285,269,0.8379801734820321,0.25650557620817843,6.159851301115242,0.34324659231722426,12.72,12.82,12.16,12.04,0,1,1
232,1205740609,2,15,12,12,13,989,0.9812409812409812,0.010101010101010102,0.9602649006622517,0.019867549668874173,1511,0.5035848224134126,0.29516876240900064,5.473196558570483,0.37045003309066843,774,0.3805309734513274,0.07374631268436578,0.3832199546485261,0.061224489795918366,1512,0.4570656966490299,0.626984126984127,5.314153439153439,0.36502425044091713,666,0.24772727272727274,0.1318181818181818,0.23706896551724138,0.14224137931034483,269,0.8379801734820321,0.25650557620817843,6.159851301115242,0.34324659231722426,12.8,12.86,12.14,12.08,3,3,2
233,1205740610,2,13,13,12,11,996,0.9813753581661891,0.01002865329512894,0.9605263157894737,0.019736842105263157,1517,0.5042298395956931,0.2953197099538563,5.471984179301253,0.37019336409580317,778,0.37941176470588234,0.07352941176470588,0.38513513513513514,0.060810810810810814,1517,0.4558888156449132,0.6268951878707977,5.3144363876071194,0.36513952977367614,669,0.2471655328798186,0.13151927437641722,0.23931623931623933,0.14102564102564102,270,0.8385802469135801,0.25555555555555554,6.159259259259259,0.34382716049382717,12.82,12.9,12.14,12.08,0,1,2
234,1205740611,2,12,12,13,14,1000,0.9814550641940085,0.009985734664764621,0.9606557377049181,0.019672131147540985,1525,0.503224043715847,0.29508196721311475,5.474098360655738,0.37071038251366123,784,0.37790697674418605,0.0755813953488372,0.38565022421524664,0.06053811659192825,1523,0.45606259575399427,0.6257386736703874,5.314510833880499,0.365014226307726,669,0.2471655328798186,0.13151927437641722,0.23931623931623933,0.14102564102564102,271,0.8391758917589175,0.25461254612546125,6.158671586715867,0.34348093480934805,12.8,12.88,12.14,12.12,0,-1,-2
235,1205740612,2,15,12,12,16,1008,0.9815602836879432,0.009929078014184398,0.9611650485436893,0.019417475728155338,1529,0.5032156093307172,0.29561805101373445,5.474166121648136,0.3708851100937432,789,0.37752161383285304,0.07492795389048991,0.3861607142857143,0.060267857142857144,1528,0.45620636998254793,0.625,5.31348167539267,0.3652923211169285,672,0.24604966139954854,0.1309255079006772,0.23829787234042554,0.14468085106382977,272,0.839767156862745,0.2536764705882353,6.158088235294118,0.3440563725490196,12.86,12.86,12.16,12.2,3,3,-1
236,1205740613,2,13,15,14,11,1012,0.9816124469589816,0.009900990099009901,0.9614147909967846,0.01929260450160772,1536,0.502224392361111,0.294921875,5.47265625,0.3709852430555556,792,0.3793103448275862,0.07471264367816093,0.38666666666666666,0.06,1535,0.45608034744842557,0.6260586319218241,5.313355048859935,0.3657437567861021,675,0.24549549549549549,0.13063063063063063,0.24050632911392406,0.14345991561181434,273,0.8403540903540903,0.25274725274725274,6.157509157509158,0.3437118437118437,12.88,12.88,12.24,12.16,-2,-1,2
237,1205740614,2,14,14,11,11,1016,0.9816643159379408,0.009873060648801129,0.9616613418530351,0.019169329073482427,1539,0.5018951700238249,0.294996751137102,5.4717348927875245,0.37123673380983324,798,0.3789173789173789,0.07692307692307693,0.38631346578366443,0.059602649006622516,1541,0.4559268873026173,0.6255678131083712,5.3140817650876055,0.3659420289855073,679,0.24608501118568232,0.1297539149888143,0.24369747899159663,0.14285714285714285,276,0.8420893719806762,0.2536231884057971,6.159420289855072,0.34450483091787437,12.94,12.94,12.22,12.16,0,3,3
238,1205740615,2,11,11,12,12,1021,0.9817927170868347,0.00980392156862745,0.9616613418530351,0.019169329073482427,1543,0.5012421689349751,0.2948801036941024,5.471160077770577,0.3712464895225751,804,0.3778409090909091,0.07670454545454546,0.38427947598253276,0.05895196506550218,1549,0.455831719388853,0.6242737249838606,5.31375080697224,0.3656660210888746,682,0.24498886414253898,0.1291759465478842,0.24267782426778242,0.14644351464435146,277,0.8426594464500601,0.2527075812274368,6.15884476534296,0.3450661853188929,12.86,12.86,12.2,12.1,0,-1,-1
239,1205740616,2,16,13,12,12,1025,0.9818435754189944,0.009776536312849162,0.9619047619047619,0.01904761904761905,1550,0.5018817204301075,0.29419354838709677,5.470322580645162,0.37150537634408604,806,0.3778409090909091,0.07670454545454546,0.3847826086956522,0.058695652173913045,1554,0.4569390819390819,0.6248391248391248,5.313384813384813,0.3654547404547405,685,0.24833702882483372,0.1286031042128603,0.24166666666666667,0.14583333333333334,277,0.8426594464500601,0.2527075812274368,6.15884476534296,0.3450661853188929,12.96,12.88,12.16,12.12,3,4,4
240,1205740617,2,10,10,11,9,1025,0.9818435754189944,0.009776536312849162,0.9619047619047619,0.01904761904761905,1560,0.5031517094017093,0.2948717948717949,5.471794871794872,0.37104700854700856,812,0.3757062146892655,0.07909604519774012,0.38362068965517243,0.05818965517241379,1560,0.45689102564102557,0.625,5.314102564102564,0.365491452991453,688,0.24724061810154527,0.1280353200883002,0.24066390041493776,0.14522821576763487,278,0.8432254196642684,0.2517985611510791,6.16546762589928,0.34472422062350117,12.88,12.78,12.1,12.02,0,-1,1
241,1205740618,2,12,12,12,12,1029,0.9819193324061196,0.009735744089012517,0.9620253164556962,0.0189873417721519,1566,0.5031396338867602,0.2943805874840358,5.473180076628353,0.370583226905066,817,0.37464788732394366,0.07887323943661972,0.38461538461538464,0.057692307692307696,1566,0.45673690932311617,0.6245210727969349,5.312899106002554,0.36520859940400174,688,0.24724061810154527,0.1280353200883002,0.24066390041493776,0.14522821576763487,281,0.8448991696322656,0.2491103202846975,6.174377224199288,0.34371293001186237,12.84,12.72,12.12,12.0,0,0,0
242,1205740619,2,16,16,13,13,1033,0.981994459833795,0.009695290858725761,0.9621451104100947,0.01892744479495268,1572,0.5037637828668362,0.29389312977099236,5.473282442748092,0.3706000848176421,819,0.37359550561797755,0.07865168539325842,0.3859275053304904,0.057569296375266525,1573,0.45767111676202576,0.6249205340114431,5.313413858868405,0.365967365967366,689,0.24669603524229075,0.1299559471365639,0.24066390041493776,0.14522821576763487,282,0.845449172576832,0.24822695035460993,6.173758865248227,0.34338061465721037,12.9,12.76,12.18,12.0,0,3,3
243,1205740620,2,14,12,13,12,1036,0.9820441988950276,0.009668508287292817,0.9622641509433962,0.018867924528301886,1578,0.5050168990283058,0.29404309252217997,5.47275031685678,0.37029995775242924,826,0.3743016759776536,0.08100558659217877,0.38396624472573837,0.05907172995780591,1580,0.458175105485232,0.6246835443037975,5.312658227848101,0.3656118143459916,690,0.24669603524229075,0.1299559471365639,0.24380165289256198,0.1446280991735537,282,0.845449172576832,0.24822695035460993,6.173758865248227,0.34338061465721037,12.9,12.7,12.2,11.94,2,1,2
244,1205740621,2,12,12,12,13,1040,0.9821428571428571,0.009615384615384616,0.9622641509433962,0.018867924528301886,1585,0.5043638275499474,0.294006309148265,5.471293375394322,0.3705573080967403,831,0.37119113573407203,0.08310249307479224,0.38445378151260506,0.058823529411764705,1586,0.45959436738125253,0.6254728877679697,5.313997477931904,0.3654897015552754,695,0.24561403508771928,0.12938596491228072,0.24897959183673468,0.14285714285714285,283,0.8424617196702001,0.24734982332155478,6.173144876325089,0.34393404004711425,12.86,12.68,12.18,11.96,0,0,-1
245,1205740622,2,11,13,13,12,1046,0.9822161422708618,0.009575923392612859,0.9626168224299065,0.018691588785046728,1594,0.5030844834797155,0.2929736511919699,5.472396486825596,0.37034713508992056,834,0.37119113573407203,0.08310249307479224,0.3862212943632568,0.060542797494780795,1591,0.4581500104755918,0.6253928346951603,5.314267756128221,0.36528388853970256,699,0.2440087145969499,0.12854030501089325,0.24796747967479674,0.14227642276422764,284,0.8430164319248825,0.24647887323943662,6.172535211267606,0.3444835680751174,12.88,12.66,12.24,11.94,-2,-2,-1
246,1205740623,2,12,12,12,12,1049,0.9822646657571623,0.009549795361527967,0.9627329192546584,0.018633540372670808,1603,0.5040029112081513,0.2919525888958203,5.472239550842171,0.37091911000207944,837,0.37119113573407203,0.08310249307479224,0.3879668049792531,0.06016597510373444,1598,0.4573946599916561,0.6257822277847309,5.31351689612015,0.3650917813934085,702,0.24675324675324675,0.12987012987012986,0.24796747967479674,0.14227642276422764,284,0.8430164319248825,0.24647887323943662,6.172535211267606,0.3444835680751174,12.88,12.64,12.22,11.96,0,0,0
247,1205740624,2,12,12,11,11,1053,0.9823129251700681,0.009523809523809525,0.9629629629629629,0.018518518518518517,1610,0.5048136645962732,0.2919254658385093,5.470807453416149,0.3710144927536232,843,0.3708791208791209,0.08241758241758242,0.38556701030927837,0.05979381443298969,1602,0.45718893050353715,0.6254681647940075,5.312734082397004,0.3652725759467333,706,0.24568965517241378,0.1314655172413793,0.24596774193548387,0.14516129032258066,285,0.8435672514619882,0.24561403508771928,6.171929824561404,0.3441520467836257,12.86,12.62,12.24,11.96,0,1,1
248,1205740625,2,13,11,11,13,1057,0.9823848238482384,0.009485094850948509,0.963076923076923,0.018461538461538463,1617,0.5051020408163265,0.2918985776128633,5.470006184291899,0.3712636569779427,846,0.3698630136986301,0.0821917808219178,0.38809034907597534,0.059548254620123205,1609,0.45675367723223526,0.6252330640149161,5.311995027967682,0.36492645535529317,710,0.2462526766595289,0.13276231263383298,0.24497991967871485,0.14457831325301204,285,0.8435672514619882,0.24561403508771928,6.171929824561404,0.3441520467836257,12.84,12.54,12.18,12.0,2,2,0
249,1205740626,2,15,13,9,13,1059,0.9824086603518268,0.009472259810554804,0.9631901840490797,0.018404907975460124,1623,0.5049804888067364,0.292667898952557,5.469500924214418,0.37158554117888687,851,0.3678474114441417,0.08174386920980926,0.39183673469387753,0.05918367346938776,1616,0.4560127887788778,0.6262376237623762,5.311881188118812,0.3647380363036304,716,0.24416135881104034,0.13588110403397027,0.24302788844621515,0.14342629482071714,286,0.844114219114219,0.24475524475524477,6.171328671328672,0.34469696969696967,12.9,12.56,12.1,12.04,2,6,2
250,1205740627,2,14,14,11,12,1063,0.9825033647375505,0.009421265141318977,0.9631901840490797,0.018404907975460124,1629,0.5055760180069572,0.292817679558011,5.469613259668508,0.37185389809699204,855,0.3712737127371274,0.08130081300813008,0.3902439024390244,0.05894308943089431,1623,0.4555863627028136,0.6260012322858903,5.310536044362292,0.3648593140275211,719,0.2452431289640592,0.13530655391120508,0.24206349206349206,0.14682539682539683,287,0.8446573751451799,0.24738675958188153,6.170731707317073,0.3443670150987224,12.94,12.6,12.12,12.06,0,3,2
251,1205740628,2,13,13,12,13,1072,0.9826435246995995,0.009345794392523364,0.9635258358662614,0.0182370820668693,1635,0.5043323139653414,0.29357798165137616,5.467889908256881,0.3716106014271152,861,0.3746630727762803,0.08086253369272237,0.3870967741935484,0.05846774193548387,1628,0.45541564291564285,0.6259213759213759,5.3108108108108105,0.36496723996724,719,0.2452431289640592,0.13530655391120508,0.24206349206349206,0.14682539682539683,288,0.8451967592592591,0.2465277777777778,6.170138888888889,0.3449074074074074,12.98,12.6,12.16,12.08,0,1,0
252,1205740629,2,10,10,14,13,1077,0.9813829787234043,0.010638297872340425,0.9637462235649547,0.01812688821752266,1643,0.5046155406776222,0.29336579427875836,5.46865489957395,0.37132278352607023,863,0.3736559139784946,0.08064516129032258,0.386317907444668,0.05835010060362173,1639,0.4551047386617855,0.6253813300793166,5.309945088468578,0.3645007118161481,723,0.2463157894736842,0.1368421052631579,0.24015748031496062,0.14960629921259844,289,0.8457324106113032,0.24567474048442905,6.16955017301038,0.34457900807381775,12.96,12.58,12.2,12.12,0,-4,-3
253,1205740630,2,12,10,8,9,1080,0.9814569536423841,0.010596026490066225,0.9637462235649547,0.01812688821752266,1653,0.5048900988102439,0.2928009679370841,5.47005444646098,0.3711937890703771,865,0.3736559139784946,0.08064516129032258,0.3847695390781563,0.05811623246492986,1646,0.4546881328473065,0.6251518833535844,5.312272174969623,0.36446942081814504,726,0.24476987447698745,0.13598326359832635,0.24015748031496062,0.14960629921259844,290,0.8428160919540229,0.24482758620689654,6.172413793103448,0.3442528735632184,12.96,12.52,12.12,12.04,2,4,3
254,1205740631,2,14,14,11,10,1085,0.9815789473684211,0.010526315789473684,0.9637462235649547,0.01812688821752266,1659,0.5048724131002612,0.29294755877034356,5.468957203134418,0.37135824794052646,865,0.3736559139784946,0.08064516129032258,0.3847695390781563,0.05811623246492986,1653,0.4542750554547287,0.6255293405928615,5.312159709618875,0.36458963500705793,731,0.24273858921161826,0.13692946058091288,0.23921568627450981,0.14901960784313725,291,0.8433562428407788,0.24398625429553264,6.171821305841925,0.34392898052691867,12.98,12.5,12.06,12.0,0,3,4
255,1205740632,2,13,13,12,10,1091,0.9816993464052287,0.01045751633986928,0.963855421686747,0.018072289156626505,1667,0.5060487902419516,0.2927414517096581,5.468506298740252,0.3712257548490302,867,0.3726541554959786,0.08042895442359249,0.384,0.058,1659,0.45383765320474173,0.6256781193490054,5.311030741410488,0.36432589913602575,732,0.2422360248447205,0.13664596273291926,0.23921568627450981,0.14901960784313725,292,0.8438926940639269,0.24315068493150685,6.171232876712328,0.3444634703196347,12.92,12.48,12.02,11.98,0,1,3
256,1205740633,2,12,12,12,14,1095,0.9817708333333334,0.010416666666666666,0.963963963963964,0.018018018018018018,1673,0.5050308826459454,0.29228930065750147,5.467423789599522,0.37128910141462446,872,0.375,0.0797872340425532,0.38247011952191234,0.05776892430278884,1665,0.45430430430430424,0.6252252252252253,5.311111111111111,0.3640640640640641,737,0.24229979466119098,0.13552361396303902,0.23828125,0.1484375,292,0.8438926940639269,0.24315068493150685,6.171232876712328,0.3444634703196347,12.92,12.5,12.04,12.02,0,0,-2
257,1205740634,2,12,12,11,12,1096,0.9817945383615084,0.010403120936280884,0.963963963963964,0.018018018018018018,1680,0.5062003968253967,0.2922619047619048,5.468452380952381,0.37093253968253975,877,0.37730870712401055,0.079155672823219,0.38095238095238093,0.057539682539682536,1671,0.4550668262517454,0.6253740275284261,5.31178934769599,0.36395372032714945,742,0.24489795918367346,0.1346938775510204,0.2364341085271318,0.14728682170542637,294,0.8449546485260769,0.24489795918367346,6.173469387755102,0.3438208616780045,12.9,12.48,12.0,12.0,0,1,0
258,1205740635,2,12,15,11,13,1099,0.9818417639429312,0.010376134889753566,0.9640718562874252,0.017964071856287425,1687,0.507063821379174,0.29104919976289273,5.46828689982217,0.37062833432128045,883,0.3769633507853403,0.07853403141361257,0.3806706114398422,0.05719921104536489,1675,0.4557711442786069,0.6256716417910447,5.311044776119403,0.3639800995024876,748,0.24543610547667344,0.13387423935091278,0.23371647509578544,0.14942528735632185,295,0.8454802259887004,0.2440677966101695,6.172881355932203,0.34350282485875705,12.86,12.54,11.92,11.98,-3,1,-1
259,1205740636,2,14,13,13,13,1104,0.9819121447028424,0.0103359173126615,0.9642857142857143,0.017857142857142856,1692,0.5079294720252167,0.2907801418439716,5.468085106382978,0.3705673758865249,892,0.38181818181818183,0.07792207792207792,0.3820662768031189,0.056530214424951264,1677,0.4558238918704034,0.6249254621347644,5.312462731067383,0.36384416616974763,748,0.24543610547667344,0.13387423935091278,0.23371647509578544,0.14942528735632185,297,0.8465207631874297,0.24242424242424243,6.171717171717172,0.34287317620650953,12.9,12.54,11.96,12.02,1,1,1
260,1205740637,2,14,13,14,12,1106,0.9819121447028424,0.0103359173126615,0.9644970414201184,0.01775147928994083,1702,0.5075891108499804,0.2902467685076381,5.467685076380729,0.37044653349001183,897,0.3850129198966408,0.07751937984496124,0.38372093023255816,0.0562015503875969,1682,0.45654974237019413,0.6254458977407847,5.3115338882283,0.36380301228696,748,0.24543610547667344,0.13387423935091278,0.23371647509578544,0.14942528735632185,298,0.8470357941834451,0.24161073825503357,6.171140939597316,0.34340044742729303,12.92,12.54,11.94,12.0,1,0,2
261,1205740638,2,13,13,13,12,1108,0.9819587628865979,0.010309278350515464,0.9644970414201184,0.01775147928994083,1712,0.5073500778816199,0.2897196261682243,5.466121495327103,0.3709112149532711,898,0.3850129198966408,0.07751937984496124,0.3829787234042553,0.058027079303675046,1689,0.4568284981251232,0.6264061574896388,5.312018946121966,0.363676731793961,750,0.24493927125506074,0.13360323886639677,0.2366412213740458,0.14885496183206107,300,0.844722222222222,0.24,6.17,0.34277777777777774,12.88,12.54,11.92,11.98,0,0,1
262,1205740639,2,14,12,12,13,1112,0.982028241335045,0.010269576379974325,0.9646017699115044,0.017699115044247787,1721,0.507505326360643,0.2905287623474724,5.46542707728065,0.37115049389889604,900,0.38303341902313626,0.07712082262210797,0.3829787234042553,0.058027079303675046,1695,0.4566863323500491,0.6259587020648968,5.312094395280236,0.3638643067846608,752,0.24444444444444444,0.13333333333333333,0.23954372623574144,0.1482889733840304,301,0.8452380952380951,0.23920265780730898,6.1694352159468435,0.342469545957918,12.9,12.52,11.9,12.0,2,2,1
263,1205740640,2,12,14,11,12,1114,0.9820742637644047,0.010243277848911651,0.9646017699115044,0.017699115044247787,1729,0.5077597840755735,0.2909196067090804,5.465587044534413,0.37160208212839796,905,0.3836317135549872,0.07672634271099744,0.38461538461538464,0.057692307692307696,1701,0.4568391142465215,0.6255144032921811,5.311581422692534,0.36346266901822466,754,0.2439516129032258,0.13306451612903225,0.23863636363636365,0.14772727272727273,302,0.8424392935982339,0.24172185430463577,6.16887417218543,0.3421633554083885,12.9,12.6,11.9,12.04,-2,1,0
264,1205740641,2,14,14,14,12,1119,0.9821656050955414,0.01019108280254777,0.9647058823529412,0.01764705882352941,1738,0.5077196010740315,0.2905638665132336,5.464902186421174,0.3716915995397009,907,0.3852040816326531,0.07653061224489796,0.3857965451055662,0.05758157389635317,1705,0.4569403714565004,0.6263929618768328,5.310850439882698,0.3634897360703813,758,0.24248496993987975,0.13226452905811623,0.24150943396226415,0.1471698113207547,303,0.8396589658965895,0.24422442244224424,6.1683168316831685,0.3418591859185918,12.94,12.66,11.94,12.0,0,0,2
265,1205740642,2,10,12,12,10,1123,0.9822335025380711,0.01015228426395939,0.9648093841642229,0.017595307917888565,1747,0.5062488074794886,0.2907842014882656,5.462507155123068,0.37120778477389815,913,0.38578680203045684,0.07614213197969544,0.38476190476190475,0.05714285714285714,1707,0.4569908221050575,0.6262448740480375,5.310486233157587,0.3633567662565906,763,0.24302788844621515,0.13147410358565736,0.24344569288389514,0.149812734082397,304,0.8368969298245613,0.24342105263157895,6.167763157894737,0.34155701754385964,12.88,12.62,11.9,11.98,-2,-2,0
266,1205740643,2,14,11,11,11,1125,0.9822784810126582,0.010126582278481013,0.9648093841642229,0.017595307917888565,1754,0.5062238692512353,0.29076396807297605,5.463511972633979,0.37115165336374006,918,0.3888888888888889,0.07575757575757576,0.38636363636363635,0.056818181818181816,1713,0.4556820393072581,0.6258026853473438,5.309982486865149,0.3636894337419732,766,0.24404761904761904,0.13095238095238096,0.24253731343283583,0.14925373134328357,306,0.8346949891067537,0.24509803921568626,6.166666666666667,0.3417755991285403,12.88,12.56,11.88,11.98,3,3,3
267,1205740644,2,12,10,13,12,1127,0.9823232323232324,0.010101010101010102,0.9648093841642229,0.017595307917888565,1758,0.5053564656806977,0.2923777019340159,5.463594994311718,0.37101820250284423,923,0.39097744360902253,0.07518796992481203,0.3849056603773585,0.05660377358490566,1718,0.4561020566550251,0.6245634458672875,5.313736903376019,0.3635040745052387,767,0.24356435643564356,0.1306930693069307,0.24253731343283583,0.14925373134328357,312,0.8314636752136751,0.25,6.1826923076923075,0.3426816239316239,12.82,12.48,11.88,11.98,2,-1,0
268,1205740645,2,15,12,12,13,1131,0.9824120603015075,0.010050251256281407,0.9648093841642229,0.017595307917888565,1765,0.5067516525023606,0.2929178470254957,5.4645892351274785,0.37082152974504257,928,0.39303482587064675,0.07462686567164178,0.38533834586466165,0.05639097744360902,1723,0.4553588701876571,0.624492164828787,5.313987231572838,0.36360998258850846,767,0.24356435643564356,0.1306930693069307,0.24253731343283583,0.14925373134328357,313,0.8320021299254525,0.24920127795527156,6.182108626198083,0.3423855165069222,12.88,12.5,11.82,12.0,3,3,2
269,1205740646,2,12,13,13,11,1131,0.9824120603015075,0.010050251256281407,0.9648093841642229,0.017595307917888565,1772,0.5070541760722348,0.29345372460496616,5.466704288939052,0.37147291196388266,937,0.3931203931203931,0.07371007371007371,0.38619402985074625,0.05783582089552239,1726,0.4557261490923135,0.6251448435689455,5.3140208574739285,0.36341251448435696,770,0.24260355029585798,0.1301775147928994,0.241635687732342,0.14869888475836432,314,0.8325371549893842,0.2484076433121019,6.181528662420382,0.3420912951167728,12.86,12.54,11.82,11.98,-1,-1,1
270,1205740647,2,12,12,11,12,1131,0.9824120603015075,0.010050251256281407,0.9648093841642229,0.017595307917888565,1785,0.5059757236227824,0.29299719887955183,5.46890756302521,0.3713352007469655,939,0.3946078431372549,0.07352941176470588,0.38733705772811916,0.05772811918063315,1734,0.4556420607458669,0.6245674740484429,5.314878892733564,0.36327374086889663,770,0.24260355029585798,0.1301775147928994,0.241635687732342,0.14869888475836432,315,0.833068783068783,0.2507936507936508,6.180952380952381,0.34179894179894177,12.86,12.52,11.84,11.96,0,1,0
271,1205740648,2,13,12,14,14,1134,0.9824341279799247,0.010037641154328732,0.9650145772594753,0.01749271137026239,1791,0.5053973571561511,0.2925739810161921,5.469570072585148,0.3714870649544017,942,0.3951219512195122,0.07317073170731707,0.38661710037174724,0.05762081784386617,1742,0.4558457711442785,0.6245694603903559,5.313432835820896,0.3639016456180636,773,0.24165029469548133,0.12966601178781925,0.24444444444444444,0.14814814814814814,316,0.833597046413502,0.25,6.180379746835443,0.34150843881856535,12.88,12.52,11.92,11.96,1,-1,-1
272,1205740649,2,13,15,15,12,1139,0.9825,0.01,0.9652173913043478,0.017391304347826087,1799,0.505651287752455,0.2918287937743191,5.471372984991662,0.37122475449323705,944,0.39416058394160586,0.072992700729927,0.38589981447124305,0.0575139146567718,1750,0.4560476190476189,0.6251428571428571,5.314285714285714,0.3636666666666667,773,0.24165029469548133,0.12966601178781925,0.24444444444444444,0.14814814814814814,318,0.8314989517819705,0.24842767295597484,6.179245283018868,0.3432914046121593,12.88,12.58,11.96,11.96,-2,-2,1
273,1205740650,2,16,13,13,12,1143,0.9825653798256538,0.009962640099626401,0.9653179190751445,0.017341040462427744,1807,0.5050728647850949,0.2916436081903708,5.471499723298284,0.3712414683637706,948,0.39709443099273606,0.07263922518159806,0.3844731977818854,0.05730129390018484,1755,0.456457739791073,0.6245014245014245,5.313390313390314,0.363627730294397,776,0.24070450097847357,0.13111545988258316,0.24354243542435425,0.14760147601476015,319,0.8320271682340646,0.2476489028213166,6.178683385579937,0.34299895506792055,12.98,12.6,12.02,11.98,3,3,4
274,1205740651,2,10,10,11,11,1144,0.9825653798256538,0.009962640099626401,0.9654178674351584,0.01729106628242075,1814,0.5049154722528482,0.2921719955898567,5.471334068357222,0.37132488055861823,951,0.3961352657004831,0.07246376811594203,0.3848987108655617,0.058931860036832415,1761,0.454902517508991,0.6246450880181715,5.313458262350937,0.3633825477948136,780,0.2407766990291262,0.13009708737864079,0.24354243542435425,0.14760147601476015,323,0.8341073271413828,0.2476780185758514,6.179566563467493,0.3418472652218782,12.94,12.58,12.04,11.94,0,-1,-1
275,1205740652,2,14,12,12,12,1152,0.9826517967781908,0.009913258983890954,0.9658119658119658,0.017094017094017096,1819,0.5040773318673264,0.2924683892248488,5.470038482682793,0.37112882536192054,952,0.39518072289156625,0.07228915662650602,0.3848987108655617,0.058931860036832415,1766,0.45550207625519057,0.6245753114382786,5.313703284258211,0.3636277840694602,786,0.23938223938223938,0.12934362934362933,0.24452554744525548,0.14963503649635038,324,0.8346193415637859,0.25,6.179012345679013,0.3415637860082304,12.92,12.52,12.0,11.94,2,2,2
276,1205740653,2,13,15,11,12,1157,0.9826732673267327,0.009900990099009901,0.9661971830985916,0.016901408450704224,1826,0.5046093464768163,0.29244249726177435,5.469331872946331,0.37121212121212127,958,0.3923444976076555,0.07177033492822966,0.38644688644688646,0.05860805860805861,1768,0.45555241327300144,0.623868778280543,5.3133484162895925,0.36349924585218707,790,0.2399232245681382,0.13051823416506717,0.24727272727272728,0.14909090909090908,325,0.835128205128205,0.24923076923076923,6.178461538461539,0.34128205128205125,12.94,12.56,12.04,11.96,-2,2,1
277,1205740654,2,13,12,9,12,1161,0.9827160493827161,0.009876543209876543,0.9663865546218487,0.01680672268907563,1831,0.5048698343346076,0.2927362097214637,5.468596395412343,0.37088112142727114,963,0.3904761904761905,0.07380952380952381,0.3879781420765027,0.058287795992714025,1775,0.4554460093896713,0.6236619718309859,5.316056338028169,0.36319248826291084,792,0.23946360153256704,0.13026819923371646,0.25,0.14855072463768115,328,0.8320630081300812,0.25609756097560976,6.179878048780488,0.3412093495934959,12.92,12.52,12.0,11.98,1,4,1
278,1205740655,2,12,12,13,13,1165,0.982779827798278,0.00984009840098401,0.9664804469273743,0.01675977653631285,1840,0.5040307971014493,0.29293478260869565,5.470108695652174,0.370697463768116,968,0.39243498817966904,0.07565011820330969,0.38656987295825773,0.05807622504537205,1781,0.4547538835860003,0.6238068500842223,5.316114542391914,0.3632322665169381,793,0.2390057361376673,0.13001912045889102,0.25,0.14855072463768115,329,0.8325734549138804,0.2553191489361702,6.179331306990881,0.3416919959473151,12.92,12.5,11.98,12.02,0,-1,-1
279,1205740656,2,14,12,13,12,1169,0.9828431372549019,0.00980392156862745,0.9665738161559888,0.016713091922005572,1846,0.5045594077284218,0.29252437703141926,5.469122426868906,0.37071144817623697,973,0.3915094339622642,0.07547169811320754,0.3855855855855856,0.05765765765765766,1787,0.4549058011565006,0.6239507554560716,5.316172355903749,0.3632717776534229,797,0.2376425855513308,0.12927756653992395,0.2527075812274368,0.148014440433213,330,0.833080808080808,0.2545454545454545,6.178787878787879,0.3421717171717171,12.9,12.48,12.0,12.06,2,1,2
280,1205740657,2,13,14,13,11,1176,0.9829476248477467,0.0097442143727162,0.9667590027700831,0.01662049861495845,1853,0.5048120165497392,0.2930383162439288,5.4695089044792224,0.3709300233855011,977,0.38967136150234744,0.07511737089201878,0.3859964093357271,0.05745062836624776,1794,0.4551746562616127,0.6243032329988851,5.316053511705686,0.36348011891490156,799,0.23674242424242425,0.13068181818181818,0.2527075812274368,0.148014440433213,330,0.833080808080808,0.2545454545454545,6.178787878787879,0.3421717171717171,12.94,12.52,12.02,12.02,-1,0,2
281,1205740658,2,11,13,8,11,1179,0.9830097087378641,0.009708737864077669,0.9667590027700831,0.01662049861495845,1860,0.5043458781362007,0.2924731182795699,5.470430107526882,0.371146953405018,978,0.38967136150234744,0.07511737089201878,0.38530465949820786,0.05913978494623656,1805,0.45406278855032306,0.6254847645429363,5.3174515235457065,0.3631578947368421,803,0.23684210526315788,0.13157894736842105,0.2527075812274368,0.148014440433213,332,0.8325803212851405,0.2560240963855422,6.177710843373494,0.34236947791164657,12.92,12.54,11.96,12.02,-2,3,0
282,1205740659,2,11,12,12,14,1188,0.983132530120482,0.00963855421686747,0.967032967032967,0.016483516483516484,1863,0.5035337269636786,0.29253891572732155,5.470746108427268,0.371086061907318,982,0.3901869158878505,0.07476635514018691,0.38571428571428573,0.05892857142857143,1815,0.4532139577594122,0.6258953168044077,5.317355371900827,0.3628099173553719,804,0.23639774859287055,0.13133208255159476,0.2527075812274368,0.148014440433213,333,0.833083083083083,0.25825825825825827,6.177177177177177,0.34209209209209207,12.84,12.54,11.96,12.04,-1,-1,-3
283,1205740660,2,11,12,9,11,1191,0.9831730769230769,0.009615384615384616,0.9671232876712329,0.01643835616438356,1868,0.5040596002855103,0.29282655246252676,5.471627408993576,0.37129728765167747,985,0.38927738927738925,0.07459207459207459,0.38434163701067614,0.060498220640569395,1824,0.45207419590643266,0.625,5.317434210526316,0.36252741228070173,810,0.23551401869158878,0.1308411214953271,0.2526690391459075,0.14590747330960854,334,0.8335828343313372,0.26047904191616766,6.176646706586826,0.34181636726546905,12.8,12.52,11.9,12.04,-1,2,0
284,1205740661,2,14,13,12,11,1197,0.9832535885167464,0.009569377990430622,0.9673024523160763,0.01634877384196185,1873,0.5035148602954261,0.2936465563267485,5.471436198611853,0.3712404342409682,989,0.38979118329466356,0.07424593967517401,0.3829787234042553,0.06028368794326241,1831,0.4525304933551792,0.624795193883124,5.317859093391589,0.3622337520480612,812,0.23507462686567165,0.13059701492537312,0.25177304964539005,0.1453900709219858,335,0.8340796019900496,0.25970149253731345,6.176119402985075,0.3415422885572139,12.84,12.54,11.88,11.98,1,2,3
285,1205740662,2,13,13,13,13,1202,0.9833333333333333,0.009523809523809525,0.967391304347826,0.016304347826086956,1880,0.5032358156028368,0.29414893617021276,5.471808510638298,0.37105496453900716,992,0.3912037037037037,0.07407407407407407,0.38162544169611307,0.06007067137809187,1840,0.45140398550724625,0.6244565217391305,5.317391304347826,0.36195652173913045,812,0.23507462686567165,0.13059701492537312,0.25177304964539005,0.1453900709219858,336,0.8345734126984126,0.25892857142857145,6.175595238095238,0.3412698412698412,12.8,12.56,11.9,11.92,0,0,0
286,1205740663,2,14,15,13,13,1205,0.9833729216152018,0.009501187648456057,0.967479674796748,0.016260162601626018,1885,0.5036693191865605,0.2938992042440318,5.471618037135278,0.371264367816092,1002,0.3926940639269406,0.0730593607305936,0.3824561403508772,0.05964912280701754,1843,0.4517543859649122,0.6245252306022789,5.316874660879002,0.36177428106348347,815,0.2346368715083799,0.1303538175046555,0.2535211267605634,0.1443661971830986,338,0.8355522682445758,0.2603550295857988,6.174556213017752,0.34146942800788954,12.82,12.56,11.88,11.96,-1,1,1
287,1205740664,2,14,16,11,13,1210,0.9822695035460993,0.009456264775413711,0.9675675675675676,0.016216216216216217,1890,0.5039241622574956,0.29417989417989415,5.471957671957672,0.3712081128747796,1005,0.3940774487471526,0.07289293849658314,0.3811188811188811,0.05944055944055944,1851,0.45331352422114163,0.6256077795786061,5.316585629389519,0.36142625607779577,817,0.23376623376623376,0.12987012987012986,0.2535211267605634,0.1443661971830986,338,0.8355522682445758,0.2603550295857988,6.174556213017752,0.34146942800788954,12.82,12.6,11.88,12.0,-2,3,1
288,1205740665,2,10,11,15,13,1212,0.9823113207547169,0.009433962264150943,0.9675675675675676,0.016216216216216217,1899,0.5036422678602773,0.29331226961558715,5.474986835176408,0.3706775495875023,1008,0.3931818181818182,0.07272727272727272,0.38153310104529614,0.059233449477351915,1862,0.45345506623702103,0.6267454350161117,5.318474758324382,0.3613050483351235,819,0.2365988909426987,0.12939001848428835,0.2535211267605634,0.1443661971830986,338,0.8355522682445758,0.2603550295857988,6.174556213017752,0.34146942800788954,12.8,12.6,11.94,12.02,-1,-5,-3
289,1205740666,2,13,13,12,11,1217,0.9824150058616647,0.009378663540445486,0.9675675675675676,0.016216216216216217,1904,0.503720238095238,0.2930672268907563,5.47531512605042,0.37097338935574237,1012,0.3914027149321267,0.07239819004524888,0.3819444444444444,0.06076388888888889,1870,0.45445632798573965,0.6283422459893048,5.319251336898396,0.3609625668449198,820,0.23616236162361623,0.12915129151291513,0.2535211267605634,0.1443661971830986,338,0.8355522682445758,0.2603550295857988,6.174556213017752,0.34146942800788954,12.74,12.6,11.94,12.0,0,1,2
290,1205740667,2,15,11,12,11,1221,0.9824766355140186,0.009345794392523364,0.967654986522911,0.016172506738544475,1911,0.5030961102389674,0.29304029304029305,5.475667189952905,0.3709227280655853,1017,0.3887640449438202,0.07191011235955057,0.38235294117647056,0.06055363321799308,1875,0.455111111111111,0.6277333333333334,5.32,0.36106666666666665,822,0.23616236162361623,0.12915129151291513,0.2517482517482518,0.14335664335664336,340,0.833578431372549,0.25882352941176473,6.173529411764706,0.3416666666666666,12.84,12.62,11.96,12.04,4,3,4
291,1205740668,2,14,14,14,11,1226,0.9825174825174825,0.009324009324009324,0.9679144385026738,0.016042780748663103,1918,0.50351929092805,0.2924921793534932,5.474973931178311,0.3708724365658673,1017,0.3887640449438202,0.07191011235955057,0.38235294117647056,0.06055363321799308,1882,0.4552780729720155,0.628586609989373,5.319341126461212,0.3611849096705632,826,0.23529411764705882,0.13051470588235295,0.2534722222222222,0.1423611111111111,341,0.8340664711632453,0.25806451612903225,6.173020527859237,0.34139784946236557,12.88,12.66,12.0,12.02,0,0,3
292,1205740669,2,15,14,11,12,1233,0.9826388888888888,0.009259259259259259,0.968,0.016,1925,0.5035930735930736,0.2924675324675325,5.473766233766233,0.37121212121212127,1020,0.3887640449438202,0.07191011235955057,0.38209982788296043,0.060240963855421686,1886,0.45484270060091897,0.629374337221633,5.318663838812301,0.360949098621421,828,0.23486238532110093,0.13027522935779817,0.25259515570934254,0.14186851211072665,343,0.835034013605442,0.2565597667638484,6.17201166180758,0.34232264334305146,12.86,12.62,11.96,12.0,1,4,3
293,1205740670,2,14,14,10,14,1235,0.9826789838337182,0.009237875288683603,0.968,0.016,1935,0.5034883720930232,0.29198966408268734,5.47390180878553,0.37149009474590877,1023,0.3887640449438202,0.07191011235955057,0.3818493150684932,0.059931506849315065,1892,0.45498590556730084,0.629492600422833,5.318710359408033,0.3609936575052854,830,0.23443223443223443,0.13003663003663005,0.2517241379310345,0.1413793103448276,344,0.8326065891472867,0.25872093023255816,6.171511627906977,0.34205426356589147,12.86,12.66,11.9,12.04,0,4,0
294,1205740671,2,11,11,10,12,1237,0.9827188940092166,0.009216589861751152,0.968,0.016,1940,0.503479381443299,0.29175257731958765,5.47319587628866,0.37182130584192447,1025,0.3887640449438202,0.07191011235955057,0.3839590443686007,0.059726962457337884,1899,0.45453747586449,0.6292785676671933,5.318062137967352,0.36084781463928384,838,0.23593466424682397,0.1306715063520871,0.2525597269624573,0.14334470989761092,346,0.8335741811175336,0.25722543352601157,6.173410404624278,0.3415221579961464,12.84,12.64,11.86,12.02,0,1,-1
295,1205740672,2,14,13,11,12,1243,0.9827981651376146,0.009174311926605505,0.9655172413793104,0.015915119363395226,1947,0.5044940934771444,0.29173086800205444,5.473035439137134,0.371768532785482,1030,0.38789237668161436,0.07174887892376682,0.38305084745762713,0.061016949152542375,1904,0.4549194677871148,0.6302521008403361,5.31827731092437,0.36081932773109243,840,0.23550724637681159,0.1322463768115942,0.25170068027210885,0.14285714285714285,347,0.8340537944284341,0.2564841498559078,6.172910662824208,0.3419788664745437,12.9,12.64,11.82,12.02,1,3,2
296,1205740673,2,15,13,9,13,1248,0.9828767123287672,0.0091324200913242,0.9629629629629629,0.015873015873015872,1953,0.5052483358934972,0.29185867895545314,5.472606246799796,0.3719064686806623,1032,0.38926174496644295,0.07158836689038031,0.3824027072758037,0.06091370558375635,1911,0.4550845979417407,0.6305599162742019,5.317634746206175,0.3608058608058608,843,0.23826714801444043,0.13176895306859207,0.25084745762711863,0.1423728813559322,347,0.8340537944284341,0.2564841498559078,6.172910662824208,0.3419788664745437,12.96,12.66,11.76,12.04,2,6,2
297,1205740674,2,14,12,13,14,1252,0.9829351535836177,0.009101251422070534,0.9630606860158312,0.0158311345646438,1963,0.5046272711835625,0.293428425878757,5.471726948548141,0.37192222788249285,1040,0.38716814159292035,0.07300884955752213,0.3838383838383838,0.06060606060606061,1914,0.45541623127830017,0.6300940438871473,5.3171368861024035,0.36063218390804597,844,0.23783783783783785,0.13153153153153152,0.25084745762711863,0.1423728813559322,348,0.834530651340996,0.2557471264367816,6.172413793103448,0.34243295019157083,13.0,12.66,11.8,12.1,2,1,0
298,1205740675,2,12,13,11,13,1255,0.9829738933030647,0.009080590238365494,0.9631578947368421,0.015789473684210527,1971,0.5046084897683072,0.29274479959411465,5.471841704718417,0.3719347201082362,1045,0.3876651982378855,0.07268722466960352,0.3852596314907873,0.06197654941373534,1920,0.4547743055555555,0.6307291666666667,5.316666666666666,0.36041666666666666,845,0.23741007194244604,0.13129496402877697,0.25084745762711863,0.1423728813559322,349,0.8350047755491881,0.25501432664756446,6.171919770773639,0.3428844317096466,12.98,12.7,11.8,12.1,-1,1,-1
299,1205740676,2,13,12,14,12,1261,0.9830508474576272,0.00903954802259887,0.9633507853403142,0.015706806282722512,1975,0.5044303797468355,0.29265822784810125,5.471898734177215,0.37232067510548533,1049,0.387308533916849,0.07221006564551423,0.3862876254180602,0.061872909698996656,1927,0.4542466701262756,0.6310326933056565,5.316035288012454,0.3613129216398547,849,0.236983842010772,0.1310592459605027,0.2483221476510067,0.14093959731543623,351,0.8359449192782525,0.2564102564102564,6.170940170940171,0.342355175688509,12.94,12.68,11.9,12.08,1,-1,1
300,1205740677,2,13,12,10,11,1266,0.983127109111361,0.008998875140607425,0.9634464751958225,0.015665796344647518,1979,0.5049267306720566,0.2925720060636685,5.471450227387569,0.3723260906181574,1054,0.38562091503267976,0.0718954248366013,0.3843594009983361,0.06156405990016639,1935,0.4544358311800171,0.6294573643410852,5.317312661498708,0.3613695090439277,852,0.23835125448028674,0.13082437275985664,0.24666666666666667,0.14333333333333334,353,0.8354579792256845,0.2577903682719547,6.169971671388102,0.3432483474976393,12.92,12.64,11.88,12.06,1,3,2
301,1205740678,2,11,11,11,13,1269,0.9831460674157303,0.008988764044943821,0.9636363636363636,0.015584415584415584,1987,0.5044036235530951,0.29290387518872674,5.470558631102164,0.37225297768830745,1059,0.3874458874458874,0.07142857142857142,0.38474295190713104,0.06135986733001658,1940,0.4540378006872851,0.6288659793814433,5.3164948453608245,0.36121134020618556,856,0.23707664884135474,0.1319073083778966,0.24584717607973422,0.14285714285714285,354,0.8359227871939735,0.2570621468926554,6.169491525423729,0.342984934086629,12.88,12.6,11.86,12.06,0,0,-2
302,1205740679,2,13,13,10,14,1273,0.9832026875699889,0.008958566629339306,0.9637305699481865,0.015544041450777202,1993,0.504390366281987,0.29252383341695937,5.470145509282489,0.37188493059039984,1064,0.3900862068965517,0.07112068965517242,0.38613861386138615,0.0627062706270627,1944,0.45464677640603557,0.6291152263374485,5.315843621399177,0.3611111111111111,858,0.23665480427046262,0.13167259786476868,0.24503311258278146,0.1423841059602649,356,0.835440074906367,0.2612359550561798,6.168539325842697,0.3431647940074906,12.94,12.66,11.78,12.08,0,3,-1
303,1205740680,2,11,11,11,13,1276,0.9832589285714286,0.008928571428571428,0.9637305699481865,0.015544041450777202,2000,0.504625,0.292,5.4715,0.37195833333333345,1066,0.3913978494623656,0.07096774193548387,0.3871499176276771,0.06260296540362438,1954,0.45308768338451033,0.6299897645854657,5.314738996929376,0.3609263050153531,858,0.23665480427046262,0.13167259786476868,0.24503311258278146,0.1423841059602649,357,0.8330999066293183,0.2605042016806723,6.168067226890757,0.34360410830999066,12.92,12.68,11.84,12.16,0,0,-2
304,1205740681,2,14,12,13,14,1285,0.9834070796460177,0.008849557522123894,0.9638242894056848,0.015503875968992248,2001,0.5043728135932034,0.29185407296351823,5.471264367816092,0.3720223221722473,1068,0.3913978494623656,0.07096774193548387,0.38752052545155996,0.06239737274220033,1963,0.45279334352182027,0.630667345899134,5.314314824248599,0.3607997962302598,860,0.2393617021276596,0.13120567375886524,0.24503311258278146,0.1423841059602649,358,0.8335661080074487,0.25977653631284914,6.167597765363128,0.34334264432029793,12.92,12.64,11.88,12.24,2,1,0
305,1205740682,2,13,12,13,14,1290,0.9834801762114538,0.00881057268722467,0.9639175257731959,0.015463917525773196,2008,0.5053535856573705,0.2918326693227092,5.47011952191235,0.37221945551128827,1073,0.3880597014925373,0.07036247334754797,0.3885245901639344,0.06229508196721312,1968,0.4516429539295392,0.6300813008130082,5.314532520325203,0.36064532520325204,862,0.23893805309734514,0.13274336283185842,0.24422442244224424,0.1419141914191419,359,0.8340297121634168,0.2590529247910863,6.167130919220056,0.34308263695450325,12.92,12.62,11.9,12.32,1,0,-1
306,1205740683,2,12,12,12,13,1293,0.9835345773874863,0.008781558726673985,0.9639175257731959,0.015463917525773196,2016,0.5053323412698413,0.29216269841269843,5.471230158730159,0.37210648148148157,1076,0.3885350318471338,0.07006369426751592,0.3878887070376432,0.062193126022913256,1974,0.4516632894292468,0.6306990881458967,5.315096251266464,0.3608156028368794,866,0.23767605633802816,0.13204225352112675,0.24671052631578946,0.14144736842105263,360,0.8344907407407406,0.25833333333333336,6.166666666666667,0.34282407407407406,12.92,12.62,11.9,12.3,0,0,-1
307,1205740684,2,11,12,11,12,1296,0.9835706462212487,0.008762322015334063,0.9640102827763496,0.015424164524421594,2022,0.505811078140455,0.291295746785361,5.472799208704253,0.3718677876689747,1076,0.3885350318471338,0.07006369426751592,0.3878887070376432,0.062193126022913256,1985,0.45117548278757336,0.6312342569269521,5.31536523929471,0.36070528967254406,867,0.2390158172231986,0.13181019332161686,0.24671052631578946,0.14144736842105263,361,0.8349492151431208,0.26038781163434904,6.166204986149585,0.34256694367497686,12.9,12.62,11.9,12.3,-1,0,-1
308,1205740685,2,15,15,14,12,1301,0.9836423118865867,0.008724100327153763,0.9641025641025641,0.015384615384615385,2027,0.5060434139121855,0.29107054760730144,5.472619634928466,0.37169051142904136,1080,0.3877118644067797,0.06991525423728813,0.38925081433224756,0.06188925081433225,1991,0.45107148836430594,0.6318432948267202,5.314917127071824,0.36087393269713713,871,0.2395104895104895,0.13111888111888112,0.24918032786885247,0.14098360655737704,361,0.8349492151431208,0.26038781163434904,6.166204986149585,0.34256694367497686,12.96,12.62,11.96,12.28,0,1,3
309,1205740686,2,16,14,15,13,1308,0.9837310195227765,0.008676789587852495,0.9642857142857143,0.015306122448979591,2030,0.5060344827586207,0.2911330049261084,5.472906403940887,0.37175697865353047,1084,0.3881856540084388,0.06962025316455696,0.387987012987013,0.06168831168831169,1997,0.4502169921548989,0.6319479218828242,5.314471707561342,0.36066599899849777,875,0.23867595818815332,0.13066202090592335,0.254071661237785,0.14006514657980457,362,0.8340239410681398,0.26243093922651933,6.165745856353591,0.34300184162062614,13.0,12.64,12.0,12.28,2,1,3
310,1205740687,2,12,12,11,13,1308,0.9837310195227765,0.008676789587852495,0.9642857142857143,0.015306122448979591,2039,0.5064982834722903,0.2908288376655223,5.4747425208435505,0.3715873794343633,1090,0.38784067085953877,0.06918238993710692,0.3861066235864297,0.061389337641357025,2005,0.45166251039068983,0.6324189526184538,5.314713216957606,0.3605985037406484,878,0.2378472222222222,0.13020833333333334,0.2564935064935065,0.1396103896103896,363,0.8344811753902662,0.2644628099173554,6.1652892561983474,0.3427456382001836,12.96,12.62,11.94,12.3,0,1,-1
311,1205740688,2,11,14,13,11,1312,0.9837662337662337,0.008658008658008658,0.9644670050761421,0.015228426395939087,2048,0.5063883463541666,0.29150390625,5.4736328125,0.3717854817708334,1095,0.3875,0.07083333333333333,0.38486312399355876,0.061191626409017714,2008,0.45148572377158025,0.6319721115537849,5.315737051792829,0.3605577689243028,884,0.23661485319516407,0.13126079447322972,0.2572347266881029,0.1382636655948553,364,0.8349358974358974,0.26373626373626374,6.164835164835165,0.34249084249084244,12.92,12.64,11.94,12.28,-3,-2,0
312,1205740689,2,12,12,11,12,1315,0.9838012958963283,0.008639308855291577,0.9645569620253165,0.015189873417721518,2056,0.5053907263294423,0.2908560311284047,5.474221789883268,0.3720411802853438,1099,0.3866943866943867,0.07068607068607069,0.38461538461538464,0.0625,2016,0.4511822089947089,0.6314484126984127,5.316468253968254,0.3601190476190476,886,0.23580034423407917,0.13080895008605853,0.2572347266881029,0.1382636655948553,365,0.8353881278538812,0.26301369863013696,6.164383561643835,0.3422374429223744,12.88,12.64,11.92,12.26,0,1,0
313,1205740690,2,14,14,13,11,1321,0.9838536060279871,0.008611410118406888,0.9597989949748744,0.017587939698492462,2061,0.504811580139091,0.2906356137797186,5.474041727316837,0.3721090085718908,1104,0.3879668049792531,0.07053941908713693,0.3853503184713376,0.06210191082802548,2021,0.45155038759689914,0.6308758040573973,5.316180108857002,0.3602177140029688,888,0.23539518900343642,0.13058419243986255,0.2564102564102564,0.13782051282051283,366,0.8358378870673951,0.26229508196721313,6.163934426229508,0.3419854280510018,12.92,12.64,11.96,12.24,0,1,3
314,1205740691,2,13,14,13,12,1324,0.9838882921589689,0.008592910848549946,0.9598997493734336,0.017543859649122806,2066,0.5050419490158115,0.2904162633107454,5.473862536302033,0.3718134882220072,1105,0.3879668049792531,0.07053941908713693,0.3847376788553259,0.06200317965023847,2032,0.45205872703412064,0.6309055118110236,5.316929133858268,0.36048228346456695,888,0.23539518900343642,0.13058419243986255,0.2564102564102564,0.13782051282051283,367,0.8362851952770208,0.2615803814713896,6.163487738419619,0.3417347865576748,12.9,12.64,11.94,12.24,-1,0,1
315,1205740692,2,10,10,11,13,1324,0.9838882921589689,0.008592910848549946,0.9598997493734336,0.017543859649122806,2077,0.5052559781736479,0.2903225806451613,5.473278767453057,0.37152944952656086,1114,0.3860369609856263,0.07186858316221766,0.38388625592417064,0.0631911532385466,2037,0.4516854851906397,0.6308296514482081,5.316642120765832,0.36033382425135,890,0.23499142367066894,0.13036020583190394,0.25878594249201275,0.13738019169329074,368,0.836730072463768,0.2608695652173913,6.163043478260869,0.34216485507246375,12.9,12.6,11.92,12.3,0,-1,-3
316,1205740693,2,13,16,12,11,1330,0.9839228295819936,0.00857449088960343,0.9602977667493796,0.017369727047146403,2082,0.5045228946525776,0.2905859750240154,5.472622478386167,0.3713576689081013,1118,0.38650306748466257,0.07157464212678936,0.384251968503937,0.06299212598425197,2045,0.45138549307253456,0.630317848410758,5.316381418092909,0.3605134474327628,891,0.23499142367066894,0.13036020583190394,0.2611464968152866,0.13694267515923567,369,0.8371725383920505,0.2601626016260163,6.162601626016261,0.34191508581752483,12.88,12.7,11.94,12.3,-3,1,2
317,1205740694,2,9,9,11,11,1333,0.9839400428265525,0.008565310492505354,0.9580246913580247,0.01728395061728395,2088,0.5049888250319284,0.28975095785440613,5.4736590038314175,0.3711286717752236,1120,0.3877551020408163,0.07142857142857142,0.3836477987421384,0.06289308176100629,2057,0.4504537352130934,0.630529897909577,5.315508021390374,0.36011181332036946,892,0.2345890410958904,0.13184931506849315,0.2611464968152866,0.13694267515923567,370,0.8376126126126126,0.2594594594594595,6.162162162162162,0.3416666666666666,12.82,12.68,11.9,12.28,0,-2,-2
318,1205740695,2,14,14,12,11,1339,0.9840085287846482,0.008528784648187633,0.9582309582309583,0.0171990171990172,2095,0.5050517104216388,0.2897374701670644,5.473508353221957,0.3710819411296739,1122,0.3877551020408163,0.07142857142857142,0.384012539184953,0.06269592476489028,2064,0.4501372739018087,0.6303294573643411,5.315891472868217,0.36022286821705424,894,0.2341880341880342,0.13162393162393163,0.2634920634920635,0.1365079365079365,371,0.8353548966756513,0.2587601078167116,6.1617250673854445,0.3420934411500449,12.8,12.72,11.9,12.24,0,2,3
319,1205740696,2,12,14,10,11,1345,0.9840933191940615,0.008483563096500531,0.9583333333333334,0.01715686274509804,2103,0.5052702488508479,0.289586305278174,5.473133618640038,0.3708590901886195,1124,0.3869653767820774,0.07128309572301425,0.38497652582159625,0.06259780907668232,2070,0.450281803542673,0.6304347826086957,5.315942028985507,0.3601449275362319,899,0.23639455782312926,0.1326530612244898,0.2618296529968454,0.13564668769716087,371,0.8353548966756513,0.2587601078167116,6.1617250673854445,0.3420934411500449,12.8,12.74,11.84,12.24,-2,2,1
320,1205740697,2,12,12,12,9,1349,0.9841437632135307,0.008456659619450317,0.9584352078239609,0.017114914425427872,2110,0.504304897314376,0.2890995260663507,5.473459715639811,0.3708135860979464,1129,0.38866396761133604,0.0708502024291498,0.38533541341653665,0.062402496099843996,2077,0.4502086342481142,0.6307173808377468,5.316803081367357,0.36013480982185847,900,0.23599320882852293,0.13242784380305603,0.2618296529968454,0.13564668769716087,371,0.8353548966756513,0.2587601078167116,6.1617250673854445,0.3420934411500449,12.8,12.74,11.86,12.18,0,0,3
321,1205740698,2,13,14,12,12,1354,0.9831578947368421,0.008421052631578947,0.9585365853658536,0.01707317073170732,2121,0.5042825711142542,0.28854314002828857,5.471004243281471,0.3704620462046206,1134,0.3878787878787879,0.07272727272727272,0.38449612403100775,0.06201550387596899,2079,0.45025653358986684,0.6305916305916306,5.317460317460317,0.3602693602693603,903,0.23559322033898306,0.13220338983050847,0.2664576802507837,0.13479623824451412,372,0.8331093189964157,0.25806451612903225,6.161290322580645,0.3418458781362007,12.8,12.78,11.82,12.14,-1,1,1
322,1205740699,2,13,13,13,13,1361,0.9832460732984293,0.008376963350785341,0.9587378640776699,0.01699029126213592,2125,0.5049019607843137,0.2898823529411765,5.472,0.3704705882352942,1135,0.3878787878787879,0.07272727272727272,0.38390092879256965,0.06191950464396285,2083,0.4501120179228676,0.6303408545367258,5.319251080172828,0.36029764762361977,905,0.23648648648648649,0.13175675675675674,0.2664576802507837,0.13479623824451412,374,0.8340017825311942,0.25935828877005346,6.163101604278075,0.3420231729055258,12.8,12.74,11.78,12.16,0,0,0
323,1205740700,2,13,13,8,13,1366,0.9832810867293625,0.008359456635318705,0.9590361445783132,0.016867469879518072,2134,0.5048812870977819,0.2900656044985942,5.47282099343955,0.37031396438612946,1137,0.38911290322580644,0.07258064516129033,0.38330757341576505,0.061823802163833076,2090,0.4502791068580541,0.6301435406698565,5.320095693779904,0.3601674641148325,907,0.23737373737373738,0.132996632996633,0.2664576802507837,0.13479623824451412,375,0.8344444444444443,0.25866666666666666,6.1626666666666665,0.34177777777777774,12.74,12.74,11.68,12.18,0,5,0
324,1205740701,2,15,14,14,12,1369,0.9833333333333333,0.008333333333333333,0.9590361445783132,0.016867469879518072,2142,0.5057967631497042,0.28944911297852477,5.473389355742297,0.36998132586367893,1138,0.3903420523138833,0.07243460764587525,0.38330757341576505,0.061823802163833076,2096,0.450421437659033,0.6302480916030534,5.319656488549619,0.35997137404580154,910,0.23697478991596638,0.13277310924369748,0.26479750778816197,0.13707165109034267,377,0.8326702033598584,0.259946949602122,6.161803713527852,0.3412908930150309,12.84,12.82,11.74,12.2,1,1,3
325,1205740702,2,12,10,13,10,1374,0.9813278008298755,0.008298755186721992,0.9591346153846154,0.016826923076923076,2150,0.5057751937984496,0.28930232558139535,5.4730232558139535,0.36976744186046523,1142,0.39156626506024095,0.07228915662650602,0.3830769230769231,0.06153846153846154,2101,0.4510153894970648,0.6311280342693956,5.319847691575441,0.3599476439790576,912,0.23657718120805368,0.1325503355704698,0.2670807453416149,0.13664596273291926,379,0.830914687774846,0.2612137203166227,6.160949868073879,0.3414687774846086,12.8,12.78,11.76,12.16,2,-1,2
326,1205740703,2,12,13,12,12,1376,0.9813664596273292,0.008281573498964804,0.9591346153846154,0.016826923076923076,2159,0.5059827080438474,0.2890226956924502,5.472904122278833,0.36938397406206586,1144,0.3907815631262525,0.07214428857715431,0.3824884792626728,0.0629800307219662,2109,0.4507270428323059,0.631578947368421,5.318634423897582,0.36012328117591275,912,0.23657718120805368,0.1325503355704698,0.2670807453416149,0.13664596273291926,380,0.8313596491228069,0.2631578947368421,6.160526315789474,0.34122807017543855,12.78,12.74,11.78,12.16,-1,0,0
327,1205740704,2,13,12,11,10,1380,0.981404958677686,0.008264462809917356,0.9593301435406698,0.01674641148325359,2162,0.506514030218933,0.28908418131359853,5.473172987974098,0.369449583718779,1145,0.3907815631262525,0.07214428857715431,0.38190184049079756,0.06288343558282208,2117,0.4519367028814359,0.6310817194142655,5.321209258384506,0.36006140765233824,916,0.23618090452261306,0.1323283082077052,0.26461538461538464,0.13538461538461538,383,0.8287641427328111,0.26631853785900783,6.164490861618799,0.3424717145343777,12.78,12.74,11.82,12.12,1,2,3
328,1205740705,2,10,13,12,9,1382,0.9814241486068112,0.008255933952528379,0.9594272076372315,0.016706443914081145,2168,0.5062653751537515,0.2896678966789668,5.4737084870848705,0.3695802583025831,1147,0.3907815631262525,0.07214428857715431,0.38073394495412843,0.06269113149847094,2123,0.45191552834039866,0.6311822892133773,5.320772491756948,0.3601036269430052,921,0.235,0.13166666666666665,0.26605504587155965,0.1345565749235474,384,0.8292100694444443,0.2682291666666667,6.1640625,0.34223090277777773,12.74,12.76,11.8,12.04,-3,-2,1
329,1205740706,2,12,12,12,12,1383,0.9814432989690721,0.008247422680412371,0.9594272076372315,0.016706443914081145,2177,0.5060097994181595,0.28938906752411575,5.474506201194304,0.36931557188791925,1154,0.3904382470119522,0.07171314741035857,0.378419452887538,0.06231003039513678,2128,0.4520285087719297,0.631109022556391,5.320488721804511,0.3599624060150376,923,0.23588039867109634,0.13122923588039867,0.26605504587155965,0.1345565749235474,384,0.8292100694444443,0.2682291666666667,6.1640625,0.34223090277777773,12.7,12.76,11.78,12.04,0,0,0
330,1205740707,2,10,10,13,10,1386,0.9814814814814815,0.00823045267489712,0.9595238095238096,0.016666666666666666,2183,0.5053061536112383,0.28950984883188274,5.47686669720568,0.3692166743014202,1157,0.38966202783300197,0.07157057654075547,0.37727272727272726,0.06363636363636363,2135,0.45210772833723645,0.6309133489461358,5.320374707259953,0.35995316159250584,926,0.23548922056384744,0.1310116086235489,0.2674772036474164,0.1337386018237082,389,0.8249785775492715,0.2699228791773779,6.169665809768637,0.341688089117395,12.64,12.68,11.78,12.02,0,-3,0
331,1205740708,2,14,13,15,11,1392,0.9815195071868583,0.008213552361396304,0.9599056603773585,0.01650943396226415,2189,0.504758641693315,0.2891731384193696,5.476930105070808,0.36946094106898136,1158,0.3888888888888889,0.07142857142857142,0.37727272727272726,0.06363636363636363,2142,0.4522642390289448,0.6316526610644257,5.3202614379084965,0.3599439775910364,930,0.23597359735973597,0.13036303630363036,0.2696969696969697,0.13333333333333333,390,0.8254273504273504,0.2692307692307692,6.1692307692307695,0.3414529914529914,12.7,12.68,11.92,12.02,1,-1,3
332,1205740709,2,13,14,15,12,1396,0.9815762538382804,0.008188331627430911,0.96,0.01647058823529412,2196,0.5042880995749848,0.2887067395264117,5.4776867030965395,0.3697632058287797,1163,0.3893280632411067,0.07114624505928854,0.3770739064856712,0.06485671191553545,2147,0.45353982300884943,0.631578947368421,5.319981369352585,0.36003726129483,932,0.23519736842105263,0.13157894736842105,0.2696969696969697,0.13333333333333333,391,0.8258738277919863,0.26854219948849106,6.168797953964194,0.34121909633418585,12.74,12.72,11.98,11.98,-1,-2,1
333,1205740710,2,14,14,10,12,1399,0.9816326530612245,0.00816326530612245,0.96,0.01647058823529412,2207,0.503360519558979,0.2886270956048935,5.4753058450385135,0.3693173236671199,1168,0.38976377952755903,0.07086614173228346,0.3783783783783784,0.06456456456456457,2149,0.4535830618892507,0.6319218241042345,5.3206142391810145,0.3600511865984179,935,0.2348111658456486,0.13136288998357964,0.2710843373493976,0.13253012048192772,392,0.8263180272108842,0.26785714285714285,6.168367346938775,0.3409863945578231,12.8,12.76,12.0,12.0,0,4,2
334,1205740711,2,14,12,12,14,1402,0.9816700610997964,0.008146639511201629,0.960093896713615,0.01643192488262911,2214,0.5033498946100572,0.2899728997289973,5.477868112014454,0.36927883167720577,1169,0.3889980353634578,0.07072691552062868,0.3783783783783784,0.06456456456456457,2158,0.45323602100710525,0.6311399443929564,5.32159406858202,0.36017145505097314,938,0.23529411764705882,0.13071895424836602,0.2710843373493976,0.13253012048192772,393,0.8242154368108565,0.2697201017811705,6.1704834605597965,0.340754877014419,12.8,12.74,12.0,12.06,2,2,0
335,1205740712,2,12,13,12,14,1405,0.9817258883248731,0.008121827411167513,0.960093896713615,0.01643192488262911,2220,0.5031906906906907,0.2896396396396396,5.476576576576576,0.3691816816816818,1176,0.38791423001949316,0.07017543859649122,0.3811659192825112,0.06427503736920777,2163,0.45288179996917854,0.6310679611650486,5.321312991215904,0.3601479426722145,942,0.23615635179153094,0.13029315960912052,0.2754491017964072,0.1317365269461078,393,0.8242154368108565,0.2697201017811705,6.1704834605597965,0.340754877014419,12.78,12.74,11.98,12.08,-1,0,-2
336,1205740713,2,12,13,14,13,1410,0.9817997977755308,0.008088978766430738,0.9601873536299765,0.01639344262295082,2227,0.5027316270019457,0.28917826672653796,5.475527615626404,0.36925609938631954,1181,0.3864077669902913,0.06990291262135923,0.38244047619047616,0.06547619047619048,2168,0.453221094710947,0.6309963099630996,5.321494464944649,0.36012453874538747,944,0.23577235772357724,0.13008130081300814,0.2746268656716418,0.13432835820895522,395,0.8234177215189872,0.2683544303797468,6.169620253164557,0.3415611814345991,12.74,12.7,12.0,12.08,-1,-2,-1
337,1205740714,2,12,15,13,12,1414,0.9818181818181818,0.00808080808080808,0.9604651162790697,0.01627906976744186,2232,0.5025014934289127,0.289426523297491,5.474910394265233,0.3691009557945043,1186,0.3856589147286822,0.06976744186046512,0.3816568047337278,0.0650887573964497,2174,0.4538101809260962,0.6306347746090156,5.321527138914443,0.36016559337626497,949,0.23462783171521034,0.13268608414239483,0.27596439169139464,0.13353115727002968,396,0.8238636363636362,0.2676767676767677,6.16919191919192,0.3419612794612794,12.7,12.68,12.04,12.06,-3,-1,0
338,1205740715,2,12,14,11,11,1415,0.9818365287588294,0.008072653884964682,0.9604651162790697,0.01627906976744186,2240,0.5031622023809523,0.2892857142857143,5.475,0.36889880952380966,1192,0.3853564547206166,0.06936416184971098,0.38144329896907214,0.06480117820324006,2180,0.4541666666666666,0.6307339449541285,5.321100917431193,0.36009174311926606,953,0.23387096774193547,0.13225806451612904,0.27728613569321536,0.13274336283185842,396,0.8238636363636362,0.2676767676767677,6.16919191919192,0.3419612794612794,12.74,12.74,11.96,12.02,-2,1,1
339,1205740716,2,12,13,14,11,1417,0.9818548387096774,0.008064516129032258,0.9605568445475638,0.016241299303944315,2245,0.5024870081662954,0.289532293986637,5.473942093541202,0.36896807720861186,1198,0.3862332695984704,0.06883365200764818,0.3803230543318649,0.06461086637298091,2184,0.4549374236874236,0.6304945054945055,5.320970695970696,0.36000457875457875,959,0.23434991974317818,0.13162118780096307,0.2777777777777778,0.13157894736842105,397,0.8243073047858941,0.2695214105793451,6.168765743073048,0.3417296389588581,12.72,12.74,12.0,12.02,-1,-2,1
340,1205740717,2,12,12,11,12,1421,0.9809236947791165,0.008032128514056224,0.9605568445475638,0.016241299303944315,2251,0.5024803790907745,0.2905375388716126,5.473123056419369,0.3688730934399527,1203,0.38593155893536124,0.07034220532319392,0.3821376281112738,0.06442166910688141,2189,0.45534490634993136,0.6313385107354956,5.321151210598447,0.3602101416171768,964,0.2364217252396166,0.13099041533546327,0.27906976744186046,0.13372093023255813,398,0.8239112227805694,0.26884422110552764,6.168341708542713,0.34275544388609713,12.66,12.76,11.98,12.04,0,1,0
341,1205740718,2,12,12,13,13,1427,0.981018981018981,0.007992007992007992,0.9606481481481481,0.016203703703703703,2259,0.5020289213516305,0.2903939796370075,5.473218238158477,0.368673454330825,1207,0.38636363636363635,0.07007575757575757,0.38248175182481753,0.06569343065693431,2195,0.45478359908883814,0.6314350797266515,5.321640091116173,0.36002277904328017,966,0.23604465709728867,0.13237639553429026,0.2782608695652174,0.13333333333333333,399,0.8243525480367585,0.2681704260651629,6.167919799498747,0.34314954051796154,12.62,12.72,11.96,12.08,0,-1,-1
342,1205740719,2,14,12,11,13,1431,0.9810568295114656,0.007976071784646061,0.9608294930875576,0.016129032258064516,2269,0.5029014250036726,0.2899955927721463,5.473776994270604,0.3682973409725284,1209,0.387523629489603,0.06994328922495274,0.3819241982507289,0.06559766763848396,2203,0.45540172492056274,0.631411711302769,5.320926009986382,0.3598502042669088,967,0.23604465709728867,0.13237639553429026,0.2774566473988439,0.1329479768786127,400,0.8247916666666666,0.2675,6.1675,0.34354166666666663,12.6,12.68,11.96,12.1,2,3,1
343,1205740720,2,11,12,12,12,1435,0.981094527363184,0.007960199004975124,0.9587155963302753,0.016055045871559634,2272,0.503337734741784,0.289612676056338,5.473151408450704,0.3682511737089203,1212,0.3867924528301887,0.06981132075471698,0.38226744186046513,0.06540697674418605,2211,0.4560153776571686,0.6313885119855269,5.319764812302126,0.35956580732700133,974,0.23529411764705882,0.13354531001589826,0.27635327635327633,0.13675213675213677,401,0.8227348295926848,0.26683291770573564,6.167082294264339,0.34330839567747296,12.54,12.64,12.0,12.06,-1,-1,-1
344,1205740721,2,14,14,12,11,1438,0.9811507936507936,0.007936507936507936,0.9587155963302753,0.016055045871559634,2281,0.503032295776706,0.2897851819377466,5.474353353792196,0.36833260265965234,1217,0.38764044943820225,0.06928838951310862,0.38171262699564584,0.06531204644412192,2216,0.45566335740072195,0.6308664259927798,5.3203971119133575,0.3597698555956679,975,0.23529411764705882,0.13354531001589826,0.2784090909090909,0.13636363636363635,404,0.8228135313531352,0.2698019801980198,6.165841584158416,0.34385313531353134,12.6,12.7,12.04,12.04,0,2,3
345,1205740722,2,13,14,14,13,1443,0.9812067260138477,0.00791295746785361,0.958904109589041,0.01598173515981735,2287,0.5023684594082495,0.289899431569742,5.4739833843463055,0.3683500947383765,1223,0.38404452690166974,0.0686456400742115,0.38115942028985506,0.06521739130434782,2221,0.45576316974335873,0.6307969383160739,5.321026564610536,0.359972985141828,976,0.23492063492063492,0.13333333333333333,0.2784090909090909,0.13636363636363635,405,0.8232510288065843,0.2691358024691358,6.165432098765432,0.3436213991769547,12.58,12.72,12.1,12.06,-1,-1,0
346,1205740723,2,13,12,11,12,1447,0.981243830207305,0.007897334649555774,0.9590909090909091,0.015909090909090907,2296,0.5025769454123112,0.289198606271777,5.473432055749129,0.3685394889663184,1228,0.3837638376383764,0.06826568265682657,0.3815028901734104,0.06502890173410404,2225,0.4558426966292134,0.630561797752809,5.320898876404494,0.3601123595505618,979,0.23613312202852615,0.13312202852614896,0.2768361581920904,0.1384180790960452,406,0.8236863711001641,0.270935960591133,6.165024630541872,0.3433908045977011,12.54,12.7,12.14,12.04,1,2,1
347,1205740724,2,15,12,10,13,1452,0.9813176007866273,0.007866273352999017,0.9591836734693877,0.015873015873015872,2302,0.5020634231103387,0.289748045178106,5.472198088618592,0.3687735302635391,1233,0.38461538461538464,0.06776556776556776,0.3823953823953824,0.06493506493506493,2228,0.45635098743267494,0.63016157989228,5.3204667863554755,0.3603007181328546,984,0.23734177215189872,0.13291139240506328,0.2737430167597765,0.13966480446927373,407,0.8228910728910728,0.2727272727272727,6.164619164619165,0.34377559377559375,12.56,12.7,12.08,12.02,3,5,2
348,1205740725,2,9,10,10,8,1453,0.9803536345776032,0.008840864440078585,0.9591836734693877,0.015873015873015872,2308,0.501769208549971,0.28942807625649913,5.470970537261699,0.36868139803581756,1236,0.38391224862888484,0.06764168190127971,0.38273381294964026,0.06474820143884892,2233,0.45667263770712035,0.6300940438871473,5.3206448723690105,0.3602776533811017,989,0.23622047244094488,0.13385826771653545,0.2722222222222222,0.1388888888888889,409,0.8225346373268133,0.2713936430317848,6.1711491442542785,0.3439282803585982,12.5,12.64,12.06,11.92,-1,-1,1
349,1205740726,2,13,11,13,11,1455,0.9803729146221786,0.008832188420019628,0.9570135746606335,0.01809954751131222,2318,0.5020491803278687,0.2886108714408973,5.471527178602243,0.3687086568881221,1244,0.3836363636363636,0.06727272727272728,0.38285714285714284,0.06428571428571428,2236,0.45695438282647577,0.6301431127012522,5.3206618962432914,0.36012969588550986,990,0.23622047244094488,0.13385826771653545,0.2742382271468144,0.13850415512465375,410,0.8217479674796747,0.2707317073170732,6.170731707317073,0.3443089430894309,12.5,12.62,12.04,11.9,2,0,2
350,1205740727,2,14,11,10,9,1458,0.9803921568627451,0.008823529411764706,0.9572072072072072,0.018018018018018018,2325,0.5020430107526881,0.28903225806451616,5.471827956989247,0.3685663082437277,1246,0.38405797101449274,0.06702898550724638,0.38285714285714284,0.06428571428571428,2243,0.4573116362015157,0.6299598751671868,5.320106999554168,0.3601203744984396,995,0.2358490566037736,0.13364779874213836,0.273972602739726,0.136986301369863,411,0.8221816707218166,0.27007299270072993,6.170316301703163,0.34407948094079477,12.52,12.6,12.04,11.86,3,4,5
351,1205740728,2,10,10,11,10,1463,0.9804496578690127,0.008797653958944282,0.9573991031390134,0.017937219730941704,2332,0.5026801029159519,0.28945111492281306,5.471269296740995,0.36842481417953127,1251,0.38267148014440433,0.06678700361010831,0.38264580369843526,0.06543385490753911,2248,0.45762900355871877,0.6298932384341637,5.3211743772241995,0.35987544483985767,999,0.2347417840375587,0.13302034428794993,0.27595628415300544,0.1366120218579235,412,0.8226132686084141,0.26941747572815533,6.169902912621359,0.34385113268608414,12.5,12.58,12.04,11.8,0,-1,0
352,1205740729,2,14,13,13,8,1467,0.9795520934761441,0.009737098344693282,0.9573991031390134,0.017937219730941704,2340,0.5022435897435896,0.2901709401709402,5.47008547008547,0.3684472934472936,1252,0.38267148014440433,0.06678700361010831,0.3821022727272727,0.06534090909090909,2256,0.45711436170212755,0.6294326241134752,5.320921985815603,0.3599290780141844,1003,0.23400936037441497,0.13416536661466458,0.27445652173913043,0.1358695652173913,413,0.8230427764326068,0.2687651331719128,6.169491525423729,0.3436238902340597,12.52,12.58,12.1,11.68,1,1,6
353,1205740730,2,13,13,12,10,1473,0.9796116504854369,0.009708737864077669,0.9576837416481069,0.017817371937639197,2346,0.502237851662404,0.2894288150042626,5.470588235294118,0.36825092355782907,1256,0.38489208633093525,0.06654676258992806,0.38243626062322944,0.06515580736543909,2262,0.4572281167108752,0.6295313881520778,5.32051282051282,0.3598585322723254,1005,0.2336448598130841,0.13551401869158877,0.27371273712737126,0.13550135501355012,415,0.8214859437751003,0.26987951807228916,6.168674698795181,0.3431726907630522,12.56,12.62,12.12,11.62,0,1,3
354,1205740731,2,14,12,14,11,1480,0.9787234042553191,0.010638297872340425,0.9557522123893806,0.017699115044247787,2351,0.5026584432156528,0.289238621863037,5.470863462356444,0.3683184460513258,1261,0.38530465949820786,0.06630824372759857,0.383638928067701,0.06488011283497884,2268,0.4571942974720752,0.6296296296296297,5.3201058201058204,0.3601190476190476,1006,0.2332814930015552,0.13530326594090203,0.27371273712737126,0.13550135501355012,417,0.8223421262989608,0.2685851318944844,6.167865707434053,0.34272581934452434,12.56,12.62,12.14,11.56,2,0,3
355,1205740732,2,12,12,12,11,1484,0.978743961352657,0.010628019323671498,0.9538461538461539,0.017582417582417582,2362,0.5026460626587637,0.2887383573243014,5.469940728196444,0.3680849562517642,1265,0.38571428571428573,0.06607142857142857,0.38396624472573837,0.06469760900140648,2271,0.4572508439747541,0.6296785557023338,5.320123293703214,0.3600836635843241,1011,0.23183925811437403,0.1375579598145286,0.27297297297297296,0.13513513513513514,417,0.8223421262989608,0.2685851318944844,6.167865707434053,0.34272581934452434,12.54,12.62,12.12,11.5,0,0,1
356,1205740733,2,12,13,11,13,1490,0.9788053949903661,0.010597302504816955,0.9541484716157205,0.017467248908296942,2368,0.5030616554054053,0.28927364864864863,5.470016891891892,0.36789132882882897,1271,0.3872113676731794,0.06571936056838366,0.38375350140056025,0.06582633053221289,2277,0.45685111989459803,0.6288976723759332,5.319279754062363,0.36023276240667546,1013,0.23148148148148148,0.13734567901234568,0.2749326145552561,0.1347708894878706,418,0.8227671451355661,0.2679425837320574,6.167464114832536,0.34310207336523124,12.54,12.64,12.1,11.5,-1,1,-1
357,1205740734,2,14,13,12,13,1495,0.9788257940327237,0.010587102983638113,0.9545454545454546,0.017316017316017316,2373,0.503055204382638,0.2895069532237674,5.469869363674674,0.3680643348784943,1272,0.3872113676731794,0.06571936056838366,0.3832167832167832,0.06573426573426573,2285,0.45700218818380733,0.6284463894967177,5.3185995623632385,0.3599562363238512,1016,0.23384615384615384,0.13692307692307693,0.27419354838709675,0.13440860215053763,418,0.8227671451355661,0.2679425837320574,6.167464114832536,0.34310207336523124,12.6,12.66,12.12,11.52,1,2,1
358,1205740735,2,14,10,13,12,1497,0.9788461538461538,0.010576923076923078,0.9546436285097192,0.017278617710583154,2381,0.5038149237015259,0.2889542209155817,5.4682906341873165,0.36840263194736117,1280,0.38515901060070673,0.06537102473498234,0.38472222222222224,0.06527777777777778,2289,0.4566404543468763,0.6286588029707296,5.3184796854521625,0.3599825251201398,1019,0.2350230414746544,0.13671274961597543,0.27540106951871657,0.13636363636363635,418,0.8227671451355661,0.2679425837320574,6.167464114832536,0.34310207336523124,12.58,12.56,12.1,11.52,4,1,2
359,1205740736,2,14,15,10,13,1503,0.9789069990412272,0.010546500479386385,0.9549356223175965,0.017167381974248927,2388,0.5035943606923506,0.28852596314907875,5.467755443886097,0.3685790061418203,1282,0.3862433862433862,0.06525573192239859,0.3841886269070735,0.0651872399445215,2295,0.45573710965867814,0.6296296296296297,5.318082788671024,0.36013071895424836,1020,0.2350230414746544,0.13671274961597543,0.27466666666666667,0.136,419,0.8219968178202067,0.26968973747016706,6.167064439140812,0.34347653142402546,12.54,12.58,12.0,11.52,-1,4,1
360,1205740737,2,14,13,13,12,1506,0.9789473684210527,0.010526315789473684,0.9550321199143469,0.017130620985010708,2397,0.5039285217633152,0.2886942010846892,5.470171047142261,0.36855096648588526,1284,0.3866432337434095,0.06502636203866433,0.3841886269070735,0.0651872399445215,2303,0.45458821826602963,0.6296135475466782,5.318280503690838,0.3601823708206687,1020,0.2350230414746544,0.13671274961597543,0.27466666666666667,0.136,421,0.822842438638163,0.27078384798099764,6.166270783847981,0.34323040380047504,12.58,12.6,12.04,11.5,1,1,2
361,1205740738,2,13,13,12,11,1508,0.9789674952198852,0.010516252390057362,0.9551282051282052,0.017094017094017096,2406,0.5040523690773067,0.2888611803823774,5.470906068162926,0.36873095040177345,1288,0.38636363636363635,0.06468531468531469,0.38365650969529086,0.06509695290858726,2309,0.45470622202973854,0.6292767431788653,5.31875270679948,0.36032914681680384,1022,0.2361963190184049,0.13650306748466257,0.27393617021276595,0.1356382978723404,422,0.8232622432859399,0.27014218009478674,6.165876777251185,0.34300947867298576,12.62,12.58,12.02,11.5,0,1,2
362,1205740739,2,14,14,12,11,1510,0.9790076335877863,0.01049618320610687,0.9551282051282052,0.017094017094017096,2415,0.5033471359558315,0.28819875776397513,5.470393374741201,0.3687025534851623,1292,0.38501742160278746,0.06445993031358885,0.3825966850828729,0.0649171270718232,2317,0.45515033808085154,0.6292619766940009,5.318946914113077,0.36027190332326287,1022,0.2361963190184049,0.13650306748466257,0.27393617021276595,0.1356382978723404,423,0.8236800630417651,0.2695035460992908,6.16548463356974,0.34278959810874704,12.66,12.62,12.04,11.48,0,2,3
363,1205740740,2,13,15,13,14,1512,0.979047619047619,0.010476190476190476,0.9551282051282052,0.017094017094017096,2421,0.5043026297673137,0.28872366790582404,5.469227591904172,0.36861489742530645,1297,0.3830155979202773,0.06412478336221837,0.384297520661157,0.06473829201101929,2323,0.4539747453006169,0.6293585880327163,5.318553594489884,0.35998708566508825,1027,0.23628048780487804,0.13567073170731708,0.27320954907161804,0.13527851458885942,423,0.8236800630417651,0.2695035460992908,6.16548463356974,0.34278959810874704,12.64,12.64,12.04,11.54,-2,0,-1
364,1205740741,2,12,14,15,12,1515,0.9790675547098002,0.010466222645099905,0.9553191489361702,0.01702127659574468,2427,0.5041546490866637,0.288421920065925,5.469303667078698,0.36866501854140926,1303,0.38341968911917096,0.06390328151986183,0.3835616438356164,0.06575342465753424,2327,0.45369574559518683,0.6287064890416846,5.318006016330039,0.3602277610657499,1034,0.23672230652503792,0.13505311077389984,0.27034120734908135,0.13385826771653545,424,0.8240959119496855,0.2688679245283019,6.165094339622642,0.3431603773584906,12.62,12.64,12.08,11.54,-2,-3,0
365,1205740742,2,9,9,13,13,1519,0.9790874524714829,0.010456273764258554,0.9534883720930233,0.016913319238900635,2438,0.5042042657916324,0.2887612797374898,5.468416735028712,0.3687448728465957,1306,0.38275862068965516,0.06551724137931035,0.3825136612021858,0.06557377049180328,2333,0.4542434633519073,0.6288041148735534,5.318474067723961,0.3602657522503215,1039,0.23564954682779457,0.13444108761329304,0.2689295039164491,0.13577023498694518,425,0.8245098039215686,0.26823529411764707,6.1647058823529415,0.34352941176470586,12.6,12.62,12.12,11.54,0,-4,-4
366,1205740743,2,15,13,10,12,1523,0.9791073124406457,0.010446343779677113,0.9537815126050421,0.01680672268907563,2443,0.5048096602537863,0.28898894801473596,5.468686041751944,0.3686041751944332,1308,0.38316151202749144,0.06529209621993128,0.3825136612021858,0.06557377049180328,2341,0.4543998291328491,0.6275096112772319,5.317385732592909,0.3602093122597181,1045,0.23644578313253012,0.13403614457831325,0.2713178294573643,0.1343669250645995,426,0.8225743348982785,0.2676056338028169,6.164319248826291,0.3438967136150235,12.64,12.56,12.08,11.56,2,5,3
367,1205740744,2,14,14,13,14,1529,0.97918637653737,0.010406811731315043,0.9539748953974896,0.016736401673640166,2450,0.5049999999999999,0.2897959183673469,5.468571428571429,0.36840136054421785,1314,0.38054607508532423,0.06484641638225255,0.38283378746594005,0.0653950953678474,2347,0.45494247976139746,0.6276097145291862,5.3170004260758414,0.359927567106945,1046,0.23609022556390977,0.13383458646616542,0.2713178294573643,0.1343669250645995,426,0.8225743348982785,0.2676056338028169,6.164319248826291,0.3438967136150235,12.74,12.66,12.12,11.62,0,1,0
368,1205740745,2,12,12,13,13,1534,0.9792452830188679,0.010377358490566037,0.9541666666666667,0.016666666666666666,2456,0.5058021172638436,0.2890879478827362,5.4682410423452765,0.3681121064060805,1317,0.3798977853492334,0.06643952299829642,0.3845108695652174,0.06521739130434782,2353,0.45463238419039514,0.6281342966425839,5.317042073948151,0.35996600084997876,1049,0.23573573573573572,0.13513513513513514,0.2699228791773779,0.13367609254498714,428,0.8234034267912772,0.26635514018691586,6.163551401869159,0.34345794392523366,12.7,12.62,12.14,11.66,0,-1,-1
369,1205740746,2,14,14,13,14,1541,0.9793427230046948,0.010328638497652582,0.9543568464730291,0.016597510373443983,2459,0.505388369255795,0.28914192761285074,5.4676697844652296,0.3680696760200625,1319,0.3792517006802721,0.0663265306122449,0.383989145183175,0.06512890094979647,2361,0.45513906536778187,0.627700127064803,5.317238458280389,0.36001694197373996,1052,0.23652694610778444,0.1347305389221557,0.2692307692307692,0.1358974358974359,429,0.8238150738150737,0.26573426573426573,6.163170163170163,0.34324009324009325,12.74,12.62,12.2,11.72,0,1,0
370,1205740747,2,15,11,12,13,1548,0.9794200187090739,0.01028999064546305,0.954639175257732,0.016494845360824743,2461,0.5057903291344981,0.2889069483949614,5.4672897196261685,0.36817689286198035,1323,0.37860780984719866,0.06621392190152801,0.38513513513513514,0.06621621621621622,2369,0.4543056141831996,0.6276910088644998,5.317433516251583,0.35985647952722666,1054,0.23617339312406577,0.13452914798206278,0.26854219948849106,0.13554987212276215,430,0.8242248062015503,0.2651162790697674,6.162790697674419,0.3430232558139535,12.8,12.6,12.2,11.8,4,3,2
371,1205740748,2,15,13,12,11,1552,0.9794776119402985,0.010261194029850746,0.9547325102880658,0.01646090534979424,2464,0.5061891233766233,0.288961038961039,5.466720779220779,0.36813446969696983,1327,0.38071065989847713,0.06598984771573604,0.38409703504043125,0.0660377358490566,2375,0.45505263157894726,0.6277894736842106,5.317473684210526,0.35978947368421055,1059,0.23511904761904762,0.13541666666666666,0.26717557251908397,0.13486005089058525,432,0.8250385802469135,0.2638888888888889,6.162037037037037,0.3431712962962963,12.84,12.58,12.2,11.78,2,3,4
372,1205740749,2,11,13,11,15,1556,0.9795348837209302,0.010232558139534883,0.9548254620123203,0.01642710472279261,2472,0.5065736245954692,0.28923948220064727,5.468446601941747,0.3678532901833874,1330,0.3811129848229342,0.0657672849915683,0.38492597577388965,0.06594885598923284,2382,0.4549748110831233,0.6272040302267002,5.317380352644836,0.3596767422334173,1061,0.23476968796433878,0.1352154531946508,0.26649746192893403,0.13451776649746192,432,0.8250385802469135,0.2638888888888889,6.162037037037037,0.3431712962962963,12.8,12.58,12.16,11.82,-2,0,-4
373,1205740750,2,12,11,12,12,1557,0.9795539033457249,0.010223048327137546,0.9548254620123203,0.01642710472279261,2481,0.5059451833937927,0.29020556227327693,5.467956469165659,0.3679295982802635,1339,0.3795986622073579,0.06521739130434782,0.3868808567603748,0.06559571619812583,2384,0.45501258389261734,0.6270973154362416,5.317114093959732,0.35968959731543626,1064,0.2344213649851632,0.13649851632047477,0.26515151515151514,0.13636363636363635,434,0.8258448540706604,0.26497695852534564,6.161290322580645,0.34389400921658986,12.78,12.54,12.24,11.8,1,0,0
374,1205740751,2,12,12,10,11,1560,0.9795918367346939,0.01020408163265306,0.9549180327868853,0.01639344262295082,2487,0.5063329312424607,0.28990751909931645,5.467631684760756,0.3676450877898407,1344,0.38,0.065,0.3893333333333333,0.06533333333333333,2390,0.4542887029288702,0.6267782426778242,5.31673640167364,0.3596234309623431,1069,0.23338257016248154,0.13737075332348597,0.2663316582914573,0.135678391959799,435,0.8262452107279693,0.26436781609195403,6.160919540229885,0.34367816091954023,12.72,12.5,12.16,11.78,0,2,1
375,1205740752,2,15,13,12,14,1565,0.9796484736355227,0.010175763182238668,0.9551020408163265,0.0163265306122449,2494,0.5059141940657578,0.29069767441860467,5.467121090617482,0.3676156107992517,1348,0.3814262023217247,0.06467661691542288,0.38881491344873503,0.06524633821571238,2395,0.4545233124565065,0.6271398747390396,5.316910229645094,0.35991649269311066,1069,0.23338257016248154,0.13737075332348597,0.2663316582914573,0.135678391959799,436,0.8266437308868501,0.26605504587155965,6.160550458715596,0.3440366972477064,12.78,12.56,12.14,11.86,2,3,1
376,1205740753,2,13,13,12,13,1569,0.9797047970479705,0.01014760147601476,0.955193482688391,0.016293279022403257,2502,0.5056954436450839,0.29096722621902477,5.468025579536371,0.36807220889954717,1352,0.38181818181818183,0.06446280991735537,0.3904382470119522,0.0650730411686587,2402,0.45417013599777944,0.626977518734388,5.318484596169858,0.36001248959200666,1069,0.23338257016248154,0.13737075332348597,0.2663316582914573,0.135678391959799,439,0.8263097949886103,0.26651480637813213,6.161731207289294,0.3456719817767654,12.8,12.56,12.14,11.88,0,1,0
377,1205740754,2,13,14,14,14,1578,0.9789184234647113,0.010999083409715857,0.9533468559837728,0.016227180527383367,2505,0.5060878243512973,0.29101796407185626,5.467465069860279,0.36803060545575533,1355,0.38283828382838286,0.06435643564356436,0.3894039735099338,0.06490066225165562,2409,0.4545108620451085,0.6280614362806144,5.318804483188045,0.3600041511000415,1072,0.2323529411764706,0.13676470588235295,0.2663316582914573,0.135678391959799,440,0.8267045454545453,0.26590909090909093,6.161363636363636,0.34545454545454546,12.8,12.6,12.2,11.96,-1,-1,-1
378,1205740755,2,12,12,12,12,1582,0.9789569990850869,0.010978956999085087,0.9535353535353536,0.01616161616161616,2511,0.505874153723616,0.29072082835523694,5.467542811628833,0.36824638258330034,1361,0.3815789473684211,0.06414473684210527,0.38998682476943347,0.06455862977602109,2415,0.4546238785369219,0.6281573498964803,5.319254658385093,0.35973084886128365,1074,0.23201174743024963,0.13803230543318648,0.2656641604010025,0.13533834586466165,441,0.8270975056689341,0.2653061224489796,6.160997732426304,0.3458049886621315,12.84,12.58,12.2,12.02,0,0,0
379,1205740756,2,13,12,14,11,1585,0.9790145985401459,0.010948905109489052,0.9535353535353536,0.01616161616161616,2517,0.5058601509733809,0.29042510925705206,5.468414779499404,0.3688584293471065,1361,0.3815789473684211,0.06414473684210527,0.38998682476943347,0.06455862977602109,2425,0.4543986254295531,0.6292783505154639,5.320824742268041,0.3594845360824742,1075,0.23201174743024963,0.13803230543318648,0.265,0.135,442,0.8274886877828053,0.2647058823529412,6.160633484162896,0.34671945701357465,12.86,12.58,12.24,12.0,1,-1,2
380,1205740757,2,13,15,13,13,1593,0.9790909090909091,0.01090909090909091,0.9539078156312625,0.01603206412825651,2520,0.5058531746031745,0.2908730158730159,5.469047619047619,0.36881613756613774,1364,0.3819672131147541,0.06393442622950819,0.3894736842105263,0.06447368421052632,2433,0.4547540759008082,0.6288532675709001,5.3197698314837645,0.35933004521167283,1077,0.2316715542521994,0.1378299120234604,0.26433915211970077,0.13466334164588528,443,0.8278781038374716,0.26410835214446954,6.160270880361174,0.34650112866817157,12.92,12.68,12.24,12.06,-2,0,0
381,1205740758,2,14,13,14,14,1595,0.9791099000908265,0.010899182561307902,0.954,0.016,2526,0.506367115333861,0.2917656373713381,5.468329374505147,0.3687318553708104,1366,0.3829787234042553,0.06382978723404255,0.38896189224704336,0.06438896189224705,2441,0.45449269425098987,0.6296599754199099,5.318721835313396,0.35917656698074557,1079,0.23133235724743778,0.1376281112737921,0.26616915422885573,0.13432835820895522,444,0.8282657657657656,0.26576576576576577,6.15990990990991,0.34628378378378377,12.92,12.68,12.22,12.12,1,0,0
382,1205740759,2,12,13,12,12,1597,0.9791477787851315,0.010879419764279238,0.954,0.016,2535,0.506541748849441,0.2911242603550296,5.4694280078895465,0.368803418803419,1368,0.3829787234042553,0.06382978723404255,0.3905635648754915,0.06422018348623854,2450,0.45425170068027193,0.6302040816326531,5.32,0.3590816326530612,1081,0.2321167883211679,0.1386861313868613,0.26616915422885573,0.13432835820895522,445,0.8286516853932583,0.2651685393258427,6.159550561797753,0.34606741573033706,12.9,12.66,12.16,12.12,-1,0,0
383,1205740760,2,14,13,13,14,1601,0.9792043399638336,0.0108499095840868,0.9540918163672655,0.015968063872255488,2542,0.5073105166535535,0.2903225806451613,5.468922108575924,0.36867296092315777,1371,0.3839869281045752,0.06372549019607843,0.3908496732026144,0.06405228758169934,2457,0.4541785375118707,0.6292226292226292,5.31990231990232,0.35914394247727577,1085,0.2314410480349345,0.13828238719068414,0.26732673267326734,0.13613861386138615,446,0.8282884902840059,0.26681614349775784,6.1591928251121075,0.34697309417040356,12.9,12.64,12.22,12.16,1,1,0
384,1205740761,2,14,14,12,12,1607,0.9792792792792793,0.010810810810810811,0.9542743538767395,0.015904572564612324,2547,0.5074924748069624,0.2913231252453867,5.468786808009423,0.3685381494568775,1376,0.3853658536585366,0.06341463414634146,0.39113428943937417,0.06388526727509779,2461,0.45384667479344426,0.629418935392117,5.320195042665583,0.3590681294866585,1086,0.2311046511627907,0.1380813953488372,0.26732673267326734,0.13613861386138615,448,0.8290550595238094,0.265625,6.158482142857143,0.3470982142857143,12.9,12.68,12.22,12.12,0,2,2
385,1205740762,2,13,13,10,12,1614,0.979372197309417,0.010762331838565023,0.9544554455445544,0.015841584158415842,2552,0.507281870428422,0.29153605015673983,5.468260188087775,0.3685018286311391,1379,0.3857374392220421,0.06320907617504051,0.390625,0.06380208333333333,2467,0.4541615997838128,0.6295095257397649,5.3202269963518445,0.35890420213484664,1090,0.2301013024602026,0.1389290882778582,0.26666666666666666,0.13580246913580246,449,0.8294357832219746,0.2650334075723831,6.158129175946548,0.34688195991091314,12.92,12.68,12.18,12.08,0,3,1
386,1205740763,2,12,13,12,13,1617,0.9793906810035843,0.010752688172043012,0.9546351084812623,0.015779092702169626,2560,0.5074544270833332,0.29140625,5.46796875,0.3686197916666668,1386,0.38486312399355876,0.0644122383252818,0.39040207522697795,0.06355382619974059,2470,0.45401484480431836,0.6295546558704453,5.319838056680162,0.358974358974359,1094,0.22943722943722944,0.13852813852813853,0.2678132678132678,0.13513513513513514,450,0.8298148148148148,0.2644444444444444,6.157777777777778,0.3466666666666667,12.92,12.68,12.14,12.08,-1,0,-1
387,1205740764,2,13,14,13,13,1621,0.9794459338695264,0.010723860589812333,0.9547244094488189,0.015748031496062992,2567,0.5064601999740292,0.29061160888196336,5.467861316712115,0.36878327489936386,1388,0.3842443729903537,0.06430868167202572,0.3911917098445596,0.06347150259067358,2479,0.4539800995024874,0.6292860024203307,5.320290439693425,0.3588140379185155,1097,0.2302158273381295,0.13956834532374102,0.26715686274509803,0.13480392156862744,451,0.8301921655580191,0.2638580931263858,6.157427937915743,0.34700665188470065,12.94,12.66,12.14,12.1,-1,0,0
388,1205740765,2,12,12,11,13,1623,0.9794459338695264,0.010723860589812333,0.9549019607843138,0.01568627450980392,2577,0.5070172034665631,0.29064804035700426,5.4687621265036865,0.3685163626956411,1392,0.38301282051282054,0.0641025641025641,0.39147286821705424,0.06330749354005168,2486,0.45390855457227125,0.6291230893000804,5.3205953338696705,0.3586082059533387,1099,0.22988505747126436,0.13936781609195403,0.26894865525672373,0.13447432762836187,451,0.8301921655580191,0.2638580931263858,6.157427937915743,0.34700665188470065,12.94,12.62,12.14,12.14,0,1,-1
389,1205740766,2,16,11,12,12,1631,0.9795555555555555,0.010666666666666666,0.955078125,0.015625,2580,0.5069444444444443,0.29108527131782946,5.4689922480620154,0.368669250645995,1397,0.3827751196172249,0.06379585326953748,0.39304123711340205,0.06314432989690721,2490,0.45431726907630504,0.629718875502008,5.320080321285141,0.35873493975903614,1100,0.22955523672883787,0.13916786226685796,0.26894865525672373,0.13447432762836187,454,0.8302129221732745,0.2621145374449339,6.156387665198238,0.3472834067547724,13.02,12.58,12.1,12.16,5,4,4
390,1205740767,2,16,13,12,12,1637,0.9796460176991151,0.010619469026548672,0.9551656920077972,0.015594541910331383,2585,0.5073823339780785,0.29129593810444876,5.4692456479690525,0.36872985170857525,1401,0.38412698412698415,0.06349206349206349,0.3938223938223938,0.06306306306306306,2496,0.45422676282051266,0.6298076923076923,5.319310897435898,0.3590745192307692,1101,0.22922636103151864,0.13896848137535817,0.26894865525672373,0.13447432762836187,455,0.8305860805860805,0.26153846153846155,6.156043956043956,0.3476190476190476,13.1,12.6,12.12,12.16,3,4,4
391,1205740768,2,13,13,12,11,1641,0.9796819787985865,0.01060070671378092,0.9553398058252427,0.015533980582524271,2592,0.5071694958847736,0.2908950617283951,5.469135802469136,0.3689557613168726,1408,0.3854660347551343,0.0631911532385466,0.39308578745198464,0.06274007682458387,2501,0.4537185125949618,0.6297481007596961,5.318672530987605,0.3590563774490204,1103,0.22922636103151864,0.13896848137535817,0.26763990267639903,0.13381995133819952,456,0.8309576023391813,0.26096491228070173,6.155701754385965,0.3474049707602339,13.12,12.62,12.1,12.12,0,1,2
392,1205740769,2,15,15,12,11,1646,0.9797178130511464,0.010582010582010581,0.9555984555984556,0.015444015444015444,2599,0.5075349493394894,0.2908811081185071,5.469411312043094,0.36892394510709264,1415,0.38522012578616355,0.06446540880503145,0.39363057324840767,0.062420382165605096,2506,0.4539438680500131,0.6292897047086992,5.318036711891461,0.35913806863527536,1104,0.22922636103151864,0.13896848137535817,0.2669902912621359,0.13349514563106796,457,0.8313274981765134,0.2603938730853392,6.155361050328228,0.3471918307804522,13.14,12.68,12.12,12.08,0,3,4
393,1205740770,2,12,12,14,12,1652,0.9797891036906854,0.01054481546572935,0.9557692307692308,0.015384615384615385,2608,0.5080841002044989,0.2910276073619632,5.470092024539877,0.3687052658486709,1417,0.38522012578616355,0.06446540880503145,0.3951715374841169,0.062261753494282084,2513,0.45387319273113125,0.6295264623955432,5.319538400318344,0.359033028253084,1107,0.2282453637660485,0.1398002853067047,0.2669902912621359,0.13349514563106796,458,0.8316957787481805,0.259825327510917,6.155021834061135,0.3469796215429403,13.16,12.68,12.16,12.08,0,-2,0
394,1205740771,2,14,14,14,14,1655,0.9798068481123793,0.010535557506584723,0.9559386973180076,0.01532567049808429,2619,0.5086228840524372,0.29133256968308513,5.470790378006873,0.3683021509481992,1420,0.38557993730407525,0.06426332288401254,0.3946700507614213,0.06218274111675127,2520,0.45479497354497334,0.6297619047619047,5.319444444444445,0.3590277777777778,1109,0.22759601706970128,0.14082503556187767,0.2669902912621359,0.13349514563106796,458,0.8316957787481805,0.259825327510917,6.155021834061135,0.3469796215429403,13.16,12.68,12.2,12.14,0,0,0
395,1205740772,2,11,13,11,10,1655,0.9798068481123793,0.010535557506584723,0.9559386973180076,0.01532567049808429,2629,0.5091606440978825,0.2909851654621529,5.468999619627235,0.36813744135919885,1424,0.38497652582159625,0.06572769953051644,0.3944374209860936,0.061946902654867256,2525,0.45495049504950474,0.6300990099009901,5.3192079207920795,0.3592079207920792,1117,0.22836879432624113,0.14042553191489363,0.2631578947368421,0.1339712918660287,458,0.8316957787481805,0.259825327510917,6.155021834061135,0.3469796215429403,13.12,12.66,12.14,12.08,-2,0,1
396,1205740773,2,15,15,12,14,1661,0.9798775153105862,0.010498687664041995,0.9561068702290076,0.015267175572519083,2635,0.5095192915876027,0.29108159392789373,5.468311195445921,0.3681530676786845,1429,0.3859375,0.065625,0.39245283018867927,0.061635220125786164,2528,0.4544106012658226,0.629746835443038,5.318829113924051,0.3590783227848101,1118,0.22804532577903683,0.141643059490085,0.2631578947368421,0.1339712918660287,460,0.8313405797101449,0.25869565217391305,6.154347826086957,0.3476449275362319,13.16,12.72,12.16,12.12,0,3,1
397,1205740774,2,16,13,13,15,1668,0.9799651567944251,0.010452961672473868,0.9562737642585551,0.015209125475285171,2642,0.5096833207166287,0.2906888720666162,5.46782740348221,0.36812389603835494,1435,0.38509316770186336,0.06521739130434782,0.39272271016311167,0.06148055207026349,2530,0.45444664031620535,0.6296442687747036,5.318577075098815,0.35909090909090907,1119,0.22772277227722773,0.14144271570014144,0.2631578947368421,0.1339712918660287,461,0.831706435285611,0.2603036876355748,6.154013015184382,0.3474331164135936,13.18,12.74,12.22,12.16,3,3,1
398,1205740775,2,15,13,13,13,1675,0.9792027729636048,0.010398613518197574,0.9563567362428842,0.015180265654648957,2649,0.5085252296464073,0.29105322763306907,5.467723669309173,0.36800050333459183,1438,0.386046511627907,0.06511627906976744,0.392991239048811,0.06132665832290363,2537,0.45496649586125326,0.6290894757587702,5.318880567599527,0.3589869925108396,1119,0.22772277227722773,0.14144271570014144,0.2631578947368421,0.1339712918660287,462,0.832070707070707,0.2597402597402597,6.153679653679654,0.3477633477633477,13.3,12.8,12.28,12.26,2,2,2
399,1205740776,2,14,14,13,15,1681,0.9792746113989638,0.010362694300518135,0.9565217391304348,0.015122873345935728,2655,0.5085059635907092,0.29077212806026365,5.467043314500942,0.3681104833647208,1438,0.386046511627907,0.06511627906976744,0.392991239048811,0.06132665832290363,2544,0.4552869496855344,0.6285377358490566,5.3187893081761,0.3589819182389937,1122,0.2288135593220339,0.14124293785310735,0.2642857142857143,0.13333333333333333,463,0.8324334053275737,0.2591792656587473,6.153347732181426,0.34809215262778975,13.32,12.86,12.28,12.34,0,1,-1
400,1205740777,2,13,13,11,14,1685,0.9793103448275862,0.010344827586206896,0.9566854990583804,0.015065913370998116,2660,0.5088032581453633,0.29097744360902256,5.467293233082707,0.3685463659147871,1443,0.38544891640866874,0.06501547987616099,0.39103362391033625,0.062266500622665005,2553,0.4548570309439873,0.627888758323541,5.318057187622405,0.3592179135657397,1126,0.22925457102672292,0.14064697609001406,0.26365795724465557,0.1330166270783848,463,0.8324334053275737,0.2591792656587473,6.153347732181426,0.34809215262778975,13.3,12.9,12.3,12.44,0,2,-1
401,1205740778,2,12,10,11,11,1690,0.9793637145313844,0.010318142734307825,0.9568480300187617,0.0150093808630394,2668,0.5083395802098949,0.2908545727136432,5.4677661169415295,0.36856571714142944,1446,0.38425925925925924,0.06481481481481481,0.3917910447761194,0.06218905472636816,2560,0.45439453124999984,0.628125,5.317578125,0.35921223958333337,1128,0.22893258426966293,0.1404494382022472,0.26303317535545023,0.13270142180094788,464,0.8317169540229884,0.25862068965517243,6.1530172413793105,0.348419540229885,13.34,12.9,12.3,12.46,2,1,1
402,1205740779,2,14,12,14,10,1694,0.9794168096054888,0.010291595197255575,0.9569288389513109,0.0149812734082397,2676,0.5079409566517188,0.2907324364723468,5.466741405082212,0.3685849526656703,1453,0.38402457757296465,0.06451612903225806,0.3910891089108911,0.06311881188118812,2563,0.45444791260241885,0.6273897776043699,5.317986734295747,0.35927949018077776,1131,0.22861150070126227,0.1402524544179523,0.2641509433962264,0.1320754716981132,465,0.8313620071684588,0.26021505376344084,6.15268817204301,0.3492831541218638,13.34,12.88,12.32,12.5,2,0,4
403,1205740780,2,12,12,13,12,1701,0.9786324786324786,0.011111111111111112,0.957169459962756,0.0148975791433892,2680,0.5077425373134327,0.291044776119403,5.466044776119403,0.36850124378109467,1457,0.38437978560490044,0.06431852986217458,0.391358024691358,0.06296296296296296,2570,0.45463683527885845,0.6272373540856031,5.317898832684825,0.35927367055771725,1135,0.22733612273361228,0.1394700139470014,0.2641509433962264,0.1320754716981132,467,0.8320842255531763,0.26124197002141325,6.15203426124197,0.3488579586009993,13.32,12.86,12.34,12.54,0,-1,0
404,1205740781,2,13,14,11,11,1705,0.9786871270247229,0.011082693947144074,0.9572490706319703,0.01486988847583643,2689,0.5075306805503903,0.29118631461509853,5.4659724804760135,0.36838353787033606,1464,0.3850837138508371,0.0639269406392694,0.39114391143911437,0.06273062730627306,2572,0.4542833074131673,0.6267496111975117,5.317651632970451,0.3591886988076724,1137,0.22733612273361228,0.1394700139470014,0.26291079812206575,0.13145539906103287,469,0.8317341862117981,0.2601279317697228,6.151385927505331,0.34950248756218905,13.3,12.9,12.28,12.54,-1,2,2
405,1205740782,2,14,14,10,13,1709,0.9787414965986394,0.011054421768707483,0.9573283858998145,0.014842300556586271,2696,0.5071402077151334,0.29117210682492584,5.4655044510385755,0.36816889218595467,1466,0.3844984802431611,0.06382978723404255,0.3918918918918919,0.06265356265356266,2579,0.45356727413726233,0.6265994571539356,5.317564947654129,0.3592800827194003,1140,0.22809457579972184,0.13908205841446453,0.2646370023419204,0.13114754098360656,469,0.8317341862117981,0.2601279317697228,6.151385927505331,0.34950248756218905,13.34,12.94,12.24,12.58,0,4,1
406,1205740783,2,14,14,14,12,1713,0.9787775891341256,0.011035653650254669,0.955637707948244,0.014787430683918669,2703,0.5073066962634109,0.29115797262301146,5.46503884572697,0.3681403378961649,1467,0.3844984802431611,0.06382978723404255,0.3914110429447853,0.06257668711656442,2585,0.4540618955512571,0.6263056092843327,5.319148936170213,0.3593165699548678,1142,0.22777777777777777,0.1388888888888889,0.26635514018691586,0.1308411214953271,472,0.8296257062146892,0.2605932203389831,6.1525423728813555,0.3493997175141243,13.38,12.96,12.3,12.56,0,0,2
407,1205740784,2,13,13,13,12,1719,0.9788135593220338,0.011016949152542373,0.9559633027522936,0.014678899082568808,2708,0.5078471196454947,0.29062038404726737,5.464549483013294,0.36810684391925175,1470,0.3844984802431611,0.06382978723404255,0.3924205378973105,0.06234718826405868,2592,0.4543145576131685,0.6257716049382716,5.3190586419753085,0.35960005144032925,1144,0.2274618585298197,0.13869625520110956,0.26573426573426573,0.13053613053613053,473,0.8299859055673009,0.26004228329809725,6.152219873150106,0.3491895701198027,13.36,12.96,12.32,12.54,0,0,1
408,1205740785,2,13,12,12,13,1723,0.9788494077834179,0.010998307952622674,0.9561243144424132,0.014625228519195612,2715,0.5083179864947819,0.29171270718232045,5.464088397790055,0.3684468999386128,1474,0.3842662632375189,0.06354009077155824,0.39194139194139194,0.06349206349206349,2598,0.4543238388503975,0.6250962278675904,5.318706697459584,0.3599243007441622,1147,0.22853185595567868,0.13850415512465375,0.26450116009280744,0.12993039443155452,473,0.8299859055673009,0.26004228329809725,6.152219873150106,0.3491895701198027,13.34,13.0,12.3,12.56,1,1,0
409,1205740786,2,13,12,12,12,1728,0.978920741989882,0.010961214165261383,0.9562043795620438,0.014598540145985401,2721,0.5079321327943156,0.2914369717015803,5.464167585446527,0.36855322797990947,1480,0.3855421686746988,0.06325301204819277,0.3929440389294404,0.06326034063260341,2605,0.4540626999360203,0.6249520153550864,5.317850287907869,0.3597248880358285,1149,0.22790055248618785,0.13950276243093923,0.26450116009280744,0.12993039443155452,474,0.8289381153305203,0.25949367088607594,6.151898734177215,0.3500351617440225,13.32,12.94,12.34,12.54,1,1,1
410,1205740787,2,12,12,12,10,1733,0.9789739276703112,0.010933557611438183,0.9563636363636364,0.014545454545454545,2728,0.507606304985337,0.29178885630498536,5.463709677419355,0.3686155913978496,1484,0.3853073463268366,0.06296851574212893,0.39246658566221143,0.06318347509113001,2610,0.45357598978288616,0.6245210727969349,5.317241379310345,0.3597062579821201,1152,0.22727272727272727,0.14049586776859505,0.2638888888888889,0.13194444444444445,475,0.829298245614035,0.25894736842105265,6.151578947368421,0.3503508771929824,13.28,12.92,12.32,12.5,0,0,2
411,1205740788,2,14,13,14,12,1738,0.9790444258172674,0.010896898575020955,0.956442831215971,0.014519056261343012,2734,0.5075896122896852,0.29114850036576445,5.463057790782736,0.36853816142404305,1489,0.3847305389221557,0.06287425149700598,0.39298669891172916,0.06408706166868199,2616,0.45291794087665627,0.6242354740061162,5.31651376146789,0.3597413353720693,1153,0.22833562585969738,0.14030261348005502,0.2638888888888889,0.13194444444444445,477,0.8300139762403913,0.2578616352201258,6.150943396226415,0.35097833682739343,13.3,12.92,12.36,12.52,1,0,2
412,1205740789,2,12,12,12,12,1741,0.9782426778242678,0.010878661087866108,0.9565217391304348,0.014492753623188406,2740,0.5075121654501213,0.29124087591240877,5.4627737226277375,0.36864355231143564,1495,0.38656716417910447,0.0626865671641791,0.39229843561973526,0.06498194945848375,2623,0.4528529673401955,0.6233320625238277,5.316050324056424,0.3598297115262422,1154,0.22833562585969738,0.14030261348005502,0.2632794457274827,0.13163972286374134,478,0.8282775453277544,0.2594142259414226,6.150627615062762,0.3507670850767085,13.26,12.88,12.36,12.54,0,0,0
413,1205740790,2,15,13,11,13,1748,0.9783513738551207,0.010824313072439634,0.9566003616636528,0.014466546112115732,2746,0.5069495023063848,0.29133284777858703,5.46176256372906,0.36865744112648713,1501,0.38781575037147104,0.06240713224368499,0.3932853717026379,0.06474820143884892,2626,0.4532876364559531,0.6233815689261234,5.316450875856816,0.35979944148260984,1156,0.22802197802197802,0.1401098901098901,0.2626728110599078,0.1313364055299539,480,0.8289930555555555,0.25833333333333336,6.15,0.35086805555555556,13.3,12.84,12.32,12.52,2,4,2
414,1205740791,2,12,12,11,14,1753,0.9783873649210307,0.010806317539484621,0.9568345323741008,0.014388489208633094,2755,0.5072897761645491,0.2911070780399274,5.461343012704174,0.3685420447670903,1504,0.38666666666666666,0.06222222222222222,0.39281437125748503,0.06467065868263473,2632,0.4530141843971629,0.6234802431610942,5.316869300911854,0.35973910840932116,1159,0.2273972602739726,0.1410958904109589,0.26436781609195403,0.1310344827586207,481,0.8293485793485793,0.2577962577962578,6.149688149688149,0.35065835065835066,13.3,12.8,12.24,12.56,0,1,-2
415,1205740792,2,14,14,10,12,1758,0.9775933609958506,0.010788381742738589,0.9552772808586762,0.016100178890876567,2764,0.5078690303907378,0.29124457308248913,5.4609261939218525,0.3685178485287025,1508,0.386094674556213,0.0621301775147929,0.3926014319809069,0.06443914081145585,2637,0.45310327392238636,0.6234357224118316,5.316268486916951,0.35981544684616357,1160,0.2273972602739726,0.1410958904109589,0.26605504587155965,0.13073394495412843,482,0.8286652835408022,0.2572614107883817,6.149377593360996,0.35096818810511754,13.4,12.9,12.18,12.54,0,4,2
416,1205740793,2,13,13,11,13,1762,0.9776490066225165,0.01076158940397351,0.9553571428571429,0.01607142857142857,2772,0.5085678210678208,0.2911255411255411,5.461399711399712,0.3681758056758058,1510,0.3870014771048744,0.0620384047267356,0.3933253873659118,0.06436233611442194,2646,0.4526958931720835,0.6239606953892668,5.3155706727135295,0.3600088183421517,1161,0.2270861833105335,0.14227086183310533,0.26605504587155965,0.13073394495412843,483,0.8279848171152518,0.2587991718426501,6.149068322981367,0.3512767425810904,13.36,12.9,12.2,12.56,0,2,0
417,1205740794,2,13,14,14,11,1765,0.9776859504132231,0.010743801652892562,0.9554367201426025,0.016042780748663103,2778,0.5090892728581711,0.2908567314614831,5.462562994960403,0.3681005519558437,1516,0.38823529411764707,0.061764705882352944,0.39429928741092635,0.06532066508313539,2654,0.45265008791760847,0.6235870384325546,5.315373021853806,0.3600540065310224,1162,0.2270861833105335,0.14227086183310533,0.26773455377574373,0.13043478260869565,484,0.8283402203856749,0.25826446280991733,6.148760330578512,0.3521005509641873,13.34,12.9,12.22,12.5,-1,-1,2
418,1205740795,2,16,13,10,12,1772,0.9777777777777777,0.010699588477366255,0.955595026642984,0.015985790408525755,2782,0.5093158399233163,0.2907979870596693,5.462616822429907,0.36811047208243486,1518,0.3876651982378855,0.06167400881057269,0.39501779359430605,0.06524317912218268,2661,0.4527746461230112,0.623825629462608,5.314919203307028,0.36014029813353376,1166,0.226775956284153,0.14207650273224043,0.2681818181818182,0.1318181818181818,485,0.8286941580756013,0.25773195876288657,6.148453608247423,0.35189003436426114,13.42,12.92,12.16,12.48,3,6,4
419,1205740796,2,13,11,14,13,1777,0.977850697292863,0.01066447908121411,0.9556737588652482,0.015957446808510637,2787,0.5100167444085634,0.2906350914962325,5.461786867599569,0.36825738548020587,1526,0.38742690058479534,0.06140350877192982,0.3938679245283019,0.06485849056603774,2665,0.45340838023764835,0.624390243902439,5.315196998123827,0.3600687929956223,1168,0.22615803814713897,0.14305177111716622,0.2681818181818182,0.1318181818181818,486,0.8290466392318243,0.257201646090535,6.148148148148148,0.35168038408779145,13.4,12.86,12.18,12.46,2,-1,0
420,1205740797,2,12,14,11,11,1782,0.9771241830065359,0.010620915032679739,0.9556737588652482,0.015957446808510637,2796,0.5094480209823555,0.290414878397711,5.46244635193133,0.3682343824511208,1528,0.38742690058479534,0.06140350877192982,0.3941176470588235,0.06588235294117648,2671,0.45313864969424666,0.6241108199176338,5.315237738674654,0.359915137900911,1172,0.2265943012211669,0.14382632293080055,0.2698412698412698,0.13151927437641722,487,0.8293976728268309,0.25667351129363447,6.147843942505133,0.3514715947980835,13.34,12.92,12.16,12.42,-2,1,1
421,1205740798,2,14,13,16,12,1784,0.9771615008156607,0.010603588907014683,0.9556737588652482,0.015957446808510637,2803,0.5094244262100128,0.2900463788797717,5.4620049946485905,0.36838506362230955,1530,0.38686131386861317,0.061313868613138686,0.3936545240893067,0.06580493537015276,2679,0.45346522334204287,0.6252332960059723,5.315042926465099,0.35996018414831404,1175,0.2273342354533153,0.14343707713125844,0.27149321266968324,0.13122171945701358,487,0.8293976728268309,0.25667351129363447,6.147843942505133,0.3514715947980835,13.32,12.92,12.24,12.44,1,-2,2
422,1205740799,2,13,13,14,13,1788,0.9772357723577236,0.01056910569105691,0.9556737588652482,0.015957446808510637,2809,0.5090482971401445,0.2904948380206479,5.461730153079388,0.3683101934258931,1530,0.38686131386861317,0.061313868613138686,0.3936545240893067,0.06580493537015276,2688,0.45318700396825373,0.6253720238095238,5.314732142857143,0.36005704365079366,1179,0.22776280323450135,0.14420485175202155,0.2708803611738149,0.1309255079006772,488,0.8287226775956283,0.2581967213114754,6.147540983606557,0.351775956284153,13.36,12.92,12.3,12.4,0,-1,0
423,1205740800,2,13,11,11,15,1794,0.977327935222672,0.010526315789473684,0.9557522123893806,0.01592920353982301,2815,0.5086737714624036,0.28987566607460036,5.460746003552398,0.368146832445234,1532,0.38573508005822416,0.06259097525473072,0.3936545240893067,0.06580493537015276,2695,0.4540507111935681,0.625974025974026,5.315027829313544,0.36004947433518864,1183,0.2271505376344086,0.14381720430107528,0.2696629213483146,0.1303370786516854,489,0.8270279481935923,0.25766871165644173,6.147239263803681,0.35156782549420584,13.38,12.92,12.28,12.46,2,2,-2
424,1205740801,2,14,12,10,12,1799,0.9773645917542442,0.010509296685529508,0.9559859154929577,0.01584507042253521,2823,0.5081178415397329,0.29011689691817216,5.459794544810485,0.36816625339473386,1537,0.38461538461538464,0.062409288824383166,0.39344262295081966,0.06557377049180328,2699,0.4541188094355932,0.6257873286402371,5.315301963690255,0.36016425836729654,1185,0.22818791946308725,0.1436241610738255,0.26905829596412556,0.13004484304932734,490,0.8273809523809523,0.2571428571428571,6.146938775510204,0.3518707482993197,13.42,12.92,12.28,12.48,2,4,2
425,1205740802,2,13,13,11,15,1802,0.9774011299435028,0.010492332526230832,0.9560632688927944,0.015817223198594025,2827,0.5081063553826197,0.2907675981605943,5.4591439688715955,0.36808748968282057,1542,0.38439306358381503,0.06358381502890173,0.39369158878504673,0.06542056074766354,2705,0.4540973505853356,0.6258780036968576,5.315341959334566,0.3602279728897104,1193,0.22963951935914553,0.14285714285714285,0.2688888888888889,0.1288888888888889,491,0.8277325186693821,0.25865580448065173,6.146639511201629,0.351663272233537,13.38,12.92,12.26,12.5,0,2,-2
426,1205740803,2,13,10,12,12,1805,0.9774375503626108,0.010475423045930701,0.956140350877193,0.015789473684210527,2836,0.5077280206864125,0.29160789844851903,5.458392101551481,0.36809473436765405,1548,0.38273381294964026,0.06330935251798561,0.39348079161816063,0.06519208381839348,2711,0.45364564121480366,0.6255994098118776,5.314644042788639,0.36016844952661997,1194,0.22933333333333333,0.14266666666666666,0.2688888888888889,0.1288888888888889,492,0.826050135501355,0.258130081300813,6.146341463414634,0.35145663956639567,13.38,12.86,12.26,12.48,3,1,1
427,1205740804,2,11,11,11,12,1808,0.9766693483507642,0.011263073209975865,0.9562171628721541,0.01576182136602452,2841,0.5080664085415931,0.2914466737064414,5.457937346004928,0.36815088583831995,1553,0.382183908045977,0.06321839080459771,0.3939745075318656,0.06488991888760139,2719,0.45378202770626436,0.625965428466348,5.314821625597646,0.36002819664092195,1196,0.22933333333333333,0.14266666666666666,0.26991150442477874,0.12831858407079647,495,0.827104377104377,0.25656565656565655,6.151515151515151,0.35084175084175084,13.34,12.8,12.2,12.44,0,0,-1
428,1205740805,2,13,12,10,14,1811,0.9759036144578314,0.011244979919678716,0.9562937062937062,0.015734265734265736,2849,0.5082777582777581,0.29203229203229203,5.457704457704458,0.3682578682578684,1556,0.3830703012912482,0.06312769010043041,0.3930635838150289,0.06589595375722543,2724,0.4538668624571706,0.6259177679882526,5.31424375917768,0.3602851199216838,1202,0.22944297082228116,0.1419098143236074,0.2687224669603524,0.1277533039647577,496,0.8274529569892473,0.2560483870967742,6.151209677419355,0.35063844086021506,13.36,12.8,12.16,12.48,1,3,-1
429,1205740806,2,11,12,13,12,1814,0.9751203852327448,0.011235955056179775,0.9564459930313589,0.0156794425087108,2856,0.5075571895424835,0.2920168067226891,5.457282913165266,0.36831816059757244,1562,0.38088445078459343,0.06419400855920114,0.3933102652825836,0.06689734717416378,2732,0.4541849682772082,0.6259150805270863,5.314055636896047,0.3602672035139093,1205,0.22913907284768212,0.14172185430463577,0.2675438596491228,0.12719298245614036,496,0.8274529569892473,0.2560483870967742,6.151209677419355,0.35063844086021506,13.32,12.8,12.14,12.5,-1,-2,-1
430,1205740807,2,13,13,12,12,1817,0.9751602564102564,0.011217948717948718,0.9565217391304348,0.01565217391304348,2860,0.507721445221445,0.291958041958042,5.456993006993007,0.3682400932400933,1564,0.3803418803418803,0.0641025641025641,0.39400921658986177,0.06682027649769585,2739,0.454667153462334,0.6265060240963856,5.313253012048193,0.3603504928806134,1211,0.22763157894736843,0.14210526315789473,0.26695842450765866,0.12691466083150985,497,0.8267940979208585,0.25553319919517103,6.150905432595573,0.3509389671361502,13.32,12.76,12.12,12.48,0,1,1
431,1205740808,2,14,12,11,12,1823,0.9752396166134185,0.011182108626198083,0.9566724436741768,0.01559792027729636,2865,0.5081151832460732,0.29214659685863875,5.458289703315882,0.3682082606166377,1566,0.3812233285917496,0.06401137980085349,0.3947065592635213,0.0667433831990794,2748,0.454997573993207,0.6266375545851528,5.313318777292577,0.3601103833090733,1215,0.22673656618610746,0.14154652686762778,0.2663755458515284,0.12882096069868995,498,0.8271419009370816,0.25502008032128515,6.150602409638554,0.3507362784471218,13.32,12.74,12.06,12.44,2,3,2
432,1205740809,2,13,12,12,12,1828,0.9752988047808765,0.011155378486055778,0.9568221070811744,0.015544041450777202,2873,0.5079765634064275,0.2916811695092238,5.458057779324748,0.368314189581158,1567,0.3806818181818182,0.06534090909090909,0.3947065592635213,0.0667433831990794,2754,0.4545509561849429,0.6263616557734205,5.314088598402324,0.3600520455095619,1219,0.2261437908496732,0.14248366013071895,0.26521739130434785,0.13043478260869565,500,0.8278333333333333,0.254,6.15,0.35133333333333333,13.34,12.72,12.06,12.44,1,1,1
433,1205740810,2,12,11,13,13,1830,0.9753381066030231,0.011137629276054098,0.9568221070811744,0.015544041450777202,2880,0.5079571759259258,0.2916666666666667,5.457986111111111,0.36820023148148157,1572,0.3810198300283286,0.06515580736543909,0.3944954128440367,0.06651376146788991,2762,0.45413951243060563,0.6256335988414192,5.313540912382332,0.35991431329954143,1222,0.2258485639686684,0.1422976501305483,0.2662337662337662,0.13203463203463203,500,0.8278333333333333,0.254,6.15,0.35133333333333333,13.3,12.68,12.06,12.42,1,-1,-1
434,1205740811,2,12,12,12,12,1833,0.9753577106518283,0.011128775834658187,0.9569707401032702,0.01549053356282272,2887,0.5077646922988106,0.2913058538275026,5.458261170765501,0.36800023092021716,1576,0.38189533239038187,0.06506364922206506,0.3942857142857143,0.06628571428571428,2771,0.4535065559966316,0.6257668711656442,5.31324431613136,0.3598279802718634,1222,0.2258485639686684,0.1422976501305483,0.2662337662337662,0.13203463203463203,501,0.8271789753825681,0.25349301397205587,6.149700598802395,0.3516300731869594,13.26,12.64,12.06,12.42,0,0,0
435,1205740812,2,13,12,11,13,1839,0.9754552652414885,0.011084718923198733,0.9570446735395189,0.015463917525773196,2892,0.5072325956662055,0.2918395573997234,5.458160442600277,0.3677962194559706,1581,0.38081805359661497,0.06629055007052186,0.3940774487471526,0.06605922551252848,2778,0.4538036957043434,0.6252699784017278,5.313174946004319,0.3599112071034318,1226,0.22496749024707413,0.14304291287386217,0.2678185745140389,0.13174946004319654,503,0.8258780649436712,0.2544731610337972,6.149105367793241,0.3512259774685222,13.26,12.62,12.08,12.44,1,2,0
436,1205740813,2,14,14,13,13,1844,0.9754940711462451,0.011067193675889328,0.9572649572649573,0.015384615384615385,2898,0.507217621348056,0.2919254658385093,5.458247066942719,0.36781113411548205,1585,0.38115330520393814,0.06610407876230662,0.39431818181818185,0.0659090909090909,2784,0.45378352490421436,0.6253591954022989,5.312859195402299,0.36021312260536403,1226,0.22496749024707413,0.14304291287386217,0.2678185745140389,0.13174946004319654,504,0.8262235449735449,0.25396825396825395,6.148809523809524,0.35102513227513227,13.3,12.64,12.1,12.44,0,1,1
437,1205740814,2,14,13,13,11,1848,0.9755520504731862,0.011041009463722398,0.9573378839590444,0.015358361774744027,2906,0.5084021564579031,0.2924982794218858,5.458362009635238,0.3676588667125488,1589,0.3814866760168303,0.06591865357643759,0.3934240362811791,0.06689342403628118,2791,0.4544368804490623,0.6252239340738087,5.313507703332139,0.3602054221903739,1228,0.2243839169909209,0.14267185473411154,0.2678185745140389,0.13174946004319654,505,0.8265676567656765,0.25346534653465347,6.148514851485149,0.3508250825082508,13.32,12.62,12.1,12.4,1,1,3
438,1205740815,2,13,12,11,9,1852,0.975609756097561,0.011014948859166011,0.9574105621805792,0.015332197614991482,2910,0.5082187857961052,0.29243986254295534,5.458762886597938,0.36758304696449035,1591,0.38095238095238093,0.06582633053221289,0.3929784824462061,0.06681766704416761,2798,0.45490826781034055,0.6254467476769121,5.313795568263045,0.3601084107695974,1233,0.2235142118863049,0.1421188630490956,0.26666666666666666,0.13118279569892474,506,0.8269104084321475,0.25296442687747034,6.148221343873518,0.3506258234519104,13.34,12.62,12.1,12.32,1,2,4
439,1205740816,2,13,13,12,13,1856,0.9756480754124116,0.010997643362136685,0.9575551782682513,0.015280135823429542,2917,0.5084276082733401,0.29242372300308533,5.458690435378814,0.3678151068449321,1595,0.38095238095238093,0.06582633053221289,0.39346110484780156,0.0665163472378805,2803,0.4542157212510403,0.62575811630396,5.313592579379237,0.3601795695088596,1235,0.2232258064516129,0.14193548387096774,0.26824034334763946,0.13090128755364808,507,0.8272518080210387,0.25443786982248523,6.14792899408284,0.3509204470742932,13.28,12.66,12.1,12.34,0,1,0
440,1205740817,2,13,13,12,14,1858,0.9756671899529042,0.01098901098901099,0.9576271186440678,0.015254237288135594,2928,0.5082251821493624,0.2926912568306011,5.458674863387978,0.36779940801457206,1598,0.38095238095238093,0.06582633053221289,0.39325842696629215,0.06629213483146068,2809,0.4543135160792688,0.6251334994660022,5.313278746885013,0.36021122582176346,1237,0.22422680412371135,0.14175257731958762,0.2698072805139186,0.13062098501070663,507,0.8272518080210387,0.25443786982248523,6.14792899408284,0.3509204470742932,13.22,12.66,12.1,12.38,0,1,-1
441,1205740818,2,11,11,10,13,1862,0.9757433489827856,0.010954616588419406,0.9576271186440678,0.015254237288135594,2936,0.5080892370572206,0.29291553133514986,5.458787465940055,0.3677338782924615,1604,0.3816155988857939,0.06545961002785515,0.3923766816143498,0.06614349775784753,2815,0.454233274126702,0.624866785079929,5.3126110124333925,0.36015393724097106,1240,0.22393822393822393,0.14157014157014158,0.26865671641791045,0.13219616204690832,507,0.8272518080210387,0.25443786982248523,6.14792899408284,0.3509204470742932,13.18,12.62,12.06,12.42,0,1,-2
442,1205740819,2,14,13,13,13,1871,0.9758566978193146,0.010903426791277258,0.9578414839797639,0.01517706576728499,2939,0.5080242712940909,0.2929567880231371,5.45831915617557,0.36795395259158453,1607,0.38055555555555554,0.06527777777777778,0.393057110862262,0.06606942889137737,2821,0.45397613139548604,0.6242467210209146,5.3119461183977315,0.3600968923549569,1241,0.22393822393822393,0.14157014157014158,0.2680851063829787,0.13191489361702127,508,0.8275918635170603,0.25393700787401574,6.147637795275591,0.35072178477690286,13.16,12.58,12.08,12.46,1,1,1
443,1205740820,2,14,14,12,14,1877,0.9759503491078355,0.010861132660977503,0.9579124579124579,0.015151515151515152,2944,0.5078408061594202,0.29279891304347827,5.458220108695652,0.36786684782608703,1614,0.38035961272475793,0.06500691562932227,0.39241917502787066,0.06577480490523968,2826,0.4535267751828259,0.6245576786978061,5.311394196744515,0.3600790280726587,1243,0.2236503856041131,0.14138817480719795,0.26963906581740976,0.1316348195329087,509,0.8279305828421741,0.25343811394891946,6.147347740667977,0.3505239030779306,13.2,12.62,12.04,12.5,0,2,0
444,1205740821,2,12,13,11,14,1880,0.975968992248062,0.010852713178294573,0.9580536912751678,0.015100671140939598,2949,0.5076579631513506,0.29264157341471686,5.458460495083079,0.367836554764327,1617,0.38068965517241377,0.06482758620689655,0.3930957683741648,0.06570155902004454,2834,0.452952246530228,0.6242060691601976,5.310515172900494,0.36003293342742887,1248,0.22407170294494239,0.14212548015364918,0.26849894291754756,0.13107822410147993,511,0.8286040443574689,0.25440313111545987,6.148727984344423,0.35013046314416174,13.16,12.6,11.98,12.5,-1,1,-2
445,1205740822,2,11,9,12,12,1883,0.9760061919504643,0.010835913312693499,0.9581239530988275,0.01507537688442211,2957,0.5078063352496899,0.2928643895840379,5.458572877916808,0.3680250253635442,1622,0.38016528925619836,0.06473829201101929,0.3924611973392461,0.06651884700665188,2841,0.45324416285345515,0.6244280183034143,5.311510031678986,0.3600258125073332,1250,0.22407170294494239,0.14212548015364918,0.2673684210526316,0.13052631578947368,512,0.8269856770833333,0.25390625,6.1484375,0.3499348958333333,13.16,12.52,12.0,12.54,2,-1,-1
446,1205740823,2,11,14,11,10,1887,0.976061776061776,0.010810810810810811,0.9581939799331104,0.015050167224080268,2966,0.5079512249943806,0.2926500337154417,5.4595414699932565,0.3680883344571815,1623,0.38016528925619836,0.06473829201101929,0.3920265780730897,0.06755260243632337,2850,0.45274853801169573,0.6252631578947369,5.311929824561403,0.3598538011695907,1252,0.22349936143039592,0.1417624521072797,0.2673684210526316,0.13052631578947368,513,0.8273229369720597,0.2553606237816764,6.148148148148148,0.3497400909681611,13.08,12.5,11.98,12.46,-3,0,1
447,1205740824,2,14,12,13,12,1890,0.9760986892829607,0.01079414032382421,0.9582637729549248,0.015025041736227046,2976,0.5078685035842293,0.2923387096774194,5.45866935483871,0.3681955645161291,1627,0.3791208791208791,0.06456043956043957,0.3911602209944751,0.06740331491712707,2857,0.45268930113172307,0.6251312565628281,5.312215610780539,0.36002216777505547,1254,0.22349936143039592,0.1417624521072797,0.26834381551362685,0.1320754716981132,514,0.8276588845654993,0.25486381322957197,6.147859922178989,0.34954604409857326,13.04,12.48,11.98,12.4,2,1,2
448,1205740825,2,11,13,12,12,1894,0.9761171032357473,0.01078582434514638,0.9584717607973422,0.014950166112956811,2979,0.5076927380552757,0.29204431017119836,5.459214501510574,0.36807653575025184,1629,0.3791208791208791,0.06456043956043957,0.39029768467475195,0.06835722160970231,2867,0.4530287175909776,0.6250435995814441,5.31217300313917,0.3599000116265551,1258,0.22519083969465647,0.14122137404580154,0.26778242677824265,0.13179916317991633,515,0.8279935275080905,0.2543689320388349,6.14757281553398,0.3498381877022654,12.96,12.48,11.96,12.38,-2,-1,-1
449,1205740826,2,12,11,11,10,1897,0.9761538461538461,0.010769230769230769,0.9585406301824212,0.014925373134328358,2987,0.5081743109028009,0.29260127217944426,5.458988952125879,0.3678439906260463,1634,0.3780821917808219,0.06438356164383562,0.389010989010989,0.06813186813186813,2873,0.4527207332637195,0.6251305255830143,5.311869126348764,0.36010558069381604,1263,0.22433460076045628,0.14068441064638784,0.26666666666666666,0.13125,515,0.8279935275080905,0.2543689320388349,6.14757281553398,0.3498381877022654,12.92,12.42,11.92,12.28,1,1,2
450,1205740827,2,13,13,14,12,1902,0.9762087490406753,0.010744435917114352,0.9586776859504132,0.01487603305785124,2992,0.5084391711229945,0.2927807486631016,5.459224598930481,0.36789772727272735,1637,0.37756497948016415,0.06429548563611491,0.3892543859649123,0.06798245614035088,2882,0.4520009252833678,0.6249132546842471,5.311589174184594,0.3601954661114967,1264,0.22531645569620254,0.14050632911392405,0.26666666666666666,0.13125,515,0.8279935275080905,0.2543689320388349,6.14757281553398,0.3498381877022654,12.92,12.42,11.98,12.24,0,-1,1
451,1205740828,2,13,14,13,10,1908,0.9762452107279693,0.010727969348659003,0.9556650246305419,0.016420361247947456,2999,0.5086973435589639,0.29243081027009005,5.459486495498499,0.36803934644881636,1639,0.37841530054644806,0.06420765027322405,0.3888280394304491,0.06790799561883899,2888,0.4515812557710063,0.625,5.3109418282548475,0.3600530932594645,1266,0.22601010101010102,0.14015151515151514,0.26666666666666666,0.13125,517,0.8286589297227595,0.2553191489361702,6.147001934235977,0.34945196647324306,12.94,12.5,12.02,12.22,-1,0,3
452,1205740829,2,14,14,13,13,1911,0.9755351681957186,0.010703363914373088,0.9556650246305419,0.016420361247947456,3005,0.5093455352190791,0.2925124792013311,5.4592346089850246,0.3680532445923462,1641,0.37841530054644806,0.06420765027322405,0.38907103825136613,0.06885245901639345,2895,0.4520437535981575,0.6248704663212435,5.310535405872193,0.3599597006332758,1269,0.2257250945775536,0.13997477931904162,0.26556016597510373,0.13485477178423236,519,0.8293192035966602,0.2543352601156069,6.146435452793834,0.3500321130378934,12.94,12.54,12.0,12.28,0,1,1
453,1205740830,2,14,14,11,13,1915,0.9748283752860412,0.010678871090770405,0.9557377049180328,0.01639344262295082,3015,0.5096462133775564,0.29253731343283584,5.459038142620233,0.3682421227197347,1643,0.37841530054644806,0.06420765027322405,0.3882224645583424,0.06870229007633588,2901,0.45197058485579666,0.6246122026887281,5.3105825577387105,0.3599046305871539,1271,0.2257250945775536,0.13997477931904162,0.2644628099173554,0.13636363636363635,520,0.8296474358974358,0.25384615384615383,6.1461538461538465,0.3503205128205128,12.98,12.58,11.96,12.3,0,3,1
454,1205740831,2,14,11,12,13,1917,0.9748475609756098,0.010670731707317074,0.955810147299509,0.016366612111292964,3023,0.5091244900209503,0.29275554085345684,5.459146543169037,0.36834270592127033,1645,0.37789904502046384,0.06412005457025921,0.3888888888888889,0.06862745098039216,2909,0.45233184370344887,0.6249570299071846,5.310759711240976,0.3600320843359689,1273,0.22641509433962265,0.13962264150943396,0.2644628099173554,0.13636363636363635,520,0.8296474358974358,0.25384615384615383,6.1461538461538465,0.3503205128205128,13.0,12.52,11.98,12.34,3,2,1
455,1205740832,2,14,14,12,13,1922,0.9749240121580547,0.010638297872340425,0.9558823529411765,0.016339869281045753,3028,0.5094396741523556,0.29326287978863935,5.459048877146631,0.3685325847644211,1648,0.37789904502046384,0.06412005457025921,0.38870792616720956,0.06840390879478828,2914,0.4517844886753602,0.6242278654770076,5.3115991763898425,0.3604438343628461,1278,0.22681704260651628,0.13909774436090225,0.26337448559670784,0.13580246913580246,522,0.8303001277139207,0.2547892720306513,6.145593869731801,0.3499361430395913,13.0,12.52,12.02,12.34,0,2,1
456,1205740833,2,13,13,12,11,1926,0.9749620637329287,0.010622154779969651,0.9560260586319218,0.016286644951140065,3036,0.509744180939833,0.2938076416337286,5.459156785243742,0.36846728151075986,1651,0.3768707482993197,0.06394557823129252,0.3882863340563991,0.06832971800433839,2921,0.45155768572406696,0.623416638137624,5.311194796302636,0.36035033664270233,1283,0.22596754057428214,0.13857677902621723,0.26229508196721313,0.13524590163934427,522,0.8303001277139207,0.2547892720306513,6.145593869731801,0.3499361430395913,12.98,12.5,11.98,12.32,0,1,2
457,1205740834,2,14,14,14,12,1931,0.9750189250567751,0.010598031794095382,0.9561688311688312,0.016233766233766232,3041,0.50989257919544,0.2943110818809602,5.458730680697139,0.3685191274799957,1657,0.37669376693766937,0.06368563685636856,0.3881081081081081,0.0681081081081081,2925,0.4519658119658118,0.6232478632478633,5.311452991452992,0.36028490028490034,1287,0.2263681592039801,0.13805970149253732,0.261758691206544,0.13496932515337423,524,0.8303117048346056,0.25572519083969464,6.145038167938932,0.3505089058524173,13.0,12.52,12.0,12.32,0,0,2
458,1205740835,2,13,14,13,13,1937,0.9743396226415094,0.011320754716981131,0.9563106796116505,0.016181229773462782,3050,0.5100273224043714,0.2940983606557377,5.458360655737705,0.36841530054644817,1659,0.37753721244925575,0.06359945872801083,0.3876889848812095,0.06803455723542116,2929,0.45168999658586534,0.6234209627859337,5.311027654489587,0.3601342892909981,1291,0.22580645161290322,0.13771712158808933,0.26272912423625255,0.13441955193482688,525,0.8306349206349206,0.25523809523809526,6.144761904761904,0.3503174603174603,13.0,12.56,12.02,12.32,-1,0,0
459,1205740836,2,13,13,11,11,1942,0.9743782969103241,0.011303692539562924,0.9565217391304348,0.01610305958132045,3057,0.5101679206193435,0.29407916257769057,5.458292443572129,0.36847126812779424,1661,0.377027027027027,0.06351351351351352,0.38727076591154264,0.06796116504854369,2934,0.45160190865712324,0.6233810497614178,5.310497614178596,0.3602874346739378,1295,0.2249690976514215,0.138442521631644,0.2621951219512195,0.13414634146341464,527,0.8312776723592663,0.25426944971537,6.144212523719165,0.3508855154965212,13.0,12.58,12.0,12.3,0,2,2
460,1205740837,2,11,11,12,11,1944,0.9743975903614458,0.011295180722891566,0.9565916398713826,0.01607717041800643,3067,0.5098087164438646,0.29409846755787417,5.457776328659929,0.3682480165199436,1667,0.37601078167115903,0.06334231805929919,0.38882921589688507,0.06766917293233082,2940,0.4515306122448978,0.6234693877551021,5.310884353741496,0.3601473922902495,1296,0.2249690976514215,0.138442521631644,0.2616632860040568,0.1359026369168357,528,0.8315972222222222,0.2537878787878788,6.143939393939394,0.3511679292929293,12.98,12.56,12.0,12.32,0,-1,0
461,1205740838,2,13,12,12,11,1947,0.9744360902255639,0.011278195488721804,0.956661316211878,0.016051364365971106,3074,0.5102743439600953,0.2937540663630449,5.457709824333117,0.3679787464758188,1668,0.37601078167115903,0.06334231805929919,0.388412017167382,0.06759656652360516,2948,0.4513794663048393,0.6241519674355496,5.311397557666214,0.3603573043871552,1298,0.22469135802469137,0.1382716049382716,0.2611336032388664,0.13562753036437247,528,0.8315972222222222,0.2537878787878788,6.143939393939394,0.3511679292929293,12.96,12.54,11.96,12.3,1,1,2
462,1205740839,2,13,13,12,12,1953,0.974512743628186,0.011244377811094454,0.9568,0.016,3080,0.5100919913419911,0.29318181818181815,5.456818181818182,0.3679112554112555,1672,0.37601078167115903,0.06334231805929919,0.38782051282051283,0.06837606837606838,2954,0.4518167456556081,0.6238997968855788,5.3114421123899795,0.3604716768223878,1301,0.22469135802469137,0.1382716049382716,0.2595573440643863,0.13480885311871227,529,0.8319155639571518,0.2533081285444234,6.143667296786389,0.35097668557025835,12.98,12.56,11.96,12.3,0,1,1
463,1205740840,2,14,14,13,10,1956,0.9745699326851159,0.011219147344801795,0.9568,0.016,3086,0.5097483257723049,0.29390797148412184,5.456578094620869,0.3679250378051416,1673,0.37601078167115903,0.06334231805929919,0.3874066168623266,0.06830309498399147,2962,0.45144046815214933,0.6239027683997299,5.3112761647535445,0.36067972090929556,1304,0.22536945812807882,0.13793103448275862,0.25903614457831325,0.13453815261044177,531,0.8325486503452605,0.2523540489642185,6.143126177024482,0.35059635907093534,12.96,12.58,12.0,12.24,0,1,4
464,1205740841,2,13,11,12,9,1963,0.9746457867263236,0.011185682326621925,0.9570063694267515,0.01592356687898089,3090,0.509573894282632,0.29385113268608415,5.455987055016181,0.368015102481122,1676,0.3768506056527591,0.063257065948856,0.3865814696485623,0.06815761448349308,2970,0.45157126823793475,0.6232323232323232,5.311111111111111,0.3607182940516274,1307,0.22509225092250923,0.13776137761377613,0.26,0.134,532,0.8309837092731829,0.25375939849624063,6.142857142857143,0.35040726817042606,12.98,12.56,12.02,12.14,2,1,4
465,1205740842,2,13,12,13,13,1965,0.9746646795827124,0.011177347242921014,0.9570747217806042,0.01589825119236884,3098,0.5095491715085,0.29373789541639767,5.456100710135571,0.3681138368840113,1679,0.3763440860215054,0.06317204301075269,0.38788522848034007,0.06801275239107332,2977,0.4516851416414734,0.6234464225730602,5.31172321128653,0.36070988691076034,1308,0.22481572481572482,0.13882063882063883,0.26,0.134,534,0.8297440699126092,0.25280898876404495,6.142322097378277,0.3504993757802746,12.96,12.52,12.08,12.16,1,0,0
466,1205740843,2,13,15,12,13,1967,0.9747023809523809,0.011160714285714286,0.9570747217806042,0.01589825119236884,3104,0.5096917955326459,0.2934922680412371,5.456507731958763,0.3679660652920963,1685,0.37667560321715815,0.06300268096514745,0.3873015873015873,0.06772486772486773,2984,0.4516309204647005,0.6233243967828418,5.3123324396782845,0.3605339588918678,1310,0.22576687116564417,0.13865030674846626,0.25948103792415167,0.13373253493013973,535,0.8300623052959502,0.2523364485981308,6.142056074766355,0.3503115264797508,12.96,12.56,12.1,12.16,-2,1,0
467,1205740844,2,14,13,13,10,1970,0.9747211895910781,0.011152416356877323,0.9572107765451664,0.01584786053882726,3111,0.5102057216329153,0.2934747669559627,5.455801992928319,0.3679417122040074,1687,0.37566844919786097,0.06283422459893048,0.3873015873015873,0.06772486772486773,2989,0.45204639232742266,0.6232853797256608,5.314151890264302,0.3604326976692317,1317,0.22643818849449204,0.1383108935128519,0.25691699604743085,0.1324110671936759,536,0.8303793532338308,0.251865671641791,6.141791044776119,0.35012437810945274,12.98,12.54,12.08,12.14,1,1,4
468,1205740845,2,14,12,12,12,1973,0.9740356083086054,0.011869436201780416,0.9572107765451664,0.01584786053882726,3119,0.5106604680987494,0.29368387303622956,5.456235973068291,0.3679598161803998,1688,0.3751668891855808,0.06275033377837116,0.3873015873015873,0.06772486772486773,2998,0.4526906826773403,0.6237491661107405,5.314209472981988,0.36018456748943745,1321,0.22655298416565164,0.13763702801461633,0.25691699604743085,0.1324110671936759,537,0.8288330229671012,0.2532588454376164,6.1415270018621975,0.3499379267535692,12.94,12.52,12.12,12.14,2,2,2
469,1205740846,2,11,11,13,12,1975,0.9740356083086054,0.011869436201780416,0.957345971563981,0.01579778830963665,3127,0.5098337064278861,0.29421170450911416,5.456987527982092,0.36781792985822415,1693,0.37367021276595747,0.0625,0.38753959873284055,0.0675818373812038,3006,0.4525948103792414,0.6227544910179641,5.31437125748503,0.36014082945220677,1323,0.22627737226277372,0.1386861313868613,0.2564102564102564,0.13214990138067062,539,0.827612863327149,0.2541743970315399,6.14100185528757,0.3504947433518862,12.9,12.52,12.1,12.12,0,-2,-1
470,1205740847,2,12,12,11,10,1978,0.9740932642487047,0.011843079200592153,0.957345971563981,0.01579778830963665,3135,0.510021265284423,0.2940988835725678,5.458054226475279,0.36775651249335467,1698,0.3753315649867374,0.0623342175066313,0.38842105263157894,0.06736842105263158,3013,0.45220710255559227,0.6232990375041487,5.313972784600066,0.3602168381458126,1325,0.22627737226277372,0.1386861313868613,0.2554027504911591,0.13359528487229863,540,0.8279320987654321,0.2537037037037037,6.140740740740741,0.35030864197530864,12.9,12.48,12.1,12.1,0,1,2
471,1205740848,2,15,13,13,12,1983,0.974169741697417,0.011808118081180811,0.9574132492113565,0.015772870662460567,3141,0.51063886235806,0.2938554600445718,5.457815982171283,0.3677703491457074,1703,0.37566137566137564,0.062169312169312166,0.3882476390346275,0.06715634837355719,3019,0.4518052335210333,0.6233852268963233,5.314011262007287,0.36024621839461196,1325,0.22627737226277372,0.1386861313868613,0.2554027504911591,0.13359528487229863,541,0.8264017252002465,0.2532347504621072,6.140480591497227,0.35012322858903266,12.92,12.48,12.04,12.1,2,2,3
472,1205740849,2,14,14,9,9,1985,0.974207811348563,0.011790714812085483,0.9574132492113565,0.015772870662460567,3150,0.5107671957671956,0.29333333333333333,5.458412698412698,0.36767195767195776,1709,0.3764861294583884,0.062087186261558784,0.3872651356993737,0.06680584551148225,3025,0.45223140495867753,0.6231404958677685,5.314380165289256,0.3603856749311295,1328,0.22600243013365734,0.1385176184690158,0.2583170254403131,0.13307240704500978,541,0.8264017252002465,0.2532347504621072,6.140480591497227,0.35012322858903266,12.94,12.5,11.94,12.02,0,5,5
473,1205740850,2,12,12,12,10,1994,0.9743024963289281,0.011747430249632892,0.9545454545454546,0.01567398119122257,3156,0.5109051542036331,0.29340937896070973,5.458808618504436,0.36763307984790883,1710,0.3764861294583884,0.062087186261558784,0.38686131386861317,0.06777893639207508,3033,0.45164303769645,0.6228156940323113,5.31388064622486,0.3609462578305308,1329,0.22600243013365734,0.1385176184690158,0.2578125,0.1328125,542,0.8267220172201721,0.25461254612546125,6.1402214022140225,0.34993849938499383,12.92,12.52,11.96,11.92,0,0,2
474,1205740851,2,13,14,12,12,1998,0.9743401759530792,0.011730205278592375,0.9546875,0.015625,3162,0.5105682057769343,0.2934851359898798,5.458570524984188,0.3678051865907654,1715,0.37763157894736843,0.06315789473684211,0.3870967741935484,0.06763787721123829,3038,0.45205178845731825,0.6234364713627386,5.313364055299539,0.3608459512837393,1334,0.22611850060459493,0.13784764207980654,0.2573099415204678,0.13255360623781676,543,0.8261203192142418,0.2559852670349908,6.139963167587477,0.3502148557397176,12.9,12.56,12.0,11.92,-1,1,1
475,1205740852,2,13,14,10,14,2001,0.9743777452415813,0.01171303074670571,0.9547581903276131,0.015600624024960999,3169,0.5100715262438202,0.29441464184285265,5.458504260018933,0.3678868202377196,1718,0.37745740498034075,0.06290956749672345,0.3870967741935484,0.06763787721123829,3045,0.4518336070060206,0.6229885057471264,5.313628899835797,0.3608374384236453,1339,0.2253012048192771,0.13734939759036144,0.258252427184466,0.13203883495145632,544,0.8264399509803921,0.2555147058823529,6.139705882352941,0.35003063725490197,12.9,12.58,11.98,11.9,-1,3,-1
476,1205740853,2,11,11,11,11,2004,0.9744338933528123,0.01168736303871439,0.9547581903276131,0.015600624024960999,3176,0.5092621746431569,0.29408060453400503,5.458438287153652,0.3676269941225861,1725,0.3790849673202614,0.06274509803921569,0.38509316770186336,0.06728778467908902,3051,0.4518190757128809,0.6237299246148804,5.313667649950836,0.3607833497214028,1342,0.22596153846153846,0.13701923076923078,0.25775193798449614,0.13178294573643412,544,0.8264399509803921,0.2555147058823529,6.139705882352941,0.35003063725490197,12.86,12.6,11.96,11.88,0,0,0
477,1205740854,2,13,14,12,12,2009,0.9744711889132021,0.011670313639679067,0.9549689440993789,0.015527950310559006,3183,0.5094512514399413,0.29437637448947535,5.458058435438266,0.36776102209655465,1732,0.3784135240572172,0.06241872561768531,0.3849329205366357,0.06811145510835913,3053,0.45152309204061564,0.6236488699639698,5.3137897150343925,0.36087454962332133,1345,0.22661870503597123,0.1366906474820144,0.2572533849129594,0.13152804642166344,546,0.827075702075702,0.2564102564102564,6.13919413919414,0.3501221001221001,12.9,12.66,11.98,11.88,-1,1,1
478,1205740855,2,13,13,12,14,2017,0.9745454545454545,0.011636363636363636,0.9552469135802469,0.015432098765432098,3187,0.5091256144754732,0.29432067775337306,5.4581110762472544,0.3676916640518775,1733,0.37792207792207794,0.06233766233766234,0.3849329205366357,0.06811145510835913,3062,0.45215545395166545,0.6237753102547354,5.31352057478772,0.3607119529719138,1348,0.22634730538922157,0.1377245508982036,0.25626204238921,0.13102119460500963,546,0.827075702075702,0.2564102564102564,6.13919413919414,0.3501221001221001,12.9,12.68,12.02,11.88,0,1,-1
479,1205740856,2,14,12,10,12,2021,0.974600870827286,0.011611030478955007,0.9553158705701078,0.015408320493066256,3195,0.5091027647365675,0.2942097026604069,5.458215962441314,0.36770996348461144,1735,0.3787289234760052,0.0622568093385214,0.3845360824742268,0.06804123711340206,3068,0.45192307692307676,0.6241851368970013,5.313559322033898,0.36060408518035636,1353,0.22727272727272727,0.1375598086124402,0.25621414913957935,0.13001912045889102,547,0.82739183424741,0.25594149908592323,6.138939670932358,0.34993906154783666,12.96,12.68,11.96,11.88,2,4,2
480,1205740857,2,13,12,11,8,2025,0.9746376811594203,0.011594202898550725,0.9554531490015361,0.015360983102918587,3203,0.508611718180872,0.294099281923197,5.458320324695598,0.3676501196794672,1740,0.37904269081500647,0.062095730918499355,0.38437821171634123,0.06783144912641316,3073,0.45216400911161714,0.6241457858769932,5.313374552554507,0.36066818526955197,1356,0.22792362768496421,0.13723150357995226,0.25572519083969464,0.1316793893129771,548,0.8277068126520681,0.25547445255474455,6.138686131386861,0.3497566909975669,12.96,12.66,11.94,11.8,1,2,5
481,1205740858,2,13,14,11,12,2030,0.9746926970354303,0.011569052783803326,0.9555895865237366,0.015313935681470138,3207,0.5082891591310673,0.293732460243218,5.458372310570627,0.36750337802723215,1740,0.37904269081500647,0.062095730918499355,0.38437821171634123,0.06783144912641316,3081,0.45212593313859123,0.6238234339500163,5.312885426809477,0.36062425619387645,1360,0.22711058263971462,0.1367419738406659,0.25523809523809526,0.13142857142857142,549,0.8280206435944141,0.2550091074681239,6.138433515482696,0.3500303582270795,12.94,12.7,11.94,11.8,-1,2,1
482,1205740859,2,11,11,8,11,2032,0.9747292418772563,0.011552346570397111,0.9555895865237366,0.015313935681470138,3214,0.50811553619581,0.29340385812072184,5.458618543870566,0.3675585978012861,1747,0.37966537966537967,0.06435006435006435,0.38524590163934425,0.06762295081967214,3087,0.45157110463232897,0.6239067055393586,5.313249109167477,0.36040924306230426,1361,0.22711058263971462,0.1367419738406659,0.25475285171102663,0.1311787072243346,550,0.8283333333333333,0.2545454545454545,6.138181818181818,0.34984848484848485,12.9,12.68,11.86,11.78,0,3,0
483,1205740860,2,11,12,12,11,2037,0.9748020158387329,0.011519078473722102,0.9556574923547401,0.01529051987767584,3220,0.5076345755693581,0.29347826086956524,5.458695652173913,0.36765010351966876,1749,0.3791773778920309,0.06426735218508997,0.38485158648925283,0.06755373592630501,3095,0.4510500807754441,0.6229402261712439,5.3147011308562195,0.3602854065697361,1364,0.22711058263971462,0.1367419738406659,0.2533081285444234,0.1323251417769376,552,0.8262379227053139,0.2572463768115942,6.1394927536231885,0.34993961352657005,12.88,12.7,11.84,11.74,-1,-1,0
484,1205740861,2,14,14,12,12,2039,0.9748201438848921,0.011510791366906475,0.9557251908396946,0.015267175572519083,3226,0.5075170489770613,0.2935523868567886,5.458772473651581,0.36758627815664396,1757,0.38028169014084506,0.06402048655569782,0.38289205702647655,0.06924643584521385,3102,0.45148291424887155,0.6228239845261122,5.313990973565442,0.36011712873414997,1365,0.22684085510688837,0.13657957244655583,0.2533081285444234,0.1323251417769376,553,0.826552139843279,0.25678119349005424,6.139240506329114,0.3497588908981314,12.92,12.74,11.84,11.74,0,2,2
485,1205740862,2,14,15,13,12,2042,0.9748563218390804,0.011494252873563218,0.9557926829268293,0.01524390243902439,3234,0.5079622758194186,0.2937538651824366,5.45856524427953,0.3674500103071532,1760,0.3818646232439336,0.06385696040868455,0.38351983723296035,0.06917599186164802,3108,0.4515765765765764,0.6225868725868726,5.313706563706564,0.36014586014586014,1366,0.22684085510688837,0.13657957244655583,0.25471698113207547,0.1320754716981132,554,0.8268652226233454,0.2563176895306859,6.1389891696750905,0.35048134777376655,12.94,12.8,11.88,11.72,-1,1,2
486,1205740863,2,15,15,13,13,2051,0.9749821300929236,0.01143674052894925,0.9559270516717325,0.015197568389057751,3239,0.5085674590923124,0.29391787588761964,5.458166100648349,0.3674230729649069,1761,0.38137755102040816,0.06377551020408163,0.38351983723296035,0.06917599186164802,3114,0.4511881824020551,0.6229929351316634,5.313744380218369,0.3602547634339542,1367,0.22684085510688837,0.13657957244655583,0.2542372881355932,0.1318267419962335,555,0.8271771771771771,0.25585585585585585,6.138738738738739,0.3503003003003003,12.96,12.82,11.88,11.72,0,2,2
487,1205740864,2,11,11,12,15,2053,0.9750178443968593,0.011420413990007138,0.9559270516717325,0.015197568389057751,3246,0.5085489833641405,0.29390018484288355,5.45871842267406,0.36763195728075587,1766,0.3816793893129771,0.06361323155216285,0.3843813387423935,0.06896551724137931,3123,0.451435585441349,0.6237592058917707,5.313800832532821,0.3602572312946952,1371,0.22576832151300236,0.1359338061465721,0.2542372881355932,0.1318267419962335,556,0.8274880095923262,0.25539568345323743,6.138489208633094,0.3501199040767386,12.9,12.78,11.86,11.8,0,-1,-4
488,1205740865,2,13,13,13,14,2057,0.9750534568781183,0.011404133998574484,0.956060606060606,0.015151515151515152,3251,0.5088434327899107,0.29437096278068287,5.458012919101815,0.36760483953655293,1770,0.38022813688212925,0.06337135614702155,0.3850050658561297,0.06889564336372847,3130,0.4510649627263044,0.6233226837060702,5.313738019169329,0.3603301384451544,1377,0.2256169212690952,0.136310223266745,0.25375939849624063,0.13157894736842105,557,0.8260023937761819,0.25493716337522443,6.138240574506284,0.34994015559545183,12.9,12.8,11.9,11.9,0,0,-1
489,1205740866,2,12,13,13,12,2059,0.9750712250712251,0.011396011396011397,0.9561270801815431,0.015128593040847202,3258,0.5086709637814609,0.2946593001841621,5.458256599140577,0.36735215878862293,1773,0.3805309734513274,0.06447534766118837,0.38461538461538464,0.06882591093117409,3138,0.4508710431272571,0.6233269598470363,5.313256851497769,0.36028786913108135,1383,0.22626025791324736,0.13599062133645956,0.251865671641791,0.13432835820895522,558,0.8245221027479092,0.25627240143369173,6.137992831541219,0.3497610513739546,12.88,12.8,11.92,11.88,-1,-1,0
490,1205740867,2,12,13,13,12,2063,0.9743954480796586,0.011379800853485065,0.9562594268476622,0.015082956259426848,3267,0.5086980920314254,0.2953780226507499,5.458524640342822,0.3674880114274054,1775,0.3813131313131313,0.06439393939393939,0.38422649140546006,0.06875631951466127,3144,0.4516009329940626,0.6227735368956743,5.313295165394402,0.36039546225614927,1388,0.22637106184364061,0.13652275379229872,0.25139664804469275,0.1340782122905028,558,0.8245221027479092,0.25627240143369173,6.137992831541219,0.3497610513739546,12.86,12.8,11.94,11.84,-1,-1,0
491,1205740868,2,10,13,11,12,2065,0.9744318181818182,0.011363636363636364,0.9562594268476622,0.015082956259426848,3273,0.5090895203177512,0.2954476015887565,5.4589062022609225,0.36742539973520727,1783,0.3806532663316583,0.06532663316582915,0.38469284994964753,0.06948640483383686,3148,0.4513447691656076,0.6226175349428208,5.313214739517154,0.3603346039813638,1394,0.2270081490104773,0.1362048894062864,0.2513863216266174,0.133086876155268,559,0.8248360166964818,0.2558139534883721,6.137745974955277,0.3500298151460942,12.84,12.84,11.96,11.82,-3,-1,-2
492,1205740869,2,12,13,13,10,2069,0.9744861800141743,0.011339475549255847,0.9563253012048193,0.015060240963855422,3281,0.5090165599918723,0.29503200243828104,5.459006400487656,0.3677486538656914,1786,0.38017565872020076,0.06524466750313676,0.38391959798994973,0.06934673366834171,3158,0.4511821828161282,0.6222292590246992,5.312856238125396,0.36014355077052984,1396,0.2270081490104773,0.1362048894062864,0.2541436464088398,0.13259668508287292,560,0.8242559523809524,0.25535714285714284,6.1375,0.350297619047619,12.8,12.84,11.96,11.76,-1,-1,2
493,1205740870,2,13,13,13,11,2071,0.9745222929936306,0.01132342533616419,0.9563253012048193,0.015060240963855422,3291,0.5094449508761267,0.29535095715587967,5.459434822242479,0.3676187582295149,1786,0.38017565872020076,0.06524466750313676,0.38391959798994973,0.06934673366834171,3166,0.4509896820383237,0.6228679722046747,5.313013265950726,0.36026005474836803,1401,0.22621809744779584,0.1357308584686775,0.25321100917431194,0.13211009174311927,561,0.8245692216280451,0.2549019607843137,6.137254901960785,0.350118835412953,12.78,12.82,11.98,11.7,0,0,2
494,1205740871,2,12,10,11,13,2077,0.9745942131263232,0.011291460832745237,0.9564564564564565,0.015015015015015015,3298,0.5095765110167777,0.29502728926622196,5.459369314736204,0.36774813017990704,1787,0.38017565872020076,0.06524466750313676,0.38353413654618473,0.06927710843373494,3174,0.4507981516488131,0.6228733459357277,5.312539382482671,0.3599821466078555,1404,0.22595596755504055,0.13673232908458866,0.25594149908592323,0.1316270566727605,562,0.8231020166073546,0.25444839857651247,6.137010676156583,0.3499406880189798,12.78,12.76,11.98,11.68,2,1,-1
495,1205740872,2,12,12,13,12,2079,0.9746300211416491,0.01127554615926709,0.9564564564564565,0.015015015015015015,3306,0.5098558177051824,0.29522081064730793,5.459165154264973,0.36781609195402304,1793,0.3804755944931164,0.06508135168961202,0.383,0.071,3182,0.45081709616593324,0.6231929604022627,5.312382149591452,0.3598627697464907,1404,0.22595596755504055,0.13673232908458866,0.25594149908592323,0.1316270566727605,563,0.823416222616933,0.2539964476021314,6.13676731793961,0.3502072232089994,12.8,12.82,12.0,11.68,0,-1,0
496,1205740873,2,13,13,13,11,2082,0.9746657283603096,0.011259676284306826,0.9565217391304348,0.014992503748125937,3314,0.5098320257493462,0.29541339770669883,5.459867229933615,0.3676071213035607,1795,0.3807740324594257,0.06491885143570537,0.383,0.071,3190,0.45109717868338545,0.6228840125391849,5.312225705329154,0.3599268547544409,1407,0.22569444444444445,0.13657407407407407,0.2568306010928962,0.13114754098360656,564,0.8237293144208038,0.2553191489361702,6.136524822695035,0.35002955082742315,12.84,12.8,12.04,11.7,0,0,2
497,1205740874,2,14,14,13,11,2089,0.9747722494744219,0.011212333566923615,0.9565868263473054,0.014970059880239521,3321,0.5101124159389742,0.295091839807287,5.459500150557061,0.3678109003312256,1797,0.38107098381070986,0.0647571606475716,0.383,0.071,3196,0.4505632040050061,0.6229662077596996,5.311952440550688,0.3597987067167292,1411,0.2254335260115607,0.13641618497109825,0.2554347826086957,0.13043478260869565,565,0.8240412979351032,0.25486725663716814,6.136283185840708,0.34985250737463125,12.84,12.84,12.04,11.68,0,1,3
498,1205740875,2,13,13,13,12,2093,0.9748075577326802,0.01119664100769769,0.9567164179104478,0.014925373134328358,3328,0.510391626602564,0.29507211538461536,5.459134615384615,0.3677884615384616,1804,0.379182156133829,0.0644361833952912,0.3848454636091725,0.0707876370887338,3200,0.45062499999999983,0.6234375,5.3115625,0.3596614583333333,1412,0.2254335260115607,0.13641618497109825,0.2549728752260398,0.1301989150090416,566,0.8243521790341578,0.25618374558303886,6.136042402826855,0.3496760895170789,12.88,12.84,12.06,11.68,0,0,1
499,1205740876,2,14,13,12,13,2097,0.9748603351955307,0.0111731843575419,0.9567809239940388,0.014903129657228018,3334,0.5106228754249149,0.29514097180563886,5.458908218356329,0.36802639472105586,1809,0.3790123456790123,0.06419753086419754,0.3850746268656716,0.07064676616915423,3207,0.4510445899594635,0.6233239787963829,5.311817898347365,0.35957800644423654,1414,0.2251732101616628,0.13625866050808313,0.2563176895306859,0.1299638989169675,566,0.8243521790341578,0.25618374558303886,6.136042402826855,0.3496760895170789,12.92,12.88,12.08,11.74,1,2,1
500,1205740877,2,15,15,13,13,2103,0.9749478079331941,0.011134307585247043,0.9568452380952381,0.01488095238095238,3338,0.5109097263830636,0.2953864589574596,5.458957459556621,0.3679598562013182,1811,0.3797780517879161,0.06411837237977805,0.3856858846918489,0.0705765407554672,3213,0.4504616661479405,0.6234049175225646,5.311235605353253,0.35976242348791365,1418,0.22465437788018433,0.13709677419354838,0.25719424460431656,0.12949640287769784,567,0.8246619635508524,0.25573192239858905,6.135802469135802,0.3499412110523221,12.96,12.92,12.06,11.76,0,2,2
501,1205740878,2,12,13,12,13,2105,0.9749652294853964,0.011126564673157162,0.9569093610698366,0.014858841010401188,3346,0.5115311815102609,0.29557680812910936,5.459952181709504,0.36805140466228337,1814,0.3796068796068796,0.06511056511056511,0.3856858846918489,0.0705765407554672,3218,0.4506940128444167,0.6236793039154754,5.311684275947794,0.35992852703542566,1421,0.2243958573072497,0.13693901035673187,0.25627240143369173,0.12903225806451613,570,0.8247076023391813,0.2578947368421053,6.136842105263158,0.3502923976608187,12.94,12.9,12.04,11.82,-1,0,-1
502,1205740879,2,14,12,11,12,2112,0.975051975051975,0.011088011088011088,0.957037037037037,0.014814814814814815,3351,0.5116631851188699,0.2960310355117875,5.460459564309161,0.3678752611160848,1817,0.3803680981595092,0.06503067484662577,0.38492063492063494,0.07043650793650794,3224,0.45109594706368883,0.6240694789081885,5.3117245657568235,0.35995657568238204,1424,0.22477064220183487,0.13646788990825687,0.25627240143369173,0.12903225806451613,571,0.8250145942790426,0.2574430823117338,6.138353765323993,0.3501167542323409,12.94,12.86,12.0,11.8,2,3,2
503,1205740880,2,14,14,13,14,2117,0.975103734439834,0.011065006915629323,0.9571639586410635,0.014771048744460856,3359,0.5111888458866726,0.2965168204822864,5.4617445668353675,0.36774337600476337,1819,0.38112745098039214,0.06495098039215687,0.38453914767096137,0.07036669970267592,3231,0.4507892293407612,0.6236459300526153,5.311977715877437,0.3601052305787681,1427,0.22451317296678122,0.13631156930126,0.25892857142857145,0.12857142857142856,572,0.8253205128205128,0.256993006993007,6.138111888111888,0.34994172494172493,12.94,12.86,12.04,11.82,0,1,0
504,1205740881,2,13,12,12,13,2121,0.9751381215469613,0.011049723756906077,0.9572901325478645,0.014727540500736377,3364,0.5116181133571145,0.2969678953626635,5.461058263971463,0.3676426872770512,1828,0.38077858880778587,0.06447688564476886,0.38438735177865613,0.07015810276679842,3236,0.45071075401730515,0.6233003708281829,5.311495673671199,0.3601668726823238,1429,0.2242562929061785,0.13729977116704806,0.25846702317290554,0.12834224598930483,573,0.8256253635834787,0.25654450261780104,6.137870855148342,0.3506399069226294,12.92,12.88,12.04,11.82,1,1,0
505,1205740882,2,12,12,13,12,2124,0.9751552795031055,0.011042097998619738,0.9574155653450808,0.014684287812041116,3372,0.511812969553183,0.2974495848161329,5.461447212336892,0.36788256227758015,1834,0.37968561064087064,0.06408706166868199,0.384995064165844,0.0700888450148075,3241,0.4504782474544892,0.622955877815489,5.311015118790497,0.36015118790496753,1430,0.2242562929061785,0.13729977116704806,0.2580071174377224,0.12811387900355872,575,0.826231884057971,0.2573913043478261,6.137391304347826,0.3507246376811594,12.88,12.84,12.06,11.8,0,-1,0
506,1205740883,2,14,14,11,13,2129,0.975223675154852,0.011011699931176875,0.9574780058651027,0.01466275659824047,3380,0.5119329388560157,0.29792899408284024,5.461834319526627,0.3677514792899409,1835,0.37922705314009664,0.0640096618357488,0.384995064165844,0.0700888450148075,3249,0.4498307171437364,0.6232686980609419,5.310864881502001,0.36003385657125264,1431,0.22514285714285714,0.13714285714285715,0.2580071174377224,0.12811387900355872,575,0.826231884057971,0.2573913043478261,6.137391304347826,0.3507246376811594,12.9,12.86,12.04,11.84,0,3,1
507,1205740884,2,15,14,13,12,2134,0.9752407152682255,0.011004126547455296,0.9577259475218659,0.014577259475218658,3385,0.5117183653372722,0.29778434268833087,5.462038404726735,0.3678729689807977,1840,0.37906137184115524,0.06377858002406739,0.3842364532019704,0.06995073891625615,3254,0.45021511985248913,0.623540258143823,5.310694529809465,0.36009526736324515,1433,0.22488584474885845,0.13812785388127855,0.25754884547069273,0.12788632326820604,576,0.8265335648148148,0.2586805555555556,6.137152777777778,0.3505497685185185,12.92,12.86,12.02,11.84,1,2,3
508,1205740885,2,16,14,14,12,2136,0.9752747252747253,0.01098901098901099,0.9577259475218659,0.014577259475218658,3392,0.512136399371069,0.2980542452830189,5.461969339622642,0.3677771226415095,1844,0.3786057692307692,0.06370192307692307,0.38605108055009824,0.06974459724950884,3262,0.45054159002656846,0.6232372777437155,5.310852237890865,0.3602851011649294,1433,0.22488584474885845,0.13812785388127855,0.25754884547069273,0.12788632326820604,577,0.8268341998844598,0.2582322357019064,6.136915077989602,0.3503755054881571,12.98,12.86,12.04,11.82,2,2,4
509,1205740886,2,15,14,12,13,2141,0.9753255654557916,0.010966415352981495,0.9578488372093024,0.014534883720930232,3396,0.512122104436592,0.29799764428739695,5.461719670200235,0.3677120141342757,1845,0.3786057692307692,0.06370192307692307,0.38665358194308147,0.06967615309126594,3272,0.4504889975550121,0.6228606356968215,5.311124694376528,0.36055929095354516,1434,0.22462941847206386,0.1379703534777651,0.25754884547069273,0.12788632326820604,578,0.8271337946943483,0.2577854671280277,6.1366782006920415,0.35063437139561704,13.02,12.88,12.06,11.86,1,3,2
510,1205740887,2,13,13,11,11,2145,0.9753761969904241,0.01094391244870041,0.9579100145137881,0.01451378809869376,3399,0.5118172011375893,0.29802883200941455,5.461312150632539,0.3676816710797294,1849,0.37889688249400477,0.06354916067146282,0.3868756121449559,0.07051909892262488,3278,0.45057962172056115,0.6232458816351434,5.311470408785845,0.360509456985967,1436,0.2241183162684869,0.13879408418657566,0.25754884547069273,0.12788632326820604,581,0.8280263912794033,0.25817555938037867,6.142857142857143,0.3501147446930579,13.06,12.92,12.04,11.86,0,2,2
511,1205740888,2,14,11,11,13,2152,0.975443383356071,0.010914051841746248,0.958092485549133,0.014450867052023121,3404,0.5120936153544848,0.2978848413631022,5.461222091656874,0.3676556991774384,1850,0.37889688249400477,0.06354916067146282,0.38649706457925637,0.07045009784735812,3285,0.45083713850837126,0.6234398782343988,5.311111111111111,0.36045154743784874,1440,0.22360953461975028,0.13847900113507378,0.2584070796460177,0.12743362831858407,581,0.8280263912794033,0.25817555938037867,6.142857142857143,0.3501147446930579,13.08,12.9,12.02,11.9,3,3,1
512,1205740889,2,10,10,10,9,2154,0.9754601226993865,0.010906612133605999,0.9567099567099567,0.015873015873015872,3413,0.5115733958394373,0.29827131555816,5.462056841488427,0.3676384412540288,1850,0.37889688249400477,0.06354916067146282,0.38649706457925637,0.07045009784735812,3294,0.4511232544019428,0.6232544019429266,5.312689738919247,0.36022566282129115,1443,0.22423556058890148,0.13816534541336353,0.2579505300353357,0.127208480565371,583,0.827472841623785,0.2607204116638079,6.144082332761578,0.35105774728416234,13.02,12.84,11.98,11.84,0,0,1
513,1205740890,2,15,11,11,12,2159,0.9754935330156569,0.010891763104152484,0.9568965517241379,0.015804597701149427,3421,0.5114976127837862,0.2987430575855013,5.4624378836597485,0.3676556562408653,1858,0.3778307508939213,0.0631704410011919,0.3873170731707317,0.0702439024390244,3298,0.4511825348696178,0.6228016979987872,5.312613705275925,0.3601677784515867,1443,0.22423556058890148,0.13816534541336353,0.2579505300353357,0.127208480565371,584,0.8260559360730593,0.2602739726027397,6.1438356164383565,0.3513127853881278,13.04,12.78,11.94,11.88,4,4,3
514,1205740891,2,14,14,12,12,2163,0.9755434782608695,0.010869565217391304,0.9569583931133429,0.015781922525107604,3430,0.5111758989310008,0.29854227405247813,5.463265306122449,0.36771137026239076,1862,0.3773809523809524,0.0630952380952381,0.38910505836575876,0.07003891050583658,3303,0.45110505600968803,0.623069936421435,5.312140478353013,0.36007669795135727,1444,0.2239819004524887,0.13914027149321267,0.2579505300353357,0.127208480565371,585,0.8263532763532763,0.25982905982905985,6.145299145299146,0.35113960113960113,13.06,12.84,11.94,11.94,0,2,2
515,1205740892,2,14,14,12,13,2167,0.9755932203389831,0.010847457627118645,0.9570200573065902,0.015759312320916905,3436,0.5117384555684903,0.29860302677532014,5.463620488940629,0.36779685681024454,1867,0.37767220902612825,0.06294536817102138,0.3889427740058196,0.06983511154219205,3310,0.45130916414904315,0.6232628398791541,5.312084592145015,0.36022155085599183,1447,0.22460496613995484,0.13882618510158012,0.25749559082892415,0.12698412698412698,585,0.8263532763532763,0.25982905982905985,6.145299145299146,0.35113960113960113,13.08,12.88,11.92,11.94,0,2,1
516,1205740893,2,14,12,11,12,2174,0.9756592292089249,0.010818120351588911,0.9572039942938659,0.015691868758915834,3439,0.5119705340699814,0.2989241058447223,5.464088397790055,0.3678394882233208,1870,0.37722419928825623,0.06287069988137604,0.38915779283639884,0.07066795740561471,3318,0.45087402049427344,0.6235684147076552,5.312236286919831,0.3604832228249949,1450,0.22384701912260968,0.13835770528683913,0.25749559082892415,0.12698412698412698,586,0.8266496018202503,0.2593856655290102,6.145051194539249,0.3513936291240045,13.1,12.82,11.9,11.92,2,3,2
517,1205740894,2,11,11,11,11,2177,0.9757085020242915,0.010796221322537112,0.9572039942938659,0.015691868758915834,3446,0.511607661056297,0.2986070806732443,5.463726059199072,0.36774521183981435,1875,0.3754427390791027,0.06493506493506493,0.38878143133462284,0.07059961315280464,3326,0.4507666867107635,0.6232711966325917,5.312387251954299,0.3607436359991981,1453,0.22334455667789002,0.13916947250280584,0.25704225352112675,0.1267605633802817,587,0.8269449176604201,0.25894378194207834,6.144804088586031,0.35164679159568424,13.04,12.78,11.86,11.94,0,0,0
518,1205740895,2,12,12,10,11,2180,0.9757412398921833,0.01078167115902965,0.9572649572649573,0.01566951566951567,3453,0.5112945264986966,0.298580944106574,5.4636547929336805,0.36772371850564733,1876,0.3754427390791027,0.06493506493506493,0.3884057971014493,0.07053140096618357,3334,0.4513347330533891,0.6229754049190162,5.3125374925015,0.3606278744251149,1454,0.22334455667789002,0.13916947250280584,0.2565905096660808,0.1282952548330404,588,0.8272392290249433,0.2585034013605442,6.144557823129252,0.3514739229024943,13.0,12.78,11.82,11.92,0,2,1
519,1205740896,2,14,14,13,11,2189,0.9758226997985225,0.010745466756212223,0.9575070821529745,0.015580736543909348,3457,0.5109921897599072,0.2988140005785363,5.463118310673995,0.3677321376916402,1879,0.375736160188457,0.06478209658421673,0.38803088803088803,0.07046332046332046,3340,0.45112275449101774,0.6224550898203592,5.312574850299401,0.360503992015968,1457,0.22396416573348266,0.13885778275475924,0.256140350877193,0.1280701754385965,589,0.8275325410299943,0.25806451612903225,6.144312393887946,0.3517260894170911,13.06,12.84,11.82,11.9,0,1,3
520,1205740897,2,13,13,12,11,2193,0.9758874748827864,0.010716677829872739,0.9575070821529745,0.015580736543909348,3465,0.5105339105339103,0.2984126984126984,5.463492063492064,0.36760461760461766,1880,0.37529411764705883,0.06470588235294118,0.38803088803088803,0.07046332046332046,3349,0.45085597690852974,0.6225739026575097,5.312033442818752,0.360654921867224,1459,0.22371364653243847,0.13870246085011187,0.2574430823117338,0.12784588441331,589,0.8275325410299943,0.25806451612903225,6.144312393887946,0.3517260894170911,13.08,12.86,11.84,11.92,0,1,2
521,1205740898,2,14,14,13,10,2198,0.9759679572763685,0.010680907877169559,0.9575070821529745,0.015580736543909348,3470,0.5106628242074926,0.29827089337175794,5.4636887608069165,0.367435158501441,1881,0.37529411764705883,0.06470588235294118,0.38862102217936356,0.0703953712632594,3357,0.45097309105351985,0.6228775692582663,5.312183497170093,0.36046569357561303,1461,0.22433035714285715,0.13950892857142858,0.2574430823117338,0.12784588441331,590,0.8269774011299434,0.2593220338983051,6.1440677966101696,0.35197740112994347,13.06,12.88,11.84,11.88,0,1,4
522,1205740899,2,13,13,11,13,2204,0.9760479041916168,0.010645375914836993,0.9561527581329562,0.015558698727015558,3476,0.5103567318757191,0.298331415420023,5.464326812428078,0.36747219025700045,1883,0.37485311398354876,0.06462984723854288,0.3892100192678227,0.07032755298651253,3365,0.4513868251609706,0.6228826151560178,5.312332838038633,0.36050024764735006,1462,0.22433035714285715,0.13950892857142858,0.256993006993007,0.12762237762237763,592,0.8258727477477477,0.25844594594594594,6.143581081081081,0.35163288288288286,13.04,12.86,11.88,11.96,0,2,0
523,1205740900,2,14,14,13,14,2213,0.9761431411530815,0.010603048376408217,0.956338028169014,0.015492957746478873,3478,0.510159095265478,0.29844738355376654,5.464059804485337,0.3675483994632931,1888,0.373536299765808,0.06440281030444965,0.3894230769230769,0.07019230769230769,3372,0.4517843020956898,0.6221826809015422,5.312574139976276,0.3604191379992091,1464,0.22433035714285715,0.13950892857142858,0.2578397212543554,0.12717770034843207,593,0.8261663856098931,0.2580101180438449,6.143338954468803,0.35146149522203485,13.08,12.9,11.9,12.04,0,1,0
524,1205740901,2,11,11,12,10,2215,0.9761747187293184,0.010589013898080741,0.956338028169014,0.015492957746478873,3484,0.5098545732874089,0.2982204362801378,5.464982778415615,0.36741771909682364,1891,0.3742690058479532,0.06432748538011696,0.3886756238003839,0.0710172744721689,3381,0.45141969831410805,0.6223010943507838,5.313220940550133,0.3604949226067238,1471,0.22444444444444445,0.1411111111111111,0.2564991334488735,0.12824956672443674,593,0.8261663856098931,0.2580101180438449,6.143338954468803,0.35146149522203485,13.04,12.84,11.9,12.0,0,-1,1
525,1205740902,2,15,15,13,13,2222,0.9755936675461742,0.010554089709762533,0.9564606741573034,0.01544943820224719,3492,0.5106911034746084,0.2981099656357388,5.464776632302406,0.3672203130966018,1894,0.375,0.06425233644859812,0.3879310344827586,0.07088122605363985,3386,0.4513437684583577,0.6219728292971057,5.313644418192558,0.36062709194723364,1471,0.22444444444444445,0.1411111111111111,0.2564991334488735,0.12824956672443674,594,0.826459034792368,0.25757575757575757,6.143097643097643,0.35129068462401797,13.08,12.86,11.96,11.98,0,2,2
526,1205740903,2,11,14,13,11,2229,0.9756578947368421,0.010526315789473684,0.9566433566433566,0.015384615384615385,3497,0.5105328376703839,0.29854160709179295,5.464969974263655,0.367195691545134,1895,0.375,0.06425233644859812,0.3875598086124402,0.07177033492822966,3393,0.45085470085470064,0.6215738284703802,5.3138815207780725,0.36069358483151576,1477,0.22505543237250555,0.14079822616407983,0.25645438898450945,0.12736660929432014,595,0.826750700280112,0.2571428571428571,6.142857142857143,0.35154061624649857,13.08,12.92,12.0,11.98,-3,-2,0
527,1205740904,2,14,15,14,11,2238,0.9757536041939712,0.010484927916120577,0.9568245125348189,0.01532033426183844,3502,0.5105177993527505,0.298686464877213,5.4654483152484294,0.3673139158576052,1895,0.375,0.06425233644859812,0.3875598086124402,0.07177033492822966,3401,0.4509703028521021,0.621581887680094,5.314025286680388,0.36109477604626083,1478,0.22505543237250555,0.14079822616407983,0.25601374570446733,0.12714776632302405,596,0.8270413870246084,0.25671140939597314,6.14261744966443,0.35137024608501116,13.1,12.94,12.04,11.96,-1,0,3
528,1205740905,2,13,11,13,13,2245,0.9758169934640523,0.01045751633986928,0.957004160887656,0.015256588072122053,3507,0.5106453759148368,0.2985457656116339,5.465640148274879,0.36721794506225647,1898,0.3757292882147025,0.06417736289381563,0.387774594078319,0.07163323782234957,3408,0.4504841549295773,0.6208920187793427,5.313673708920188,0.36116001564945216,1482,0.2245575221238938,0.1415929203539823,0.2568493150684932,0.1267123287671233,597,0.8273310999441652,0.2562814070351759,6.142378559463987,0.3516192071468453,13.1,12.9,12.06,11.94,2,0,0
529,1205740906,2,15,14,10,12,2251,0.9758957654723127,0.010423452768729642,0.9570637119113573,0.015235457063711912,3512,0.5107725892179193,0.2984054669703872,5.465831435079727,0.3672646165527715,1900,0.3752913752913753,0.0641025641025641,0.38740458015267176,0.0715648854961832,3415,0.4504392386530013,0.6210834553440703,5.313323572474378,0.3612249877989262,1488,0.22466960352422907,0.14096916299559473,0.257679180887372,0.12627986348122866,597,0.8273310999441652,0.2562814070351759,6.142378559463987,0.3516192071468453,13.12,12.94,12.06,11.94,1,5,3
530,1205740907,2,15,13,15,11,2257,0.9759427828348505,0.010403120936280884,0.9572413793103448,0.015172413793103448,3517,0.5107098853189269,0.2979812340062553,5.46516917827694,0.36731115534072606,1902,0.3752913752913753,0.0641025641025641,0.38666666666666666,0.07142857142857142,3422,0.4504919150594192,0.6215663354763297,5.313559322033898,0.36143580751996873,1488,0.22466960352422907,0.14096916299559473,0.257679180887372,0.12627986348122866,598,0.8276198439241916,0.25585284280936454,6.142140468227424,0.35144927536231885,13.16,12.96,12.14,12.0,2,0,4
531,1205740908,2,14,14,12,14,2263,0.9759896171317326,0.010382868267358857,0.9574175824175825,0.01510989010989011,3522,0.5105527162597007,0.2978421351504827,5.465360590573538,0.3674285443876586,1903,0.3752913752913753,0.0641025641025641,0.38629876308277833,0.071360608943863,3430,0.4506073858114672,0.6215743440233236,5.313411078717201,0.361248785228377,1492,0.22637362637362637,0.14065934065934066,0.2585034013605442,0.12585034013605442,598,0.8276198439241916,0.25585284280936454,6.142140468227424,0.35144927536231885,13.18,12.96,12.16,12.04,0,2,0
532,1205740909,2,15,12,11,12,2268,0.9760362694300518,0.010362694300518135,0.9575342465753425,0.015068493150684932,3527,0.5105377563557317,0.2977034306776297,5.46526793308761,0.36747471883564886,1909,0.3755813953488372,0.06395348837209303,0.385781990521327,0.07203791469194312,3435,0.4499514798641434,0.6212518195050946,5.313245997088792,0.36123241145075197,1496,0.22587719298245615,0.14035087719298245,0.2593220338983051,0.1271186440677966,599,0.8279076238174735,0.25542570951585974,6.141903171953255,0.3512799109627156,13.26,12.98,12.22,12.06,3,4,3
533,1205740910,2,14,13,13,12,2272,0.9760827407886231,0.010342598577892695,0.957592339261286,0.015047879616963064,3535,0.5110325318246107,0.2978783592644979,5.464497878359264,0.3675860443187176,1914,0.37587006960556846,0.06380510440835267,0.3856332703213611,0.07277882797731569,3440,0.449878875968992,0.6209302325581395,5.313372093023256,0.36136143410852706,1499,0.22538293216630198,0.1400437636761488,0.26057529610829105,0.12690355329949238,600,0.8281944444444443,0.255,6.141666666666667,0.3515277777777778,13.32,13.0,12.24,12.08,1,1,2
534,1205740911,2,12,12,12,11,2274,0.9760827407886231,0.010342598577892695,0.9577080491132333,0.015006821282401092,3541,0.5112962439988701,0.2973736232702626,5.464840440553516,0.3675280052715805,1917,0.3765932792584009,0.06373117033603708,0.3858490566037736,0.07264150943396226,3448,0.4496568058778033,0.6209396751740139,5.312935034802784,0.36146558391337963,1503,0.22489082969432314,0.1408296943231441,0.2596964586846543,0.12647554806070826,601,0.8284803105934553,0.2545757071547421,6.141430948419301,0.3513588463671658,13.28,12.96,12.24,12.06,0,0,1
535,1205740912,2,11,11,10,12,2278,0.9761444229529336,0.010315925209542231,0.9577080491132333,0.015006821282401092,3547,0.5113711117376184,0.2982802368198478,5.466027628982238,0.367470162578705,1923,0.37759815242494227,0.06351039260969978,0.3847601128880527,0.07337723424270931,3452,0.45014967168791015,0.6210892236384704,5.313441483198146,0.3614812668984163,1504,0.22489082969432314,0.1408296943231441,0.25925925925925924,0.12794612794612795,604,0.8285044150110374,0.25496688741721857,6.144039735099338,0.3516832229580574,13.22,12.88,12.18,12.06,0,1,-1
536,1205740913,2,14,12,12,12,2282,0.976159793814433,0.010309278350515464,0.9578804347826086,0.014945652173913044,3555,0.5117674636661975,0.29873417721518986,5.465822784810126,0.3674871073605251,1928,0.37701149425287356,0.06321839080459771,0.38533834586466165,0.07330827067669173,3455,0.4503376748673418,0.6211287988422576,5.313169319826339,0.3614568258562469,1506,0.22489082969432314,0.1408296943231441,0.2600671140939597,0.12751677852348994,605,0.8287878787878787,0.2545454545454545,6.143801652892562,0.35192837465564736,13.2,12.82,12.16,12.04,2,2,2
537,1205740914,2,14,14,12,12,2283,0.9761751448808758,0.0103026400515132,0.9578804347826086,0.014945652173913044,3564,0.5113636363636361,0.2988215488215488,5.466049382716049,0.3675411522633745,1933,0.37757437070938216,0.06292906178489703,0.38591549295774646,0.07323943661971831,3461,0.4510016372917266,0.6209188095926033,5.313204276220746,0.3612636039680246,1508,0.22464558342420937,0.1406761177753544,0.2613065326633166,0.1273031825795645,606,0.8274202420242024,0.25577557755775576,6.143564356435643,0.35176017601760173,13.26,12.88,12.16,11.98,0,2,2
538,1205740915,2,12,13,11,12,2286,0.9762057877813505,0.010289389067524116,0.9579375848032564,0.014925373134328358,3574,0.51147174034695,0.29882484611080024,5.466424174594292,0.3674221227382951,1940,0.37813211845102507,0.06264236902050115,0.38670411985018727,0.07303370786516854,3465,0.45096200096200073,0.6207792207792208,5.313419913419914,0.36135161135161126,1511,0.22415669205658323,0.14145810663764963,0.2608695652173913,0.12709030100334448,607,0.8277045579352004,0.2553542009884679,6.1433278418451405,0.3515925315760571,13.24,12.88,12.12,11.94,-1,1,0
539,1205740916,2,15,14,14,11,2290,0.9762668377164849,0.010262989095574085,0.9579375848032564,0.014925373134328358,3580,0.5121042830540035,0.29860335195530724,5.466480446927374,0.36757448789571695,1941,0.37813211845102507,0.06264236902050115,0.3872778297474275,0.07296538821328344,3471,0.45090271775665014,0.6208585422068568,5.313166234514549,0.361303178718909,1517,0.22535211267605634,0.1419284940411701,0.26,0.12666666666666668,607,0.8277045579352004,0.2553542009884679,6.1433278418451405,0.3515925315760571,13.3,12.9,12.14,11.92,1,1,4
540,1205740917,2,13,13,10,12,2294,0.9762972453555413,0.010249839846252402,0.9580514208389715,0.014884979702300407,3588,0.5120772946859901,0.2987736900780379,5.465997770345597,0.36745169082125606,1947,0.37755102040816324,0.06235827664399093,0.3865546218487395,0.07282913165266107,3475,0.4503836930455633,0.6207194244604316,5.312805755395684,0.36131894484412463,1521,0.22486486486486487,0.14162162162162162,0.260797342192691,0.12624584717607973,608,0.8279879385964911,0.25493421052631576,6.1430921052631575,0.3514254385964912,13.32,12.9,12.08,11.92,0,3,1
541,1205740918,2,12,12,14,11,2298,0.9763427109974424,0.010230179028132993,0.9581081081081081,0.014864864864864866,3593,0.5120604879858982,0.2986362371277484,5.465627609240189,0.36742740513962335,1954,0.37740112994350283,0.06327683615819209,0.38790697674418606,0.07255813953488371,3480,0.450023946360153,0.6206896551724138,5.31235632183908,0.36130268199233706,1523,0.22462203023758098,0.14254859611231102,0.2603648424543947,0.12603648424543948,611,0.8288325150027277,0.25368248772504093,6.142389525368249,0.35092744135297327,13.36,12.88,12.14,11.9,0,-2,1
542,1205740919,2,14,14,14,13,2302,0.9763729246487867,0.010217113665389528,0.9582210242587601,0.014824797843665768,3598,0.5121826940893086,0.2987770983879933,5.465814341300723,0.36740318695571617,1955,0.37740112994350283,0.06327683615819209,0.387546468401487,0.0724907063197026,3488,0.44970852446483156,0.6204128440366973,5.3119266055045875,0.3612624235474005,1529,0.22413793103448276,0.14224137931034483,0.2602965403624382,0.12685337726523888,612,0.8291122004357298,0.25326797385620914,6.142156862745098,0.35076252723311546,13.4,12.9,12.16,11.96,0,0,1
543,1205740920,2,13,11,11,11,2307,0.9764331210191083,0.01019108280254777,0.9582772543741588,0.014804845222072678,3604,0.5116074731779502,0.2985571587125416,5.4658712541620424,0.3674158342582316,1959,0.37697516930022573,0.06320541760722348,0.38832252085264135,0.07228915662650602,3497,0.4493613573539222,0.6205318844724049,5.311695739205033,0.3614288437708511,1531,0.22365591397849463,0.14193548387096774,0.2602965403624382,0.12685337726523888,613,0.8293909733550843,0.2528548123980424,6.141924959216966,0.3510059815116911,13.4,12.86,12.12,11.96,2,2,2
544,1205740921,2,13,11,13,12,2315,0.9758730158730159,0.010158730158730159,0.9584450402144772,0.014745308310991957,3610,0.5115881809787625,0.2980609418282548,5.465373961218837,0.36735918744228996,1962,0.37697516930022573,0.06320541760722348,0.38724584103512016,0.07301293900184842,3501,0.44960963534228293,0.6203941730934018,5.31191088260497,0.36151575740264674,1535,0.22341568206229862,0.14285714285714285,0.260655737704918,0.12622950819672132,614,0.8296688382193268,0.254071661237785,6.141693811074918,0.3508414766558089,13.42,12.88,12.16,11.94,2,0,1
545,1205740922,2,14,13,13,13,2321,0.9759188846641318,0.010139416983523447,0.9586114819759679,0.014686248331108143,3617,0.5120726200350195,0.29776057506220627,5.465026264860382,0.3673394157220533,1965,0.3765501691093574,0.06313416009019165,0.3874538745387454,0.07287822878228782,3506,0.4498241110477275,0.6197946377638335,5.3114660581859665,0.36142802814223224,1536,0.22341568206229862,0.14285714285714285,0.2602291325695581,0.1260229132569558,615,0.8299457994579945,0.25365853658536586,6.1414634146341465,0.35067750677506776,13.46,12.9,12.16,11.96,1,1,1
546,1205740923,2,12,15,14,15,2325,0.9759493670886076,0.010126582278481013,0.9587217043941412,0.014647137150466045,3623,0.511224583678351,0.2978194866133039,5.464532155672095,0.3671450915447603,1972,0.37485970819304154,0.06397306397306397,0.38638454461821525,0.07359705611775529,3513,0.45006641996394325,0.6194136066040421,5.311984059208654,0.3614432109308282,1536,0.22341568206229862,0.14285714285714285,0.2602291325695581,0.1260229132569558,617,0.8288762830902214,0.25283630470016205,6.1410048622366284,0.3503511615343058,13.44,12.94,12.18,12.04,-3,-2,-3
547,1205740924,2,13,12,15,14,2330,0.97602523659306,0.010094637223974764,0.9587217043941412,0.014647137150466045,3630,0.5110651974288335,0.2972451790633609,5.464187327823692,0.3669191919191919,1977,0.3744394618834081,0.06390134529147982,0.386801099908341,0.07332722273143905,3517,0.44998104445076276,0.6195621268126243,5.31248222917259,0.36145862951379004,1539,0.22376873661670235,0.14346895074946467,0.2602291325695581,0.1260229132569558,618,0.8291531823085221,0.2524271844660194,6.140776699029126,0.35018878101402373,13.42,12.9,12.22,12.1,1,-2,-1
548,1205740925,2,12,12,13,11,2332,0.9760554505356017,0.010081915563957152,0.9587217043941412,0.014647137150466045,3641,0.5103451432756566,0.29717110683878056,5.463883548475693,0.3671152613750801,1983,0.37472035794183445,0.06375838926174497,0.3863013698630137,0.0730593607305936,3522,0.450194018550066,0.6201022146507666,5.312606473594548,0.3613713798977852,1540,0.22376873661670235,0.14346895074946467,0.25980392156862747,0.12745098039215685,619,0.8278136779752288,0.2520193861066236,6.140549273021001,0.35043080236941304,13.4,12.88,12.22,12.08,0,-1,1
549,1205740926,2,14,13,13,13,2336,0.9761156505342552,0.01005656819610308,0.9587217043941412,0.014647137150466045,3646,0.5107423660632654,0.2975863960504663,5.463795940756994,0.3673660632656793,1987,0.37639198218262804,0.06347438752783964,0.3863013698630137,0.0730593607305936,3529,0.44996221781430035,0.6205724001133466,5.312269764805894,0.36150467554548016,1544,0.22305229455709713,0.14300960512273211,0.25938009787928223,0.1272430668841762,620,0.8280913978494623,0.25161290322580643,6.140322580645162,0.35067204301075267,13.4,12.88,12.24,12.08,1,1,1
550,1205740927,2,11,14,15,14,2341,0.9761606022584692,0.010037641154328732,0.9588313413014609,0.014608233731739707,3649,0.5107792089156844,0.2976157851466155,5.463414634146342,0.3674065954142688,1994,0.3751387347391787,0.06326304106548279,0.38762511373976344,0.07279344858962693,3537,0.4496513052492694,0.6208651399491094,5.311563471868816,0.3613231552162849,1547,0.22234042553191488,0.1425531914893617,0.25938009787928223,0.1272430668841762,621,0.8283682232957594,0.25120772946859904,6.140096618357488,0.35050993022007515,13.32,12.86,12.28,12.1,-3,-4,-3
551,1205740928,2,12,14,14,10,2344,0.976205385097057,0.010018785222291797,0.9588313413014609,0.014608233731739707,3656,0.5103482859226839,0.2975929978118162,5.463894967177243,0.36754649890590807,1999,0.37389380530973454,0.06305309734513274,0.3887375113533152,0.07266121707538602,3546,0.44963808986651604,0.6209813874788495,5.311336717428088,0.3613226170332768,1549,0.22316684378320936,0.14240170031880978,0.25895765472312704,0.1270358306188925,621,0.8283682232957594,0.25120772946859904,6.140096618357488,0.35050993022007515,13.32,12.88,12.32,12.04,-2,-2,2
552,1205740929,2,14,14,11,9,2347,0.9762351469668543,0.010006253908692933,0.9575596816976127,0.014588859416445624,3662,0.5103313307846348,0.2976515565264883,5.463681048607318,0.3673539049699618,2005,0.3737596471885336,0.06284454244762955,0.3894927536231884,0.07246376811594203,3550,0.4496948356807509,0.6205633802816901,5.3109859154929575,0.36126760563380267,1551,0.22316684378320936,0.14240170031880978,0.2597402597402597,0.1266233766233766,624,0.829193376068376,0.2516025641025641,6.139423076923077,0.3504273504273504,13.32,12.92,12.32,11.98,0,3,5
553,1205740930,2,14,12,11,13,2350,0.9762796504369539,0.009987515605493134,0.9575596816976127,0.014588859416445624,3671,0.5101243984382091,0.2980114410242441,5.463361481885045,0.3672704985017706,2009,0.3747252747252747,0.06373626373626373,0.3891402714932127,0.07239819004524888,3553,0.4495965850455012,0.6206023079088094,5.311004784688995,0.36124401913875587,1553,0.22269353128313893,0.1420996818663839,0.2597402597402597,0.1266233766233766,625,0.8294666666666666,0.2512,6.1392,0.35106666666666664,13.32,12.88,12.28,11.96,2,3,1
554,1205740931,2,14,16,13,11,2353,0.9763092269326683,0.00997506234413965,0.9576158940397351,0.01456953642384106,3680,0.5099637681159418,0.2980978260869565,5.464130434782609,0.3670516304347826,2011,0.3754116355653128,0.06366630076838639,0.3896925858951175,0.07233273056057866,3561,0.4494289993447531,0.6211738275765234,5.310586913788262,0.36099410278011784,1555,0.22328042328042327,0.14179894179894179,0.2597402597402597,0.1266233766233766,627,0.8300106326422115,0.2503987240829346,6.138755980861244,0.35114300903774587,13.34,12.96,12.3,11.92,-2,1,3
555,1205740932,2,14,12,14,12,2358,0.9763534536403236,0.009956440572495333,0.9577278731836195,0.01453104359313078,3687,0.5100804628876229,0.29807431516137783,5.463791700569569,0.36714582768284965,2014,0.37609649122807015,0.06359649122807018,0.38898916967509023,0.07220216606498195,3567,0.4490935426595643,0.6209700028034764,5.310064479955145,0.3609475749929912,1557,0.22304439746300211,0.1416490486257928,0.2593192868719611,0.12641815235008103,628,0.8302813163481952,0.25,6.138535031847134,0.35098195329087045,13.38,12.96,12.32,11.92,2,0,2
556,1205740933,2,10,10,12,10,2360,0.9763828464885022,0.009944064636420136,0.9577278731836195,0.01453104359313078,3696,0.5096500721500719,0.2976190476190476,5.464015151515151,0.3669282106782107,2020,0.37568455640744797,0.06352683461117196,0.3881401617250674,0.07277628032345014,3574,0.44877354971087463,0.621152770005596,5.31141578063794,0.36073027420257403,1559,0.22280887011615627,0.14149947201689547,0.2588996763754045,0.1262135922330097,631,0.8295034337031166,0.2519809825673534,6.1394611727416795,0.3512942419440042,13.3,12.88,12.34,11.86,0,-2,0
557,1205740934,2,12,14,13,13,2363,0.9764121663563005,0.009931719428926133,0.9577836411609498,0.014511873350923483,3702,0.5090941833243289,0.2976769313884387,5.464883846569422,0.3667386998019089,2025,0.37663755458515286,0.06331877729257641,0.3874439461883408,0.0726457399103139,3584,0.4490094866071426,0.62109375,5.311941964285714,0.36077008928571414,1560,0.22280887011615627,0.14149947201689547,0.25848142164781907,0.1260096930533118,632,0.8297732067510548,0.25158227848101267,6.139240506329114,0.35152953586497887,13.24,12.88,12.34,11.88,-2,-1,-1
558,1205740935,2,12,10,11,12,2365,0.9758064516129032,0.01054590570719603,0.9578392621870883,0.014492753623188406,3711,0.5100152699182607,0.2974939369442199,5.464025869037995,0.3667475074104015,2033,0.37717391304347825,0.06304347826086956,0.386952636282395,0.07238605898123325,3589,0.44935915296740014,0.6210643633324046,5.311786012816941,0.36068542769573686,1562,0.22257383966244726,0.14240506329113925,0.25806451612903225,0.12580645161290321,632,0.8297732067510548,0.25158227848101267,6.139240506329114,0.35152953586497887,13.16,12.8,12.28,11.88,2,1,0
559,1205740936,2,14,13,12,13,2368,0.9758513931888545,0.010526315789473684,0.9578392621870883,0.014492753623188406,3717,0.5098197471078824,0.29728275490987355,5.463814904492871,0.3668280871670702,2040,0.37703141928494044,0.06392199349945829,0.3873552983081033,0.07212822796081923,3597,0.4490547678621071,0.6205170975813178,5.31248262440923,0.360508757297748,1562,0.22257383966244726,0.14240506329113925,0.25806451612903225,0.12580645161290321,634,0.8292586750788643,0.25236593059936907,6.138801261829653,0.3519978969505783,13.14,12.78,12.28,11.88,1,2,1
560,1205740937,2,15,13,13,14,2375,0.975925925925926,0.010493827160493827,0.9579500657030223,0.01445466491458607,3720,0.5099462365591395,0.29731182795698924,5.463709677419355,0.36693548387096775,2045,0.3783783783783784,0.06378378378378378,0.38632326820603907,0.0719360568383659,3604,0.4494311875693671,0.6206992230854605,5.312153163152053,0.3604328523862374,1564,0.22339304531085352,0.1422550052687039,0.25925925925925924,0.12560386473429952,634,0.8292586750788643,0.25236593059936907,6.138801261829653,0.3519978969505783,13.18,12.78,12.32,11.94,2,2,1
561,1205740938,2,15,13,11,11,2379,0.9759852216748769,0.010467980295566502,0.9579500657030223,0.01445466491458607,3727,0.5098828369555493,0.2978266702441642,5.4639119935605045,0.3669841695733834,2049,0.37823275862068967,0.06357758620689655,0.38686779059449866,0.07187222715173026,3610,0.44979224376731275,0.6207756232686981,5.31218836565097,0.3603878116343489,1567,0.2231578947368421,0.14210526315789473,0.25842696629213485,0.12520064205457465,636,0.8290094339622641,0.25157232704402516,6.138364779874214,0.35207023060796644,13.2,12.82,12.32,11.9,2,4,4
562,1205740939,2,13,14,11,14,2383,0.9760295021511985,0.010448678549477565,0.958005249343832,0.014435695538057743,3735,0.5093708165997319,0.29799196787148596,5.46425702811245,0.3671352074966533,2055,0.3791621911922664,0.06337271750805586,0.38672566371681416,0.07168141592920355,3615,0.44917012448132754,0.620746887966805,5.311756569847856,0.360235131396957,1568,0.22292323869610936,0.14195583596214512,0.25842696629213485,0.12520064205457465,638,0.8295454545454546,0.2507836990595611,6.137931034482759,0.3521421107628004,13.26,12.9,12.34,12.0,-1,2,-1
563,1205740940,2,14,13,12,13,2392,0.9761029411764706,0.010416666666666666,0.95822454308094,0.014360313315926894,3739,0.5096282428456803,0.29767317464562715,5.464295266113934,0.3670767584915753,2056,0.3791621911922664,0.06337271750805586,0.3863837312113174,0.07161803713527852,3620,0.4489640883977898,0.6207182320441988,5.311325966850829,0.3601519337016573,1572,0.22350472193074503,0.1416579223504722,0.2576,0.1248,639,0.82981220657277,0.25039123630672927,6.137715179968701,0.3523735002608242,13.24,12.94,12.36,12.02,1,2,1
564,1205740941,2,14,15,14,13,2398,0.9755501222493888,0.01039119804400978,0.9583333333333334,0.014322916666666666,3745,0.5096128170894523,0.2977303070761015,5.463818424566088,0.3670894526034713,2058,0.3791621911922664,0.06337271750805586,0.38746690203000883,0.07149161518093557,3626,0.44932432432432406,0.6210700496414782,5.311362382790954,0.36010755653612786,1574,0.22408376963350785,0.1424083769633508,0.2576,0.1248,640,0.830078125,0.25,6.1375,0.35260416666666666,13.24,12.96,12.4,12.04,-1,0,1
565,1205740942,2,13,11,10,14,2403,0.975609756097561,0.010365853658536586,0.9583875162548765,0.014304291287386216,3750,0.5094666666666664,0.2976,5.463733333333334,0.36704444444444445,2061,0.3798283261802575,0.06330472103004292,0.38678414096916297,0.07136563876651983,3634,0.44929829389102893,0.6210787011557513,5.311502476609796,0.36014034122179406,1577,0.22384937238493724,0.14330543933054393,0.2583732057416268,0.12440191387559808,641,0.8303432137285491,0.24960998439937598,6.137285491419656,0.3528341133645346,13.22,12.9,12.36,12.06,2,3,-1
566,1205740943,2,14,14,12,12,2407,0.9756394640682094,0.010353227771010963,0.9584954604409858,0.014267185473411154,3758,0.5088256164626571,0.29723257051623203,5.463544438531134,0.3670835550824907,2066,0.3786096256684492,0.06310160427807486,0.38698328935795956,0.0712401055408971,3641,0.44939577039274897,0.6209832463608899,5.312551496841527,0.3601345784125239,1577,0.22384937238493724,0.14330543933054393,0.2583732057416268,0.12440191387559808,643,0.8293157076205288,0.25038880248833595,6.136858475894246,0.3529030585795749,13.22,12.94,12.38,12.06,0,2,2
567,1205740944,2,11,12,8,10,2411,0.9756542909312234,0.010346926354230066,0.9573643410852714,0.015503875968992248,3768,0.5082714083510259,0.29750530785562634,5.464171974522293,0.36703821656050956,2068,0.37780149413020275,0.06296691568836713,0.38698328935795956,0.0712401055408971,3648,0.4492644371345027,0.6208881578947368,5.312225877192983,0.3602658991228069,1581,0.22291666666666668,0.14270833333333333,0.2583732057416268,0.12440191387559808,644,0.8295807453416149,0.25,6.136645962732919,0.35313146997929606,13.22,12.96,12.32,12.04,-1,3,1
568,1205740945,2,13,14,11,12,2414,0.9756986634264885,0.010328068043742407,0.9573643410852714,0.015503875968992248,3775,0.5086092715231785,0.29721854304635764,5.463841059602649,0.3671523178807947,2073,0.37912673056443025,0.06283280085197018,0.38596491228070173,0.07105263157894737,3653,0.44947075463089675,0.6208595674787846,5.312346016972351,0.36032028469750876,1586,0.22245322245322247,0.14241164241164242,0.25873015873015875,0.1253968253968254,645,0.8290697674418605,0.25116279069767444,6.136434108527132,0.35335917312661497,13.24,13.0,12.34,12.06,-1,2,1
569,1205740946,2,12,13,11,13,2416,0.9757281553398058,0.010315533980582525,0.9573643410852714,0.015503875968992248,3783,0.508591065292096,0.29764736981231826,5.463917525773196,0.3671028284430346,2081,0.3798941798941799,0.06243386243386243,0.3861646234676007,0.07092819614711034,3658,0.449266447967924,0.6205576817933297,5.311919081465281,0.360306178239475,1589,0.2232606438213915,0.142263759086189,0.25949367088607594,0.125,646,0.8293343653250774,0.25077399380804954,6.136222910216718,0.3535861713106295,13.2,12.98,12.3,12.1,-1,1,-1
570,1205740947,2,13,13,12,12,2418,0.9757575757575757,0.010303030303030303,0.9573643410852714,0.015503875968992248,3792,0.5088343881856537,0.2974683544303797,5.463871308016878,0.3671545358649789,2085,0.379492600422833,0.06236786469344609,0.3868995633187773,0.07074235807860262,3665,0.4492723965438834,0.6204638472032742,5.312141882673942,0.3606412005457025,1591,0.22279792746113988,0.14196891191709846,0.25949367088607594,0.125,647,0.8295981452859351,0.250386398763524,6.1360123647604325,0.3534260690365791,13.2,12.98,12.3,12.12,0,1,1
571,1205740948,2,15,14,13,13,2422,0.9758015728977616,0.0102843315184513,0.9574193548387097,0.015483870967741935,3800,0.5090789473684207,0.2976315789473684,5.46421052631579,0.3670394736842105,2087,0.3801478352692714,0.06230200633579725,0.3865619546247818,0.07068062827225131,3674,0.448580112502268,0.6200326619488297,5.311649428415896,0.36057430593358725,1591,0.22279792746113988,0.14196891191709846,0.25949367088607594,0.125,648,0.8298611111111112,0.25,6.135802469135802,0.3532664609053498,13.22,12.98,12.3,12.18,1,2,2
572,1205740949,2,12,13,12,12,2425,0.9758162031438936,0.010278113663845224,0.9575289575289575,0.015444015444015444,3808,0.5089723389355739,0.2977941176470588,5.464810924369748,0.3670561974789916,2089,0.3814541622760801,0.06217070600632244,0.3865619546247818,0.07068062827225131,3682,0.4485560383849355,0.6197718631178707,5.311243889190657,0.36067354698533394,1593,0.22279792746113988,0.14196891191709846,0.26025236593059936,0.12618296529968454,650,0.8303846153846154,0.25076923076923074,6.135384615384615,0.35294871794871796,13.2,12.98,12.32,12.16,-1,0,0
573,1205740950,2,14,15,10,14,2429,0.9758454106280193,0.010265700483091788,0.9576379974326059,0.01540436456996149,3810,0.5090988626421694,0.29763779527559053,5.465091863517061,0.3672353455818023,2095,0.38130252100840334,0.06197478991596639,0.3872932985204526,0.07049608355091384,3689,0.4484729375621214,0.6196801301165628,5.310653293575495,0.36073461642721594,1599,0.2233712512926577,0.14167528438469493,0.2617554858934169,0.12539184952978055,651,0.8306451612903226,0.2519201228878648,6.135176651305684,0.35279057859703017,13.2,13.0,12.26,12.16,-1,4,0
574,1205740951,2,13,12,12,13,2432,0.975859987929994,0.010259505129752565,0.9577464788732394,0.015364916773367477,3814,0.5090893200489423,0.2975878342947037,5.4651284740429995,0.36724348890054187,2100,0.381151832460733,0.061780104712041886,0.38835794960903564,0.07037358818418767,3693,0.4482579655203536,0.619821283509342,5.3103168155970755,0.3607500676956403,1606,0.22291021671826625,0.14138286893704852,0.26127527216174184,0.12441679626749612,654,0.8306574923547401,0.25229357798165136,6.136085626911315,0.35270132517838937,13.24,13.02,12.26,12.22,1,1,0
575,1205740952,2,13,12,13,12,2436,0.9759036144578314,0.010240963855421687,0.9578005115089514,0.015345268542199489,3819,0.5088155712664744,0.29798376538360827,5.465043205027494,0.36735183730470455,2102,0.3807531380753138,0.06171548117154812,0.3888888888888889,0.0703125,3702,0.44842877723752905,0.6196650459211237,5.310913019989195,0.3607734557896631,1610,0.2242798353909465,0.14094650205761317,0.2608695652173913,0.12577639751552794,656,0.8296493902439024,0.2545731707317073,6.135670731707317,0.35315040650406504,13.2,12.96,12.26,12.2,1,0,1
576,1205740953,2,13,15,12,13,2440,0.9759470835838846,0.010222489476849068,0.9578544061302682,0.01532567049808429,3822,0.5086778301064012,0.2977498691784406,5.465463108320251,0.36739054596197457,2106,0.38100208768267224,0.061586638830897704,0.389948006932409,0.07019064124783363,3710,0.44813566936208427,0.6196765498652291,5.310242587601079,0.3607367475292002,1615,0.22336065573770492,0.1403688524590164,0.262015503875969,0.12558139534883722,657,0.8299086757990868,0.2541856925418569,6.135464231354642,0.35299340436326737,13.24,12.98,12.24,12.24,-2,1,0
577,1205740954,2,13,12,12,14,2443,0.9759903961584634,0.01020408163265306,0.9578544061302682,0.01532567049808429,3830,0.5087902523933853,0.29765013054830286,5.465274151436032,0.36740644038294173,2116,0.3804573804573805,0.061330561330561334,0.3913793103448276,0.06982758620689655,3714,0.4484607790342845,0.6195476575121163,5.310716208939149,0.3606174833961585,1616,0.22336065573770492,0.1403688524590164,0.26160990712074306,0.12538699690402477,658,0.8301671732522796,0.25379939209726443,6.135258358662614,0.3528368794326241,13.22,12.92,12.2,12.3,1,1,-1
578,1205740955,2,14,13,13,13,2449,0.9760479041916168,0.010179640718562874,0.9579617834394905,0.015286624203821656,3835,0.5086484137331592,0.2980443285528031,5.465189048239895,0.3673837461973055,2119,0.38006230529595014,0.0612668743509865,0.39070567986230637,0.06970740103270223,3722,0.44884022926741873,0.6195593766792047,5.310854379365932,0.36051406054092766,1618,0.22392638036809817,0.1411042944785276,0.26160990712074306,0.12538699690402477,658,0.8301671732522796,0.25379939209726443,6.135258358662614,0.3528368794326241,13.24,12.96,12.2,12.3,1,1,1
579,1205740956,2,12,11,14,12,2453,0.9760622381807301,0.010173548773189706,0.9581218274111675,0.015228426395939087,3840,0.5091579861111108,0.29765625,5.46484375,0.36736111111111114,2122,0.3796680497925311,0.061203319502074686,0.3900343642611684,0.070446735395189,3731,0.4486956133297595,0.6191369606003753,5.310372554274993,0.36051550075940303,1622,0.2247191011235955,0.14096016343207354,0.26040061633281975,0.12480739599383667,658,0.8301671732522796,0.25379939209726443,6.135258358662614,0.3528368794326241,13.18,12.9,12.28,12.3,1,-2,0
580,1205740957,2,11,11,10,10,2454,0.9760765550239234,0.010167464114832535,0.9581218274111675,0.015228426395939087,3848,0.5097886347886346,0.2978170478170478,5.46491683991684,0.36724705474705477,2127,0.37888198757763975,0.061076604554865424,0.390745501285347,0.0702656383890317,3735,0.44915216421240495,0.619277108433735,5.310575635876841,0.3604640785363675,1627,0.22426095820591233,0.14067278287461774,0.2607361963190184,0.12423312883435583,658,0.8301671732522796,0.25379939209726443,6.135258358662614,0.3528368794326241,13.1,12.86,12.18,12.28,0,1,1
581,1205740958,2,14,14,15,11,2458,0.9761194029850746,0.010149253731343283,0.9581749049429658,0.015209125475285171,3856,0.5096818810511754,0.29771784232365145,5.464470954356846,0.36745764177040113,2130,0.3795243019648397,0.06101344364012409,0.3900769888793841,0.07014542343883662,3737,0.44931317456069914,0.6194808670056194,5.310409419320311,0.36047185799661036,1633,0.22436548223350253,0.1401015228426396,0.2599388379204893,0.12385321100917432,659,0.8299190692969145,0.2534142640364188,6.1350531107738995,0.353439554881133,13.1,12.86,12.24,12.22,0,-1,3
582,1205740959,2,13,13,14,14,2464,0.9761620977353993,0.010131108462455305,0.9583333333333334,0.015151515151515152,3862,0.5099689280165715,0.2980321077162092,5.464267219057483,0.36746935957189714,2133,0.38016528925619836,0.060950413223140494,0.38941076003415886,0.07002561912894961,3744,0.4488292378917377,0.6193910256410257,5.310363247863248,0.36059918091168075,1634,0.22436548223350253,0.1401015228426396,0.2595419847328244,0.12366412213740458,660,0.8301767676767676,0.25303030303030305,6.134848484848485,0.3536616161616161,13.06,12.88,12.3,12.26,0,-1,-1
583,1205740960,2,13,14,13,14,2472,0.976218787158145,0.010107015457788348,0.9585427135678392,0.01507537688442211,3865,0.5097024579560153,0.2980595084087969,5.463906856403622,0.3674428633031479,2138,0.37899073120494337,0.0607621009268795,0.3895993179880648,0.06990622335890878,3752,0.44907160625444187,0.6188699360341151,5.310234541577826,0.36071872778962316,1636,0.22413793103448276,0.13995943204868155,0.25914634146341464,0.12347560975609756,661,0.8304336863338375,0.2526475037821483,6.1346444780635405,0.3535047907211296,13.04,12.9,12.3,12.3,-1,0,-1
584,1205740961,2,13,14,11,11,2476,0.9762470308788599,0.010095011876484561,0.9586466165413534,0.015037593984962405,3871,0.5101610264358906,0.298372513562387,5.463704469129424,0.3675191595625592,2142,0.37899073120494337,0.0607621009268795,0.3899745114698386,0.07051826677994902,3757,0.44940555407683414,0.6185786531807294,5.310354005855736,0.36077100523467287,1639,0.22345803842264914,0.14155712841253792,0.25914634146341464,0.12347560975609756,664,0.8311997991967871,0.25301204819277107,6.135542168674699,0.3534136546184739,13.06,12.94,12.28,12.3,-1,2,2
585,1205740962,2,14,13,12,12,2481,0.9762611275964391,0.010089020771513354,0.9588528678304239,0.014962593516209476,3874,0.5104112889347786,0.2981414558595767,5.463345379452762,0.3674926862846326,2145,0.3786008230452675,0.060699588477366256,0.39016115351993214,0.07039864291772689,3764,0.4493668083599006,0.6187566418703507,5.310308182784272,0.360764257881686,1645,0.22255790533736153,0.14098690835850958,0.25835866261398177,0.12310030395136778,665,0.831453634085213,0.25413533834586466,6.135338345864661,0.3532581453634085,13.12,12.98,12.32,12.3,1,2,2
586,1205740963,2,13,13,13,11,2485,0.97628927089508,0.01007705986959099,0.9589552238805971,0.014925373134328358,3880,0.5102233676975942,0.2981958762886598,5.463144329896907,0.36743986254295535,2149,0.37923946557040084,0.06063720452209661,0.38917089678510997,0.07021996615905245,3770,0.4492263483642792,0.6183023872679045,5.310610079575596,0.36098585322723237,1649,0.22311557788944725,0.1407035175879397,0.2590909090909091,0.12272727272727273,666,0.8317067067067067,0.25375375375375375,6.135135135135135,0.3531031031031031,13.1,13.0,12.34,12.28,0,0,2
587,1205740964,2,10,10,12,10,2487,0.9763173475429248,0.010065127294256957,0.9589552238805971,0.014925373134328358,3886,0.510207582775776,0.2982501286670098,5.463201235203294,0.36725853491164867,2153,0.37923946557040084,0.06063720452209661,0.38870151770657674,0.07082630691399663,3775,0.44916114790286954,0.6185430463576159,5.3109933774834435,0.360905077262693,1654,0.2226680040120361,0.14042126379137412,0.2579185520361991,0.12518853695324283,670,0.8274875621890546,0.2537313432835821,6.137313432835821,0.3528606965174129,13.02,12.92,12.34,12.24,0,-2,0
588,1205740965,2,14,14,10,13,2491,0.9763593380614657,0.01004728132387707,0.9590062111801242,0.014906832298136646,3891,0.510322967531911,0.29838087895142634,5.463120020560267,0.3671935235158057,2155,0.3788501026694045,0.060574948665297744,0.388374052232519,0.07076663858466722,3781,0.4486687825090362,0.6186194128537424,5.310499867759852,0.3610596843868464,1662,0.22355289421157684,0.1407185628742515,0.25675675675675674,0.12462462462462462,671,0.82625434674615,0.2533532041728763,6.137108792846497,0.35270740188772975,13.06,12.94,12.32,12.26,0,4,1
589,1205740966,2,14,15,12,12,2495,0.976401179941003,0.010029498525073746,0.9590570719602978,0.01488833746898263,3897,0.510691985287828,0.29843469335386197,5.462663587374903,0.3670772389017193,2161,0.37871033776867963,0.06038894575230297,0.38907563025210085,0.07058823529411765,3785,0.44845882870981923,0.6184940554821664,5.310171730515192,0.36094231616028166,1665,0.22310756972111553,0.14043824701195218,0.25787106446776614,0.12443778110944528,672,0.8265128968253967,0.25297619047619047,6.136904761904762,0.35292658730158727,13.04,12.96,12.28,12.28,-1,2,2
590,1205740967,2,14,10,13,12,2502,0.9764567392583873,0.010005885815185403,0.9592088998763906,0.014833127317676144,3904,0.511313183060109,0.2978995901639344,5.462858606557377,0.3671234631147541,2168,0.37857142857142856,0.061224489795918366,0.38860971524288107,0.07035175879396985,3789,0.4480733702823962,0.618368962787015,5.309844286091317,0.36102313715140305,1665,0.22310756972111553,0.14043824701195218,0.25787106446776614,0.12443778110944528,673,0.8267706785537394,0.2526002971768202,6.136701337295691,0.3527736503219415,13.06,12.9,12.34,12.28,4,1,2
591,1205740968,2,12,14,15,13,2507,0.9764982373678026,0.0099882491186839,0.9580764488286067,0.014796547472256474,3911,0.5109094008352507,0.2978777806187676,5.462541549475837,0.36710559959089745,2173,0.3788187372708758,0.06109979633401222,0.38847117794486213,0.07101086048454469,3794,0.4481857318573183,0.6183447548761202,5.3104902477596205,0.36114039711825674,1666,0.2228855721393035,0.14029850746268657,0.25787106446776614,0.12443778110944528,676,0.8275394477317554,0.25443786982248523,6.136094674556213,0.35305719921104534,13.06,12.94,12.36,12.32,-2,-3,-1
592,1205740969,2,13,13,12,13,2510,0.9765258215962441,0.009976525821596244,0.958128078817734,0.014778325123152709,3914,0.5109010390052799,0.2979049565661727,5.462187020950434,0.3670797138477261,2181,0.3803245436105477,0.061866125760649086,0.3871773522064946,0.07077435470441298,3803,0.44843982820580214,0.6176702603207994,5.310281356823561,0.3610088526601804,1669,0.22266401590457258,0.14015904572564614,0.2585949177877429,0.12406576980568013,677,0.8277941900541604,0.25406203840472674,6.13589364844904,0.35290497291974393,13.04,12.92,12.32,12.32,0,1,0
593,1205740970,2,12,13,11,15,2513,0.9765395894428153,0.00997067448680352,0.9582309582309583,0.014742014742014743,3924,0.5107883112470266,0.2979102956167176,5.462283384301733,0.3671211348963642,2186,0.38119312436804853,0.06167846309403438,0.3873649210307564,0.0714879467996675,3806,0.4480863548782621,0.617708880714661,5.310562270099842,0.3609213522508319,1673,0.222001982160555,0.13974231912784935,0.25970149253731345,0.12388059701492538,678,0.8280481809242871,0.2536873156342183,6.135693215339233,0.35312192723697144,13.02,12.96,12.32,12.4,-1,1,-3
594,1205740971,2,13,13,12,11,2515,0.9765533411488863,0.00996483001172333,0.9582822085889571,0.014723926380368098,3933,0.5107212475633526,0.2979913551995932,5.462496821764557,0.36717094669039746,2188,0.38181818181818183,0.06161616161616162,0.38704318936877075,0.07142857142857142,3813,0.44805052889238545,0.6176239181746657,5.311827956989247,0.36071772008042646,1674,0.22277227722772278,0.13960396039603962,0.25970149253731345,0.12388059701492538,681,0.8288056779246206,0.2540381791483113,6.136563876651983,0.35266764561918745,13.02,13.0,12.3,12.38,0,1,2
595,1205740972,2,13,14,12,12,2522,0.9766218585622443,0.009935710111046173,0.9583843329253366,0.014687882496940025,3936,0.5108401084010837,0.29776422764227645,5.462398373983739,0.36727218834688347,2192,0.3810483870967742,0.06149193548387097,0.3864013266998342,0.07213930348258707,3822,0.4485653235653233,0.6172161172161172,5.311355311355311,0.3608276643990928,1677,0.22332015810276679,0.13932806324110672,0.2593144560357675,0.12369597615499255,681,0.8288056779246206,0.2540381791483113,6.136563876651983,0.35266764561918745,13.0,13.02,12.28,12.36,-1,1,1
596,1205740973,2,12,14,14,12,2528,0.9760932944606414,0.009912536443148687,0.9584859584859585,0.014652014652014652,3941,0.5104457413516026,0.2973864501395585,5.462319208322761,0.3671234035354817,2196,0.3806646525679758,0.06143001007049345,0.38626964433416044,0.07196029776674938,3829,0.4487899364498996,0.6171324105510577,5.311569600417863,0.3606250544093321,1682,0.22386587771203156,0.1390532544378698,0.258160237388724,0.12314540059347182,682,0.8290566959921798,0.2536656891495601,6.136363636363637,0.3525171065493646,13.0,13.0,12.28,12.3,-2,-2,0
597,1205740974,2,13,12,15,12,2534,0.9761350407450524,0.00989522700814901,0.9586374695863747,0.014598540145985401,3949,0.5107622182831094,0.2977969106102811,5.462395543175488,0.36751920317379927,2201,0.3801404212637914,0.06118355065195587,0.3867768595041322,0.07190082644628099,3832,0.4486995476687541,0.6171711899791231,5.311847599164927,0.36053844815588015,1684,0.22386587771203156,0.1390532544378698,0.257396449704142,0.1227810650887574,683,0.8285749145924841,0.25329428989751096,6.136163982430454,0.35273304050756465,13.0,13.0,12.28,12.26,1,-2,1
598,1205740975,2,11,11,10,13,2537,0.9761766414875073,0.009877977919814061,0.9586374695863747,0.014598540145985401,3960,0.510732323232323,0.29797979797979796,5.462121212121212,0.36744528619528616,2206,0.379,0.061,0.38613861386138615,0.07178217821782178,3838,0.44851919402466534,0.6169880145909328,5.311881188118812,0.3603656418273405,1686,0.22364532019704433,0.13891625615763548,0.258493353028065,0.12259970457902511,684,0.8288255360623781,0.25292397660818716,6.135964912280702,0.3525828460038986,12.98,12.98,12.22,12.3,0,1,-2
599,1205740976,2,13,13,10,12,2539,0.9761904761904762,0.009872241579558653,0.9586877278250304,0.014580801944106925,3965,0.5105926860025218,0.2983606557377049,5.462295081967213,0.3672971836906263,2210,0.37924151696606784,0.06087824351297405,0.3871499176276771,0.07166392092257001,3847,0.44850966120786734,0.6163244086301014,5.314270860410709,0.36043237154492663,1688,0.2234251968503937,0.13976377952755906,0.2581120943952802,0.1224188790560472,688,0.8269137596899224,0.25290697674418605,6.136627906976744,0.3534399224806201,12.96,12.98,12.16,12.28,0,3,1
600,1205740977,2,14,11,12,12,2546,0.9762456546929317,0.009849362688296639,0.9588377723970944,0.014527845036319613,3969,0.5105820105820104,0.2983119173595364,5.4618291761148905,0.36724195851179975,2213,0.3798604187437687,0.06081754735792622,0.38651315789473684,0.07236842105263158,3854,0.44864642795364096,0.6162428645563052,5.313959522573949,0.3606426223836705,1693,0.2237487733071639,0.1393523061825319,0.25882352941176473,0.12205882352941176,688,0.8269137596899224,0.25290697674418605,6.136627906976744,0.3534399224806201,13.02,12.92,12.1,12.24,3,2,2
601,1205740978,2,12,13,11,12,2552,0.9762868710237131,0.009832272990167727,0.9589867310012062,0.014475271411338963,3973,0.5105713566574375,0.2980115781525296,5.461867606342814,0.3671239197919288,2217,0.3794820717131474,0.060756972111553786,0.38802296964725186,0.07219031993437244,3860,0.44859671848013793,0.616580310880829,5.314248704663212,0.3606001727115715,1697,0.2235294117647059,0.1392156862745098,0.25768667642752563,0.12152269399707175,689,0.8271649733913884,0.2525399129172714,6.136429608127721,0.35401548137397193,13.02,12.9,12.04,12.28,-1,1,0
602,1205740979,2,12,14,12,12,2554,0.97631426920855,0.009820912767186597,0.9589867310012062,0.014475271411338963,3981,0.5105501130369252,0.29766390354182365,5.461441848781713,0.36695135225655195,2224,0.37934458788480635,0.0605759682224429,0.3875715453802126,0.07358953393295176,3866,0.4486764959475769,0.6169167097775479,5.315571650284531,0.3604285221589928,1698,0.2235294117647059,0.1392156862745098,0.2573099415204678,0.12134502923976608,691,0.8276652194886637,0.2532561505065123,6.137481910274964,0.35371442354076216,12.98,12.9,12.06,12.34,-2,0,0
603,1205740980,2,13,12,13,12,2557,0.9763416041546451,0.009809578765147143,0.9590361445783132,0.014457831325301205,3988,0.5104062186559677,0.29764292878635906,5.461634904714143,0.3667460715479772,2228,0.3801980198019802,0.060396039603960394,0.3872549019607843,0.07352941176470588,3874,0.4483522629495781,0.6171915332989159,5.315178110480124,0.36052314575804495,1701,0.2235294117647059,0.1392156862745098,0.2561863173216885,0.12081513828238719,692,0.8279142581888246,0.25289017341040465,6.13728323699422,0.3535645472061657,12.96,12.9,12.1,12.32,1,0,1
604,1205740981,2,12,15,14,13,2560,0.9763688760806917,0.009798270893371758,0.9590854392298436,0.01444043321299639,3996,0.5100517183850515,0.2977977977977978,5.461211211211211,0.36663747080413744,2235,0.3793103448275862,0.061083743842364535,0.38743882544861336,0.0734094616639478,3877,0.4482632619723151,0.6169718854784627,5.315450090275987,0.36056658928724944,1704,0.22309197651663404,0.13894324853228962,0.2558139534883721,0.12209302325581395,694,0.8284101825168108,0.2521613832853026,6.136887608069165,0.3543467819404419,12.92,12.88,12.12,12.36,-3,-2,-1
605,1205740982,2,12,12,12,11,2563,0.9763960852043754,0.00978698906160046,0.9591346153846154,0.014423076923076924,4001,0.509789219361826,0.2976755811047238,5.460634841289678,0.36655419478463713,2240,0.3791748526522593,0.060903732809430254,0.38843648208469056,0.0732899022801303,3883,0.4485148939823158,0.6165336080350244,5.316250321916044,0.3605888917503647,1705,0.22309197651663404,0.13894324853228962,0.25689404934687954,0.12191582002902758,697,0.8291487326637972,0.25251076040172166,6.137733142037303,0.35425633668101386,12.88,12.88,12.08,12.34,0,0,1
606,1205740983,2,14,12,11,12,2567,0.9764367816091954,0.009770114942528735,0.9591836734693877,0.014405762304921969,4008,0.5100216234198268,0.2976546906187625,5.4608283433133735,0.36653775781769793,2242,0.3784313725490196,0.061764705882352944,0.38843648208469056,0.0732899022801303,3891,0.44849224706587826,0.6168080185042406,5.31585710614238,0.3605542705388502,1706,0.2238514173998045,0.13880742913000976,0.25689404934687954,0.12191582002902758,697,0.8291487326637972,0.25251076040172166,6.137733142037303,0.35425633668101386,12.96,12.92,12.06,12.38,2,3,2
607,1205740984,2,15,15,13,12,2571,0.9764773379231211,0.009753298909925417,0.9592326139088729,0.014388489208633094,4015,0.510253217102532,0.29763387297633875,5.46052303860523,0.36658364466583643,2247,0.3786692759295499,0.06164383561643835,0.388302193338749,0.07392363931762795,3895,0.44867351305091974,0.617201540436457,5.31604621309371,0.3605049208386819,1709,0.22439024390243903,0.13853658536585367,0.2565217391304348,0.12173913043478261,698,0.8293935052531041,0.2521489971346705,6.137535816618911,0.3544651384909264,13.02,12.94,12.06,12.36,0,2,3
608,1205740985,2,14,14,11,14,2577,0.9765446224256293,0.009725400457665904,0.9592814371257485,0.01437125748502994,4019,0.5102430123579662,0.29758646429460067,5.460064692709629,0.3665298167039894,2252,0.3782991202346041,0.06158357771260997,0.38866396761133604,0.07449392712550608,3902,0.44876559029557467,0.6171194259354177,5.315991799077397,0.36037075004271296,1712,0.22395326192794549,0.1382667964946446,0.2575976845151954,0.12156295224312591,699,0.8296375774916547,0.25178826895565093,6.1373390557939915,0.35431568907963756,13.06,13.02,12.06,12.4,0,3,0
609,1205740986,2,13,13,13,13,2581,0.9765714285714285,0.009714285714285713,0.959378733572282,0.014336917562724014,4024,0.5098575215374419,0.2974652087475149,5.459741550695825,0.3664471504307488,2254,0.3782991202346041,0.06158357771260997,0.38884397736459175,0.07437348423605497,3910,0.4491261722080134,0.6171355498721227,5.3153452685422,0.36040068201193504,1718,0.2248062015503876,0.13953488372093023,0.25722543352601157,0.12283236994219653,700,0.8298809523809523,0.25142857142857145,6.137142857142857,0.35416666666666663,13.04,13.02,12.08,12.4,0,0,0
610,1205740987,2,12,10,10,10,2584,0.9766115231032516,0.009697661152310326,0.959378733572282,0.014336917562724014,4033,0.5099181750557896,0.2977932060500868,5.459211505083065,0.36655921977022893,2258,0.37816764132553604,0.06140350877192982,0.388529886914378,0.07431340872374798,3914,0.44943365695792853,0.6167603474706183,5.315278487480838,0.36035172883665456,1723,0.22415458937198068,0.14009661835748793,0.2564841498559078,0.1239193083573487,701,0.8286970993818354,0.2524964336661912,6.136947218259629,0.3543747028055159,12.98,12.96,12.02,12.32,2,2,2
611,1205740988,2,11,13,12,8,2589,0.9766381766381766,0.009686609686609686,0.9595238095238096,0.014285714285714285,4042,0.5095249876298861,0.2978723404255319,5.458683819891143,0.36660893946890977,2261,0.37816764132553604,0.06140350877192982,0.38759065269943593,0.0749395648670427,3919,0.44962575486943923,0.616483796886961,5.315131411074254,0.36033852173173414,1728,0.22329162656400384,0.1424446583253128,0.25611510791366904,0.1237410071942446,701,0.8286970993818354,0.2524964336661912,6.136947218259629,0.3543747028055159,12.9,12.96,12.04,12.26,-2,-1,3
612,1205740989,2,13,11,11,11,2589,0.9766381766381766,0.009686609686609686,0.9595238095238096,0.014285714285714285,4052,0.5093369529450477,0.29837117472852914,5.458292201382034,0.36650625205659754,2266,0.3796116504854369,0.06116504854368932,0.38808373590982287,0.0748792270531401,3922,0.45004674485806534,0.6167771545130035,5.314890362060173,0.3602541220465747,1733,0.22382324687800192,0.14217098943323728,0.25501432664756446,0.12464183381088825,703,0.8291844476055001,0.2532005689900427,6.1365576102418204,0.3544333807491702,12.9,12.9,12.04,12.2,2,2,2
613,1205740990,2,16,14,14,13,2600,0.9767309875141884,0.009648127128263337,0.9597156398104265,0.014218009478672985,4055,0.5094944512946978,0.29864364981504316,5.458446362515413,0.36666666666666664,2266,0.3796116504854369,0.06116504854368932,0.38808373590982287,0.0748792270531401,3929,0.45017816238228536,0.6164418427080682,5.314838381267498,0.3603122083651479,1734,0.2236084452975048,0.1420345489443378,0.25501432664756446,0.12464183381088825,704,0.8294270833333333,0.2528409090909091,6.136363636363637,0.35428503787878785,12.94,12.92,12.08,12.2,2,2,3
614,1205740991,2,14,12,10,12,2608,0.976796830786644,0.009620826259196379,0.9598583234946871,0.014167650531286895,4061,0.5092752195682507,0.2984486579660182,5.458015267175573,0.36674054009685625,2267,0.3792434529582929,0.061105722599418044,0.38808373590982287,0.0748792270531401,3936,0.4498856707317071,0.616869918699187,5.314532520325203,0.3602430555555554,1736,0.2233940556088207,0.14189837008628955,0.25464949928469244,0.12446351931330472,705,0.8282505910165484,0.2524822695035461,6.136170212765958,0.3541371158392435,12.94,12.86,12.0,12.18,2,4,2
615,1205740992,2,11,11,13,11,2610,0.9768099547511312,0.009615384615384616,0.9599056603773585,0.014150943396226415,4069,0.5092569836978781,0.2983534037847137,5.458835094617842,0.36698205947407225,2271,0.3798449612403101,0.061046511627906974,0.3895582329317269,0.0746987951807229,3941,0.45020299416391757,0.6171022583100736,5.31464095407257,0.36023006005244,1737,0.2233940556088207,0.14189837008628955,0.2542857142857143,0.12428571428571429,709,0.8292195580629995,0.25105782792665726,6.142454160789844,0.3535496003761166,12.9,12.86,12.06,12.12,0,-2,0
616,1205740993,2,11,15,14,10,2611,0.9768230638778971,0.009609949123798756,0.9599056603773585,0.014150943396226415,4075,0.5089979550102248,0.29865030674846627,5.458650306748466,0.3670552147239264,2277,0.3783783783783784,0.06177606177606178,0.3897353648757017,0.07538091419406576,3947,0.450489823494637,0.6176843172029389,5.31466936914112,0.36027362553838344,1741,0.224450811843362,0.1413562559694365,0.2542857142857143,0.12428571428571429,710,0.8287558685446009,0.252112676056338,6.142253521126761,0.35375586854460095,12.84,12.88,12.1,12.08,-4,-3,1
617,1205740994,2,14,13,12,12,2616,0.9768623024830699,0.009593679458239277,0.96,0.01411764705882353,4081,0.509474801927632,0.29894633668218573,5.459201176182308,0.36710773503226335,2283,0.37957610789980734,0.06165703275529865,0.38928856914468424,0.07513988808952837,3952,0.45017290823211853,0.6171558704453441,5.314524291497976,0.3602606275303642,1742,0.22423664122137404,0.14122137404580154,0.2542857142857143,0.12428571428571429,712,0.8285346441947565,0.25280898876404495,6.143258426966292,0.35416666666666663,12.9,12.9,12.18,12.12,1,2,2
618,1205740995,2,14,12,12,11,2622,0.9769144144144144,0.009572072072072071,0.960093896713615,0.014084507042253521,4087,0.5094608922600112,0.29899681918277465,5.459261071690727,0.36699698230160677,2287,0.37921077959576516,0.061597690086621755,0.38995215311004783,0.07496012759170653,3959,0.4504294013639806,0.6173276079818136,5.314725940894165,0.3603182621874209,1745,0.22402287893231648,0.14108674928503337,0.254985754985755,0.12393162393162394,713,0.8287751285647498,0.25245441795231416,6.143057503506311,0.3540205703599813,12.92,12.86,12.2,12.1,2,2,3
619,1205740996,2,11,13,11,11,2627,0.9769533445756042,0.00955593029792018,0.9601873536299765,0.01405152224824356,4093,0.5094470233732387,0.29880283410701197,5.458832152455412,0.36706979395716266,2289,0.37884615384615383,0.06153846153846154,0.3904382470119522,0.0749003984063745,3964,0.4503657921291622,0.6178102926337034,5.314581231079718,0.36017911200807246,1753,0.2241215574548908,0.14055080721747387,0.254957507082153,0.12464589235127478,713,0.8287751285647498,0.25245441795231416,6.143057503506311,0.3540205703599813,12.9,12.86,12.2,12.06,-2,0,0
620,1205740997,2,10,12,13,12,2630,0.9769792251544076,0.009545199326221224,0.960233918128655,0.014035087719298246,4101,0.5091847516865804,0.29870763228480857,5.458668617410388,0.3670243030155247,2294,0.37848222862632086,0.06147934678194044,0.38999205718824465,0.07545671167593328,3969,0.45089023263626415,0.6177878558830939,5.314436885865457,0.3601662887377171,1756,0.2239089184060721,0.14041745730550284,0.2542372881355932,0.12429378531073447,714,0.8290149393090569,0.25210084033613445,6.142857142857143,0.35387488328664796,12.84,12.84,12.22,12.06,-2,-3,-2
621,1205740998,2,15,15,14,11,2635,0.977017937219731,0.00952914798206278,0.9603267211201867,0.014002333722287048,4105,0.5095818107998374,0.29866017052375154,5.458708891595615,0.36703207470564353,2298,0.3790786948176583,0.061420345489443376,0.3906497622820919,0.07527733755942947,3975,0.45046121593291377,0.6176100628930817,5.313962264150943,0.36018867924528286,1759,0.22421948912015138,0.1400189214758751,0.2542372881355932,0.12429378531073447,716,0.8294925512104282,0.25139664804469275,6.14245810055866,0.353584729981378,12.84,12.86,12.24,12.02,0,1,4
622,1205740999,2,14,13,14,11,2640,0.977043673012318,0.009518477043673012,0.9593023255813954,0.013953488372093023,4112,0.5099302853437093,0.29888132295719844,5.458900778210117,0.3671976329442283,2303,0.37858508604206503,0.06118546845124283,0.3903404592240697,0.07521773555027712,3980,0.4505234505862644,0.6178391959798994,5.314070351758794,0.360113065326633,1761,0.2247403210576015,0.1397544853635505,0.2542372881355932,0.12429378531073447,717,0.8297303579730357,0.2510460251046025,6.142259414225942,0.3537889353788935,12.88,12.86,12.28,12.0,1,0,3
623,1205741000,2,13,12,12,13,2644,0.9770821688093907,0.009502515371716043,0.959349593495935,0.013937282229965157,4118,0.5096729804112027,0.29893152015541524,5.459203496843128,0.36702687388700017,2307,0.37786259541984735,0.061068702290076333,0.3897233201581028,0.07509881422924901,3986,0.4501379829402908,0.617410938283994,5.313848469643753,0.36019819367787237,1764,0.22525918944392084,0.13949104618284638,0.2538787023977433,0.12411847672778561,718,0.8299675023212627,0.25069637883008355,6.1434540389972145,0.35364438254410396,12.86,12.8,12.32,11.98,1,1,0
624,1205741001,2,13,12,12,15,2648,0.977107761027359,0.009491903964265773,0.9594438006952491,0.013904982618771726,4125,0.5094141414141412,0.2986666666666667,5.4591515151515155,0.36713131313131314,2309,0.37786259541984735,0.061068702290076333,0.3898973954222573,0.0749802683504341,3992,0.45008767535070116,0.6172344689378757,5.313627254509018,0.36034569138276534,1767,0.22483537158984007,0.13922859830667922,0.2549295774647887,0.12394366197183099,719,0.8288131664348631,0.25034770514603616,6.143254520166899,0.35350023180343065,12.86,12.8,12.32,12.02,1,1,-2
625,1205741002,2,14,13,10,13,2650,0.977107761027359,0.009491903964265773,0.9595375722543352,0.013872832369942197,4132,0.5091561794127136,0.29912875121006777,5.459583736689255,0.3673362374959665,2314,0.37678401522359656,0.060894386298763085,0.3900709219858156,0.07486209613869188,3997,0.4501501125844381,0.6169627220415311,5.314736052039029,0.3605203902927194,1768,0.22462406015037595,0.13909774436090225,0.2549295774647887,0.12394366197183099,723,0.8297602581834946,0.2503457814661134,6.142461964038728,0.353273397879207,12.88,12.82,12.26,12.04,1,4,1
626,1205741003,2,11,11,12,13,2653,0.977107761027359,0.009491903964265773,0.9585253456221198,0.013824884792626729,4144,0.5087676962676961,0.29922779922779924,5.45945945945946,0.36717744530244534,2315,0.376425855513308,0.060836501901140684,0.3900709219858156,0.07486209613869188,4004,0.45011238761238737,0.6163836163836164,5.314685314685315,0.36070179820179804,1772,0.22399250234301782,0.14058106841611998,0.2545710267229255,0.12376933895921238,723,0.8297602581834946,0.2503457814661134,6.142461964038728,0.353273397879207,12.84,12.74,12.26,12.04,0,-1,-2
627,1205741004,2,13,13,11,12,2657,0.9765755716675962,0.010039040713887339,0.9586206896551724,0.013793103448275862,4153,0.5087486957219679,0.3000240789790513,5.459426920298579,0.3671642989003933,2320,0.3753554502369668,0.06066350710900474,0.3902439024390244,0.07474429583005507,4009,0.4500498877525565,0.6161137440758294,5.314542279870292,0.3605637316038911,1775,0.2235734331150608,0.1403180542563143,0.2542134831460674,0.12359550561797752,724,0.8299953959484345,0.25,6.142265193370166,0.35313075506445674,12.84,12.76,12.24,12.0,0,2,1
628,1205741005,2,15,15,12,14,2666,0.9766536964980544,0.010005558643690939,0.9587628865979382,0.013745704467353952,4157,0.5089006495068557,0.29997594419052204,5.459225402934809,0.3673522572367894,2321,0.3753554502369668,0.06066350710900474,0.389937106918239,0.07468553459119497,4016,0.44963894422310735,0.6160358565737052,5.31449203187251,0.36055776892430264,1776,0.22336448598130842,0.14018691588785046,0.2542134831460674,0.12359550561797752,725,0.8302298850574712,0.2496551724137931,6.142068965517241,0.3529885057471264,12.86,12.8,12.22,12.02,0,3,1
629,1205741006,2,13,11,13,12,2671,0.9767184035476718,0.009977827050997782,0.9587628865979382,0.013745704467353952,4164,0.5085254562920267,0.3001921229586936,5.459414024975985,0.3671549791866795,2321,0.3753554502369668,0.06066350710900474,0.389937106918239,0.07468553459119497,4024,0.4492834658714378,0.6158051689860835,5.31486083499006,0.36052435387673937,1776,0.22336448598130842,0.14018691588785046,0.2542134831460674,0.12359550561797752,727,0.8300091701054562,0.25034387895460797,6.141678129298487,0.35339293901879865,12.88,12.8,12.2,12.02,2,0,1
630,1205741007,2,14,15,12,12,2677,0.9767570558937465,0.00996126175982291,0.958904109589041,0.0136986301369863,4169,0.5085152314703764,0.30055169105301033,5.459582633725114,0.3672543375709603,2325,0.3752362948960302,0.06143667296786389,0.389630793401414,0.07462686567164178,4030,0.4491935483870966,0.6153846153846154,5.315136476426799,0.36073200992555815,1779,0.22294776119402984,0.14085820895522388,0.2552594670406732,0.12342215988779803,728,0.8302426739926739,0.25,6.141483516483516,0.3535943223443223,12.94,12.88,12.24,12.06,-1,2,2
631,1205741008,2,14,15,14,10,2679,0.9767699115044248,0.00995575221238938,0.9589509692132269,0.013683010262257697,4177,0.5080999122176999,0.30093368446253294,5.45918123054824,0.3671494693160961,2329,0.3754716981132076,0.06132075471698113,0.3898039215686275,0.07450980392156863,4038,0.44945930328545464,0.6158989598811293,5.315007429420505,0.36063645368994535,1782,0.22253258845437615,0.14152700186219738,0.2549019607843137,0.12324929971988796,729,0.8304755372656607,0.2496570644718793,6.141289437585734,0.35345221764974843,12.94,12.9,12.22,12.04,-1,0,4
632,1205741009,2,13,13,13,11,2682,0.9767827529021559,0.009950248756218905,0.9590443686006825,0.013651877133105802,4186,0.5082815734989646,0.30076445293836596,5.458910654562828,0.36725593247332383,2336,0.375,0.06296992481203008,0.3888888888888889,0.07433489827856025,4042,0.4497567210951672,0.616031667491341,5.314943097476497,0.3605269668480948,1783,0.22253258845437615,0.14152700186219738,0.25594405594405595,0.12307692307692308,729,0.8304755372656607,0.2496570644718793,6.141289437585734,0.35345221764974843,12.94,12.9,12.2,11.98,0,0,2
633,1205741010,2,13,12,11,13,2687,0.9768339768339769,0.009928295642581356,0.9590909090909091,0.013636363636363636,4192,0.508627544529262,0.3008110687022901,5.458253816793893,0.36722725826972014,2342,0.37488284910965325,0.06373008434864105,0.38953942232630756,0.0741608118657299,4047,0.450189440737995,0.6162589572522856,5.314801087225105,0.3603904126513465,1786,0.22325581395348837,0.1413953488372093,0.25662482566248257,0.12273361227336123,730,0.8307077625570776,0.25068493150684934,6.141095890410959,0.35331050228310495,12.94,12.86,12.16,11.96,1,2,0
634,1205741011,2,14,13,15,12,2691,0.9768722466960352,0.009911894273127754,0.9591373439273553,0.01362088535754824,4198,0.5086152135937747,0.30085755121486424,5.458551691281563,0.36729791964427505,2351,0.37383177570093457,0.06355140186915888,0.38927738927738925,0.07381507381507381,4051,0.45023862420801425,0.6161441619353246,5.314490249321155,0.3602814119970376,1787,0.22304832713754646,0.1421933085501859,0.25662482566248257,0.12273361227336123,732,0.8311703096539161,0.25,6.140710382513661,0.3537112932604735,12.96,12.84,12.24,11.98,1,-1,2
635,1205741012,2,14,14,12,12,2697,0.976910390324354,0.009895547003848268,0.9592760180995475,0.013574660633484163,4203,0.5087239273534775,0.3012134189864383,5.458244111349036,0.3673764771195178,2357,0.37243947858473,0.0633147113594041,0.3886733902249806,0.07370054305663305,4055,0.45053431976983127,0.6160295930949445,5.314180024660913,0.36029593094944495,1788,0.22304832713754646,0.1421933085501859,0.2562674094707521,0.12395543175487465,735,0.8298185941043084,0.2503401360544218,6.1401360544217685,0.35362811791383214,12.96,12.86,12.24,11.98,0,2,2
636,1205741013,2,12,12,13,10,2701,0.9769484083424808,0.009879253567508232,0.9593220338983051,0.013559322033898305,4209,0.5090282727488714,0.3012592064623426,5.458778807317652,0.3674467411103192,2361,0.37174721189591076,0.06319702602230483,0.38807126258714175,0.07358636715724244,4060,0.4504720853858783,0.6165024630541872,5.3145320197044335,0.3601600985221673,1790,0.22284122562674094,0.14206128133704735,0.25591098748261476,0.12378303198887343,735,0.8298185941043084,0.2503401360544218,6.1401360544217685,0.35362811791383214,12.94,12.84,12.24,11.96,0,-1,2
637,1205741014,2,13,13,13,10,2702,0.9769610532089962,0.009873834339001646,0.9593220338983051,0.013559322033898305,4214,0.5089780098085745,0.30137636449928806,5.458946369245372,0.3674260401835153,2365,0.3719851576994434,0.06307977736549165,0.3874709976798144,0.07424593967517401,4069,0.4511960350618496,0.6163676579012042,5.315310887195872,0.3600393217006634,1795,0.2222222222222222,0.1425925925925926,0.2565880721220527,0.12343966712898752,736,0.8300498188405797,0.25,6.139945652173913,0.35348731884057966,13.0,12.9,12.26,11.96,0,0,3
638,1205741015,2,14,12,14,11,2709,0.976998904709748,0.009857612267250822,0.9595050618672666,0.013498312710911136,4222,0.508724143375967,0.3012790146849834,5.459024159166272,0.3676377704089689,2371,0.37222222222222223,0.06296296296296296,0.38704703161141096,0.07478797224363917,4074,0.451133202421862,0.6163475699558174,5.314923907707413,0.3601088201603664,1795,0.2222222222222222,0.1425925925925926,0.2565880721220527,0.12343966712898752,737,0.8289235639981908,0.2496607869742198,6.139755766621438,0.3536861148801447,13.0,12.86,12.34,11.92,2,0,3
639,1205741016,2,15,15,14,11,2713,0.9770240700218819,0.009846827133479213,0.9595959595959596,0.013468013468013467,4230,0.5083924349881795,0.30189125295508273,5.459101654846336,0.3677501970055162,2374,0.37187789084181316,0.06290471785383904,0.38645111624326406,0.07467282525019246,4081,0.4509719839908517,0.6165155599117863,5.315118843420731,0.3601649922404638,1798,0.22253000923361035,0.14312096029547552,0.2565880721220527,0.12343966712898752,737,0.8289235639981908,0.2496607869742198,6.139755766621438,0.3536861148801447,13.02,12.86,12.38,11.9,0,1,4
640,1205741017,2,16,14,11,14,2719,0.9770867430441899,0.009819967266775777,0.9596412556053812,0.013452914798206279,4234,0.5083845063769484,0.30184222957014645,5.4586679263108175,0.36781609195402304,2377,0.3721144967682364,0.06278855032317636,0.3869230769230769,0.07461538461538461,4088,0.4512597847358119,0.6161937377690803,5.315068493150685,0.36040443574690134,1800,0.22232472324723246,0.1429889298892989,0.2562326869806094,0.12326869806094183,738,0.8291553748870821,0.24932249322493225,6.139566395663957,0.3535456187895212,13.06,12.94,12.34,11.94,2,5,2
641,1205741018,2,13,13,13,12,2724,0.9771241830065359,0.00980392156862745,0.959731543624161,0.013422818791946308,4239,0.5082566643076196,0.30172210426987495,5.458834630809153,0.36791302980262647,2380,0.37177121771217714,0.06273062730627306,0.38632872503840243,0.07450076804915515,4096,0.4512329101562498,0.615478515625,5.31494140625,0.36045328776041646,1805,0.22304147465437787,0.14285714285714285,0.25757575757575757,0.12258953168044077,739,0.8287099684258006,0.2503382949932341,6.139377537212449,0.353743797925124,13.08,12.92,12.3,11.92,0,0,1
642,1205741019,2,12,12,9,11,2727,0.9771490750816104,0.009793253536452665,0.9597765363128492,0.013407821229050279,4244,0.5080113100848255,0.3018378887841659,5.459943449575872,0.36783301916431044,2384,0.3729281767955801,0.06261510128913444,0.38650306748466257,0.07438650306748466,4105,0.45133982947624823,0.6151035322777101,5.315468940316687,0.3603938286642304,1806,0.22304147465437787,0.14285714285714285,0.2585969738651995,0.12242090784044017,743,0.8269403319874382,0.2489905787348587,6.141318977119784,0.35318528488111256,13.06,12.9,12.24,11.88,0,3,1
643,1205741020,2,10,12,11,10,2731,0.9766431287343835,0.00977729494839761,0.9598214285714286,0.013392857142857142,4249,0.5081195575429511,0.30171805130618967,5.4594022122852435,0.3676943594571272,2391,0.37373737373737376,0.06244260789715335,0.386085626911315,0.07415902140672782,4109,0.4516305670479433,0.6152348503285471,5.315648576295936,0.36034720532165143,1808,0.22283609576427257,0.1427255985267035,0.25824175824175827,0.12225274725274725,746,0.826295799821269,0.24932975871313673,6.142091152815014,0.3527703306523681,13.02,12.88,12.24,11.78,-2,-1,0
644,1205741021,2,15,14,13,13,2740,0.9767190037899296,0.009745533297238766,0.9599555061179088,0.013348164627363738,4253,0.5085821772866211,0.3019045379731954,5.459440395015283,0.36770123050395803,2393,0.37339449541284403,0.062385321100917435,0.385790679908327,0.07410236822001529,4116,0.45159135082604446,0.6151603498542274,5.3160835762876575,0.36034175574991884,1810,0.22242647058823528,0.14246323529411764,0.25824175824175827,0.12225274725274725,748,0.8267602495543671,0.24866310160427807,6.141711229946524,0.3528297682709447,13.06,12.9,12.26,11.82,1,2,2
645,1205741022,2,13,12,11,12,2745,0.9767693138843868,0.009724473257698542,0.96,0.013333333333333334,4257,0.5083000548116826,0.3023255813953488,5.459008691566831,0.3677668154412341,2399,0.3735159817351598,0.06301369863013699,0.38549618320610685,0.07404580152671755,4121,0.45189274447949507,0.6156272749332686,5.316185391895171,0.3602685432338427,1814,0.22181484876260313,0.14207149404216315,0.2578875171467764,0.12208504801097393,750,0.8263333333333334,0.24933333333333332,6.141333333333334,0.35322222222222216,13.06,12.86,12.24,11.82,1,2,1
646,1205741023,2,12,13,11,12,2748,0.9767943874797625,0.009713977334052886,0.9600443951165372,0.013318534961154272,4267,0.508983673150535,0.30185141785797986,5.459104757440825,0.36760799937504884,2403,0.37374658158614404,0.06381039197812215,0.3856707317073171,0.07393292682926829,4125,0.4516969696969695,0.6155151515151516,5.315878787878788,0.3602828282828281,1817,0.2216117216117216,0.14194139194139194,0.2585499316005472,0.12175102599179206,751,0.8252330226364847,0.24900133155792276,6.141145139813582,0.3530847758544163,13.06,12.84,12.18,11.82,-1,1,0
647,1205741024,2,14,13,12,13,2752,0.9768194070080862,0.009703504043126684,0.9601328903654485,0.013289036544850499,4274,0.5088519731711121,0.3015910154422087,5.459522695367338,0.36753236624551555,2406,0.3743169398907104,0.06375227686703097,0.3858447488584475,0.07382039573820395,4132,0.4512947725072602,0.6154404646660213,5.315827686350436,0.3603380122620198,1819,0.2216117216117216,0.14194139194139194,0.2592087312414734,0.12141882673942701,752,0.8254654255319149,0.24867021276595744,6.14095744680851,0.3532801418439716,13.08,12.86,12.12,11.84,1,2,1
648,1205741025,2,14,14,13,11,2757,0.9768568353067815,0.00968783638320775,0.9602209944751381,0.013259668508287293,4280,0.5088395638629283,0.3011682242990654,5.4595794392523365,0.3674844236760125,2412,0.3751135331516803,0.06357856494096276,0.38572513287775245,0.07365223993925589,4137,0.451353637901861,0.6154218032390621,5.315445975344453,0.3603255176859236,1820,0.22140896614821592,0.14181152790484905,0.2592087312414734,0.12141882673942701,753,0.8256972111553785,0.24833997343957503,6.140770252324037,0.3534749889331562,13.14,12.92,12.18,11.8,0,1,3
649,1205741026,2,12,11,12,13,2760,0.9768817204301076,0.00967741935483871,0.9602649006622517,0.013245033112582781,4285,0.5091793076623881,0.3012835472578763,5.459043173862311,0.367464021781408,2419,0.3740942028985507,0.06431159420289854,0.3853141559424678,0.07418622255866768,4141,0.45127988408596936,0.6153103115189568,5.315624245351365,0.36033969250583575,1824,0.22100456621004566,0.1415525114155251,0.2585034013605442,0.12108843537414966,755,0.8261589403973509,0.247682119205298,6.144370860927152,0.3532008830022075,13.12,12.88,12.22,11.82,1,0,-1
650,1205741027,2,13,15,11,13,2765,0.976931330472103,0.009656652360515022,0.960308710033076,0.013230429988974642,4291,0.5093995183717859,0.3010953157772081,5.458401305057096,0.3675328206323313,2426,0.37341772151898733,0.06419529837251356,0.385369532428356,0.07390648567119155,4147,0.45135037376416665,0.6156257535567881,5.315649867374005,0.3603207137689894,1826,0.2208029197080292,0.14142335766423358,0.2595108695652174,0.12092391304347826,756,0.8263888888888888,0.24735449735449735,6.144179894179894,0.353395061728395,13.1,12.96,12.2,11.84,-2,2,0
651,1205741028,2,10,13,12,11,2766,0.9769436997319035,0.0096514745308311,0.960308710033076,0.013230429988974642,4298,0.5088025438188304,0.3008375988832015,5.459981386691484,0.3675158988676904,2432,0.3738738738738739,0.06396396396396396,0.3855421686746988,0.07379518072289157,4152,0.45160966602440566,0.6158477842003853,5.317437379576108,0.3603082851637763,1827,0.2208029197080292,0.14142335766423358,0.2591587516960651,0.12075983717774763,759,0.8270750988142292,0.24769433465085638,6.147562582345191,0.3529863855950812,13.06,12.96,12.22,11.82,-3,-2,-1
652,1205741029,2,13,14,12,12,2771,0.9769930444087748,0.009630818619582664,0.960352422907489,0.013215859030837005,4304,0.508557930607187,0.3006505576208178,5.460269516728625,0.367526332094176,2438,0.374326750448833,0.06463195691202872,0.38571428571428573,0.07368421052631578,4159,0.4515708904384064,0.6155325799471026,5.316903101707141,0.36018273623467156,1827,0.2208029197080292,0.14142335766423358,0.2591587516960651,0.12075983717774763,760,0.8273026315789473,0.24736842105263157,6.147368421052631,0.3528508771929824,13.08,12.96,12.22,11.82,-1,1,1
653,1205741030,2,11,12,12,12,2775,0.9765082754938601,0.01014415376401495,0.960352422907489,0.013215859030837005,4312,0.5087739641311069,0.300556586270872,5.460575139146568,0.36748222016079163,2443,0.37511190689346463,0.06445837063563116,0.38513513513513514,0.07357357357357357,4167,0.45130389568834467,0.6157907367410607,5.317494600431965,0.3602711783057353,1827,0.2208029197080292,0.14142335766423358,0.2591587516960651,0.12075983717774763,762,0.8270997375328084,0.24803149606299213,6.146981627296588,0.3529090113735783,13.04,12.96,12.2,11.82,-1,-1,-1
654,1205741031,2,12,12,11,12,2777,0.976,0.010133333333333333,0.960352422907489,0.013215859030837005,4321,0.5092956877266065,0.30039342744735015,5.460772969220088,0.3674110931111626,2449,0.3762287756925827,0.064343163538874,0.3847305389221557,0.07335329341317365,4171,0.4511907616079275,0.615679693119156,5.31742987293215,0.3603452409494124,1831,0.22060164083865086,0.1422060164083865,0.2581081081081081,0.12297297297297298,764,0.8275523560209425,0.24738219895287958,6.146596858638744,0.35263961605584637,13.04,12.9,12.14,11.8,0,1,0
655,1205741032,2,13,14,9,11,2778,0.9754797441364605,0.010660980810234541,0.960352422907489,0.013215859030837005,4331,0.5093511891018241,0.30039251904871855,5.460401754791041,0.36737089201877937,2457,0.377560106856634,0.06500445235975066,0.3835820895522388,0.07388059701492537,4176,0.4508101851851849,0.6156609195402298,5.317289272030651,0.36045258620689635,1832,0.22060164083865086,0.1422060164083865,0.25775978407557354,0.12280701754385964,764,0.8275523560209425,0.24738219895287958,6.146596858638744,0.35263961605584637,13.06,12.94,12.08,11.8,-1,4,2
656,1205741033,2,13,13,15,12,2781,0.9755058572949947,0.010649627263045794,0.9603960396039604,0.013201320132013201,4338,0.5092208390963577,0.2999077916090364,5.460350391885662,0.36735438758260336,2457,0.377560106856634,0.06500445235975066,0.3835820895522388,0.07388059701492537,4184,0.45102374123645605,0.6161567877629063,5.3176386233269595,0.3603608986615677,1833,0.22060164083865086,0.1422060164083865,0.2574123989218329,0.12264150943396226,765,0.8277777777777777,0.24836601307189543,6.14640522875817,0.35283224400871455,13.04,12.96,12.16,11.8,0,-2,1
657,1205741034,2,12,10,9,12,2784,0.9755188930282065,0.010643959552953698,0.960482985729967,0.013172338090010977,4345,0.509090909090909,0.3001150747986191,5.46029919447641,0.3672803989259686,2461,0.3774422735346359,0.06483126110124333,0.38404175988068606,0.0738255033557047,4190,0.4509347653142399,0.6157517899761337,5.317183770883055,0.3604415274463005,1839,0.22181818181818183,0.14181818181818182,0.25771812080536916,0.12348993288590604,766,0.8280026109660574,0.24804177545691905,6.14621409921671,0.35302436901653605,12.98,12.86,12.08,11.8,2,3,0
658,1205741035,2,14,13,13,11,2788,0.975557917109458,0.010626992561105207,0.9605263157894737,0.013157894736842105,4352,0.5090379901960784,0.30032169117647056,5.459558823529412,0.36726409313725494,2468,0.3775419982316534,0.0645446507515473,0.3849590469099032,0.07371556217423679,4195,0.4509932459276914,0.6157330154946364,5.317282479141835,0.3604886769964241,1841,0.22141560798548093,0.1424682395644283,0.25771812080536916,0.12348993288590604,767,0.8282268578878749,0.24771838331160365,6.146023468057367,0.352890047805302,12.98,12.84,12.12,11.74,1,1,3
659,1205741036,2,13,13,10,11,2793,0.975609756097561,0.010604453870625663,0.9605695509309967,0.013143483023001095,4356,0.5089149066421794,0.30004591368227734,5.459595959595959,0.3672711968166514,2473,0.37775816416593117,0.06443071491615181,0.38558692421991086,0.07355126300148589,4203,0.45072963756047235,0.6150368784201761,5.317154413514157,0.36039733523673545,1843,0.22212148685403446,0.14233907524932005,0.257372654155496,0.12332439678284182,768,0.8284505208333334,0.24739583333333334,6.145833333333333,0.35308159722222215,12.98,12.84,12.06,11.7,0,3,2
660,1205741037,2,15,13,11,13,2799,0.9756484912652197,0.010587612493382742,0.9606986899563319,0.013100436681222707,4360,0.5089067278287462,0.3,5.459403669724771,0.3672782874617737,2481,0.37730870712401055,0.06420404573438875,0.3874074074074074,0.07333333333333333,4207,0.4510141827113538,0.614927501782743,5.317328262419776,0.3603517946280007,1844,0.22282608695652173,0.14221014492753623,0.257372654155496,0.12332439678284182,770,0.8275974025974026,0.24805194805194805,6.1454545454545455,0.3534632034632034,13.04,12.9,12.08,11.76,2,4,2
661,1205741038,2,14,14,10,13,2807,0.9757255936675462,0.010554089709762533,0.9607843137254902,0.013071895424836602,4365,0.5088583428789615,0.29988545246277204,5.459335624284078,0.36737304314623903,2484,0.37730870712401055,0.06420404573438875,0.38728750923872873,0.07317073170731707,4215,0.4508699090549621,0.6144721233689205,5.317437722419929,0.36020166073546833,1845,0.22282608695652173,0.14221014492753623,0.2583668005354752,0.12315930388219545,771,0.8278210116731517,0.24773022049286642,6.14526588845655,0.3536532641591007,13.1,12.92,12.04,11.86,0,4,1
662,1205741039,2,15,14,9,14,2811,0.9757639620653319,0.01053740779768177,0.9608269858541894,0.013057671381936888,4370,0.5088100686498855,0.3002288329519451,5.459038901601831,0.36752479023646073,2487,0.3775241439859526,0.06409130816505706,0.3870014771048744,0.07311669128508123,4222,0.4509513658613608,0.6141639033633349,5.316911416390337,0.3602558029369965,1848,0.22332730560578662,0.14195298372513562,0.2580213903743315,0.12299465240641712,772,0.8280440414507773,0.24870466321243523,6.1450777202072535,0.35351899827288424,13.14,12.98,12.0,11.92,1,6,1
663,1205741040,2,14,13,12,13,2815,0.9757894736842105,0.010526315789473684,0.9609120521172638,0.013029315960912053,4376,0.5091407678244972,0.30027422303473494,5.45863802559415,0.36776355880560635,2495,0.378827646544182,0.06386701662292213,0.3858615611192931,0.07290132547864507,4226,0.45087947625808455,0.6142924751538098,5.316848083293895,0.3602106010411735,1851,0.22382671480144403,0.14169675090252706,0.2576769025367156,0.12283044058744993,772,0.8280440414507773,0.24870466321243523,6.1450777202072535,0.35351899827288424,13.1,12.96,11.96,11.92,1,2,1
664,1205741041,2,13,13,8,12,2821,0.9758276405675249,0.010509721492380452,0.95995670995671,0.01406926406926407,4382,0.5090141487905067,0.30054769511638524,5.458466453674121,0.36783051878898526,2500,0.3783783783783784,0.06364428945074106,0.3855776306107432,0.0728476821192053,4234,0.451208471106912,0.6143127066603684,5.316721776098253,0.360002361832782,1852,0.22382671480144403,0.14169675090252706,0.25733333333333336,0.12266666666666666,773,0.8282664941785253,0.24838292367399742,6.144890038809832,0.3533850797757654,13.08,12.98,11.92,11.92,0,5,1
665,1205741042,2,12,14,10,12,2823,0.9758403361344538,0.01050420168067227,0.96,0.014054054054054054,4393,0.5080810380150239,0.3011609378556795,5.458456635556567,0.3676492905379771,2506,0.3779322328410078,0.0634231103388358,0.38648052902277735,0.07274063188831742,4239,0.45114806951324965,0.6140599197924038,5.316348195329087,0.3599315876385938,1855,0.22342342342342342,0.14234234234234233,0.2583222370173103,0.12250332889480692,774,0.8284883720930233,0.24806201550387597,6.144702842377261,0.3535745047372954,13.1,13.04,11.86,11.94,-2,2,0
666,1205741043,2,12,13,9,11,2829,0.9758783429470372,0.01048767697954903,0.9601293103448276,0.014008620689655173,4397,0.508073686604503,0.3011143961792131,5.45872185581078,0.3676559775604579,2511,0.3778162911611785,0.06412478336221837,0.38664710198092445,0.07263389581804842,4247,0.45112236088219104,0.6133741464563222,5.315752295738168,0.35984224158229317,1857,0.2232223222322232,0.1422142214221422,0.2579787234042553,0.12234042553191489,775,0.8287096774193549,0.24774193548387097,6.144516129032258,0.3534408602150537,13.12,13.0,11.76,11.96,-1,3,1
667,1205741044,2,10,10,13,10,2830,0.9758783429470372,0.01048767697954903,0.9601722282023681,0.013993541442411194,4407,0.5083957340594508,0.30065804402087587,5.458815520762424,0.36767264200892524,2515,0.3774891774891775,0.06406926406926407,0.3857979502196193,0.07247437774524158,4253,0.45095618778901136,0.6132142017399482,5.315541970373854,0.35974606160357375,1863,0.22282120395327942,0.14375561545372867,0.2566137566137566,0.12301587301587301,776,0.8289304123711341,0.24742268041237114,6.144329896907217,0.353307560137457,13.04,12.94,11.78,11.92,0,-3,0
668,1205741045,2,11,11,12,13,2830,0.9758783429470372,0.01048767697954903,0.9601722282023681,0.013993541442411194,4416,0.5080389492753623,0.30095108695652173,5.458786231884058,0.3677158816425121,2518,0.3780276816608997,0.06401384083044982,0.38596491228070173,0.07236842105263158,4261,0.45081358053664994,0.6132363295001173,5.315888289134006,0.35959868575451753,1868,0.22242152466367712,0.14439461883408072,0.25691699604743085,0.1225296442687747,776,0.8289304123711341,0.24742268041237114,6.144329896907217,0.353307560137457,12.98,12.92,11.78,11.96,0,-1,-2
669,1205741046,2,14,15,12,13,2835,0.9759162303664921,0.010471204188481676,0.9602577873254565,0.013963480128893663,4423,0.5083653628758761,0.30137915442007684,5.459190594619037,0.36775567111312085,2520,0.37856525496974935,0.06395851339671564,0.38568298027757486,0.07304601899196493,4265,0.4512504884720591,0.6128956623681125,5.315592028135991,0.35973036342321196,1872,0.22202327663384064,0.144136078782453,0.25624178712220763,0.12220762155059132,778,0.8293701799485861,0.2467866323907455,6.143958868894601,0.353363324764353,13.04,12.96,11.8,12.0,-1,2,1
670,1205741047,2,11,10,10,10,2840,0.9759414225941423,0.010460251046025104,0.9603854389721628,0.013918629550321198,4429,0.5083540302551366,0.30097087378640774,5.4587943102280425,0.36787837736133067,2521,0.37856525496974935,0.06395851339671564,0.3854014598540146,0.07372262773722628,4273,0.45157578594274095,0.6129183243622748,5.315235197753335,0.35958343084483946,1877,0.22103386809269163,0.1443850267379679,0.25624178712220763,0.12220762155059132,779,0.829589216944801,0.24646983311938384,6.14377406931964,0.35323063756953355,13.06,12.92,11.74,11.96,1,1,1
671,1205741048,2,14,11,10,12,2846,0.975991649269311,0.010438413361169102,0.9604700854700855,0.013888888888888888,4433,0.50834649221746,0.3013760433115272,5.458831491089556,0.36788480336867435,2524,0.378448275862069,0.06379310344827586,0.3854014598540146,0.07372262773722628,4278,0.4515934237182481,0.612669471715755,5.315334268349696,0.35968910705937335,1880,0.2215302491103203,0.14412811387900357,0.2572178477690289,0.1220472440944882,781,0.8300256081946222,0.2471190781049936,6.143405889884763,0.35328638497652576,13.04,12.84,11.66,11.98,3,4,2
672,1205741049,2,13,14,12,11,2851,0.976029181865555,0.010422094841063054,0.9605543710021321,0.013859275053304905,4436,0.5082281334535618,0.30139765554553655,5.458972046889089,0.3678050796513376,2530,0.3797250859106529,0.06357388316151202,0.3848396501457726,0.07361516034985423,4286,0.4516837766371128,0.6126924871675221,5.3152123191787215,0.35971768548763394,1883,0.22202486678507993,0.1438721136767318,0.2581913499344692,0.1218872870249017,782,0.8302429667519181,0.24808184143222506,6.143222506393862,0.35315430520034097,13.02,12.86,11.62,11.98,-1,1,2
673,1205741050,2,11,12,11,11,2853,0.9760416666666667,0.010416666666666666,0.9605963791267306,0.013844515441959531,4446,0.5083595741490479,0.3016194331983806,5.459289248762933,0.3678774928774929,2530,0.3797250859106529,0.06357388316151202,0.3848396501457726,0.07361516034985423,4294,0.4521231175283338,0.6129482999534234,5.315789473684211,0.3596297158826267,1886,0.2225177304964539,0.14361702127659576,0.2591623036649215,0.12172774869109948,783,0.8304597701149425,0.24776500638569604,6.143039591315453,0.3530225627926777,12.98,12.86,11.6,11.94,-1,0,0
674,1205741051,2,13,12,13,11,2859,0.9755717255717256,0.010395010395010396,0.9606801275239107,0.01381509032943677,4449,0.5086910916310782,0.301416048550236,5.458979545965385,0.3677980070427812,2535,0.3787489288774636,0.06341045415595545,0.38500727802037843,0.07423580786026202,4301,0.452433542586995,0.6126482213438735,5.315973029528017,0.35972254514453983,1890,0.22232063773250665,0.14348981399468555,0.258148631029987,0.121251629726206,785,0.8291932059447983,0.2484076433121019,6.142675159235669,0.35339702760084923,12.98,12.86,11.62,11.86,1,0,2
675,1205741052,2,13,13,10,13,2863,0.975103734439834,0.01037344398340249,0.9606801275239107,0.01381509032943677,4456,0.5090140634350689,0.3013913824057451,5.45870736086176,0.3678560742070617,2545,0.378839590443686,0.06313993174061433,0.38578680203045684,0.07396664249456128,4304,0.4528152106567531,0.612685873605948,5.315752788104089,0.3596460656753406,1891,0.22232063773250665,0.14348981399468555,0.2578125,0.12109375,787,0.8296272765777213,0.24777636594663277,6.142312579415502,0.353134265141889,12.96,12.86,11.62,11.86,0,3,0
676,1205741053,2,15,14,16,12,2870,0.9746245468669084,0.010875194199896427,0.9608465608465608,0.013756613756613757,4459,0.5091201315691112,0.30141287284144425,5.45839874411303,0.36794498018987815,2547,0.37851662404092073,0.0639386189258312,0.38623188405797104,0.07391304347826087,4312,0.45298005565862676,0.6122448979591837,5.315630797773655,0.359964440321583,1894,0.22212389380530972,0.1433628318584071,0.2584415584415584,0.12077922077922078,788,0.8298434856175972,0.24746192893401014,6.1421319796954315,0.3530033840947546,13.04,12.92,11.7,11.84,1,-1,3
677,1205741054,2,12,12,11,11,2874,0.9746639089968976,0.010858324715615306,0.9608879492600423,0.013742071881606765,4467,0.5091037982240132,0.3013207969554511,5.459144839937318,0.3678456831579733,2550,0.37851662404092073,0.0639386189258312,0.3853940708604483,0.0737527114967462,4320,0.4527199074074071,0.6125,5.315277777777778,0.35987654320987633,1898,0.22173144876325088,0.1431095406360424,0.25777202072538863,0.12176165803108809,789,0.8300591465990705,0.24714828897338403,6.144486692015209,0.35287283481199827,13.02,12.9,11.7,11.82,0,1,1
678,1205741055,2,14,14,12,12,2878,0.9746900826446281,0.01084710743801653,0.9609704641350211,0.013713080168776372,4472,0.5090563506261182,0.3009838998211091,5.458855098389982,0.367881633870006,2554,0.379045996592845,0.06388415672913117,0.3852813852813853,0.0735930735930736,4326,0.4524387424872859,0.6121128062875636,5.314840499306519,0.35989751887810123,1902,0.2222222222222222,0.14285714285714285,0.2571059431524548,0.12144702842377261,790,0.8302742616033755,0.2468354430379747,6.144303797468354,0.35274261603375523,13.0,12.88,11.7,11.78,0,2,2
679,1205741056,2,12,11,14,12,2880,0.9747162022703818,0.010835913312693499,0.9609704641350211,0.013713080168776372,4482,0.5087014725568944,0.30120481927710846,5.459393128067827,0.3677859586494125,2557,0.3792517006802721,0.06377551020408163,0.3857245854361932,0.07354001441961067,4333,0.45228479113777953,0.6118162935610432,5.314562658666051,0.3598353719516884,1903,0.2222222222222222,0.14285714285714285,0.2567741935483871,0.12258064516129032,791,0.8298567214496417,0.24652338811630847,6.144121365360303,0.3529287821323219,12.98,12.88,11.72,11.78,1,-2,0
680,1205741057,2,14,14,12,13,2885,0.9742268041237113,0.010824742268041237,0.961093585699264,0.013669821240799159,4491,0.5087582572552514,0.3014918726341572,5.4595858383433535,0.36782824909077416,2560,0.37892948173322005,0.0637213254035684,0.3858891288696904,0.0734341252699784,4340,0.4524769585253453,0.6117511520737328,5.314516129032258,0.3597158218125958,1904,0.2222222222222222,0.14285714285714285,0.25644329896907214,0.12242268041237113,792,0.8300715488215488,0.24621212121212122,6.143939393939394,0.35279882154882153,12.98,12.86,11.72,11.8,0,2,1
681,1205741058,2,13,11,13,13,2890,0.9742665980442614,0.01080802882141019,0.9611752360965372,0.013641133263378805,4498,0.508855787757522,0.30168963983992886,5.459315251222765,0.36770045946346525,2564,0.37860780984719866,0.0636672325976231,0.3857758620689655,0.07399425287356322,4346,0.45242751955821414,0.611596870685688,5.314542107685228,0.3597944470010736,1905,0.22202643171806166,0.1436123348017621,0.25644329896907214,0.12242268041237113,793,0.830285834384195,0.2459016393442623,6.1437578814627996,0.35298444724674227,12.96,12.78,11.7,11.86,2,0,0
682,1205741059,2,15,15,12,13,2900,0.9743326488706365,0.010780287474332649,0.9613778705636743,0.013569937369519834,4501,0.5091831444864106,0.3014885580982004,5.45989780048878,0.3676220099237207,2565,0.3791348600508906,0.06361323155216285,0.3857758620689655,0.07399425287356322,4352,0.4519952512254899,0.6112132352941176,5.314108455882353,0.3598728553921567,1906,0.22183098591549297,0.1443661971830986,0.25644329896907214,0.12242268041237113,795,0.830712788259958,0.24654088050314465,6.143396226415095,0.35303983228511526,13.0,12.82,11.68,11.9,0,3,2
683,1205741060,2,13,13,11,11,2906,0.9743983614951357,0.010752688172043012,0.9603753910323254,0.013555787278415016,4507,0.5087271651505068,0.30197470601286885,5.459729309962281,0.36757636269506694,2566,0.3788135593220339,0.0635593220338983,0.3857758620689655,0.07399425287356322,4360,0.4518157492354737,0.6110091743119266,5.314449541284404,0.3599006116207949,1908,0.22163588390501318,0.1442392260334213,0.25611325611325614,0.12226512226512226,797,0.8311375993308239,0.24592220828105396,6.143036386449184,0.35309493935591796,13.0,12.84,11.68,11.86,0,2,2
684,1205741061,2,14,14,13,13,2911,0.9744245524296675,0.010741687979539642,0.9604989604989606,0.013513513513513514,4515,0.5087117017349577,0.3016611295681063,5.460022148394241,0.36747877445551863,2566,0.3788135593220339,0.0635593220338983,0.3857758620689655,0.07399425287356322,4369,0.45191500724803507,0.61020828564889,5.314488441290913,0.3598458838788432,1909,0.22163588390501318,0.1442392260334213,0.25578406169665807,0.12339331619537275,798,0.8313492063492063,0.24561403508771928,6.142857142857143,0.3532790309106098,13.0,12.86,11.64,11.88,0,1,1
685,1205741062,2,14,11,13,12,2913,0.9744506898313745,0.010730710270822688,0.9604989604989606,0.013513513513513514,4525,0.5084346224677718,0.3020994475138122,5.459668508287293,0.3676058931860037,2568,0.3793395427603726,0.06350550381033022,0.3854989231873654,0.07394113424264179,4375,0.4520952380952378,0.6100571428571429,5.314285714285714,0.35980952380952363,1913,0.22144112478031636,0.14411247803163443,0.2560819462227913,0.12419974391805377,799,0.8303087192323737,0.2453066332916145,6.142678347934918,0.3531497705465164,13.0,12.8,11.66,11.88,3,1,2
686,1205741063,2,13,15,11,12,2916,0.9744767738642164,0.010719754977029096,0.9595015576323987,0.014537902388369679,4531,0.5081291841388952,0.3016994041050541,5.459501213860075,0.36772603545942767,2574,0.3789029535864979,0.06329113924050633,0.385663082437276,0.07383512544802867,4381,0.4520086738187625,0.6103629308377083,5.314311800958685,0.35983032793121794,1916,0.2221246707638279,0.14398595258999122,0.2567049808429119,0.12388250319284802,800,0.8305208333333333,0.24625,6.1425,0.3533333333333333,13.02,12.86,11.62,11.92,-2,2,1
687,1205741064,2,13,11,15,12,2917,0.9744897959183674,0.010714285714285714,0.9595015576323987,0.014537902388369679,4538,0.5083002791244309,0.3018951079770824,5.459453503746143,0.36776480094020864,2585,0.37899159663865545,0.06302521008403361,0.3875802997858672,0.07351891506067094,4384,0.4521555656934303,0.6101733576642335,5.314096715328467,0.35981219586374674,1919,0.22154115586690018,0.14448336252189142,0.2567049808429119,0.12388250319284802,801,0.8307324178110694,0.2459425717852684,6.142322097378277,0.3538285476487723,13.02,12.82,11.66,11.96,2,-2,1
688,1205741065,2,14,12,12,12,2921,0.9745287824758023,0.010697911360163017,0.9595435684647303,0.014522821576763486,4547,0.5080639249321899,0.30217725973169124,5.4587640202331205,0.3677516311120886,2591,0.3785594639865997,0.06365159128978225,0.3884533143264433,0.07341411261582323,4387,0.45241622976977397,0.6104399361750626,5.313881923865968,0.3597940885950914,1920,0.22154115586690018,0.14448336252189142,0.25637755102040816,0.12372448979591837,802,0.829696591853699,0.24688279301745636,6.14214463840399,0.3536990856192851,13.02,12.82,11.62,11.98,2,2,2
689,1205741066,2,13,13,12,13,2926,0.9740721911540416,0.010676156583629894,0.9595854922279793,0.014507772020725389,4554,0.5078319426145514,0.3025911286780852,5.458058849363197,0.3677353242570634,2595,0.3779264214046823,0.06354515050167224,0.38861209964412813,0.07402135231316725,4392,0.4528119307832419,0.6108834244080146,5.3139799635701275,0.35968806921675756,1923,0.22096069868995633,0.14497816593886462,0.25637755102040816,0.12372448979591837,803,0.8299086757990867,0.2465753424657534,6.141967621419676,0.35388127853881274,12.98,12.78,11.58,12.02,0,1,0
690,1205741067,2,12,12,11,10,2927,0.9740853658536586,0.010670731707317074,0.9595854922279793,0.014507772020725389,4563,0.507999123383739,0.30243261012491784,5.4582511505588425,0.3677770472642268,2600,0.37844611528822053,0.06349206349206349,0.38963804116394607,0.07381121362668559,4398,0.45264893133242345,0.6109595270577535,5.313551614370168,0.35965211459754415,1927,0.22038327526132404,0.14547038327526132,0.25605095541401274,0.12356687898089172,804,0.8301202321724709,0.2462686567164179,6.144278606965174,0.35406301824212266,12.9,12.74,11.58,11.94,0,1,2
691,1205741068,2,14,12,12,12,2932,0.9741379310344828,0.010649087221095335,0.9596273291925466,0.014492753623188406,4569,0.5082074852265268,0.30225432260888596,5.458743707594659,0.3677865324286861,2606,0.3789649415692821,0.06343906510851419,0.3896746817538897,0.07496463932107496,4405,0.45215664018161145,0.6106696935300795,5.31305334846765,0.35953461975028356,1928,0.22038327526132404,0.14547038327526132,0.25699745547073793,0.12340966921119594,805,0.8303312629399585,0.24596273291925466,6.144099378881988,0.3548654244306418,12.92,12.72,11.56,11.94,2,2,2
692,1205741069,2,13,13,11,11,2937,0.9742033383915023,0.010622154779969651,0.9596273291925466,0.014492753623188406,4575,0.508306010928962,0.3022950819672131,5.459016393442623,0.36795992714025505,2610,0.37833333333333335,0.06333333333333334,0.3898305084745763,0.0748587570621469,4410,0.4518707482993194,0.6108843537414966,5.3126984126984125,0.35941043083900204,1929,0.22019147084421237,0.1453437771975631,0.25699745547073793,0.12340966921119594,807,0.830751755472945,0.24535315985130113,6.147459727385378,0.3546055349029326,12.94,12.74,11.6,11.94,0,2,2
693,1205741070,2,13,13,12,11,2945,0.9742813918305597,0.01059001512859304,0.9597107438016529,0.014462809917355372,4580,0.5081877729257643,0.30240174672489084,5.458515283842795,0.3679403202328967,2614,0.3777038269550749,0.06405990016638935,0.3899858956276446,0.07475317348377997,4416,0.4518229166666663,0.6109601449275363,5.312726449275362,0.3595448369565215,1930,0.22,0.14521739130434783,0.25699745547073793,0.12340966921119594,808,0.8309612211221121,0.24504950495049505,6.147277227722772,0.35447607260726066,13.0,12.76,11.62,11.96,0,1,2
694,1205741071,2,13,11,12,11,2949,0.9743073047858942,0.01057934508816121,0.9597938144329897,0.01443298969072165,4588,0.507919209532113,0.3025283347863993,5.458587619877942,0.3680071200232491,2619,0.3787375415282392,0.06395348837209303,0.38986629134412387,0.0752990851513019,4419,0.4517424756732289,0.6109979633401222,5.312514143471374,0.3595270423172661,1933,0.21961805555555555,0.1449652777777778,0.25667090216010163,0.12325285895806862,809,0.8311701689328389,0.24474660074165636,6.147095179233622,0.35465595385249277,12.96,12.7,11.6,11.92,2,1,2
695,1205741072,2,13,12,13,12,2953,0.9743460764587525,0.01056338028169014,0.9598352214212152,0.014418125643666324,4596,0.5075790542500728,0.3024369016536118,5.458006962576153,0.36791050188569774,2626,0.3783112582781457,0.06374172185430464,0.3890449438202247,0.07514044943820225,4422,0.4516621438263226,0.6110357304387155,5.312528267752148,0.3595092718227045,1936,0.22010398613518198,0.14558058925476602,0.2563451776649746,0.12309644670050761,810,0.8307613168724279,0.24567901234567902,6.146913580246913,0.354835390946502,12.96,12.7,11.64,11.92,1,0,1
696,1205741073,2,14,13,11,13,2957,0.9743589743589743,0.010558069381598794,0.9599589322381931,0.014373716632443531,4601,0.5074621459103096,0.30254292545098893,5.458595957400565,0.3679997102079258,2630,0.3793388429752066,0.06363636363636363,0.38920056100981765,0.07503506311360449,4431,0.45134657338448775,0.610923042202663,5.313021891220943,0.35945610471676803,1936,0.22010398613518198,0.14558058925476602,0.2563451776649746,0.12309644670050761,811,0.8309699958898479,0.24537607891491986,6.146732429099877,0.35470612412659264,13.0,12.7,11.64,11.94,1,3,1
697,1205741074,2,14,13,13,13,2962,0.9744104365278474,0.010536879076768691,0.96,0.014358974358974359,4610,0.5074475777295736,0.30260303687635576,5.4587852494577005,0.36798626174981924,2631,0.37985136251032203,0.06358381502890173,0.38920056100981765,0.07503506311360449,4436,0.45136384129846674,0.6106853020739405,5.312894499549143,0.3596145175834083,1938,0.21991341991341992,0.14545454545454545,0.2572877059569075,0.1229404309252218,812,0.8311781609195402,0.24507389162561577,6.146551724137931,0.3545771756978653,13.0,12.7,11.66,11.94,1,1,1
698,1205741075,2,12,15,13,11,2969,0.9744616925388082,0.010515773660490736,0.9601226993865031,0.014314928425357873,4611,0.5075543989011786,0.3027542832357406,5.458902624159618,0.36801489192510667,2634,0.3792250618301731,0.06430338004946413,0.38892782060266295,0.07498248072880168,4447,0.45129675436623906,0.6109736901281763,5.312795142792894,0.3596806836069258,1940,0.219533275713051,0.14520311149524634,0.2572877059569075,0.1229404309252218,813,0.8310783107831078,0.24477244772447723,6.146371463714637,0.35537105371053707,12.96,12.72,11.66,11.94,-3,-1,1
699,1205741076,2,13,14,12,11,2971,0.9744744744744744,0.010510510510510511,0.9601634320735445,0.014300306435137897,4619,0.5073248177816269,0.3024464169733709,5.458540809699069,0.3679728656996464,2639,0.3794238683127572,0.06419753086419754,0.3895104895104895,0.07482517482517483,4454,0.45126103876665136,0.6106870229007634,5.312528064660979,0.35969540487950885,1943,0.2191544434857636,0.1449525452976704,0.2582278481012658,0.12278481012658228,814,0.8312858312858312,0.2457002457002457,6.146191646191646,0.3552416052416052,12.98,12.78,11.66,11.9,-1,1,2
700,1205741077,2,12,13,13,15,2976,0.9745381927109336,0.010484273589615577,0.9601634320735445,0.014300306435137897,4626,0.5073137339674307,0.3022049286640726,5.458927799394726,0.36784839314022194,2641,0.3794238683127572,0.06419753086419754,0.38966480446927376,0.07472067039106145,4462,0.450788136859405,0.6109367996414165,5.312864186463469,0.3597228447631852,1947,0.21944922547332185,0.14457831325301204,0.2579013906447535,0.12389380530973451,814,0.8312858312858312,0.2457002457002457,6.146191646191646,0.3552416052416052,12.96,12.74,11.7,11.94,-1,-1,-3
701,1205741078,2,12,12,12,13,2977,0.9745381927109336,0.010484273589615577,0.960204081632653,0.014285714285714285,4635,0.5073354908306367,0.3024811218985976,5.45933117583603,0.3679971233369292,2646,0.37993421052631576,0.06414473684210527,0.3892757660167131,0.07590529247910864,4468,0.45107803640704236,0.6112354521038496,5.313115487914056,0.3597993136377199,1948,0.21926053310404128,0.14445399828030955,0.2579013906447535,0.12389380530973451,815,0.8314928425357873,0.24539877300613497,6.14601226993865,0.3551124744376278,13.0,12.72,11.7,11.98,0,0,-1
702,1205741079,2,13,14,12,12,2984,0.9745635910224439,0.010473815461346634,0.9604060913705583,0.014213197969543147,4642,0.5071090047393367,0.30288668677294267,5.459284791038345,0.36787304322849346,2649,0.3793103448275862,0.06403940886699508,0.38970076548364646,0.07585247042449547,4473,0.4509091586556372,0.6109993293091884,5.313436172591103,0.35978835978835955,1952,0.21936589545844046,0.14481576692373607,0.2579013906447535,0.12389380530973451,816,0.8316993464052287,0.24509803921568626,6.145833333333333,0.3552900326797385,13.0,12.72,11.7,11.98,-1,1,1
703,1205741080,2,13,13,13,11,2989,0.9746142359382778,0.010452961672473868,0.960446247464503,0.014198782961460446,4648,0.5069922547332187,0.30271084337349397,5.4593373493975905,0.3678822432587493,2652,0.37868852459016394,0.06475409836065574,0.3894297635605007,0.07579972183588317,4481,0.4511083835453392,0.6112474893996875,5.31309975451908,0.3599828907237966,1956,0.21984602224123181,0.14456800684345594,0.2572509457755359,0.12484237074401008,816,0.8316993464052287,0.24509803921568626,6.145833333333333,0.3552900326797385,13.04,12.74,11.72,11.96,0,0,2
704,1205741081,2,15,15,14,12,2990,0.9746268656716418,0.010447761194029851,0.960446247464503,0.014198782961460446,4657,0.506656645909384,0.30277002362035643,5.459308567747477,0.36792284016892135,2652,0.37868852459016394,0.06475409836065574,0.3894297635605007,0.07579972183588317,4489,0.45112125937476766,0.6112719982178659,5.312764535531299,0.3598982698448056,1956,0.21984602224123181,0.14456800684345594,0.2572509457755359,0.12484237074401008,817,0.8319053447572419,0.24479804161566707,6.145654834761322,0.3551611587107303,13.1,12.8,11.78,11.96,0,1,3
705,1205741082,2,13,10,12,11,2995,0.9746646795827124,0.010432190760059613,0.9605263157894737,0.01417004048582996,4662,0.506828256828257,0.3028743028743029,5.459244959244959,0.3679036179036179,2655,0.3783783783783784,0.0647010647010647,0.3902777777777778,0.07569444444444444,4496,0.4511232206405691,0.6109875444839857,5.312944839857651,0.36011639976275184,1959,0.21965811965811965,0.14444444444444443,0.25660377358490566,0.12452830188679245,818,0.8321108394458028,0.24449877750611246,6.145476772616137,0.3553382233088834,13.1,12.72,11.84,11.96,3,1,2
706,1205741083,2,14,14,13,11,2999,0.9747023809523809,0.010416666666666666,0.9605662285136501,0.014155712841253791,4667,0.5071423469752163,0.3029783586886651,5.4587529462181275,0.3678308692236269,2659,0.3793949304987735,0.06459525756336877,0.39042995839112343,0.07628294036061026,4501,0.45106642968229255,0.6114196845145523,5.313485892023994,0.3599940753906537,1965,0.21976149914821125,0.14395229982964225,0.2559598494353827,0.12547051442910917,818,0.8321108394458028,0.24449877750611246,6.145476772616137,0.3553382233088834,13.12,12.74,11.8,11.94,0,1,3
707,1205741084,2,13,13,13,13,3005,0.9747524752475247,0.010396039603960397,0.9606458123107972,0.014127144298688193,4675,0.5071301247771838,0.3028877005347594,5.459465240641711,0.367843137254902,2661,0.3790849673202614,0.06454248366013073,0.3908523908523909,0.07623007623007623,4507,0.4511315731084976,0.6110494785888617,5.313734191258043,0.35994009318837344,1966,0.21976149914821125,0.14395229982964225,0.2556390977443609,0.12531328320802004,822,0.8329278183292781,0.24452554744525548,6.14720194647202,0.355433901054339,13.14,12.8,11.88,11.96,0,0,0
708,1205741085,2,11,13,10,14,3011,0.9747899159663865,0.010380622837370242,0.959758551307847,0.014084507042253521,4682,0.5075466324932367,0.30264844083724907,5.459205467748825,0.3678271393991172,2663,0.3790849673202614,0.06454248366013073,0.39100346020761245,0.07612456747404844,4510,0.4512749445676272,0.6110864745011086,5.314190687361419,0.3600332594235031,1971,0.21920135938827529,0.14443500424808836,0.255,0.12625,823,0.8325232887808829,0.244228432563791,6.147023086269745,0.35560955852571885,13.08,12.8,11.82,12.02,-2,1,-3
709,1205741086,2,12,12,11,13,3013,0.9748148148148148,0.01037037037037037,0.959758551307847,0.014084507042253521,4691,0.5073900376607691,0.3024941377105095,5.458963973566404,0.3678142542457188,2668,0.3787755102040816,0.06448979591836734,0.3919944789510007,0.0759144237405107,4517,0.45090768208988236,0.6110250166039407,5.314367943325216,0.36002878016382533,1974,0.21901528013582344,0.14431239388794567,0.25561097256857856,0.1259351620947631,824,0.8327265372168284,0.24393203883495146,6.146844660194175,0.3554813915857605,13.06,12.78,11.84,12.06,0,1,-1
710,1205741087,2,13,14,9,12,3018,0.9748520710059172,0.010355029585798817,0.9598393574297188,0.014056224899598393,4697,0.5075934993967783,0.3025335320417288,5.458803491590377,0.3678234333972039,2672,0.37846655791190864,0.06443719412724307,0.39118457300275483,0.07644628099173553,4522,0.45096196373286124,0.611233967271119,5.314020344980097,0.3600361197110421,1979,0.2182741116751269,0.14382402707275804,0.25529265255292655,0.12577833125778332,825,0.8329292929292929,0.24363636363636362,6.1466666666666665,0.3553535353535353,13.02,12.8,11.8,12.04,-1,4,1
711,1205741088,2,14,14,12,14,3024,0.9748768472906404,0.010344827586206896,0.96,0.014,4701,0.5077997589165428,0.3022761114656456,5.458625824292704,0.36782953981422395,2674,0.378158109209454,0.06438467807660962,0.3909153475567791,0.07639366827253957,4529,0.45103775667917834,0.6109516449547362,5.314197394568337,0.36014204754544765,1983,0.2180896027049873,0.1437024513947591,0.2555831265508685,0.12531017369727046,826,0.8319209039548022,0.24455205811138014,6.146489104116223,0.35522598870056493,13.02,12.8,11.84,12.06,0,2,0
712,1205741089,2,15,14,13,13,3030,0.9749139203148057,0.010329562223315297,0.9601196410767697,0.013958125623130608,4704,0.5076884920634923,0.3022959183673469,5.458333333333333,0.3678606859410431,2678,0.3775427176566314,0.06427990235964198,0.39037800687285223,0.07628865979381444,4536,0.45133377425044063,0.611331569664903,5.314153439153439,0.3600271898883008,1987,0.21772151898734177,0.14345991561181434,0.2561881188118812,0.125,827,0.832124143490528,0.24425634824667472,6.146311970979443,0.35540104796453037,13.02,12.8,11.92,12.04,1,2,2
713,1205741090,2,13,16,13,14,3035,0.9749631811487481,0.010309278350515464,0.9601593625498008,0.013944223107569721,4711,0.5079954715913114,0.30227127998301845,5.458289110592231,0.36779169320031135,2685,0.3771289537712895,0.064882400648824,0.39026063100137176,0.0775034293552812,4540,0.4509361233480173,0.6112334801762115,5.313876651982379,0.3600403817914829,1988,0.21772151898734177,0.14345991561181434,0.2558714462299135,0.12484548825710753,828,0.8311191626409017,0.24396135265700483,6.146135265700483,0.3552737520128824,13.0,12.86,11.94,12.06,-3,0,-1
714,1205741091,2,11,15,12,12,3039,0.9749877390877881,0.010299166257969592,0.9602385685884692,0.013916500994035786,4719,0.5079819170728265,0.3021826658190295,5.4583598219961855,0.36764498128134493,2689,0.3765182186234818,0.06477732793522267,0.38972602739726026,0.07808219178082192,4547,0.45057180558610044,0.6113921266769299,5.313393446228282,0.3599809398137964,1991,0.21735467565290648,0.14321819713563605,0.25555555555555554,0.12469135802469136,829,0.8313228789706473,0.2436670687575392,6.145958986731001,0.35514676316847604,12.96,12.9,12.02,12.06,-4,-1,-1
715,1205741092,2,11,13,10,13,3039,0.9749877390877881,0.010299166257969592,0.9602385685884692,0.013916500994035786,4733,0.507852665680682,0.3019226706106064,5.460384534122121,0.3676667370941616,2692,0.37702265372168287,0.06472491909385113,0.38919288645690836,0.0786593707250342,4554,0.4503184014053576,0.6115502854633289,5.3142292490118574,0.3598118869857998,1991,0.21735467565290648,0.14321819713563605,0.25555555555555554,0.12469135802469136,832,0.8307291666666666,0.2439903846153846,6.149038461538462,0.3553685897435897,12.94,12.88,12.02,12.08,-2,1,-2
716,1205741093,2,15,17,12,13,3046,0.975024485798237,0.01028403525954946,0.9603960396039604,0.013861386138613862,4736,0.5081644144144146,0.3017314189189189,5.460515202702703,0.36759220157657657,2699,0.3774193548387097,0.06451612903225806,0.3890784982935154,0.07849829351535836,4560,0.45038377192982426,0.6109649122807017,5.313815789473685,0.35977704678362554,1991,0.21735467565290648,0.14321819713563605,0.25555555555555554,0.12469135802469136,833,0.8309323729491797,0.24369747899159663,6.148859543817527,0.3552420968387354,13.0,12.96,12.08,12.12,-2,3,2
717,1205741094,2,15,16,15,12,3048,0.9750367107195301,0.010279001468428781,0.960435212660732,0.013847675568743818,4744,0.5082560427206299,0.3016441821247892,5.46079258010118,0.36755199550309164,2700,0.3774193548387097,0.06451612903225806,0.3894952251023192,0.07844474761255116,4568,0.4501787799182717,0.6107705779334501,5.313485113835377,0.3600226211325158,1996,0.21662468513853905,0.14273719563392107,0.2564734895191122,0.12453760789149199,833,0.8309323729491797,0.24369747899159663,6.148859543817527,0.3552420968387354,13.1,13.08,12.12,12.16,-1,0,3
718,1205741095,2,13,12,11,13,3049,0.9750489236790607,0.010273972602739725,0.960435212660732,0.013847675568743818,4750,0.508245614035088,0.30147368421052634,5.461052631578947,0.3674561403508772,2703,0.3776167471819646,0.0644122383252818,0.38991138377641443,0.07839127471029311,4577,0.4502767460490857,0.6106620056805768,5.313524142451388,0.36002476148860224,1998,0.21644295302013422,0.14345637583892618,0.25738916256157635,0.12438423645320197,835,0.8301397205588822,0.24431137724550897,6.148502994011976,0.3555888223552894,13.14,13.1,12.1,12.16,1,2,0
719,1205741096,2,15,15,14,15,3054,0.975085490962384,0.010258915486077186,0.9605133267522211,0.013820335636722606,4753,0.5081352128480261,0.3014937933936461,5.460972017673049,0.3674872010659934,2707,0.37811745776347544,0.06436041834271923,0.3904761904761905,0.07891156462585033,4582,0.45022188272952096,0.6106503710170231,5.313836752509821,0.3600138222028224,2000,0.2162615255658005,0.14333612740989102,0.25830258302583026,0.12423124231242312,838,0.8295544948289578,0.24463007159904535,6.147971360381861,0.35550914876690526,13.16,13.1,12.14,12.2,0,1,0
720,1205741097,2,13,13,11,13,3055,0.975085490962384,0.010258915486077186,0.960552268244576,0.013806706114398421,4762,0.5083298334033322,0.3017639647207056,5.461150776984461,0.3673176536469271,2712,0.3783132530120482,0.0642570281124498,0.39035980991174474,0.07875084860828242,4587,0.4502034735847682,0.6104207543056464,5.313712666230652,0.3602209141777485,2003,0.21589958158995817,0.14309623430962343,0.257985257985258,0.12407862407862408,838,0.8295544948289578,0.24463007159904535,6.147971360381861,0.35550914876690526,13.2,13.16,12.16,12.26,0,2,0
721,1205741098,2,14,13,12,11,3062,0.9751583049196298,0.010228933268387726,0.9605911330049262,0.013793103448275862,4766,0.5081829626521195,0.30193033990767937,5.460763743180864,0.3673241012729053,2717,0.3782051282051282,0.0641025641025641,0.3898305084745763,0.07864406779661016,4592,0.45025769454123077,0.610191637630662,5.313806620209059,0.3602642276422762,2007,0.2157190635451505,0.14297658862876253,0.2582619339045288,0.12484700122399021,839,0.8291617004370282,0.24553039332538737,6.147794994040525,0.35568136670639644,13.2,13.2,12.2,12.24,1,2,3
722,1205741099,2,12,11,13,11,3065,0.9751824817518249,0.010218978102189781,0.9606299212598425,0.013779527559055118,4772,0.5080678960603523,0.30176026823134955,5.460184409052808,0.3672813635093602,2721,0.3776,0.064,0.3906567366283006,0.07853757616790792,4599,0.4505508443864605,0.6101326375298978,5.3137638617090674,0.3602051170544319,2010,0.21619365609348914,0.14273789649415694,0.25794621026894865,0.12469437652811736,840,0.8293650793650793,0.24523809523809523,6.147619047619048,0.3555555555555555,13.18,13.14,12.22,12.24,1,-1,1
723,1205741100,2,13,14,12,11,3068,0.9752186588921283,0.01020408163265306,0.9606299212598425,0.013779527559055118,4780,0.5080892608089264,0.3018828451882845,5.460460251046025,0.36724198047419804,2728,0.379585326953748,0.06379585326953748,0.3898648648648649,0.07837837837837838,4606,0.4505174410189604,0.6100738167607469,5.313504125054277,0.36009190910406697,2010,0.21619365609348914,0.14273789649415694,0.25794621026894865,0.12469437652811736,841,0.829567974633373,0.24494649227110582,6.1474435196195,0.3554300435988902,13.22,13.18,12.24,12.24,-1,1,2
724,1205741101,2,10,13,11,11,3070,0.9752186588921283,0.01020408163265306,0.9607072691552063,0.0137524557956778,4793,0.5079630015995552,0.3018986021281035,5.460045900271229,0.3672891021628764,2734,0.3794749403341289,0.06364359586316627,0.3904248145650708,0.0782198246797033,4607,0.45041965125533573,0.6101584545257217,5.313436075537226,0.3600680124448301,2014,0.21565362198168192,0.14321398834304747,0.2576312576312576,0.12454212454212454,843,0.8299723210755239,0.2443653618030842,6.147093712930012,0.35517991300909446,13.16,13.2,12.2,12.24,-3,-1,-1
725,1205741102,2,12,12,14,11,3074,0.9752427184466019,0.010194174757281554,0.9607843137254902,0.013725490196078431,4800,0.5077430555555558,0.3022916666666667,5.460625,0.3673263888888889,2737,0.37857142857142856,0.06349206349206349,0.3904248145650708,0.0782198246797033,4611,0.4506072435480369,0.610062893081761,5.313814790717848,0.36008096580640475,2018,0.21547420965058237,0.14309484193011648,0.25790754257907544,0.12530413625304138,844,0.8301737756714059,0.24407582938388625,6.1469194312796205,0.35505529225908367,13.14,13.18,12.28,12.2,0,-2,1
726,1205741103,2,13,13,12,12,3078,0.9752787203102278,0.010179350460494426,0.960822722820764,0.013712047012732615,4807,0.5077317800429931,0.30205949656750575,5.460162263365925,0.3674329103390888,2744,0.37767220902612825,0.06334125098970704,0.39071956960322796,0.07800941492938802,4616,0.45055242634315384,0.6098353552859619,5.313474870017331,0.3600158867706526,2019,0.21547420965058237,0.14309484193011648,0.25880923450789795,0.12515188335358446,845,0.8299802761341222,0.24378698224852072,6.146745562130177,0.3555226824457593,13.1,13.16,12.2,12.2,0,1,1
727,1205741104,2,14,12,14,11,3082,0.9753265602322206,0.010159651669085631,0.960822722820764,0.013712047012732615,4814,0.5080321285140564,0.3020357291233901,5.460116327378479,0.3674179476526797,2745,0.37767220902612825,0.06334125098970704,0.3904569892473118,0.07795698924731183,4624,0.45020544982698923,0.6098615916955017,5.313148788927336,0.359987745098039,2020,0.21529509559434745,0.142975893599335,0.25880923450789795,0.12515188335358446,846,0.830181245074862,0.24468085106382978,6.1465721040189125,0.35539795114263195,13.14,13.16,12.26,12.2,2,0,3
728,1205741105,2,12,14,13,10,3084,0.9753384912959381,0.010154738878143133,0.9598825831702544,0.0136986301369863,4826,0.5079085509048213,0.30190634065478655,5.459801077496892,0.367436800663075,2749,0.37707509881422924,0.06324110671936758,0.3906040268456376,0.07785234899328859,4630,0.45005399568034515,0.6103671706263499,5.312958963282937,0.35995320374370027,2023,0.2155887230514096,0.14344941956882257,0.25880923450789795,0.12515188335358446,846,0.830181245074862,0.24468085106382978,6.1465721040189125,0.35539795114263195,13.1,13.16,12.28,12.16,-2,-1,2
729,1205741106,2,13,13,9,11,3087,0.9753623188405797,0.010144927536231883,0.9599217986314761,0.013685239491691105,4835,0.507893829713892,0.3017580144777663,5.459979317476733,0.3673733195449845,2755,0.3777602523659306,0.06309148264984227,0.3898191560616209,0.07769591426657736,4635,0.4500719165767706,0.6101402373247033,5.3130528586839265,0.36005034160373944,2025,0.21541010770505387,0.14333057166528584,0.25849514563106796,0.125,846,0.830181245074862,0.24468085106382978,6.1465721040189125,0.35539795114263195,13.12,13.2,12.18,12.14,0,4,2
730,1205741107,2,11,13,13,12,3092,0.9753861003861004,0.010135135135135136,0.9590643274853801,0.01364522417153996,4841,0.5077807615506441,0.301797149349308,5.459822350753976,0.36733112993183226,2762,0.37676609105180536,0.06357927786499215,0.3895582329317269,0.07764390896921017,4641,0.4501364648423468,0.6097823744882569,5.312648136177548,0.35996193349134503,2027,0.2152317880794702,0.14403973509933773,0.2593939393939394,0.12484848484848485,847,0.8303817394726485,0.24439197166469895,6.146399055489964,0.3552735143644234,13.06,13.18,12.2,12.12,-2,-2,-1
731,1205741108,2,14,13,13,13,3099,0.9754216867469879,0.010120481927710843,0.9592233009708738,0.013592233009708738,4844,0.5074662813102122,0.3018166804293972,5.459950454170107,0.3672584640792733,2763,0.37676609105180536,0.06357927786499215,0.38929765886287626,0.07759197324414716,4651,0.45053035189564933,0.6095463341216942,5.313910986884541,0.36020927399125613,2028,0.2152317880794702,0.14403973509933773,0.2602905569007264,0.12469733656174334,849,0.8307813113466823,0.24381625441696114,6.146054181389871,0.35502552021986644,13.08,13.22,12.2,12.12,1,1,1
732,1205741109,2,13,12,15,12,3104,0.975,0.010576923076923078,0.9592233009708738,0.013592233009708738,4850,0.5073539518900346,0.3018556701030928,5.45979381443299,0.36716494845360825,2770,0.3766640563821457,0.06342991386061081,0.3895930620413609,0.07738492328218813,4656,0.45047608820160334,0.6097508591065293,5.313788659793815,0.36030569873997687,2029,0.21505376344086022,0.14392059553349876,0.2602905569007264,0.12469733656174334,849,0.8307813113466823,0.24381625441696114,6.146054181389871,0.35502552021986644,13.04,13.16,12.26,12.1,1,-2,1
733,1205741110,2,15,12,12,12,3112,0.975071907957814,0.010546500479386385,0.9593023255813954,0.013565891472868217,4853,0.5072463768115945,0.3016690706779312,5.459715639810427,0.3672470636719555,2776,0.37685691946833466,0.06411258795934324,0.39055222887558216,0.0771789753825682,4662,0.450325325325325,0.6098241098241098,5.313384813384813,0.3603246103246101,2029,0.21505376344086022,0.14392059553349876,0.2602905569007264,0.12469733656174334,850,0.8298039215686274,0.2447058823529412,6.145882352941176,0.3551960784313725,13.08,13.14,12.28,12.12,3,3,3
734,1205741111,2,13,13,9,10,3114,0.9750838524197413,0.010541447053186392,0.9593417231364957,0.013552758954501452,4861,0.5070287320853051,0.30158403620654184,5.459987656860728,0.36725982308167043,2779,0.37734375,0.0640625,0.39069767441860465,0.07707641196013289,4667,0.45048567959431435,0.6098135847439469,5.313906149560745,0.3602599814298977,2033,0.2145214521452145,0.14356435643564355,0.2599758162031439,0.12575574365175332,851,0.8300039169604386,0.2444183313748531,6.145710928319624,0.35536623580101834,13.06,13.12,12.2,12.06,0,4,3
735,1205741112,2,13,12,11,10,3119,0.9751196172248804,0.010526315789473684,0.9594202898550724,0.01352657004830918,4865,0.5068859198355604,0.30154162384378214,5.460020554984584,0.36726618705035974,2784,0.37753510140405616,0.06396255850234009,0.3905835543766578,0.07692307692307693,4673,0.45033525929096196,0.6101005777872887,5.315215065268564,0.36027890719737476,2033,0.2145214521452145,0.14356435643564355,0.2599758162031439,0.12575574365175332,854,0.8288446526151443,0.24473067915690866,6.146370023419204,0.35558157689305225,13.04,13.14,12.16,12.02,1,2,3
736,1205741113,2,13,15,12,13,3124,0.9751552795031055,0.01051122790253225,0.9594985535197685,0.013500482160077145,4873,0.5066352007661266,0.3014570080032834,5.460496613995486,0.3673301867432793,2789,0.377431906614786,0.06459143968871596,0.39072847682119205,0.07682119205298013,4679,0.4502920852033907,0.6099593930326993,5.315024577901261,0.3601909239866066,2034,0.2145214521452145,0.14356435643564355,0.25966183574879226,0.12560386473429952,855,0.8290448343079921,0.24444444444444444,6.146198830409356,0.3554580896686159,13.04,13.14,12.18,12.04,-2,1,0
737,1205741114,2,11,12,14,10,3126,0.9751671442215855,0.010506208213944603,0.9595375722543352,0.01348747591522158,4885,0.5064141931081545,0.30133060388945754,5.460798362333675,0.3673490276356192,2790,0.377431906614786,0.06459143968871596,0.39046988749172734,0.07743216412971542,4686,0.45025963863992,0.6101152368758003,5.314980793854033,0.3601863707497508,2037,0.2145214521452145,0.14356435643564355,0.25872442839951865,0.1263537906137184,856,0.8286604361370715,0.2441588785046729,6.146028037383178,0.3556269470404984,13.0,13.16,12.16,12.0,-1,-3,1
738,1205741115,2,15,13,14,12,3131,0.9752262982372558,0.010481181515007145,0.9595375722543352,0.01348747591522158,4891,0.5063040959585636,0.3013698630136986,5.460846452668166,0.367409527703946,2794,0.3776223776223776,0.0644910644910645,0.38995373430270985,0.07732980832782552,4693,0.4501207472121596,0.6100575324952057,5.315150223737481,0.3602883727537465,2039,0.214168039538715,0.1441515650741351,0.25872442839951865,0.1263537906137184,857,0.8288603656164916,0.24387397899649943,6.14585764294049,0.35608712563204975,13.02,13.18,12.2,12.0,2,1,3
739,1205741116,2,14,12,10,12,3134,0.9752498810090433,0.010471204188481676,0.9595765158806545,0.013474494706448507,4899,0.5060896781656123,0.30108185343947746,5.461114513165953,0.3674219228413962,2799,0.3785880527540729,0.0643910007757952,0.3891820580474934,0.07783641160949868,4700,0.4500531914893614,0.6102127659574468,5.31468085106383,0.3603368794326239,2040,0.214168039538715,0.1441515650741351,0.25841346153846156,0.12620192307692307,859,0.8280946837407838,0.24330616996507567,6.145518044237486,0.3561311602638727,13.04,13.16,12.16,11.98,2,4,2
740,1205741117,2,14,15,11,12,3140,0.9752969121140143,0.010451306413301662,0.9596541786743515,0.013448607108549471,4904,0.5062873844480699,0.30138662316476345,5.46105220228385,0.3673531810766721,2804,0.378001549186677,0.06429124709527498,0.3897300855826201,0.07834101382488479,4705,0.44989373007438865,0.610201912858661,5.314346439957492,0.3604321643641514,2043,0.2138157894736842,0.14391447368421054,0.2581032412965186,0.12605042016806722,860,0.8282945736434107,0.2441860465116279,6.145348837209302,0.35600775193798445,13.08,13.22,12.16,12.02,-1,3,2
741,1205741118,2,13,13,12,12,3149,0.9753787878787878,0.010416666666666666,0.959731543624161,0.013422818791946308,4908,0.5062822602553657,0.3015484922575387,5.461491442542787,0.36725753871230643,2806,0.3784829721362229,0.06424148606811146,0.3894736842105263,0.07828947368421052,4711,0.44974527701125,0.6100615580556146,5.314158352791339,0.3604507181773153,2045,0.21364009860312244,0.1437962202136401,0.2589928057553957,0.12589928057553956,862,0.8286929621036349,0.2459396751740139,6.145011600928075,0.35576179427687543,13.06,13.24,12.16,12.02,0,1,1
742,1205741119,2,11,13,10,13,3153,0.9754020813623463,0.010406811731315043,0.9598086124401913,0.013397129186602871,4915,0.5061715835876571,0.3015259409969481,5.461851475076297,0.3672431332655137,2812,0.3776061776061776,0.06486486486486487,0.38936309914642153,0.07813525935653316,4719,0.44993642720915417,0.6100868828141556,5.314473405382496,0.36058133785406493,2047,0.2134646962233169,0.14367816091954022,0.25868263473053893,0.12574850299401197,863,0.82889146388567,0.24565469293163383,6.1448435689455385,0.35592893008883736,13.02,13.24,12.14,12.06,-2,1,-2
743,1205741120,2,17,14,12,13,3161,0.9754601226993865,0.010382255781028787,0.9599236641221374,0.013358778625954198,4919,0.5062682116961446,0.3016873348241513,5.461679203090059,0.36724944094328116,2816,0.37808641975308643,0.06481481481481481,0.38990825688073394,0.0779816513761468,4723,0.4502964217658265,0.6102053779377514,5.31463053144188,0.3606994142141292,2049,0.21311475409836064,0.14344262295081966,0.25868263473053893,0.12574850299401197,864,0.8290895061728394,0.24537037037037038,6.144675925925926,0.3560956790123456,13.1,13.26,12.14,12.1,3,5,4
744,1205741121,2,12,13,13,12,3167,0.9754948162111216,0.010367577756833177,0.9600380589914367,0.013320647002854425,4925,0.5065651438240274,0.3013197969543147,5.461725888324873,0.36725888324873096,2820,0.37779491133384735,0.06476484194294525,0.3891432308698496,0.07782864617396991,4730,0.4504756871035938,0.6101479915433404,5.314376321353065,0.3605884425651865,2053,0.21294021294021295,0.14332514332514332,0.2577565632458234,0.12649164677804295,864,0.8290895061728394,0.24537037037037038,6.144675925925926,0.3560956790123456,13.08,13.3,12.16,12.12,-1,-1,0
745,1205741122,2,13,13,14,11,3171,0.975517890772128,0.010357815442561206,0.9601139601139601,0.013295346628679962,4932,0.5067247904839148,0.3010948905109489,5.461678832116788,0.36744728304947283,2825,0.377401998462721,0.06610299769408147,0.3895424836601307,0.07777777777777778,4736,0.45085515202702675,0.6102195945945946,5.314611486486487,0.3606594876126124,2054,0.21294021294021295,0.14332514332514332,0.25744934445768775,0.1263408820023838,865,0.8287090558766859,0.24508670520231213,6.144508670520231,0.35626204238921,13.08,13.32,12.18,12.1,0,-1,2
746,1205741123,2,12,12,13,12,3174,0.9755524212505877,0.010343206393982134,0.9601139601139601,0.013295346628679962,4938,0.5066153638450117,0.30093155123531795,5.462535439449169,0.36750708788983394,2827,0.3775901765157329,0.06600153491941672,0.3895424836601307,0.07777777777777778,4746,0.45074799831436974,0.6099873577749684,5.315212810788032,0.36058435173479403,2056,0.21358428805237317,0.1432078559738134,0.2571428571428571,0.1261904761904762,866,0.8289068514241723,0.24595842956120093,6.144341801385681,0.35613933795227093,13.04,13.3,12.22,12.08,0,-1,0
747,1205741124,2,14,14,12,12,3176,0.9755753875058712,0.010333489901362142,0.9601139601139601,0.013295346628679962,4946,0.5070090308666939,0.30084917104731096,5.463606955115245,0.36762029923170236,2829,0.37777777777777777,0.06590038314176246,0.3895424836601307,0.07777777777777778,4753,0.45082053439932646,0.6099305701662108,5.315169366715758,0.36063188161862664,2059,0.21323529411764705,0.14297385620915032,0.2568370986920333,0.12604042806183116,868,0.8287250384024577,0.24539170506912442,6.144009216589862,0.3564708141321044,13.04,13.32,12.2,12.06,0,2,2
748,1205741125,2,14,14,8,13,3179,0.975609756097561,0.010318949343339587,0.9601139601139601,0.013295346628679962,4950,0.5070370370370374,0.301010101010101,5.4634343434343435,0.36782828282828284,2833,0.3771996939556236,0.06579954093343535,0.389686684073107,0.07767624020887728,4759,0.4511276878896123,0.6097919731035932,5.3151922672830425,0.36070252854241064,2063,0.21306122448979592,0.14285714285714285,0.2559241706161137,0.12677725118483413,869,0.828922132719601,0.24510932105868816,6.143843498273878,0.35634829305715376,13.08,13.3,12.1,12.1,0,6,1
749,1205741126,2,15,13,12,13,3182,0.9756440281030445,0.010304449648711944,0.9601139601139601,0.013295346628679962,4960,0.5069556451612907,0.30100806451612905,5.462903225806452,0.36794354838709675,2842,0.37728658536585363,0.06554878048780488,0.3893229166666667,0.07747395833333333,4761,0.4512532381152416,0.6099558916194077,5.315059861373661,0.36070853462157787,2064,0.2128874388254486,0.14274061990212072,0.2559241706161137,0.12677725118483413,871,0.8293149636433218,0.24569460390355913,6.143513203214696,0.3563911213164944,13.12,13.28,12.1,12.14,2,3,2
750,1205741127,2,11,11,10,12,3186,0.9756668226485727,0.010294805802526907,0.9592417061611375,0.014218009478672985,4968,0.5068438003220616,0.30132850241545894,5.46256038647343,0.3678039452495974,2844,0.376999238385377,0.0654988575780655,0.3890696161353286,0.07742355237475602,4767,0.4513145933850776,0.6100272708202223,5.314873085798196,0.3606565974407382,2071,0.21399511798209928,0.14239218877135884,0.25589622641509435,0.12853773584905662,871,0.8293149636433218,0.24569460390355913,6.143513203214696,0.3563911213164944,13.1,13.24,12.04,12.08,0,1,-1
751,1205741128,2,10,12,12,14,3191,0.9757009345794393,0.010280373831775701,0.9593188268684958,0.014191106906338695,4976,0.5065313504823155,0.3012459807073955,5.463022508038585,0.36791599678456594,2845,0.376999238385377,0.0654988575780655,0.38881664499349805,0.07737321196358908,4776,0.4511969570072582,0.6103433835845896,5.314698492462312,0.36065745393634824,2071,0.21399511798209928,0.14239218877135884,0.25589622641509435,0.12853773584905662,872,0.8283639143730887,0.24541284403669725,6.143348623853211,0.35626911314984705,13.06,13.24,12.04,12.1,-2,-2,-4
752,1205741129,2,11,11,11,11,3196,0.9757349510032665,0.01026598226784881,0.959395656279509,0.014164305949008499,4984,0.5063202247191015,0.3011637239165329,5.463483146067416,0.36772672552166935,2847,0.3767123287671233,0.06621004566210045,0.3885640025990903,0.07797270955165692,4784,0.4513830824972126,0.6103678929765887,5.315217391304348,0.36089046822742454,2073,0.2138211382113821,0.14227642276422764,0.25559481743227325,0.12838633686690223,873,0.8285605192821687,0.24513172966781213,6.143184421534937,0.3561473844978999,13.02,13.18,12.02,12.08,0,0,0
753,1205741130,2,12,10,13,14,3199,0.9757575757575757,0.010256410256410256,0.9594339622641509,0.014150943396226415,4993,0.5060084117764875,0.3008211496094532,5.463248547967154,0.3676146605247346,2851,0.3768996960486322,0.06610942249240122,0.3887086307592472,0.07787151200519143,4788,0.4512148426622108,0.6106934001670844,5.314954051796157,0.3608500417710942,2076,0.21364744110479286,0.1429731925264013,0.25616921269095183,0.12808460634547592,874,0.8287566742944317,0.2448512585812357,6.143020594965675,0.3565980167810831,13.0,13.12,12.02,12.14,2,-1,-2
754,1205741131,2,12,11,12,11,3204,0.9758026989297348,0.010237319683573755,0.9594721960414703,0.01413760603204524,5000,0.505966666666667,0.3004,5.4638,0.36771666666666664,2854,0.37632776934749623,0.06600910470409711,0.38910505836575876,0.07782101167315175,4797,0.45099367660343237,0.6110068792995622,5.3149885345007295,0.36074629977068984,2077,0.21428571428571427,0.14285714285714285,0.25616921269095183,0.12808460634547592,874,0.8287566742944317,0.2448512585812357,6.143020594965675,0.3565980167810831,12.94,13.04,11.98,12.12,1,0,1
755,1205741132,2,12,15,13,12,3207,0.9758251975825197,0.010227801022780102,0.9595103578154426,0.014124293785310734,5009,0.5060557662873498,0.3006588141345578,5.4647634258335,0.3678046183536301,2856,0.37575757575757573,0.0659090909090909,0.38910505836575876,0.07782101167315175,4806,0.4506693022610622,0.6113191843528922,5.314814814814815,0.3606602857539185,2079,0.21474878444084278,0.1426256077795786,0.25616921269095183,0.12808460634547592,874,0.8287566742944317,0.2448512585812357,6.143020594965675,0.3565980167810831,12.92,13.14,12.0,12.14,-3,-1,0
756,1205741133,2,11,11,11,10,3208,0.9758251975825197,0.010227801022780102,0.9595484477892756,0.014111006585136407,5018,0.5059784774810685,0.30071741729772816,5.465324830609805,0.36794207519596117,2861,0.3764172335600907,0.06575963718820861,0.38924870466321243,0.0783678756476684,4811,0.4505473567518877,0.6110995635003118,5.315111203491997,0.3607531351763318,2085,0.21503637833468067,0.14308811641067098,0.25644028103044497,0.12763466042154567,874,0.8287566742944317,0.2448512585812357,6.143020594965675,0.3565980167810831,12.86,13.08,11.96,12.12,0,0,1
757,1205741134,2,14,12,10,14,3212,0.9758476544356711,0.010218300046446818,0.9596244131455399,0.014084507042253521,5025,0.5059369817578777,0.30069651741293535,5.466069651741294,0.36797678275290213,2866,0.3770739064856712,0.06561085972850679,0.388745148771022,0.07826649417852523,4817,0.4506089543976192,0.6111687772472493,5.315133900768113,0.36077088090789544,2089,0.21451612903225806,0.1443548387096774,0.256140350877193,0.12748538011695906,875,0.8289523809523809,0.24457142857142858,6.142857142857143,0.35647619047619045,12.88,13.06,11.9,12.14,2,4,0
758,1205741135,2,13,14,15,13,3217,0.9758700696055684,0.010208816705336427,0.9597378277153558,0.014044943820224719,5030,0.5060304837640826,0.30059642147117294,5.466401590457257,0.367909211398277,2871,0.37697516930022573,0.0654627539503386,0.38953488372093026,0.07816537467700259,4822,0.45045278584266524,0.6109498133554542,5.315014516798009,0.36081155813631943,2092,0.21434327155519742,0.1442385173247381,0.25670945157526254,0.12835472578763127,877,0.8282022044849866,0.2451539338654504,6.142531356898518,0.3568034967692892,12.92,13.08,12.0,12.12,-1,-2,0
759,1205741136,2,13,12,11,12,3224,0.9759147753589624,0.010189902732746642,0.9589169000933707,0.014005602240896359,5037,0.5059228376679245,0.300377208655946,5.465951955529085,0.36789424922242075,2874,0.37640871525169045,0.06536438767843726,0.3892834086507424,0.07811491284699806,4828,0.4507214857774092,0.6110190555095277,5.315037282518642,0.36082919083126186,2095,0.21399839098954143,0.14400643604183427,0.2564102564102564,0.1282051282051282,878,0.8283978739559604,0.244874715261959,6.142369020501139,0.35668185269552005,12.94,13.08,12.0,12.1,1,2,1
760,1205741137,2,12,12,12,13,3229,0.9759593157651411,0.010171058714748035,0.9589552238805971,0.013992537313432836,5043,0.5056513979773948,0.3004164187983343,5.465794170136824,0.36790270341727804,2874,0.37640871525169045,0.06536438767843726,0.3892834086507424,0.07811491284699806,4837,0.4509165460684994,0.6113293363655158,5.314657845772173,0.3607780304596511,2100,0.21348314606741572,0.14365971107544143,0.2558139534883721,0.12790697674418605,879,0.8274554417899127,0.2445961319681456,6.1422070534698525,0.3565604854000758,12.92,13.04,12.06,12.12,0,0,-1
761,1205741138,2,15,13,14,13,3235,0.9760036917397323,0.01015228426395939,0.9590316573556797,0.013966480446927373,5049,0.5054466230936823,0.30025747672806496,5.465636759754407,0.36796065227437774,2876,0.3768768768768769,0.06531531531531531,0.38903225806451613,0.07806451612903226,4844,0.4507810349573352,0.611271676300578,5.314822460776218,0.3607211670795484,2104,0.2141138732959102,0.14354450681635927,0.2549246813441483,0.12746234067207415,880,0.827651515151515,0.24431818181818182,6.142045454545454,0.3564393939393939,12.94,13.02,12.1,12.1,2,1,2
762,1205741139,2,12,14,10,13,3239,0.9760479041916168,0.010133578995854445,0.9590316573556797,0.013966480446927373,5056,0.5053401898734181,0.2998417721518987,5.465783227848101,0.3678467827004219,2881,0.3778110944527736,0.06521739130434782,0.38892466194462333,0.07791371538956858,4850,0.4507388316151199,0.6115463917525773,5.3146391752577316,0.36073883161512005,2107,0.2141138732959102,0.14354450681635927,0.2540415704387991,0.12702078521939955,881,0.8278471433976541,0.24404086265607264,6.141884222474461,0.3563185773741959,12.88,13.02,12.04,12.1,-2,2,-1
763,1205741140,2,13,12,14,15,3242,0.976069949378739,0.010124252185918085,0.9590697674418605,0.013953488372093023,5066,0.5054283458349786,0.30003947887879984,5.466048164232136,0.3678609027503619,2884,0.37799401197604793,0.06511976047904192,0.3886743886743887,0.07786357786357787,4857,0.45087845720952546,0.6114885731933292,5.314597488161416,0.36088806533525475,2109,0.21394230769230768,0.14342948717948717,0.2537485582468281,0.12687427912341406,882,0.8280423280423279,0.2437641723356009,6.14172335600907,0.3561980347694633,12.88,12.94,12.06,12.12,1,-1,-2
764,1205741141,2,16,15,13,14,3246,0.975632183908046,0.010114942528735632,0.9591457753017641,0.013927576601671309,5072,0.505619085173502,0.3002760252365931,5.465891167192429,0.3679186382754995,2889,0.3781763826606876,0.06502242152466367,0.38856775850995506,0.07771355170199101,4863,0.4507677016930561,0.6111453835081225,5.314620604565083,0.3609568853245594,2110,0.21377101681345076,0.1433146517213771,0.2537485582468281,0.12687427912341406,883,0.8282370705926764,0.24462061155152887,6.141562853907135,0.3560777651944129,12.98,12.94,12.08,12.16,1,3,2
765,1205741142,2,13,12,12,12,3251,0.9756657483930211,0.010101010101010102,0.959221501390176,0.013901760889712697,5080,0.5058070866141736,0.30059055118110234,5.465157480314961,0.36773293963254594,2896,0.3773303504847129,0.06487695749440715,0.38757206918641895,0.07751441383728379,4866,0.4506953007261265,0.6113851212494862,5.314837648993013,0.3608884778736811,2113,0.2144,0.1432,0.25316455696202533,0.1277330264672037,884,0.8280542986425338,0.24434389140271492,6.141402714932127,0.35652337858220207,13.02,12.92,12.12,12.14,1,1,1
766,1205741143,2,12,12,11,13,3253,0.9756880733944954,0.010091743119266056,0.959221501390176,0.013901760889712697,5090,0.5062868369351674,0.3005893909626719,5.465225933202357,0.36769810085134247,2900,0.37769516728624536,0.0654275092936803,0.38757206918641895,0.07751441383728379,4872,0.4504823481116581,0.611247947454844,5.314449917898194,0.36090585659551155,2115,0.2144,0.1432,0.2525832376578645,0.12743972445464982,886,0.8273137697516929,0.24492099322799096,6.1410835214446955,0.35684725357411584,12.96,12.82,12.1,12.14,0,1,-1
767,1205741144,2,12,14,11,12,3257,0.9757103574702108,0.01008249312557287,0.9592969472710453,0.013876040703052728,5099,0.5061776818984118,0.3004510688370269,5.464993135909002,0.36763744525070274,2903,0.3774145616641902,0.06537890044576523,0.38707613563659626,0.0780550223928343,4877,0.45053311461964285,0.6112364158294034,5.314332581505024,0.36084341466748665,2117,0.21405750798722045,0.14297124600638977,0.2525832376578645,0.12743972445464982,887,0.8275084554678691,0.24577226606538896,6.140924464487035,0.3567267944381811,12.9,12.78,12.02,12.14,-2,1,0
768,1205741145,2,13,12,13,11,3262,0.9757548032936871,0.010064043915827997,0.9593345656192237,0.013863216266173753,5107,0.5061680046994325,0.3007636577246916,5.4650479733698845,0.3676000261079564,2908,0.3768545994065282,0.06528189910979229,0.38697318007662834,0.07790549169859515,4881,0.4506760909649658,0.6115550092194223,5.3140749846342965,0.36090623506112113,2117,0.21405750798722045,0.14297124600638977,0.2525832376578645,0.12743972445464982,890,0.8258426966292134,0.2449438202247191,6.140449438202247,0.35692883895131083,12.9,12.78,12.06,12.1,1,0,2
769,1205741146,2,12,14,11,12,3264,0.9757658893461363,0.010059442158207591,0.9593721144967683,0.013850415512465374,5117,0.5063513777604068,0.3007621653312488,5.465116279069767,0.36766334440753046,2909,0.3768545994065282,0.06528189910979229,0.38672622846202936,0.07849393746011486,4887,0.4506684400791211,0.6120319214241866,5.313894004501739,0.3609746947684331,2122,0.21371610845295055,0.14274322169059012,0.2517162471395881,0.12814645308924486,891,0.8260381593714926,0.24579124579124578,6.140291806958474,0.3568088290310512,12.84,12.76,12.0,12.04,-2,1,0
770,1205741147,2,13,12,10,11,3266,0.9757880310644129,0.010050251256281407,0.9593721144967683,0.013850415512465374,5123,0.506246340035136,0.30060511419090374,5.465547530743705,0.3676231374845468,2912,0.37703703703703706,0.06592592592592593,0.38711734693877553,0.0784438775510204,4897,0.4510754883942546,0.6115989381253829,5.314478251991015,0.36095228371111543,2125,0.21354581673306772,0.14262948207171314,0.2511415525114155,0.1278538812785388,893,0.8264277715565508,0.24636058230683092,6.139977603583427,0.3565696155281821,12.84,12.74,11.98,12.0,1,3,2
771,1205741148,2,11,13,13,12,3270,0.9758211678832117,0.010036496350364963,0.959409594095941,0.013837638376383764,5130,0.5062378167641329,0.3007797270955166,5.46588693957115,0.36780376868096165,2917,0.3772189349112426,0.06582840236686391,0.3863781031190325,0.07829408020369191,4906,0.4508594917787739,0.6116999592335916,5.314105177333877,0.36079970104633763,2126,0.21354581673306772,0.14262948207171314,0.2508551881413911,0.12770809578107184,894,0.82662192393736,0.24608501118568232,6.139821029082774,0.35645041014168527,12.78,12.74,12.0,12.02,-2,-2,-1
772,1205741149,2,15,13,13,10,3278,0.9758761948111061,0.010013654984069186,0.9595216191352346,0.013799448022079117,5134,0.5064277366575773,0.3009349435138294,5.465523957927542,0.3677119854564342,2921,0.3766617429837518,0.06573116691285082,0.38715829624920534,0.07819453273998729,4912,0.45091951682953274,0.6119706840390879,5.314128664495114,0.360817046688382,2128,0.21337579617834396,0.14251592356687898,0.2505694760820046,0.1275626423690205,895,0.8268156424581005,0.24692737430167597,6.139664804469274,0.35661080074487894,12.84,12.78,12.0,12.0,2,2,5
773,1205741150,2,12,12,13,11,3280,0.9758981355161437,0.010004547521600727,0.9595216191352346,0.013799448022079117,5141,0.506613499319199,0.30110873370939506,5.465473643260066,0.3676975945017182,2924,0.3763837638376384,0.06568265682656826,0.3873015873015873,0.07809523809523809,4918,0.45084383895892605,0.6116307442049613,5.314355429036193,0.36080046089196127,2133,0.21320604614160701,0.1424025457438345,0.25056689342403626,0.1292517006802721,897,0.8255295429208471,0.24860646599777034,6.1404682274247495,0.3569305091044221,12.82,12.74,12.02,12.0,0,-1,1
774,1205741151,2,15,13,11,13,3283,0.975909090909091,0.01,0.9595959595959596,0.013774104683195593,5147,0.5068972216825338,0.3007577229454051,5.465319603652613,0.36765753513373484,2929,0.37684365781710916,0.06563421828908554,0.3869537682077264,0.077897403419886,4923,0.45099532805200043,0.6118220597196831,5.3144424131627055,0.3606879274155323,2136,0.2136616362192216,0.14217633042096903,0.25141562853907135,0.1291053227633069,899,0.8259176863181311,0.24805339265850945,6.140155728587319,0.3569707081942899,12.92,12.74,12.02,12.04,2,4,2
775,1205741152,2,12,12,10,11,3286,0.975920036347115,0.009995456610631531,0.9596700274977086,0.013748854262144821,5154,0.5069848661233997,0.3009313154831199,5.465269693441987,0.3674977363859785,2935,0.376747608535688,0.06548933038999265,0.38748419721871047,0.0777496839443742,4929,0.4508520998174068,0.6114830594441063,5.314668289713938,0.3608575099749778,2138,0.2136616362192216,0.14217633042096903,0.25084745762711863,0.12994350282485875,901,0.8263041065482796,0.24750277469478357,6.13984461709212,0.3567332593414724,12.92,12.74,11.94,12.04,0,2,1
776,1205741153,2,13,14,12,12,3290,0.9759528130671506,0.009981851179673321,0.9597069597069597,0.013736263736263736,5159,0.5068811785229699,0.3008334948633456,5.465400271370421,0.3674807779285391,2942,0.3766519823788546,0.06534508076358296,0.3865069356872636,0.07755359394703656,4937,0.4509317399230298,0.6117075146850314,5.314360947944095,0.360914185402741,2141,0.21315372424722662,0.14183835182250396,0.25084745762711863,0.12994350282485875,901,0.8263041065482796,0.24750277469478357,6.13984461709212,0.3567332593414724,12.92,12.76,11.94,12.04,-1,1,1
777,1205741154,2,12,12,10,14,3294,0.9759855006796556,0.009968282736746714,0.959743824336688,0.013723696248856358,5166,0.506968641114983,0.30061943476577624,5.465737514518002,0.3674667699057943,2949,0.37609970674486803,0.06524926686217009,0.3859208045254557,0.07730986800754243,4945,0.451415571284125,0.6119312436804853,5.3146612740141554,0.3607853050219075,2141,0.21315372424722662,0.14183835182250396,0.25084745762711863,0.12994350282485875,901,0.8263041065482796,0.24750277469478357,6.13984461709212,0.3567332593414724,12.88,12.76,11.86,12.1,0,2,-2
778,1205741155,2,14,15,13,12,3298,0.9760072430964237,0.009959257582616569,0.9598173515981735,0.0136986301369863,5172,0.5067672080433104,0.3004640371229698,5.465970610982212,0.36752384635215263,2952,0.37701317715959004,0.06515373352855051,0.3863065326633166,0.07726130653266332,4950,0.4511952861952858,0.6121212121212121,5.3145454545454545,0.3608754208754207,2144,0.21298495645288995,0.1417260490894695,0.2502818489289741,0.13077790304396844,903,0.826688815060908,0.24806201550387597,6.1395348837209305,0.35649686231081573,12.92,12.78,11.86,12.14,-1,1,2
779,1205741156,2,14,14,12,14,3302,0.9760397830018083,0.009945750452079566,0.9598540145985401,0.013686131386861315,5177,0.5066640911724941,0.3005601699826154,5.465520571759706,0.3675230184791707,2957,0.37646198830409355,0.06505847953216375,0.386833855799373,0.07711598746081505,4956,0.45165792305622776,0.6121872477804681,5.31456820016142,0.36079163303739553,2148,0.21248025276461296,0.14139020537124802,0.2511261261261261,0.13063063063063063,905,0.8270718232044197,0.24751381215469614,6.139226519337017,0.3568139963167587,12.94,12.8,11.92,12.2,0,2,0
780,1205741157,2,13,12,13,12,3304,0.9760506100316313,0.009941256213285133,0.959890610756609,0.013673655423883319,5183,0.5068493150684935,0.3004051707505306,5.4655604862049,0.3676281432889575,2959,0.3769174579985391,0.06501095690284879,0.3865914786967419,0.07706766917293233,4962,0.45131331452371315,0.6120515920999597,5.314792422410318,0.3606576649200589,2151,0.2123125493291239,0.14127861089187055,0.250561797752809,0.13146067415730336,908,0.8248898678414096,0.2488986784140969,6.140969162995595,0.3570117474302496,12.98,12.78,11.92,12.2,1,0,1
781,1205741158,2,13,10,13,13,3309,0.9760722347629797,0.009932279909706547,0.96,0.013636363636363636,5192,0.5066448382126352,0.3002696456086287,5.465138674884438,0.3676168464304057,2962,0.3770970094821298,0.06491611962071481,0.38697557921102066,0.07701941139636818,4967,0.45126166029125525,0.6120394604388967,5.315079524864103,0.3605630494597676,2153,0.2119779353821907,0.14105594956658787,0.250561797752809,0.13146067415730336,910,0.823992673992674,0.24945054945054945,6.140659340659341,0.35760073260073255,12.96,12.72,11.92,12.2,3,0,0
782,1205741159,2,14,15,13,14,3313,0.9761045987376015,0.009918845807033363,0.9600363306085377,0.013623978201634877,5195,0.5069297401347453,0.3000962463907603,5.464870067372473,0.36759704844401664,2971,0.37718023255813954,0.06468023255813954,0.3872579637726421,0.07682698313554029,4974,0.45156480364562346,0.6119823080016084,5.315038198632891,0.3606084975204394,2155,0.21181102362204723,0.14094488188976378,0.250280583613917,0.13131313131313133,911,0.8241858763263812,0.2491767288693743,6.1405049396267835,0.3574826198316868,12.98,12.78,11.88,12.24,-1,1,0
783,1205741160,2,14,12,13,14,3317,0.9761368752814048,0.00990544799639802,0.9600725952813067,0.013611615245009074,5201,0.507114016535282,0.3001345895020188,5.464718323399346,0.36755752098955324,2977,0.377536231884058,0.06521739130434782,0.3880224578914535,0.07673112913287586,4977,0.45169446118813167,0.6120152702431183,5.314848302190074,0.3605920567945882,2161,0.211311861743912,0.14218381775333858,0.2494407158836689,0.1319910514541387,912,0.8243786549707601,0.24890350877192982,6.140350877192983,0.3573647660818713,12.96,12.78,11.9,12.28,2,1,0
784,1205741161,2,13,15,12,11,3323,0.9761904761904762,0.009883198562443846,0.9601087941976428,0.013599274705349048,5207,0.5072338518660781,0.30036489341271366,5.464566929133858,0.3675660969208117,2977,0.377536231884058,0.06521739130434782,0.3880224578914535,0.07673112913287586,4985,0.451170177198261,0.6120361083249749,5.314543630892678,0.3605148779672348,2164,0.2115987460815047,0.1426332288401254,0.2494407158836689,0.1319910514541387,912,0.8243786549707601,0.24890350877192982,6.140350877192983,0.3573647660818713,12.96,12.82,11.96,12.3,-2,1,2
785,1205741162,2,15,13,12,13,3329,0.9762331838565023,0.009865470852017937,0.9601809954751132,0.013574660633484163,5210,0.5071337172104929,0.30019193857965454,5.464299424184261,0.3674984005118362,2984,0.3774403470715835,0.0650759219088937,0.38767890479153705,0.07654013690105788,4990,0.4514195056780223,0.6122244488977956,5.3146292585170345,0.36060454241816947,2167,0.2112676056338028,0.14241001564945227,0.25027932960893856,0.1318435754189944,913,0.8245710113179991,0.2497261774370208,6.140197152245345,0.3575209930631617,13.0,12.84,11.98,12.36,2,3,2
786,1205741163,2,11,12,14,14,3334,0.9762863534675615,0.009843400447427294,0.9601809954751132,0.013574660633484163,5217,0.5071241454220181,0.30017251293847036,5.464634847613571,0.36748450578237807,2987,0.37716763005780346,0.06502890173410404,0.3878185208203853,0.0764449968924798,4999,0.4510068680402743,0.612122424484897,5.314662932586518,0.36050543442021715,2170,0.2111024237685692,0.1422986708365911,0.24972129319955408,0.13154960981047936,914,0.8247629467541939,0.24945295404814005,6.1400437636761485,0.3579504011670313,12.96,12.78,12.02,12.38,-1,-3,-3
787,1205741164,2,11,12,12,12,3337,0.9763075547608404,0.009834599910594547,0.9602169981916817,0.013562386980108499,5225,0.5068261562998408,0.2999043062200957,5.4644976076555025,0.36744816586921847,2989,0.37716763005780346,0.06502890173410404,0.38795779019242704,0.07635009310986965,5006,0.451075376215208,0.611865761086696,5.3144226927686775,0.36045079238247413,2175,0.21138845553822153,0.1419656786271451,0.25027808676307006,0.13125695216907676,915,0.8249544626593807,0.24918032786885247,6.139890710382514,0.35810564663023675,12.96,12.78,11.98,12.42,-1,-1,-1
788,1205741165,2,12,11,11,12,3342,0.9758928571428571,0.009821428571428571,0.9602888086642599,0.013537906137184115,5229,0.5068209345317782,0.2996748900363358,5.464333524574489,0.36745394275514753,2995,0.37779379956741166,0.06488824801730353,0.3872366790582404,0.0762081784386617,5013,0.45117693995611363,0.611410333133852,5.314582086574905,0.3604960436199213,2178,0.2118380062305296,0.14174454828660435,0.25,0.13111111111111112,916,0.8245997088791848,0.25,6.139737991266376,0.35826055312954874,12.9,12.74,11.92,12.42,1,1,0
789,1205741166,2,12,14,12,14,3345,0.975925100312082,0.00980829246544806,0.9602888086642599,0.013537906137184115,5237,0.507001463942461,0.29940805804850107,5.464006110368532,0.36727452103621666,2997,0.37824207492795386,0.06484149855907781,0.38699690402476783,0.0761609907120743,5018,0.4509930915371326,0.6111996811478677,5.314467915504185,0.36053540587219324,2184,0.21167315175097276,0.14163424124513618,0.24861878453038674,0.13259668508287292,917,0.8237004725554343,0.25081788440567065,6.13958560523446,0.35841512177390034,12.86,12.78,11.96,12.46,-2,0,-2
790,1205741167,2,15,14,12,13,3353,0.9759893285904847,0.009782125389061804,0.9603603603603603,0.013513513513513514,5240,0.5071882951653948,0.29942748091603055,5.463740458015267,0.36730279898218826,3001,0.3779697624190065,0.06479481641468683,0.3868974042027194,0.07663782447466007,5024,0.4511511411889592,0.6116640127388535,5.314490445859873,0.36045315817409745,2188,0.2111801242236025,0.14130434782608695,0.24834437086092714,0.13245033112582782,918,0.8238925199709513,0.25054466230936817,6.139433551198257,0.35829702251270873,12.88,12.76,11.98,12.48,1,3,2
791,1205741168,2,11,12,13,11,3358,0.9760319573901465,0.009764758100310697,0.9603960396039604,0.013501350135013501,5246,0.5071800737069516,0.2992756385817766,5.46378192908883,0.3673116024907866,3003,0.3776978417266187,0.06474820143884892,0.3866584311303274,0.0765904879555281,5031,0.4509872126151192,0.6120055654939376,5.314251639833035,0.3605976280394883,2192,0.21101629169899147,0.14119472459270752,0.24862486248624863,0.1331133113311331,919,0.8235400797968806,0.250272034820457,6.139281828073994,0.3584512150888647,12.84,12.74,12.0,12.46,-1,-2,0
792,1205741169,2,14,12,12,13,3362,0.976063829787234,0.00975177304964539,0.960431654676259,0.013489208633093525,5250,0.5070793650793654,0.29942857142857143,5.463809523809524,0.36726984126984125,3009,0.3768844221105528,0.06532663316582915,0.3871763255240444,0.07644882860665844,5039,0.451461930277171,0.6126215518952173,5.314348084937488,0.3605212674472446,2194,0.21068938807126258,0.1409759876065066,0.24862486248624863,0.1331133113311331,920,0.8226449275362318,0.25,6.139130434782609,0.35860507246376805,12.9,12.72,12.04,12.46,2,2,1
793,1205741170,2,13,13,12,12,3367,0.9761061946902655,0.009734513274336283,0.9604672057502246,0.013477088948787063,5257,0.5070699384947058,0.2992200875023778,5.4639528248050215,0.3673039122439921,3011,0.3768844221105528,0.06532663316582915,0.3866995073891626,0.07635467980295567,5048,0.4516475171685152,0.6125198098256736,5.313985736925515,0.3604727945060748,2194,0.21068938807126258,0.1409759876065066,0.24862486248624863,0.1331133113311331,920,0.8226449275362318,0.25,6.139130434782609,0.35860507246376805,12.82,12.7,12.04,12.44,0,1,1
794,1205741171,2,11,14,15,14,3369,0.9761273209549072,0.009725906277630416,0.9604672057502246,0.013477088948787063,5267,0.5064869312068859,0.2990317068539966,5.464400987279286,0.3673659894943358,3016,0.37679083094555876,0.0651862464183381,0.3874538745387454,0.07626076260762607,5055,0.4516155621496864,0.6122650840751731,5.314540059347181,0.3604187273326737,2195,0.21052631578947367,0.14086687306501547,0.24862486248624863,0.1331133113311331,921,0.8228374954759319,0.249728555917481,6.138979370249729,0.3587585957292797,12.8,12.72,12.08,12.48,-3,-4,-3
795,1205741172,2,13,13,14,12,3372,0.976148409893993,0.009717314487632508,0.9605026929982047,0.013464991023339317,5277,0.5066957235803173,0.29922304339586886,5.464089444760281,0.36738045606720987,3017,0.37679083094555876,0.0651862464183381,0.3878303626306085,0.0762138905961893,5059,0.45155498451604364,0.6121763194307175,5.314489029452461,0.3605290900705012,2200,0.21003861003861005,0.14131274131274132,0.2491767288693743,0.132821075740944,922,0.8230296456977584,0.24945770065075923,6.13882863340564,0.35891178597252343,12.8,12.72,12.08,12.5,0,-1,1
796,1205741173,2,15,16,10,11,3378,0.9757495590828924,0.010141093474426807,0.9605734767025089,0.013440860215053764,5281,0.5065012939468538,0.2993751183487976,5.46392728649877,0.367480906393991,3019,0.376521116678597,0.06513958482462419,0.38759213759213756,0.07616707616707617,5066,0.45152322674036016,0.6121200157915515,5.314449269640742,0.36047506250822453,2206,0.20955315870570107,0.14098613251155623,0.24945295404814005,0.1323851203501094,923,0.8232213795594077,0.24918743228602383,6.1386782231852655,0.35879378837125314,12.86,12.8,12.02,12.48,-1,5,4
797,1205741174,2,14,14,13,13,3380,0.9757709251101322,0.01013215859030837,0.9605734767025089,0.013440860215053764,5288,0.50683938477055,0.299357034795764,5.463880484114977,0.3674672213817448,3022,0.3766976411722659,0.06504646175839886,0.38735420503376305,0.07612031921424187,5075,0.45101806239737235,0.6120197044334975,5.313891625615764,0.3604761904761903,2208,0.21016166281755197,0.14087759815242495,0.24918032786885247,0.13224043715846995,924,0.8234126984126984,0.25,6.138528138528138,0.35867604617604615,12.86,12.8,12.04,12.5,0,1,1
798,1205741175,2,12,11,12,12,3381,0.9757709251101322,0.01013215859030837,0.9606087735004476,0.01342882721575649,5293,0.5071163171484353,0.29945210655582843,5.464009068581145,0.36749795327161655,3025,0.37687366167023556,0.0649536045681656,0.38773006134969323,0.07607361963190185,5082,0.45128230355503046,0.6113734750098386,5.314443132624951,0.3604224058769511,2212,0.21,0.14076923076923076,0.2494553376906318,0.1318082788671024,927,0.8234448040273282,0.25026968716289105,6.13915857605178,0.358863718087019,12.82,12.74,12.12,12.48,1,0,0
799,1205741176,2,13,13,13,12,3385,0.9757922535211268,0.010123239436619719,0.9606791778373548,0.013404825737265416,5303,0.5074800427431017,0.29945313973222704,5.463511220064115,0.3675121000691432,3033,0.37749287749287747,0.06481481481481481,0.3871559633027523,0.07584097859327217,5083,0.4513902550986946,0.6114499311430258,5.31438127090301,0.360400682011935,2214,0.21,0.14076923076923076,0.24891304347826088,0.13152173913043477,928,0.8236350574712643,0.25,6.139008620689655,0.35874640804597696,12.78,12.74,12.14,12.46,0,0,1
800,1205741177,2,16,15,13,11,3389,0.9758347978910369,0.010105448154657293,0.9606791778373548,0.013404825737265416,5309,0.5070948703459537,0.29967978903748355,5.463175739310604,0.36752056256671056,3038,0.3783783783783784,0.06472261735419631,0.3882783882783883,0.0757020757020757,5088,0.4513397536687627,0.6114386792452831,5.314465408805032,0.3604887316561843,2216,0.21,0.14076923076923076,0.24837310195227766,0.13123644251626898,931,0.8242033655567489,0.2502685284640172,6.139634801288937,0.3583959899749373,12.88,12.82,12.2,12.44,1,3,5
801,1205741178,2,14,12,12,10,3396,0.9758983347940403,0.010078878177037686,0.9607142857142857,0.013392857142857142,5313,0.5071836376184206,0.29983060417843027,5.463203463203463,0.3675261936131501,3043,0.37855113636363635,0.06534090909090909,0.3875685557586837,0.07617306520414381,5095,0.4518645731108927,0.6117762512266929,5.314425907752699,0.36048413477265273,2217,0.21,0.14076923076923076,0.24810400866738894,0.13109425785482123,933,0.8245802072168631,0.2497320471596999,6.139335476956056,0.3581636298678099,12.96,12.82,12.2,12.36,2,2,4
802,1205741179,2,15,15,11,11,3404,0.9759510275470048,0.010056843025797988,0.9608192341941229,0.013357079252003561,5315,0.5069927877077457,0.2997177798682973,5.463217309501411,0.3674819692693634,3046,0.37899219304471254,0.06529453513129879,0.38831405964698723,0.07608034083992696,5103,0.45164609053497906,0.6114050558495003,5.314324906917499,0.3604579005813572,2220,0.20967741935483872,0.14055299539170507,0.24891774891774893,0.13095238095238096,934,0.824768022840828,0.2494646680942184,6.139186295503212,0.3580478229835831,13.04,12.9,12.2,12.36,0,4,4
803,1205741180,2,13,11,10,11,3409,0.9755671902268761,0.010034904013961605,0.9608192341941229,0.013357079252003561,5321,0.5070475474534866,0.2997556850216125,5.463446720541252,0.36758441395727615,3051,0.37889518413597734,0.06515580736543909,0.3884498480243161,0.07598784194528875,5111,0.45181960477401645,0.6114263353551164,5.314615535120328,0.360562186134481,2222,0.21012269938650308,0.14033742331288343,0.24891774891774893,0.13095238095238096,934,0.824768022840828,0.2494646680942184,6.139186295503212,0.3580478229835831,13.06,12.92,12.14,12.3,2,3,2
804,1205741181,2,13,14,12,12,3412,0.9755884917175239,0.01002615518744551,0.9608540925266904,0.013345195729537367,5328,0.5070382882882887,0.29954954954954954,5.463025525525525,0.36752377377377377,3060,0.3785310734463277,0.06497175141242938,0.3890909090909091,0.07575757575757576,5115,0.45195503421309835,0.6113391984359726,5.314565004887585,0.3605246008471813,2223,0.210727969348659,0.14022988505747128,0.24891774891774893,0.13095238095238096,934,0.824768022840828,0.2494646680942184,6.139186295503212,0.3580478229835831,13.08,12.98,12.14,12.32,-1,1,1
805,1205741182,2,15,14,13,11,3416,0.9756203744013932,0.01001306051371354,0.9608888888888889,0.013333333333333334,5338,0.5067440989134511,0.29936305732484075,5.462907455976021,0.36749094542275507,3062,0.378969654199012,0.06492589978828511,0.38885523924894005,0.07571168988491823,5122,0.4516302225693085,0.6114798906677079,5.31433033971105,0.36051997917480133,2224,0.2113323124042879,0.14012251148545177,0.24891774891774893,0.13095238095238096,935,0.8249554367201425,0.25026737967914436,6.13903743315508,0.35793226381461674,13.14,12.96,12.14,12.3,1,2,4
806,1205741183,2,13,11,13,12,3419,0.9756415832970857,0.010004349717268378,0.9609236234458259,0.013321492007104795,5347,0.5070756187270123,0.29885917336824386,5.4628763792781,0.3674802069696403,3067,0.37914023960535587,0.06483439041578576,0.3893591293833132,0.07557436517533253,5127,0.4511897795982052,0.6114686951433587,5.3140237955919645,0.36041219686626336,2226,0.2113323124042879,0.14012251148545177,0.24946004319654427,0.1306695464362851,936,0.82514245014245,0.25,6.138888888888889,0.35781695156695154,13.18,12.96,12.18,12.34,2,0,1
807,1205741184,2,15,12,12,14,3427,0.9752711496746204,0.010412147505422993,0.9609929078014184,0.013297872340425532,5352,0.5071312904833088,0.29895366218236175,5.462817638266069,0.3675572994519183,3070,0.3793103448275862,0.06474313863476425,0.38912386706948643,0.0755287009063444,5134,0.4513861836125175,0.611414102064667,5.314179976626412,0.36055382417867793,2227,0.2113323124042879,0.14012251148545177,0.24919093851132687,0.13052858683926646,937,0.8253290643898967,0.2497331910352188,6.138740661686232,0.35770188545001774,13.2,12.96,12.22,12.34,3,3,1
808,1205741185,2,13,13,12,10,3433,0.9753032928942807,0.010398613518197574,0.9610963748894783,0.013262599469496022,5358,0.5072166231180792,0.29880552444942143,5.46267263904442,0.36756563394301356,3076,0.37991573033707865,0.06460674157303371,0.38902291917973464,0.07599517490952955,5140,0.451442931258106,0.6107003891050584,5.31420233463035,0.36052204928664056,2228,0.2113323124042879,0.14012251148545177,0.25,0.13038793103448276,938,0.8255152807391613,0.24946695095948826,6.138592750533049,0.3575870646766169,13.2,12.94,12.16,12.28,0,1,3
809,1205741186,2,12,12,11,10,3438,0.9753353526611857,0.01038511466897447,0.9611650485436893,0.01323918799646955,5369,0.5071087104985414,0.2985658409387223,5.463028496926802,0.36755758365927854,3076,0.37991573033707865,0.06460674157303371,0.38902291917973464,0.07599517490952955,5147,0.451023249789521,0.6106469788226151,5.314552166310472,0.3606145975001617,2231,0.2108479755538579,0.14056531703590527,0.25,0.13038793103448276,939,0.8257011004614838,0.24920127795527156,6.138445154419595,0.35747248846290375,13.18,12.94,12.16,12.24,0,1,2
810,1205741187,2,13,14,12,12,3442,0.9753566796368353,0.010376134889753566,0.9612334801762115,0.013215859030837005,5377,0.5072376170107251,0.2984935837827785,5.463083503812535,0.3676616452792759,3078,0.37964912280701757,0.06456140350877193,0.3887884267631103,0.0759493670886076,5153,0.45078918429393844,0.6105181447700369,5.31437997283136,0.36063134743515085,2235,0.2111280487804878,0.14176829268292682,0.24973089343379978,0.13132400430570507,939,0.8257011004614838,0.24920127795527156,6.138445154419595,0.35747248846290375,13.2,12.98,12.16,12.22,-1,1,1
811,1205741188,2,11,15,15,12,3443,0.9753673292999135,0.010371650821089023,0.9612334801762115,0.013215859030837005,5387,0.5068529175174807,0.2983107480972712,5.462966400594023,0.36753604356166075,3082,0.3795518207282913,0.06512605042016807,0.3885542168674699,0.07590361445783132,5160,0.4507590439276482,0.6106589147286822,5.31453488372093,0.3605781653746768,2238,0.21080669710806696,0.14231354642313546,0.24946236559139784,0.13118279569892474,940,0.8253546099290779,0.25,6.138297872340425,0.35762411347517725,13.12,13.02,12.18,12.2,-4,-4,-1
812,1205741189,2,12,12,10,13,3445,0.9753886010362695,0.010362694300518135,0.9612334801762115,0.013215859030837005,5397,0.5066549317522084,0.29831387808041504,5.462849731332222,0.36741090729417575,3086,0.3797202797202797,0.06503496503496503,0.38868832731648617,0.07581227436823104,5166,0.4508807588075877,0.610917537746806,5.314169570267131,0.3605949154729641,2242,0.21048632218844984,0.14209726443768997,0.24892703862660945,0.13304721030042918,941,0.8255402054551895,0.24973432518597238,6.138150903294368,0.35750974140984765,13.12,12.98,12.18,12.2,0,2,-1
813,1205741190,2,14,14,13,14,3449,0.9754098360655737,0.010353753235547885,0.961301671064204,0.013192612137203167,5405,0.5066450817144623,0.2980573543015726,5.462719703977799,0.36746839346284305,3088,0.3797202797202797,0.06503496503496503,0.38822115384615385,0.07632211538461539,5171,0.4508315606265709,0.6109069812415393,5.314445948559273,0.36063301746921916,2246,0.2101669195751138,0.1418816388467375,0.2505353319057816,0.13276231263383298,942,0.8246638358103325,0.2505307855626327,6.138004246284501,0.3573956121726822,13.14,13.02,12.16,12.18,0,1,0
814,1205741191,2,15,14,10,10,3455,0.9754627636676712,0.010331467929401636,0.961335676625659,0.013181019332161687,5409,0.5066401676218651,0.2982066925494546,5.462377518949898,0.36747396314784,3095,0.38032100488485693,0.06489881367759945,0.38788968824940045,0.07673860911270983,5173,0.45094722598105513,0.6108641020684322,5.314710999420066,0.36063857207294264,2247,0.2100075815011372,0.1417740712661107,0.2505353319057816,0.13276231263383298,945,0.8246913580246913,0.24973544973544973,6.137566137566138,0.3573192239858906,13.12,13.0,12.1,12.1,1,5,5
815,1205741192,2,11,11,12,10,3457,0.975473321858864,0.010327022375215147,0.961369622475856,0.013169446883230905,5418,0.5065368524670855,0.29808047249907715,5.462163159837578,0.3673249661621754,3102,0.3792623521224774,0.06471816283924843,0.38898862956313585,0.07660083782166367,5181,0.45063694267515886,0.6104999034935341,5.314611078942289,0.36056424113748936,2248,0.20984848484848484,0.14242424242424243,0.2505353319057816,0.13276231263383298,946,0.824876673713883,0.24947145877378435,6.137420718816068,0.3572057787174066,13.08,12.98,12.1,12.06,0,-1,1
816,1205741193,2,12,12,12,11,3460,0.9754838709677419,0.01032258064516129,0.9614373356704645,0.013146362839614373,5428,0.5066476295750434,0.29789977892409725,5.462969786293294,0.3673391058707934,3106,0.37899860917941586,0.06536856745479833,0.38829151732377537,0.07646356033452807,5188,0.45070354664610607,0.6104471858134156,5.314572089437163,0.3604793112310458,2249,0.20968962906888722,0.14231642694928084,0.2505353319057816,0.13276231263383298,947,0.8240056318197817,0.2502639915522703,6.1372756071805705,0.35709257303766273,13.08,12.98,12.12,12.02,0,0,1
817,1205741194,2,14,11,14,12,3463,0.975504941985389,0.010313708637730984,0.9614711033274956,0.013134851138353765,5434,0.5067936449515401,0.2977548767022451,5.462826647037173,0.3674395779658937,3111,0.37873523280055593,0.06532314107018763,0.38855780691299163,0.07628128724672228,5193,0.450879388920983,0.6104371269015983,5.31523204313499,0.360661788304769,2252,0.20937263794406652,0.1421012849584278,0.25026737967914436,0.13368983957219252,949,0.8238496663154197,0.2507903055848261,6.1380400421496315,0.35713031260976463,13.12,12.92,12.18,12.02,3,0,2
818,1205741195,2,13,12,12,11,3466,0.9755259768140833,0.010304851867754402,0.9615048118985127,0.013123359580052493,5443,0.5069661338722522,0.2974462612529855,5.463163696490906,0.36747504439953455,3112,0.37873523280055593,0.06532314107018763,0.38832638475282905,0.07623585467540203,5200,0.450785256410256,0.6107692307692307,5.315576923076923,0.3607852564102562,2252,0.20937263794406652,0.1421012849584278,0.25026737967914436,0.13368983957219252,951,0.8242201191728005,0.2513144058885384,6.137749737118822,0.35690501226778826,13.12,12.92,12.16,12.02,1,1,2
819,1205741196,2,12,13,13,12,3467,0.9755364806866953,0.010300429184549357,0.9615048118985127,0.013123359580052493,5451,0.5066501559346913,0.2973766281416254,5.463768115942029,0.3674860881795389,3117,0.3795975017349063,0.0652324774462179,0.38882282996432815,0.07609988109393578,5207,0.4509474425452912,0.6107163433839062,5.315536777415018,0.3607803597721015,2257,0.2090566037735849,0.1418867924528302,0.24946695095948826,0.13432835820895522,952,0.8244047619047619,0.2510504201680672,6.137605042016807,0.3573179271708683,13.12,12.9,12.2,12.02,-1,-1,0
820,1205741197,2,14,11,13,13,3472,0.9755679382768967,0.010287183883411917,0.9615720524017467,0.013100436681222707,5458,0.5066110907536343,0.2975448882374496,5.4635397581531695,0.3675949676316111,3122,0.37976437976437977,0.06514206514206514,0.3887240356083086,0.07655786350148368,5213,0.45109981456614834,0.6105889123345483,5.315557260694418,0.36070081207238297,2258,0.20889894419306185,0.14177978883861236,0.24946695095948826,0.13432835820895522,953,0.8245890171388597,0.25078698845750264,6.1374606505771245,0.3572053165442462,13.14,12.88,12.26,12.06,3,1,1
821,1205741198,2,13,12,14,12,3476,0.9755888650963598,0.010278372591006424,0.9616390584132519,0.013077593722755012,5465,0.5066941140591649,0.2977127172918573,5.463311985361391,0.3676273254040866,3127,0.38009675190048375,0.06496199032480995,0.3884934756820878,0.07651245551601424,5218,0.4510508496230991,0.6105787658106554,5.315638175546186,0.3606426472467099,2262,0.2085843373493976,0.14231927710843373,0.25,0.13404255319148936,955,0.824956369982548,0.25026178010471206,6.13717277486911,0.3569808027923211,13.18,12.86,12.28,12.06,1,-1,1
822,1205741199,2,12,13,11,12,3479,0.9755993150684932,0.010273972602739725,0.9617058311575283,0.013054830287206266,5474,0.5065917671416397,0.29722323712093535,5.463646328096456,0.36757094142004626,3130,0.3798342541436464,0.0649171270718232,0.38921800947867297,0.0764218009478673,5225,0.4509250398724079,0.6105263157894737,5.315789473684211,0.3605422647527909,2263,0.2085843373493976,0.14231927710843373,0.24973432518597238,0.1339001062699256,956,0.8251394700139469,0.2510460251046025,6.137029288702929,0.35686889818688977,13.12,12.86,12.24,12.1,-1,1,0
823,1205741200,2,14,13,13,13,3480,0.975609756097561,0.010269576379974325,0.9617058311575283,0.013054830287206266,5480,0.5068582725060832,0.29708029197080293,5.463321167883212,0.3675334549878345,3134,0.3795721187025535,0.06487232574189096,0.38971023063276167,0.07628622117090479,5232,0.4508951325178385,0.6108562691131498,5.315558103975535,0.36053771661569806,2269,0.2096168294515402,0.14199849737039819,0.25,0.13347457627118645,956,0.8251394700139469,0.2510460251046025,6.137029288702929,0.35686889818688977,13.16,12.88,12.24,12.14,1,1,1
824,1205741201,2,13,13,13,13,3484,0.9756410256410256,0.010256410256410256,0.9608695652173913,0.013043478260869565,5490,0.5068457802064363,0.2967213114754098,5.463205828779599,0.3676381299332119,3136,0.3795721187025535,0.06487232574189096,0.390431187241583,0.07619610159480213,5239,0.45061080358847067,0.6111853407138766,5.315709104790991,0.3606286186931346,2269,0.2096168294515402,0.14199849737039819,0.25,0.13347457627118645,957,0.8253221873911528,0.2507836990595611,6.136886102403344,0.3567572274468826,13.12,12.88,12.28,12.14,0,0,0
825,1205741202,2,14,11,14,8,3488,0.9756722151088348,0.010243277848911651,0.9609035621198957,0.013032145960034752,5494,0.5069318043926713,0.2966872952311613,5.463232617400801,0.3675979856813493,3140,0.3804272915230875,0.0647829083390765,0.38997050147492623,0.07669616519174041,5247,0.4505908137983605,0.6112064036592338,5.31579950447875,0.3605552379137283,2271,0.20930232558139536,0.14253563390847712,0.25,0.13347457627118645,958,0.8249826026443979,0.25156576200417535,6.1367432150313155,0.3569067501739735,13.16,12.86,12.36,12.08,3,0,6
826,1205741203,2,13,13,12,12,3493,0.9757136770345122,0.010225820195994887,0.9609375,0.013020833333333334,5500,0.5068333333333338,0.29709090909090907,5.463636363636364,0.3676060606060606,3142,0.38059187887130075,0.06469373709566414,0.38997050147492623,0.07669616519174041,5255,0.45057088487155045,0.6110371075166509,5.3155090390104665,0.36057722803679015,2273,0.2098950524737631,0.1424287856071964,0.2507936507936508,0.13333333333333333,959,0.8251651025373652,0.251303441084463,6.13660062565172,0.3570559610705596,13.16,12.84,12.36,12.08,0,1,1
827,1205741204,2,13,11,11,11,3496,0.9757446808510638,0.010212765957446808,0.9609375,0.013020833333333334,5506,0.5068561569197243,0.2971304031965129,5.4636759898292775,0.36775033297009324,3145,0.38006872852233675,0.06460481099656358,0.3897405660377358,0.07665094339622641,5262,0.45073166096541195,0.6109844165716458,5.316989737742303,0.36043012796148466,2275,0.20958083832335328,0.14221556886227546,0.2507936507936508,0.13333333333333333,961,0.8250086715227193,0.2518210197710718,6.13735691987513,0.3570933055844606,13.18,12.82,12.38,12.02,2,2,2
828,1205741205,2,13,13,11,11,3499,0.9757653061224489,0.01020408163265306,0.9609713790112749,0.013009540329575022,5514,0.5066648531011974,0.2970620239390642,5.4637286906057305,0.36780619030346995,3151,0.3795470144131778,0.06520247083047358,0.3905882352941176,0.07705882352941176,5269,0.4510185360916045,0.61150123363067,5.317137976845701,0.36037831340545307,2277,0.2094240837696335,0.14285714285714285,0.25052854122621565,0.1331923890063425,962,0.8251905751905751,0.2515592515592516,6.137214137214137,0.3572418572418572,13.16,12.78,12.34,12.0,0,2,2
829,1205741206,2,13,13,14,12,3502,0.975785896346644,0.010195412064570943,0.9610051993067591,0.012998266897746967,5520,0.5065670289855077,0.29692028985507246,5.463586956521739,0.36772342995169083,3153,0.3792866941015089,0.06515775034293553,0.3903586125808348,0.0770135214579659,5278,0.45138625742073973,0.6115953012504737,5.316976127320955,0.360584817481369,2282,0.20911127707244212,0.14339058999253174,0.2518440463645943,0.13382507903055849,963,0.8253721010730356,0.2523364485981308,6.137071651090342,0.3573901003807545,13.14,12.76,12.38,11.96,0,-1,1
830,1205741207,2,13,14,13,13,3504,0.9758064516129032,0.010186757215619695,0.9610051993067591,0.012998266897746967,5530,0.5063743218806515,0.2969258589511754,5.464014466546113,0.36773658830620853,3156,0.37971213159698425,0.06511309115832763,0.38990017615971817,0.07751027598355843,5286,0.4511760625551767,0.6119939462731744,5.317442300416194,0.36051204439399653,2283,0.20911127707244212,0.14339058999253174,0.25157894736842107,0.1336842105263158,964,0.8255532503457814,0.2520746887966805,6.136929460580913,0.35727869986168737,13.14,12.8,12.38,11.98,-1,0,0
831,1205741208,2,12,11,12,10,3509,0.9758576874205845,0.010165184243964422,0.9610051993067591,0.012998266897746967,5537,0.5062759617121189,0.29727289145746794,5.463608452230449,0.36769309493708985,3163,0.3796169630642955,0.06566347469220246,0.38957234915055655,0.0773286467486819,5290,0.451118462507876,0.6119092627599244,5.317202268431002,0.36047574039067404,2284,0.20911127707244212,0.14339058999253174,0.2513144058885384,0.13354363827549948,966,0.8259144237405106,0.2515527950310559,6.136645962732919,0.3570565907522429,13.12,12.82,12.36,11.92,1,0,2
832,1205741209,2,11,11,15,10,3512,0.9754549301735083,0.010156580617858655,0.961038961038961,0.012987012987012988,5547,0.5062646475572385,0.29727780782404906,5.463313502794303,0.3675710594315245,3171,0.37968643490115883,0.06612133605998637,0.3906432748538012,0.07719298245614035,5294,0.45096650295932456,0.6116358141292029,5.31696259916887,0.3604552323384962,2286,0.208955223880597,0.14328358208955225,0.2510504201680672,0.13445378151260504,967,0.8260944501895897,0.2512926577042399,6.1365046535677354,0.3569458807307824,13.06,12.74,12.4,11.84,0,-4,1
833,1205741210,2,14,15,13,13,3517,0.975496408956485,0.010139416983523447,0.9610726643598616,0.012975778546712802,5556,0.506524478041757,0.2975161987041037,5.463642908567315,0.36742560595152385,3173,0.3798502382573179,0.06603131381892444,0.3906432748538012,0.07719298245614035,5301,0.45065396466075536,0.6115827202414639,5.316544048292775,0.360450858328617,2287,0.208955223880597,0.14328358208955225,0.25078698845750264,0.1353620146904512,969,0.8254213966288269,0.25077399380804954,6.136222910216718,0.3569831441348469,13.06,12.8,12.4,11.82,-1,1,1
834,1205741211,2,14,12,12,12,3520,0.9755170958210215,0.010130856901646263,0.9611063094209161,0.01296456352636128,5565,0.5060646900269545,0.2973944294699012,5.463971248876909,0.367445342917041,3176,0.3802721088435374,0.06598639455782312,0.3907710280373832,0.07768691588785047,5309,0.4511050417529976,0.6116029384064796,5.316820493501601,0.360425692220757,2289,0.20879940343027592,0.14317673378076062,0.25052410901467503,0.13626834381551362,970,0.8256013745704467,0.25051546391752577,6.1360824742268045,0.3571305841924398,13.08,12.74,12.4,11.84,2,2,2
835,1205741212,2,10,13,12,12,3523,0.9755274261603376,0.010126582278481013,0.9611734253666955,0.012942191544434857,5569,0.5060603339917404,0.2975399533129826,5.463817561501167,0.36736098641288084,3177,0.3802721088435374,0.06598639455782312,0.3911266783420899,0.07764156450671336,5320,0.4509241854636587,0.6120300751879699,5.316917293233082,0.36033834586466146,2294,0.20892193308550186,0.14275092936802974,0.25026178010471206,0.13717277486910995,971,0.8257809818056985,0.25025746652935116,6.135942327497426,0.35702025403364224,12.98,12.74,12.4,11.82,-3,-2,-2
836,1205741213,2,13,13,14,12,3528,0.9755686604886268,0.010109519797809604,0.9612068965517241,0.01293103448275862,5571,0.5058786573326157,0.29743313588224735,5.463651050080776,0.3673637288338419,3182,0.380693405846363,0.06594153636981645,0.39021549213744905,0.07746068724519511,5327,0.4512702584318874,0.6119767223577999,5.317814905199925,0.3602872160690818,2296,0.2087667161961367,0.1426448736998514,0.2510460251046025,0.13702928870292888,974,0.8247775496235454,0.25051334702258726,6.135523613963039,0.3572039698836413,13.02,12.76,12.4,11.78,0,-1,1
837,1205741214,2,15,11,12,14,3531,0.9755892255892256,0.010101010101010102,0.9603789836347976,0.012919896640826873,5578,0.5061700729054623,0.29759770527070634,5.463786303334529,0.36744054021752115,3185,0.3804347826086957,0.06589673913043478,0.39092495636998253,0.07737056428155904,5334,0.4514279465066862,0.6121109861267342,5.318335208098987,0.3603299587551554,2299,0.20978502594514456,0.1430689399555226,0.2510460251046025,0.13702928870292888,975,0.8244444444444443,0.25025641025641027,6.135384615384615,0.3573504273504273,13.1,12.74,12.4,11.82,4,3,1
838,1205741215,2,13,13,12,13,3537,0.9756302521008403,0.010084033613445379,0.9604471195184867,0.012897678417884782,5582,0.5065239460169596,0.2975635972769617,5.4636331064134716,0.3674907440582825,3189,0.3804347826086957,0.06589673913043478,0.3911781775972142,0.0771909460243761,5340,0.45166978776529293,0.6117977528089887,5.318352059925093,0.3602996254681646,2303,0.20916481892091648,0.1426459719142646,0.2510460251046025,0.13702928870292888,976,0.8246243169398906,0.25,6.135245901639344,0.3572404371584699,13.12,12.78,12.42,11.84,0,1,0
839,1205741216,2,12,13,12,11,3542,0.975660931598825,0.010071338648762064,0.9605150214592275,0.012875536480686695,5588,0.5068748508709142,0.297244094488189,5.463672154617036,0.36736459078978756,3193,0.3805970149253731,0.06580732700135686,0.391304347826087,0.07710144927536232,5348,0.45136811269010174,0.6118175018698578,5.3178758414360505,0.3602281226626774,2306,0.20901033973412111,0.14254062038404727,0.25052192066805845,0.13674321503131523,977,0.8237802797679972,0.24974411463664278,6.13510747185261,0.3571306721255544,13.12,12.76,12.42,11.78,-1,0,1
840,1205741217,2,16,14,13,12,3550,0.9756915339480302,0.010058675607711651,0.9606837606837607,0.01282051282051282,5594,0.507225002979383,0.29746156596353235,5.4638898820164465,0.3672833988797521,3195,0.3807588075880759,0.06571815718157181,0.391304347826087,0.07710144927536232,5353,0.45141353758017266,0.6114328413973473,5.3175789277040915,0.3602185690267138,2307,0.20901033973412111,0.14254062038404727,0.2502606882168926,0.13660062565172054,978,0.8236196319018404,0.24948875255623723,6.134969325153374,0.3575323790047716,13.14,12.76,12.44,11.76,2,3,4
841,1205741218,2,15,11,12,12,3553,0.9757220594390958,0.010046044370029301,0.9606837606837607,0.01282051282051282,5601,0.5073945128846044,0.2970898053918943,5.464202820924835,0.367315360352318,3197,0.38050101557210564,0.06567366283006093,0.3910776361529548,0.07705677867902665,5363,0.451690596059419,0.611784449002424,5.317732612343837,0.3602927465970537,2307,0.20901033973412111,0.14254062038404727,0.2502606882168926,0.13660062565172054,978,0.8236196319018404,0.24948875255623723,6.134969325153374,0.3575323790047716,13.22,12.74,12.42,11.78,4,3,3
842,1205741219,2,13,13,12,12,3557,0.975762641036356,0.010029251984956121,0.9606837606837607,0.01282051282051282,5609,0.5074136803946042,0.29737921198074524,5.463897307898021,0.3673708920187793,3201,0.3804054054054054,0.06554054054054054,0.390851187029531,0.07701215981470759,5367,0.451633438916837,0.61151481274455,5.317495807713807,0.360396869759642,2310,0.2092851879145173,0.14222549742078114,0.2502606882168926,0.13660062565172054,979,0.8237997957099079,0.25025536261491316,6.134831460674158,0.3574225400068096,13.2,12.76,12.42,11.76,0,1,1
843,1205741220,2,14,13,12,13,3560,0.9757828810020877,0.010020876826722338,0.9607173356105893,0.012809564474807857,5615,0.5073760759869401,0.29723953695458594,5.464113980409617,0.36755713861680017,3203,0.3808237677245105,0.06549628629304524,0.390625,0.07696759259259259,5374,0.4513242773849394,0.6116486788239672,5.317082247860067,0.36043915147004074,2316,0.20867009551800147,0.14254224834680382,0.25078043704474506,0.13631633714880334,980,0.8234693877551019,0.2510204081632653,6.134693877551021,0.3575680272108843,13.22,12.76,12.42,11.78,1,2,1
844,1205741221,2,13,13,12,10,3563,0.9758030871923238,0.010012515644555695,0.9607508532423208,0.012798634812286689,5623,0.5070691801529437,0.2971723279388227,5.46398719544727,0.367612188037228,3207,0.3805668016194332,0.06545209176788123,0.39052570768342,0.07683419988445984,5381,0.4512017592764661,0.6115963575543579,5.31666976398439,0.36049680976274523,2317,0.20851688693098386,0.14243759177679882,0.25078043704474506,0.13631633714880334,981,0.8226299694189602,0.25076452599388377,6.134556574923548,0.35745837580699963,13.26,12.74,12.36,11.7,0,1,3
845,1205741222,2,14,12,11,11,3571,0.9758534554537885,0.009991673605328892,0.9608510638297872,0.01276595744680851,5629,0.5072392965002669,0.297210872268609,5.463847930360632,0.3675312370462485,3211,0.38047138047138046,0.06531986531986532,0.3903002309468822,0.07678983833718245,5386,0.45115422700829266,0.6113999257333829,5.316561455625696,0.36048706523084517,2319,0.20836390315480557,0.14233308877476156,0.2505197505197505,0.13617463617463618,982,0.8228105906313644,0.2505091649694501,6.134419551934827,0.3573489477257298,13.28,12.72,12.3,11.68,2,3,3
846,1205741223,2,11,11,11,12,3573,0.9758735440931781,0.009983361064891847,0.9608510638297872,0.01276595744680851,5637,0.5068742238779497,0.29714387085329075,5.463899237182899,0.3675418366743539,3216,0.3810483870967742,0.06518817204301075,0.3904267589388697,0.07670126874279123,5393,0.45075406391000633,0.6115334693120712,5.316150565547932,0.3605136287780454,2319,0.20836390315480557,0.14233308877476156,0.2505197505197505,0.13617463617463618,984,0.8231707317073169,0.25101626016260165,6.134146341463414,0.35713075880758804,13.2,12.62,12.32,11.7,0,0,-1
847,1205741224,2,15,15,10,12,3582,0.9759136212624585,0.009966777408637873,0.9610169491525423,0.012711864406779662,5640,0.5070183215130027,0.2969858156028369,5.463652482269503,0.36761229314420796,3218,0.38079247817327067,0.0651443922095366,0.39020172910662826,0.07665706051873199,5401,0.45101215824230034,0.611183114238104,5.316237733753009,0.3605350860951674,2322,0.20836390315480557,0.14233308877476156,0.24974093264248703,0.13678756476683937,985,0.8228426395939085,0.25076142131979695,6.134010152284264,0.35727580372250417,13.22,12.64,12.26,11.68,0,5,3
848,1205741225,2,12,12,9,12,3585,0.9759336099585062,0.00995850622406639,0.9610499576629975,0.012701100762066046,5645,0.5071892530262774,0.2970770593445527,5.463950398582817,0.36768526719811034,3225,0.38095238095238093,0.06505700871898056,0.3896551724137931,0.0764367816091954,5409,0.4508072964811729,0.6112035496394898,5.316139767054908,0.36047944783385694,2325,0.20790629575402636,0.14275256222547583,0.24974093264248703,0.13678756476683937,985,0.8228426395939085,0.25076142131979695,6.134010152284264,0.35727580372250417,13.22,12.66,12.2,11.68,0,3,0
849,1205741226,2,14,13,10,15,3589,0.9759535655058044,0.009950248756218905,0.9611158072696534,0.01267962806424345,5651,0.5075355394325493,0.2967616351088303,5.463988674570873,0.367604553766295,3231,0.3815261044176707,0.06492637215528782,0.39013195639701664,0.07630522088353414,5416,0.450655465288035,0.6113367799113737,5.315915805022157,0.36047513540127996,2325,0.20790629575402636,0.14275256222547583,0.24974093264248703,0.13678756476683937,986,0.8220081135902636,0.2515212981744422,6.133874239350913,0.3571670047329276,13.24,12.66,12.14,11.74,1,4,-1
850,1205741227,2,14,15,16,12,3593,0.975973487986744,0.009942004971002486,0.9611814345991562,0.012658227848101266,5658,0.5075262165665139,0.2971014492753623,5.4639448568398725,0.3675474254742547,3237,0.38050734312416556,0.06475300400534045,0.39025787965616043,0.07621776504297995,5421,0.4507317223144557,0.6116952591772735,5.315624423538092,0.3605577076800096,2327,0.20760233918128654,0.1425438596491228,0.24974093264248703,0.13678756476683937,987,0.8221884498480242,0.2512664640324215,6.133738601823708,0.3573117190138466,13.2,12.66,12.2,11.76,-1,-2,2
851,1205741228,2,14,13,11,13,3603,0.9760231500620091,0.009921455146754857,0.9613445378151261,0.012605042016806723,5661,0.507345580874993,0.29712065006182653,5.46422893481717,0.3675734558087499,3239,0.380920613742495,0.06470980653769179,0.3900343642611684,0.07617411225658649,5429,0.4508043224657698,0.6111622766623688,5.315343525511143,0.36057898937803134,2328,0.20760233918128654,0.1425438596491228,0.2494824016563147,0.13664596273291926,989,0.8225480283114256,0.2517694641051567,6.136501516683519,0.3570947084597236,13.2,12.68,12.18,11.82,1,3,1
852,1205741229,2,12,14,14,14,3605,0.9760429574555969,0.009913258983890954,0.9613445378151261,0.012605042016806723,5668,0.5076893672077163,0.2978122794636556,5.4638320395201125,0.36760468125147017,3245,0.3796542553191489,0.06449468085106383,0.3898111047510017,0.0767029192902118,5436,0.45086767230806923,0.6111111111111112,5.315305371596763,0.3605285749325482,2333,0.20787746170678337,0.1422319474835886,0.24896694214876033,0.13636363636363635,990,0.8227272727272726,0.2515151515151515,6.136363636363637,0.35698653198653196,13.14,12.66,12.24,11.88,-2,-2,-2
853,1205741230,2,13,13,10,13,3610,0.9756600660066007,0.010313531353135313,0.9614093959731543,0.012583892617449664,5674,0.5077106097990839,0.2980260838914346,5.463341557983786,0.36765656209611086,3250,0.3788984737889847,0.06436629064366291,0.3893653516295026,0.07661520869068039,5442,0.45119747641798313,0.6109886071297317,5.315325248070562,0.3604985912042139,2337,0.20757465404224326,0.14202476329206118,0.24948453608247423,0.1360824742268041,991,0.8229061553985871,0.2512613521695257,6.136226034308779,0.35687857383114696,13.14,12.7,12.24,11.92,0,3,0
854,1205741231,2,13,14,15,12,3614,0.9756801319043693,0.010305028854080791,0.9614740368509213,0.01256281407035176,5679,0.5077918647649238,0.2979397781299525,5.463109702412397,0.36759699477607555,3254,0.3790589794565938,0.06494367130550033,0.38892061679040546,0.07652769845802398,5447,0.45102808885625073,0.6111621075821553,5.315035799522673,0.3605807478122512,2341,0.20769789397240376,0.14233841684822077,0.24948453608247423,0.1360824742268041,992,0.8230846774193548,0.25100806451612906,6.136088709677419,0.3567708333333333,13.14,12.7,12.3,11.92,-1,-2,1
855,1205741232,2,12,12,12,12,3615,0.9756901524515863,0.010300782859497322,0.9614740368509213,0.01256281407035176,5690,0.5079525483304046,0.2982425307557118,5.462390158172232,0.36754540128881075,3264,0.37846763540290623,0.0653896961690885,0.3878132118451025,0.0774487471526196,5449,0.45107665014987414,0.6113048265736832,5.314920168838319,0.360677800207989,2342,0.20754716981132076,0.14223512336719885,0.24948453608247423,0.1360824742268041,993,0.822255790533736,0.25176233635448136,6.13595166163142,0.35666330983551525,13.08,12.66,12.28,11.94,0,0,0
856,1205741233,2,13,14,12,12,3620,0.9757101687937423,0.01029230135858378,0.9615705931495405,0.012531328320802004,5696,0.5078563904494386,0.29810393258426965,5.462605337078652,0.3675971441947565,3267,0.3788778877887789,0.06534653465346535,0.3873720136518771,0.07849829351535836,5458,0.45115732258458485,0.6108464639061928,5.31440087944302,0.3607701233663122,2343,0.20754716981132076,0.14223512336719885,0.25025746652935116,0.13594232749742532,994,0.8224346076458752,0.2515090543259557,6.135814889336016,0.3568075117370892,13.08,12.72,12.26,11.94,-1,1,1
857,1205741234,2,10,11,10,12,3623,0.9757401315789473,0.010279605263157895,0.9615705931495405,0.012531328320802004,5704,0.5074070827489485,0.2982117812061711,5.462131837307153,0.36747604020570357,3275,0.37738330046022356,0.0650887573964497,0.3875,0.07840909090909091,5463,0.4509274513393125,0.6106534870950028,5.314479223869669,0.3608060284337053,2346,0.20812182741116753,0.14213197969543148,0.25077081192189105,0.1366906474820144,995,0.8222780569514236,0.25125628140703515,6.135678391959799,0.3572026800670016,12.98,12.7,12.22,11.9,-1,0,-2
858,1205741235,2,12,12,13,12,3626,0.9753492193919474,0.010271158586688579,0.9616026711185309,0.012520868113522538,5713,0.5073078942762126,0.29844214948363385,5.461753894626291,0.36764105257016155,3284,0.37745740498034075,0.06487549148099607,0.38718820861678005,0.0782312925170068,5467,0.4507804402170595,0.6105725260654838,5.3142491311505395,0.36081641363331485,2348,0.20812182741116753,0.14213197969543148,0.2512820512820513,0.13641025641025642,996,0.8221218206157963,0.25100401606425704,6.135542168674699,0.35759705488621146,12.96,12.68,12.24,11.94,0,-1,0
859,1205741236,2,13,13,11,12,3630,0.9753896636587367,0.010254306808859722,0.9616026711185309,0.012520868113522538,5720,0.5072698135198139,0.2986013986013986,5.4617132867132865,0.36775932400932393,3290,0.37712418300653594,0.06470588235294118,0.3873159682899207,0.07814269535673839,5474,0.45043234685178374,0.6107051516258677,5.31421264157837,0.36085738643283377,2350,0.20797101449275363,0.14202898550724638,0.2510245901639344,0.13729508196721313,996,0.8221218206157963,0.25100401606425704,6.135542168674699,0.35759705488621146,12.98,12.7,12.24,11.98,0,2,1
860,1205741237,2,13,13,12,10,3635,0.9754299754299754,0.010237510237510237,0.9616346955796498,0.012510425354462052,5729,0.5067783790073898,0.29865596090068075,5.461686158142783,0.3678797928667015,3293,0.3766318537859008,0.06462140992167102,0.3876627051499717,0.07809847198641766,5479,0.4503863235383581,0.6108778974265376,5.314655959116627,0.3609387357790349,2350,0.20797101449275363,0.14202898550724638,0.2510245901639344,0.13729508196721313,998,0.8214762859051434,0.250501002004008,6.135270541082164,0.35738142952571805,12.98,12.68,12.24,11.94,0,1,3
861,1205741238,2,11,13,10,13,3639,0.9754601226993865,0.010224948875255624,0.9616666666666667,0.0125,5734,0.5063364725031977,0.2985699337286362,5.461632368329264,0.36786420183699564,3294,0.3766318537859008,0.06462140992167102,0.38800904977375567,0.07805429864253394,5486,0.4501762061003763,0.6110098432373314,5.31461903025884,0.36093389233199635,2353,0.20854453294713976,0.14192614047791455,0.2505112474437628,0.13803680981595093,1001,0.8220113220113219,0.24975024975024976,6.137862137862138,0.35730935730935726,12.98,12.64,12.14,11.96,-2,1,-2
862,1205741239,2,14,13,12,11,3643,0.9754901960784313,0.010212418300653595,0.9616985845129059,0.012489592006661115,5740,0.506736353077817,0.2986062717770035,5.462020905923345,0.3678716608594657,3298,0.3766318537859008,0.06462140992167102,0.38826185101580135,0.07787810383747178,5492,0.4507768875940758,0.6110706482155863,5.315185724690459,0.36090373877154625,2356,0.20839363241678727,0.14182344428364688,0.2510204081632653,0.1377551020408163,1003,0.8223662346294448,0.2502492522432702,6.137587238285144,0.3570953805250914,13.02,12.66,12.18,11.92,1,2,3
863,1205741240,2,12,12,13,10,3645,0.9755102040816327,0.01020408163265306,0.9616985845129059,0.012489592006661115,5745,0.5071656512909781,0.2988685813751088,5.462140992167102,0.3678125906585436,3300,0.37614080834419816,0.0651890482398957,0.38826185101580135,0.07787810383747178,5502,0.451048103719859,0.6110505270810614,5.315339876408578,0.3608839209984246,2361,0.20866425992779783,0.14151624548736463,0.2505091649694501,0.13747454175152748,1004,0.8225431606905709,0.250996015936255,6.137450199203188,0.35698871181938907,12.98,12.62,12.18,11.84,0,-1,2
864,1205741241,2,11,11,9,10,3650,0.975132490827558,0.010191602119853241,0.9617622610141313,0.012468827930174564,5752,0.5069541029207237,0.29885257301808066,5.461752433936022,0.3677996059341678,3308,0.3751625487646294,0.06501950585175553,0.38795045045045046,0.07826576576576577,5506,0.4510836663034261,0.6107882310207047,5.315110788231021,0.36089417605036905,2362,0.20866425992779783,0.14151624548736463,0.25025432349949134,0.1373346897253306,1005,0.822719734660033,0.2507462686567164,6.137313432835821,0.35713101160862354,12.9,12.56,12.16,11.84,0,2,1
865,1205741242,2,10,10,12,12,3651,0.9751426242868786,0.010187449062754686,0.9617622610141313,0.012468827930174564,5763,0.5069408294291172,0.2991497483949332,5.461565157036266,0.367748279252704,3311,0.37532467532467534,0.06493506493506493,0.38829487900956666,0.07822172200337647,5513,0.4509643872059975,0.6111010339198258,5.314892073281335,0.3609801076244027,2363,0.2085137085137085,0.1414141414141414,0.25025432349949134,0.1373346897253306,1006,0.8228959575878063,0.2514910536779324,6.137176938369781,0.3572730284956925,12.88,12.54,12.16,11.88,0,-2,-2
866,1205741243,2,14,13,12,13,3653,0.9751628664495114,0.01017915309446254,0.9617622610141313,0.012468827930174564,5769,0.5071069509447049,0.29918530074536315,5.461605130871901,0.36775582134396484,3316,0.3750811161583387,0.06489292667099286,0.3879842784952274,0.07804604154969118,5522,0.4507726669081246,0.611372691053966,5.314559942049982,0.3609350476880355,2367,0.2087832973362131,0.14110871130309574,0.25,0.13719512195121952,1006,0.8228959575878063,0.2514910536779324,6.137176938369781,0.3572730284956925,12.92,12.56,12.16,11.92,1,2,1
867,1205741244,2,14,14,12,13,3657,0.9751830756712775,0.01017087062652563,0.9618257261410789,0.012448132780082987,5777,0.5070971092262425,0.2991171888523455,5.461312099705729,0.3676793029830938,3320,0.3748378728923476,0.0648508430609598,0.38845291479820626,0.07791479820627803,5527,0.450545805439961,0.6113624027501356,5.314637235389904,0.3608799228032083,2370,0.20863309352517986,0.1410071942446043,0.2515212981744422,0.13691683569979715,1008,0.8232473544973543,0.2509920634920635,6.136904761904762,0.35730820105820105,12.92,12.62,12.12,11.94,0,2,1
868,1205741245,2,12,12,14,11,3657,0.9751830756712775,0.01017087062652563,0.9618257261410789,0.012448132780082987,5785,0.5072601555747628,0.2990492653414002,5.461192739844425,0.3676462114664361,3328,0.3742727860374919,0.06464124111182935,0.3889199776161164,0.07778399552322328,5531,0.45076236967395844,0.6111010667148797,5.314590489965648,0.3609353341770624,2372,0.20863309352517986,0.1410071942446043,0.25101214574898784,0.13663967611336034,1009,0.8224314502808059,0.25173439048562934,6.136769078295342,0.35720185001651794,12.9,12.62,12.16,11.94,0,-2,1
869,1205741246,2,14,12,12,13,3661,0.9752133279154815,0.010158472165786265,0.9618573797678275,0.012437810945273632,5792,0.5072513812154701,0.2988604972375691,5.461325966850829,0.36771984346224673,3330,0.37467700258397935,0.06459948320413436,0.38926174496644295,0.07774049217002237,5538,0.4509148910557357,0.6110509209100758,5.314192849404117,0.3608853978572286,2375,0.20863309352517986,0.1410071942446043,0.25025227043390513,0.13723511604439959,1010,0.8216171617161714,0.2524752475247525,6.136633663366337,0.35709570957095704,12.94,12.6,12.14,11.96,2,2,1
870,1205741247,2,13,12,11,13,3667,0.9752435064935064,0.010146103896103896,0.9619520264681555,0.01240694789081886,5799,0.507357590389148,0.29884462838420417,5.461458872219348,0.36779329769500485,3336,0.3743556701030928,0.06443298969072164,0.3888268156424581,0.0782122905027933,5543,0.45080882795116917,0.6108605448313188,5.3140898430452825,0.3609958506224064,2377,0.20848310567936737,0.1409058231488138,0.25,0.13709677419354838,1011,0.8217936036927133,0.2522255192878338,6.136498516320475,0.356989779096604,12.92,12.62,12.1,11.96,1,2,0
871,1205741248,2,15,13,10,12,3674,0.9752836304700162,0.01012965964343598,0.9620462046204621,0.012376237623762377,5805,0.5072207866781515,0.2987080103359173,5.460981912144703,0.36781510192362904,3343,0.37467866323907456,0.06426735218508997,0.3892916899051868,0.0780814277746793,5547,0.45084430022234195,0.610780602127276,5.314404182440959,0.3610059491617088,2377,0.20848310567936737,0.1409058231488138,0.25,0.13709677419354838,1012,0.8219696969696968,0.2519762845849802,6.136363636363637,0.35688405797101447,12.96,12.64,12.02,11.96,2,5,3
872,1205741249,2,13,13,13,11,3678,0.9753136382031566,0.010117361392148928,0.9620774938169827,0.01236603462489695,5808,0.5072170569329665,0.29872589531680444,5.461088154269972,0.3677972910927456,3347,0.37443802183686575,0.06422607578676943,0.3897550111358575,0.0779510022271715,5553,0.45044720571462826,0.6106609040158473,5.314424635332252,0.3609310282730054,2383,0.21018651362984217,0.1406025824964132,0.25025125628140704,0.13668341708542714,1014,0.8219921104536487,0.2514792899408284,6.136094674556213,0.3576594345825115,12.98,12.64,12.06,11.94,0,0,2
873,1205741250,2,14,12,10,13,3684,0.9753535353535353,0.010101010101010102,0.9621399176954732,0.012345679012345678,5812,0.5072120899288832,0.2986923606331727,5.461286992429456,0.3678309245239733,3348,0.37443802183686575,0.06422607578676943,0.38953811908736785,0.07790762381747357,5563,0.4505962010905382,0.6106417400683085,5.3145784648570915,0.3610012583138592,2387,0.21045096635647817,0.14030064423765212,0.25100401606425704,0.13654618473895583,1014,0.8219921104536487,0.2514792899408284,6.136094674556213,0.3576594345825115,12.98,12.62,12.0,11.94,2,4,1
874,1205741251,2,12,12,12,12,3688,0.9753833736884584,0.010088781275221953,0.962171052631579,0.012335526315789474,5820,0.5074599083619706,0.29828178694158075,5.460996563573883,0.3678407789232531,3350,0.37443802183686575,0.06422607578676943,0.38910505836575876,0.07837687604224569,5571,0.45081672949201174,0.6106623586429726,5.314485729671513,0.36108119427990165,2390,0.21015010721944247,0.1401000714796283,0.25175526579739216,0.13640922768304914,1015,0.8221674876847288,0.2512315270935961,6.135960591133005,0.3575533661740558,12.96,12.6,11.98,11.92,0,0,0
875,1205741252,2,13,16,12,12,3695,0.9754329440193314,0.010068465565847765,0.9622331691297209,0.012315270935960592,5823,0.5071984658537986,0.2981281126567062,5.460930791688133,0.36782300074417534,3351,0.37443802183686575,0.06422607578676943,0.3888888888888889,0.07888888888888888,5579,0.45097687757662613,0.6103244309015953,5.315110234809105,0.36101153133775443,2391,0.21015010721944247,0.1401000714796283,0.251503006012024,0.13627254509018036,1018,0.8226915520628681,0.2504911591355599,6.136542239685658,0.35723641126391614,12.94,12.7,11.94,12.0,-3,1,1
876,1205741253,2,13,13,13,11,3699,0.9754428341384863,0.010064412238325281,0.9623259623259623,0.012285012285012284,5830,0.5066752429959982,0.29828473413379075,5.460891938250429,0.3677815894797027,3354,0.37524053880692754,0.06414368184733804,0.3886729594669628,0.07884508606329817,5587,0.45095758009665243,0.6099874709146232,5.314838016824772,0.3608973211622216,2392,0.21,0.14,0.251503006012024,0.13627254509018036,1019,0.8228655544651617,0.2512266928361138,6.136408243375858,0.3573765129211645,12.94,12.7,11.96,11.98,0,0,2
877,1205741254,2,12,12,13,12,3702,0.9754527162977867,0.01006036217303823,0.9623875715453802,0.012264922322158627,5833,0.50672895594034,0.29847419852563006,5.460997771301217,0.3678495914052231,3357,0.37540038436899426,0.06406149903907751,0.3890122086570477,0.07880133185349611,5593,0.45089099469575017,0.6100482746290006,5.315036652959056,0.3609124500864173,2397,0.20970042796005706,0.1398002853067047,0.25074925074925075,0.13586413586413587,1023,0.8225806451612901,0.2512218963831867,6.140762463343108,0.35744542196155094,12.92,12.72,12.0,12.0,0,-1,0
878,1205741255,2,13,14,12,12,3711,0.9755118426334806,0.010036130068245684,0.9624796084828712,0.012234910277324634,5833,0.50672895594034,0.29847419852563006,5.460997771301217,0.3678495914052231,3359,0.37540038436899426,0.06406149903907751,0.3885809312638581,0.07926829268292683,5602,0.4510591455432579,0.6101392359871475,5.314887540164227,0.3609127692490775,2401,0.2099644128113879,0.13950177935943062,0.250499001996008,0.13572854291417166,1024,0.8227539062499998,0.2509765625,6.140625,0.35734049479166663,12.92,12.74,12.02,12.02,-1,1,1
879,1205741256,2,10,10,12,10,3716,0.97514033680834,0.010425020048115477,0.9625407166123778,0.012214983713355049,5839,0.5070074784495067,0.29851001883884226,5.461037848946737,0.3678569389735685,3363,0.37516005121638923,0.06402048655569782,0.38848920863309355,0.07969009407858328,5608,0.4509331906799805,0.610021398002853,5.3147289586305275,0.36088326200665694,2403,0.20966595593461265,0.14001421464108033,0.250499001996008,0.13572854291417166,1026,0.8230994152046781,0.25048732943469787,6.140350877192983,0.3571312540610786,12.86,12.68,11.98,11.98,0,-2,0
880,1205741257,2,12,12,12,12,3721,0.9751702042450942,0.010412494993992792,0.9626016260162602,0.012195121951219513,5844,0.507087040839608,0.29842573579739906,5.461156741957564,0.36788443988135977,3366,0.37492002559181065,0.06397952655150352,0.38916528468767275,0.07960199004975124,5617,0.4508337784107764,0.6101121595157557,5.314758768025636,0.3609726425731408,2404,0.21022727272727273,0.13991477272727273,0.250499001996008,0.13572854291417166,1027,0.8232716650438168,0.25024342745861733,6.140214216163583,0.3570269393054203,12.84,12.64,11.96,11.96,0,0,0
881,1205741258,2,13,13,12,13,3726,0.9752,0.0104,0.9626623376623377,0.012175324675324676,5851,0.5069931065914662,0.29841052811485214,5.460946846692873,0.3678715889021819,3371,0.37420178799489145,0.06385696040868455,0.3898398674765323,0.07951408061844285,5622,0.4506106960749432,0.6101031661330487,5.31447883315546,0.3609184157476578,2404,0.21022727272727273,0.13991477272727273,0.250499001996008,0.13572854291417166,1028,0.8229571984435795,0.25,6.1400778210116735,0.357166018158236,12.86,12.68,11.96,12.02,0,1,0
882,1205741259,2,13,14,13,11,3728,0.9752198241406874,0.010391686650679457,0.9626623376623377,0.012175324675324676,5857,0.5070713106823748,0.2982755676967731,5.46081611746628,0.36779352341927035,3374,0.37396298659859606,0.06381620931716656,0.38996138996138996,0.07942636514065085,5632,0.4508759469696965,0.6099076704545454,5.314275568181818,0.3608546401515149,2406,0.21063829787234042,0.14042553191489363,0.250499001996008,0.13572854291417166,1028,0.8229571984435795,0.25,6.1400778210116735,0.357166018158236,12.9,12.74,11.92,12.04,-1,0,2
883,1205741260,2,15,13,12,12,3738,0.9752889597449182,0.010362694300518135,0.962753036437247,0.012145748987854251,5861,0.5070096115566176,0.29824262071318886,5.460672240232042,0.36784109651367797,3378,0.3741236456341619,0.06373486297004462,0.38953168044077136,0.07933884297520662,5638,0.4507508572779941,0.6097907059240866,5.314295849592054,0.36078100981435474,2406,0.21063829787234042,0.14042553191489363,0.250499001996008,0.13572854291417166,1029,0.8231292517006801,0.24975704567541301,6.139941690962099,0.35730482669258173,12.92,12.7,11.9,12.02,2,3,3
884,1205741261,2,12,12,11,10,3738,0.9752889597449182,0.010362694300518135,0.962753036437247,0.012145748987854251,5870,0.5069988642816585,0.2979557069846678,5.4603066439523,0.367915956842703,3384,0.3746819338422392,0.06361323155216285,0.38943894389438943,0.07920792079207921,5643,0.4508831000059066,0.6101364522417154,5.314194577352472,0.3606976194695491,2408,0.21063829787234042,0.14042553191489363,0.25,0.13645418326693226,1030,0.8223300970873785,0.2504854368932039,6.139805825242719,0.35720064724919093,12.88,12.7,11.88,11.98,0,1,2
885,1205741262,2,13,11,12,12,3743,0.9753184713375797,0.010350318471337579,0.9628132578819725,0.012126111560226353,5881,0.5067307147310552,0.2977384798503656,5.460295868049651,0.3678229326078331,3385,0.3746819338422392,0.06361323155216285,0.3892248488180319,0.07916437603078615,5651,0.4507756739220192,0.6096266147584498,5.314280658290568,0.3607621070017104,2409,0.21063829787234042,0.14042553191489363,0.2507462686567164,0.136318407960199,1031,0.8225024248302617,0.2502424830261882,6.1396702230843845,0.3573391529259618,12.94,12.66,11.88,11.98,2,1,1
886,1205741263,2,13,12,12,10,3746,0.9753381066030231,0.010342084327764518,0.962843295638126,0.012116316639741519,5888,0.506694406702899,0.29738451086956524,5.459748641304348,0.36781023550724634,3392,0.37396825396825395,0.06349206349206349,0.390016456390565,0.07899067471201317,5654,0.4507133592736701,0.6096568800848956,5.3144676335337815,0.360747553354557,2415,0.2103399433427762,0.14022662889518414,0.25173439048562934,0.13577799801783944,1032,0.822674418604651,0.25,6.1395348837209305,0.35723514211886304,12.94,12.64,11.84,11.94,1,1,3
887,1205741264,2,13,12,11,10,3750,0.9753479125248509,0.010337972166998012,0.9629331184528606,0.012087026591458501,5893,0.5067735731659034,0.2974715764466316,5.460207025284236,0.36783754737258895,3395,0.3743654822335025,0.06345177664974619,0.39013698630136984,0.07945205479452055,5662,0.450694689744495,0.6096785588131403,5.314376545390322,0.3607676910396795,2419,0.21019108280254778,0.1408351026185421,0.2509881422924901,0.13537549407114624,1033,0.8228460793804451,0.24975798644724104,6.139399806389158,0.3571313326879638,12.9,12.66,11.82,11.86,1,2,3
888,1205741265,2,12,12,15,14,3755,0.9753772835583797,0.010325655281969817,0.9629927594529365,0.012067578439259855,5898,0.506683056403301,0.297558494404883,5.4598168870803665,0.36773765118119134,3399,0.37412809131261887,0.06341154090044387,0.3900437636761488,0.07932166301969365,5668,0.4505116443189833,0.6095624558927312,5.31439661256175,0.36082686426723104,2425,0.2097457627118644,0.1419491525423729,0.2512315270935961,0.13497536945812807,1034,0.8230174081237909,0.2495164410058027,6.139264990328821,0.3570277240490006,12.88,12.64,11.88,11.88,0,-3,-2
889,1205741266,2,11,12,12,10,3760,0.974613248710829,0.010313367711225704,0.9622489959839358,0.012048192771084338,5905,0.5065340107253744,0.2977138018628281,5.459779847586791,0.36776742873271234,3400,0.37389100126742714,0.06337135614702155,0.3900437636761488,0.07932166301969365,5678,0.45024656569214466,0.6093694963015146,5.314195139133497,0.360895855348127,2428,0.20930232558139536,0.142353770260747,0.2512315270935961,0.13497536945812807,1035,0.8231884057971012,0.2492753623188406,6.139130434782609,0.35692431561996774,12.86,12.62,11.88,11.86,-1,-1,1
890,1205741267,2,13,15,12,10,3764,0.9746434231378764,0.010301109350237718,0.9622792937399679,0.012038523274478331,5912,0.5065262742444749,0.2976995940460081,5.459404600811908,0.36767027514659445,3406,0.37341772151898733,0.06392405063291139,0.39082969432314413,0.07914847161572053,5683,0.45011437620974787,0.6095372162590181,5.314270631708605,0.36084227813948005,2431,0.20900774102744546,0.14215341308937368,0.25098425196850394,0.13484251968503938,1037,0.8225650916104145,0.24975891996142718,6.138862102217936,0.3569591771134683,12.8,12.64,11.86,11.82,-2,1,3
891,1205741268,2,13,13,13,12,3765,0.9746534653465346,0.010297029702970298,0.9622792937399679,0.012038523274478331,5920,0.5065174549549554,0.2978040540540541,5.459797297297297,0.3677646396396396,3408,0.3738140417457306,0.06388361796331436,0.3906164757228587,0.07910529187124932,5693,0.44985069383453313,0.6098717723520113,5.314596873353241,0.3607793196322967,2432,0.20956399437412096,0.1420534458509142,0.25098425196850394,0.13484251968503938,1037,0.8225650916104145,0.24975891996142718,6.138862102217936,0.3569591771134683,12.76,12.68,11.88,11.82,0,0,1
892,1205741269,2,16,16,12,11,3772,0.9746935547647292,0.010280743376828785,0.9623698959167334,0.01200960768614892,5927,0.5070159158652499,0.2976210561835667,5.460097857263371,0.3677520949327934,3410,0.3738140417457306,0.06388361796331436,0.3907356948228883,0.07901907356948229,5699,0.4498157571503768,0.6097560975609756,5.315143007545183,0.36070655670585455,2433,0.20956399437412096,0.1420534458509142,0.25073746312684364,0.13470993117010815,1038,0.8227360308285162,0.24951830443159922,6.138728323699422,0.3568561335902376,12.82,12.74,11.88,11.8,0,4,5
893,1205741270,2,12,13,12,12,3778,0.9747335175681011,0.010264508487958943,0.9624300559552358,0.011990407673860911,5930,0.5069280494659926,0.2976391231028668,5.460202360876897,0.36781899943788643,3412,0.3738140417457306,0.06388361796331436,0.39031028851388133,0.0789330430048993,5708,0.4499824807288012,0.6098458304134547,5.315697266993693,0.3606633964027094,2436,0.20926966292134833,0.14185393258426968,0.25147347740667975,0.13457760314341846,1039,0.8229066410009622,0.2492781520692974,6.138594802694899,0.35675328841835097,12.78,12.74,11.88,11.78,-1,0,0
894,1205741271,2,12,13,13,12,3782,0.9747634069400631,0.01025236593059937,0.9624600638977636,0.011980830670926517,5934,0.506923379395574,0.29743849005729694,5.460397708122683,0.36782384001797547,3413,0.3738140417457306,0.06388361796331436,0.3906420021762786,0.07889009793253536,5716,0.45013995801259576,0.6100419874037789,5.315780265920224,0.36068346162817794,2440,0.20897615708274894,0.1423562412342216,0.2519607843137255,0.13529411764705881,1040,0.8225961538461536,0.25,6.138461538461539,0.3568910256410256,12.76,12.74,11.9,11.82,-1,-1,0
895,1205741272,2,12,12,13,12,3784,0.974773354355538,0.010248324793062672,0.9624900239425379,0.011971268954509178,5941,0.5067469000729399,0.29725635414913315,5.460696852381754,0.3678533355776244,3416,0.37397346809854703,0.06443461781427669,0.39097335508428493,0.07884719956498097,5721,0.45035832896346745,0.6102080055934277,5.316378255549729,0.36063042591621486,2442,0.20897615708274894,0.1423562412342216,0.25146771037182,0.1360078277886497,1043,0.8226270373921378,0.24928092042186,6.13902205177373,0.3568232662192393,12.72,12.74,11.94,11.84,0,-1,0
896,1205741273,2,13,12,12,13,3787,0.9748031496062992,0.010236220472440945,0.9624900239425379,0.011971268954509178,5950,0.506820728291317,0.29714285714285715,5.460840336134454,0.3678431372549019,3419,0.37436868686868685,0.06439393939393939,0.3910917979359044,0.07876154263986963,5728,0.45038989757914294,0.609986033519553,5.316166201117318,0.3606261638733703,2445,0.20868347338935575,0.14285714285714285,0.2512218963831867,0.13587487781036167,1044,0.8227969348659002,0.24904214559386972,6.138888888888889,0.3569604086845466,12.76,12.76,11.96,11.86,1,1,0
897,1205741274,2,12,13,12,11,3793,0.9744597249508841,0.010609037328094302,0.9625199362041468,0.011961722488038277,5954,0.5068161460082862,0.29694323144104806,5.460866644272758,0.36780595677975586,3422,0.37436868686868685,0.06439393939393939,0.3915401301518438,0.07863340563991324,5734,0.45032554354144827,0.6102197418904779,5.315835367980467,0.3606848040925471,2449,0.2082459818308875,0.143256464011181,0.251953125,0.1357421875,1047,0.8223495702005729,0.24832855778414517,6.139446036294173,0.35665393186883154,12.7,12.72,12.0,11.84,-1,0,1
898,1205741275,2,12,12,11,12,3794,0.9744697564807542,0.010604870384917517,0.9625199362041468,0.011961722488038277,5962,0.5070585933132062,0.29671251257967124,5.460248238846025,0.36781560997428153,3429,0.3745271122320303,0.06431273644388398,0.39156300703082747,0.07896160086533262,5738,0.45036017195306105,0.610317183687696,5.315963750435692,0.36060764494016473,2455,0.20836236933797908,0.14355400696864112,0.25146198830409355,0.1354775828460039,1048,0.8225190839694654,0.2480916030534351,6.1393129770992365,0.3567907124681933,12.7,12.72,12.04,11.84,0,1,0
899,1205741276,2,12,14,15,14,3798,0.9744897959183674,0.010596546310832025,0.9625796178343949,0.01194267515923567,5968,0.5067163762287761,0.2965817694369973,5.460790884718499,0.3676971626452189,3429,0.3745271122320303,0.06431273644388398,0.39156300703082747,0.07896160086533262,5747,0.45035090771996944,0.6107534365756047,5.316338959457108,0.3604779305144711,2457,0.20876826722338204,0.14335421016005567,0.25146198830409355,0.1354775828460039,1048,0.8225190839694654,0.2480916030534351,6.1393129770992365,0.3567907124681933,12.66,12.74,12.14,11.82,-2,-3,-2
900,1205741277,2,13,13,11,13,3804,0.9745098039215686,0.010588235294117647,0.9626984126984127,0.011904761904761904,5972,0.506572337575352,0.2965505693235097,5.460649698593436,0.36778577807546325,3431,0.37405541561712846,0.06423173803526448,0.39156300703082747,0.07896160086533262,5755,0.45024616275702245,0.6109470026064292,5.316768027801912,0.3604112366058497,2459,0.20931849791376914,0.14325452016689846,0.25121713729308665,0.13534566699123662,1050,0.8228571428571426,0.24761904761904763,6.14,0.35682539682539677,12.64,12.7,12.04,11.84,0,2,0
901,1205741278,2,12,12,14,10,3807,0.9745297805642633,0.010579937304075235,0.9627279936558287,0.011895321173671689,5980,0.506229096989967,0.2966555183946488,5.460367892976588,0.3677118171683389,3437,0.3742138364779874,0.06415094339622641,0.39071775499190503,0.07879114948731786,5762,0.4503066065023714,0.6107254425546685,5.316730301978479,0.3603638782830033,2461,0.20931849791376914,0.14325452016689846,0.25072886297376096,0.1360544217687075,1051,0.8230256898192195,0.24738344433872503,6.139866793529971,0.3569616238503013,12.6,12.68,12.1,11.78,0,-2,2
902,1205741279,2,13,13,11,12,3811,0.974559686888454,0.010567514677103719,0.9627575277337559,0.011885895404120444,5987,0.5058599187127669,0.29664272590612994,5.46033071655253,0.36769945994098324,3443,0.37452948557089083,0.06398996235884567,0.3908355795148248,0.07870619946091645,5768,0.45035829865926913,0.6107836338418863,5.3169209431345354,0.3602490753582984,2464,0.20972222222222223,0.14305555555555555,0.2504854368932039,0.13592233009708737,1051,0.8230256898192195,0.24738344433872503,6.139866793529971,0.3569616238503013,12.62,12.66,12.04,11.74,0,2,1
903,1205741280,2,15,13,8,13,3817,0.9746192893401016,0.010542756735650137,0.9627575277337559,0.011885895404120444,5993,0.5062155848489909,0.29667945936926415,5.4600367094944104,0.3678319150119584,3445,0.3749216300940439,0.06394984326018809,0.390625,0.07866379310344827,5773,0.449968242970148,0.6106010739650095,5.316819677810497,0.36034124372076887,2467,0.20957668285912562,0.14295628036086053,0.25193798449612403,0.13565891472868216,1052,0.8231939163498097,0.24809885931558937,6.139733840304182,0.35685994930291504,12.66,12.66,12.0,11.74,2,7,2
904,1205741281,2,14,12,12,10,3820,0.9746489859594384,0.010530421216848674,0.9627575277337559,0.011885895404120444,6000,0.5061250000000004,0.2966666666666667,5.459666666666666,0.3678194444444444,3451,0.37484355444305384,0.06382978723404255,0.3905325443786982,0.078536847767617,5778,0.4497519326179758,0.6107649705780547,5.316891658013153,0.36024575977846984,2470,0.20943134535367544,0.1435506241331484,0.2524177949709865,0.13539651837524178,1054,0.8235294117647056,0.2476280834914611,6.1394686907020875,0.3566571790006325,12.68,12.62,11.94,11.7,2,2,4
905,1205741282,2,11,12,11,10,3823,0.9746687451286048,0.010522213561964146,0.9627870150435471,0.011876484560570071,6004,0.5061209193870757,0.29646902065289804,5.459360426382411,0.36778258938485453,3454,0.37460913070669166,0.06378986866791744,0.3901128425577646,0.07898979043524987,5783,0.4499682978846039,0.6102369012623206,5.317482275635483,0.3603233615770359,2474,0.20928620928620928,0.14345114345114346,0.2536162005785921,0.13500482160077146,1057,0.8221381267738882,0.24881740775780511,6.140018921475875,0.3568274992116051,12.66,12.62,11.92,11.66,-1,0,1
906,1205741283,2,14,15,12,12,3829,0.9747081712062257,0.010505836575875487,0.9628458498023715,0.011857707509881422,6009,0.5059494092195045,0.2967215842902313,5.458978199367615,0.3678926055361402,3460,0.3736743605739239,0.06363069245165315,0.3902308105206656,0.07890499194847021,5789,0.45010652386710387,0.6104681292105718,5.317498704439454,0.3603385731559853,2475,0.2098337950138504,0.1433518005540166,0.2536162005785921,0.13500482160077146,1058,0.822306238185255,0.2485822306238185,6.1398865784499055,0.3569628229363579,12.68,12.64,11.92,11.66,-1,2,2
907,1205741284,2,12,10,15,11,3831,0.9747278382581649,0.010497667185069984,0.9628458498023715,0.011857707509881422,6019,0.5060225951154681,0.29672703106828374,5.458714072105001,0.3678628786620147,3463,0.3740648379052369,0.06359102244389027,0.3898123324396783,0.07882037533512064,5796,0.4501667816885204,0.6105935127674258,5.317287784679089,0.36024844720496874,2480,0.21092669432918396,0.14315352697095435,0.25384615384615383,0.13557692307692307,1058,0.822306238185255,0.2485822306238185,6.1398865784499055,0.3569628229363579,12.72,12.62,12.02,11.64,2,-3,1
908,1205741285,2,13,14,14,11,3835,0.9747474747474747,0.01048951048951049,0.9629044988161011,0.011838989739542225,6027,0.505931640949063,0.2968309274929484,5.4584370333499255,0.36783087218627286,3467,0.3742216687422167,0.06351183063511831,0.39046598821638995,0.07873594001071238,5801,0.4500660805608224,0.6109291501465265,5.317531460093087,0.3602396138596791,2483,0.2106353591160221,0.14295580110497239,0.25360230547550433,0.13544668587896252,1060,0.8226415094339621,0.2481132075471698,6.140566037735849,0.3569968553459119,12.74,12.66,12.04,11.62,-1,-1,2
909,1205741286,2,13,12,12,12,3838,0.9747670807453416,0.01048136645962733,0.9629337539432177,0.011829652996845425,6037,0.5059770305339301,0.29650488653304624,5.458505880404174,0.36775992490751475,3469,0.3742216687422167,0.06351183063511831,0.3900481540930979,0.07918673087212413,5810,0.44985656913367716,0.6111876075731497,5.317555938037866,0.3603270223752149,2485,0.2103448275862069,0.14344827586206896,0.25360230547550433,0.13544668587896252,1061,0.8228086710650327,0.2478793590951932,6.14043355325165,0.3568960100534087,12.74,12.64,12.06,11.62,1,1,1
910,1205741287,2,14,15,10,13,3844,0.9747964327258627,0.010469174098487785,0.963021243115657,0.011801730920535013,6041,0.5059730728908022,0.2963085581857308,5.458533355404734,0.36772333498868837,3471,0.3742216687422167,0.06351183063511831,0.3896312132549439,0.07910208444681988,5816,0.44982232920678544,0.6109009628610729,5.3174002751031635,0.3603851444291607,2491,0.21059876118375775,0.14315209910529939,0.2547892720306513,0.13505747126436782,1061,0.8228086710650327,0.2478793590951932,6.14043355325165,0.3568960100534087,12.76,12.68,12.02,11.68,-1,4,1
911,1205741288,2,13,13,14,12,3849,0.9748159628051143,0.010461061604029445,0.9631083202511774,0.011773940345368918,6048,0.5058834876543213,0.29662698412698413,5.458498677248677,0.36775242504409167,3472,0.37398879900435594,0.06347230864965775,0.3896312132549439,0.07910208444681988,5826,0.44967959720791806,0.6110538963268108,5.3171987641606595,0.3604531410916578,2493,0.21045392022008252,0.14305364511691884,0.2545454545454545,0.13588516746411483,1062,0.822975517890772,0.24764595103578155,6.1403013182674195,0.3567953546767106,12.8,12.68,12.1,11.66,0,-1,1
912,1205741289,2,14,14,14,12,3854,0.9748354626403407,0.010452961672473868,0.9631949882537196,0.011746280344557557,6052,0.5058795990306238,0.29643093192333114,5.458526107072042,0.36771590658735404,3475,0.37414543194530764,0.06339341205717837,0.3894230769230769,0.07905982905982906,5834,0.449862872814535,0.6107302022625986,5.3172780253685294,0.36047308878985235,2497,0.21016483516483517,0.14354395604395603,0.25405921680993315,0.1356255969436485,1064,0.8226817042606515,0.24812030075187969,6.140037593984962,0.3570645363408521,12.8,12.7,12.14,11.68,0,0,2
913,1205741290,2,14,12,14,14,3858,0.9748646558391338,0.010440835266821345,0.9632237871674492,0.011737089201877934,6058,0.5055986574226922,0.296137339055794,5.4584021129085505,0.36772312094200504,3479,0.3739130434782609,0.06335403726708075,0.3893333333333333,0.07893333333333333,5842,0.45001711742553874,0.6110920917494009,5.3168435467305715,0.3604073947278327,2498,0.21002059025394645,0.14344543582704186,0.25405921680993315,0.1356255969436485,1065,0.8223787167449137,0.24788732394366197,6.139906103286385,0.3571987480438184,12.84,12.7,12.16,11.76,2,0,0
914,1205741291,2,13,13,13,11,3862,0.9745075318655851,0.010428736964078795,0.9632525410476935,0.011727912431587178,6063,0.5055115729286936,0.2962229919181923,5.458353950189675,0.367667271427786,3483,0.37368094351334574,0.0633147113594041,0.38977635782747605,0.07880724174653887,5847,0.45014537369591195,0.6112536343423978,5.316743629211562,0.36035573798529136,2501,0.21027397260273972,0.14315068493150684,0.25405921680993315,0.1356255969436485,1069,0.8230433426878702,0.24789522918615528,6.143124415341441,0.35679763018397254,12.88,12.74,12.24,11.78,0,0,2
915,1205741292,2,11,13,12,12,3868,0.974527209571594,0.010420686993438826,0.9633671083398285,0.011691348402182385,6067,0.5056727652326799,0.29602769078622054,5.458381407614966,0.3675896928740179,3489,0.37298636926889717,0.06319702602230483,0.3902179691653376,0.0786815523657629,5854,0.4497779296207717,0.6110351896139392,5.316364878715408,0.360223778612914,2505,0.21052631578947367,0.14285714285714285,0.2538167938931298,0.1364503816793893,1070,0.8232087227414329,0.24766355140186916,6.142990654205607,0.35669781931464173,12.9,12.8,12.24,11.78,-2,-1,-1
916,1205741293,2,14,14,11,11,3873,0.9745664739884393,0.010404624277456647,0.9633956386292835,0.011682242990654205,6075,0.5058299039780525,0.2959670781893004,5.458600823045267,0.36764060356652944,3494,0.37291280148423006,0.06307977736549165,0.3908656399362719,0.07859798194370685,5860,0.44940273037542616,0.6109215017064846,5.316211604095563,0.3602389078498291,2507,0.2103825136612022,0.14344262295081966,0.25357483317445184,0.1363203050524309,1070,0.8232087227414329,0.24766355140186916,6.142990654205607,0.35669781931464173,12.9,12.82,12.22,11.74,0,3,3
917,1205741294,2,13,13,14,12,3874,0.9745762711864406,0.010400616332819723,0.9633956386292835,0.011682242990654205,6082,0.5059876137235563,0.295955277869122,5.458895100295956,0.3676285213197413,3501,0.3726823238566131,0.0630407911001236,0.3906829010058232,0.07887771307570143,5869,0.4495655137161352,0.6110069858578975,5.316237859942069,0.36006985857897406,2509,0.21092150170648463,0.14334470989761092,0.25333333333333335,0.1361904761904762,1070,0.8232087227414329,0.24766355140186916,6.142990654205607,0.35669781931464173,12.88,12.8,12.26,11.72,0,-1,1
918,1205741295,2,13,13,12,11,3877,0.9746056175452097,0.010388611004232396,0.9633956386292835,0.011682242990654205,6091,0.505814589831993,0.29584633065178134,5.458545394844853,0.36761889126032943,3506,0.3730697961704756,0.06300185299567634,0.39091389329107235,0.07871104067617539,5875,0.44953191489361655,0.6108936170212766,5.316255319148937,0.36007092198581536,2512,0.21077762619372442,0.1432469304229195,0.25380228136882127,0.1359315589353612,1071,0.823373793962029,0.24743230625583568,6.142857142857143,0.35683162153750386,12.9,12.82,12.22,11.72,0,1,2
919,1205741296,2,13,13,13,13,3880,0.9746348962336664,0.01037663335895465,0.9633956386292835,0.011682242990654205,6102,0.5058041079427514,0.29564077351687973,5.458538184201901,0.36752977165956513,3509,0.3726095003084516,0.0635410240592227,0.39123548046462514,0.07866948257655755,5881,0.4495834041829616,0.6109505186192824,5.3162727427308285,0.35995862381681093,2514,0.21077762619372442,0.1432469304229195,0.25332068311195444,0.13567362428842505,1071,0.823373793962029,0.24743230625583568,6.142857142857143,0.35683162153750386,12.88,12.84,12.24,11.72,0,0,0
920,1205741297,2,11,12,11,12,3881,0.974644640799078,0.010372646945831733,0.9633956386292835,0.011682242990654205,6114,0.5056836768073278,0.29555119398102714,5.458783120706575,0.3674626540181005,3511,0.3723797780517879,0.06411837237977805,0.39155672823218995,0.07862796833773088,5887,0.4494649227110578,0.6110073042296585,5.31679972821471,0.3600164203612477,2518,0.21049046321525886,0.14305177111716622,0.2537878787878788,0.13636363636363635,1072,0.8235385572139302,0.24720149253731344,6.142723880597015,0.3567319651741293,12.84,12.84,12.24,11.7,-1,0,-1
921,1205741298,2,13,11,16,14,3886,0.9746835443037974,0.010356731875719217,0.9634241245136187,0.011673151750972763,6121,0.5054865762674949,0.29553994445352066,5.458585198496977,0.3675733812557861,3517,0.3729230769230769,0.064,0.39146469968387776,0.07850368809272919,5892,0.4493380855397144,0.6108282416836388,5.316870332654447,0.3599654899298481,2521,0.2107409925220938,0.1434398368456832,0.2537878787878788,0.13636363636363635,1072,0.8235385572139302,0.24720149253731344,6.142723880597015,0.3567319651741293,12.8,12.8,12.36,11.74,2,-3,-1
922,1205741299,2,10,12,10,10,3890,0.9747029513223457,0.010348792640858567,0.9627039627039627,0.011655011655011656,6126,0.5052100337359892,0.2957884427032321,5.4585373816519756,0.36759984764392206,3523,0.37223587223587223,0.06388206388206388,0.39189900052603893,0.07837980010520779,5899,0.44948296321410364,0.6107814883878624,5.31700288184438,0.3599621404757866,2524,0.21045485403937542,0.143245078071962,0.2535477767265847,0.13718070009460737,1073,0.8237030133581856,0.24697110904007455,6.142590866728797,0.356632494563529,12.74,12.78,12.3,11.72,-2,0,0
923,1205741300,2,12,12,12,13,3895,0.9747223286097281,0.010340865568747606,0.9627906976744186,0.011627906976744186,6130,0.5052066340402398,0.2957585644371941,5.4588907014681896,0.36764545948885263,3528,0.37239263803680983,0.0638036809815951,0.39233193277310924,0.0782563025210084,5908,0.449418867072895,0.6106973595125254,5.317366283006093,0.3600485217783793,2526,0.21031207598371776,0.14314789687924015,0.2542533081285444,0.13705103969754254,1075,0.8240310077519378,0.24651162790697675,6.142325581395349,0.35666666666666663,12.7,12.78,12.34,11.72,0,0,-1
924,1205741301,2,10,11,10,13,3900,0.9743687834736037,0.010328997704667177,0.9620743034055728,0.01238390092879257,6135,0.5051208910622118,0.295680521597392,5.458679706601467,0.3676310785112741,3529,0.37216431637032493,0.06376456161863887,0.39233193277310924,0.0782563025210084,5917,0.4490451242183534,0.6106134865641373,5.317390569545378,0.36017689144273535,2531,0.21031207598371776,0.14314789687924015,0.25493885230479774,0.13922859830667922,1076,0.8241945477075587,0.24721189591078066,6.142193308550186,0.35656753407682773,12.66,12.76,12.3,11.74,-1,0,-3
925,1205741302,2,13,14,12,12,3907,0.9744177166857579,0.010309278350515464,0.9621329211746522,0.012364760432766615,6138,0.5053084609536227,0.295861844248941,5.45861844248941,0.3676957749538394,3533,0.37209302325581395,0.06364749082007344,0.3926509186351706,0.07821522309711286,5925,0.44886075949367044,0.610632911392405,5.3183122362869195,0.36019690576652574,2533,0.21031207598371776,0.14314789687924015,0.2544600938967136,0.13896713615023473,1078,0.8242115027829311,0.24768089053803338,6.1437847866419295,0.3568336425479282,12.66,12.72,12.3,11.74,-1,1,1
926,1205741303,2,13,14,12,12,3910,0.9744274809160305,0.010305343511450382,0.9621913580246914,0.012345679012345678,6144,0.5056559244791671,0.2958984375,5.45849609375,0.36774359809027773,3539,0.3724770642201835,0.06360856269113149,0.39214659685863873,0.07853403141361257,5927,0.4489904954726951,0.6104268601316012,5.318204825375401,0.3602440807603619,2535,0.21016949152542372,0.1430508474576271,0.25422138836772984,0.13883677298311445,1081,0.8242368177613318,0.2488436632747456,6.143385753931545,0.3569996916435399,12.66,12.74,12.28,11.76,-1,1,1
927,1205741304,2,14,15,12,13,3917,0.9744567289363324,0.010293556995806329,0.9623076923076923,0.012307692307692308,6148,0.5059233355020607,0.2957059206245934,5.458360442420299,0.3677483192366081,3542,0.3724770642201835,0.06360856269113149,0.3920543648719289,0.07841087297438579,5933,0.4489578066183489,0.6101466374515422,5.318220124726108,0.36030114051351175,2538,0.21002710027100271,0.1429539295392954,0.2546816479400749,0.13857677902621723,1082,0.8243992606284656,0.24861367837338263,6.143253234750462,0.35690080098582866,12.7,12.8,12.26,11.78,-1,2,1
928,1205741305,2,11,11,11,12,3920,0.9744664634146342,0.010289634146341464,0.9623655913978495,0.01228878648233487,6156,0.5056719731427338,0.29564652371669914,5.45906432748538,0.36771713233701536,3544,0.37224938875305624,0.06356968215158924,0.39184952978056425,0.07836990595611286,5942,0.44920341074834463,0.6100639515314709,5.318243015819589,0.3602602939526532,2538,0.21002710027100271,0.1429539295392954,0.2546816479400749,0.13857677902621723,1084,0.8228782287822877,0.2481549815498155,6.144833948339484,0.3569341943419434,12.66,12.74,12.24,11.78,0,0,-1
929,1205741306,2,15,14,13,10,3927,0.9745150247242298,0.010270064663370103,0.9624233128834356,0.012269938650306749,6162,0.5054771178188904,0.2958455047062642,5.459104186952288,0.3677647949799848,3548,0.3727882855399634,0.06345332519829164,0.391644908616188,0.07885117493472585,5947,0.4492741438260182,0.6098873381536909,5.317975449806625,0.36025166750742643,2540,0.21002710027100271,0.1429539295392954,0.2542056074766355,0.13925233644859814,1086,0.8232044198895025,0.24861878453038674,6.144567219152854,0.3567372621240024,12.76,12.82,12.26,11.78,1,2,5
930,1205741307,2,13,12,13,13,3932,0.9745440729483282,0.010258358662613981,0.9624808575803981,0.01225114854517611,6167,0.5054726771525868,0.2959299497324469,5.459218420625912,0.3678314685692665,3557,0.3730979914790018,0.06329884357881924,0.39166666666666666,0.0796875,5953,0.44907329637717625,0.6097765832353436,5.317654963883756,0.3602245366481883,2541,0.21002710027100271,0.1429539295392954,0.25396825396825395,0.13912231559290383,1087,0.8233670653173871,0.24839006439742412,6.144434222631094,0.35686905857099044,12.78,12.82,12.28,11.8,1,0,0
931,1205741308,2,11,12,10,11,3933,0.9745537409798709,0.010254462590201291,0.9624808575803981,0.01225114854517611,6175,0.5054925775978412,0.29587044534412954,5.4595951417004045,0.3678407557354926,3562,0.3724179829890644,0.06318347509113001,0.3922996878251821,0.07960457856399583,5960,0.4490492170022366,0.609731543624161,5.3176174496644295,0.3602209172259505,2546,0.2104194857916103,0.14276048714479025,0.2532588454376164,0.13966480446927373,1087,0.8233670653173871,0.24839006439742412,6.144434222631094,0.35686905857099044,12.74,12.8,12.24,11.76,-1,1,0
932,1205741309,2,15,15,11,11,3939,0.9746115953012505,0.010231148162182645,0.9624808575803981,0.01225114854517611,6181,0.505433317154722,0.2957450250768484,5.459472577252872,0.3679285983929245,3567,0.3721918639951427,0.06314511232544019,0.3920041536863967,0.0794392523364486,5967,0.4490531255237133,0.6100217864923747,5.3175800234623765,0.36038489469861995,2547,0.21027721433400948,0.14266396213657878,0.2532588454376164,0.13966480446927373,1088,0.8235294117647056,0.24816176470588236,6.1443014705882355,0.3567708333333333,12.78,12.82,12.2,11.76,0,4,4
933,1205741310,2,15,15,13,14,3946,0.9746787603930461,0.01020408163265306,0.9624808575803981,0.01225114854517611,6187,0.5053472334464743,0.2957814772910942,5.459188621302731,0.3679758633694305,3570,0.3715151515151515,0.06303030303030303,0.3920041536863967,0.0794392523364486,5973,0.44902059266700106,0.6102461074836766,5.317595847982588,0.36035772085495815,2547,0.21027721433400948,0.14266396213657878,0.2532588454376164,0.13966480446927373,1089,0.823232323232323,0.24793388429752067,6.144168962350781,0.3569023569023569,12.78,12.86,12.22,11.8,0,2,1
934,1205741311,2,13,12,13,12,3952,0.974707436768592,0.010192525481313703,0.9625668449197861,0.012223071046600458,6190,0.5053446418955309,0.29579967689822295,5.458966074313409,0.3679590737749057,3574,0.37189582071471833,0.06299212598425197,0.3913945049248315,0.07983411093831,5980,0.449080267558528,0.6102006688963211,5.317558528428093,0.36028428093645465,2553,0.21038435603506406,0.14227916385704653,0.2527881040892193,0.14033457249070633,1090,0.8233944954128438,0.24770642201834864,6.1440366972477065,0.3568042813455657,12.8,12.86,12.26,11.84,1,0,1
935,1205741312,2,13,13,13,11,3956,0.97473604826546,0.010180995475113122,0.9625954198473282,0.012213740458015267,6198,0.505499085726579,0.2957405614714424,5.458857696030978,0.3679278261804883,3577,0.37167070217917675,0.06295399515738499,0.39150699119627136,0.0797514241325738,5986,0.4490477781490139,0.6099231540260608,5.317407283661877,0.3602990310725023,2558,0.21063257065948857,0.14199192462987886,0.2532467532467532,0.14007421150278293,1090,0.8233944954128438,0.24770642201834864,6.1440366972477065,0.3568042813455657,12.8,12.9,12.28,11.82,0,0,2
936,1205741313,2,14,11,11,13,3960,0.9747550866616428,0.010173323285606632,0.9626524390243902,0.012195121951219513,6207,0.5054911121851677,0.2957950700821653,5.459159014016433,0.36799849632135756,3583,0.3719806763285024,0.06280193236714976,0.39110191412312467,0.07966890843248836,5992,0.4487650200267018,0.6101468624833111,5.317256341789052,0.36035547396528683,2558,0.21063257065948857,0.14199192462987886,0.2532467532467532,0.14007421150278293,1092,0.823260073260073,0.24816849816849818,6.143772893772894,0.3568376068376068,12.82,12.88,12.26,11.88,3,3,1
937,1205741314,2,14,13,12,12,3965,0.9747740963855421,0.01016566265060241,0.9627376425855513,0.012167300380228136,6213,0.5055931112184134,0.29567036858200546,5.458876549171093,0.3679650195825956,3587,0.3715319662243667,0.06332931242460796,0.39069767441860465,0.07958656330749354,5999,0.4485747624604096,0.6096016002667111,5.317219536589431,0.3605184197366225,2559,0.2104909213180901,0.14189643577673167,0.2532467532467532,0.14007421150278293,1093,0.8234217749313814,0.24794144556267156,6.143641354071363,0.3567398597133272,12.84,12.9,12.28,11.92,1,2,2
938,1205741315,2,13,13,12,13,3966,0.9747835905156191,0.010161836657884832,0.9627376425855513,0.012167300380228136,6220,0.5056136120042877,0.29565916398713826,5.458842443729903,0.3679930332261522,3592,0.3716867469879518,0.06325301204819277,0.39060887512899894,0.07997936016511868,6004,0.4486175882744832,0.6095936042638241,5.316955363091273,0.36046802131912037,2563,0.21087978509066488,0.1417058428475487,0.25277777777777777,0.1398148148148148,1095,0.8237442922374427,0.24748858447488584,6.14337899543379,0.35654490106544895,12.86,12.92,12.22,11.9,0,1,0
939,1205741316,2,12,13,10,10,3970,0.974812030075188,0.010150375939849625,0.9627659574468085,0.0121580547112462,6224,0.5057706726649532,0.29562982005141386,5.45870822622108,0.36791720222793484,3593,0.37146297411198076,0.06321493076459964,0.39060887512899894,0.07997936016511868,6013,0.44852818892399754,0.609180109762182,5.31681357059704,0.360510560452353,2567,0.21059691482226695,0.14151576123407109,0.2532347504621072,0.13955637707948243,1096,0.8239051094890509,0.24726277372262773,6.143248175182482,0.35644768856447684,12.88,12.94,12.18,11.9,-1,2,2
940,1205741317,2,13,14,12,13,3975,0.974484052532833,0.01050656660412758,0.9627659574468085,0.0121580547112462,6229,0.5057660405629586,0.29571359768823247,5.458982180125221,0.36790282014234493,3596,0.3710162357185809,0.06313890559230306,0.39092315626611657,0.07993811242908716,6021,0.44851353595748167,0.6090350440126225,5.316724796545424,0.3605298123235341,2571,0.21098459477561957,0.14132618888144674,0.253690036900369,0.1392988929889299,1097,0.8240656335460345,0.24703737465815861,6.143117593436646,0.3563506532968702,12.88,12.92,12.18,11.96,-1,1,0
941,1205741318,2,14,14,12,13,3979,0.974512743628186,0.010494752623688156,0.9627942293090357,0.012148823082763858,6238,0.5055172598054937,0.29608848990060915,5.458961205514588,0.36795981618039963,3603,0.3719256148770246,0.0629874025194961,0.39083419155509785,0.07981462409886715,6025,0.4485477178423232,0.6091286307053941,5.316514522821577,0.3605394190871367,2571,0.21098459477561957,0.14132618888144674,0.253690036900369,0.1392988929889299,1098,0.8242258652094716,0.24681238615664844,6.1429872495446265,0.356709168184578,12.9,12.94,12.16,11.98,0,2,1
942,1205741319,2,12,12,13,13,3980,0.9745222929936306,0.01049082053203447,0.9627942293090357,0.012148823082763858,6247,0.5053492342991307,0.29630222506803267,5.459100368176725,0.3679499493090016,3610,0.37223219628964693,0.06283662477558348,0.390745501285347,0.08020565552699228,6031,0.448433095672359,0.6090200630077931,5.3165312551815616,0.3605952578345214,2576,0.21042084168336672,0.14161656646626586,0.2534562211981567,0.1391705069124424,1098,0.8242258652094716,0.24681238615664844,6.1429872495446265,0.356709168184578,12.82,12.86,12.18,12.02,0,-1,-1
943,1205741320,2,13,14,12,14,3984,0.9745508982035929,0.010479041916167664,0.9628224582701063,0.012139605462822459,6253,0.5055040247347944,0.2961778346393731,5.4592995362226135,0.36791673330134866,3612,0.37200956937799046,0.06279904306220095,0.39054470709146966,0.08067831449126413,6039,0.4485842026825629,0.6092068223215764,5.316277529392283,0.3606143401225366,2576,0.21042084168336672,0.14161656646626586,0.2534562211981567,0.1391705069124424,1100,0.8236363636363634,0.24636363636363637,6.142727272727273,0.35696969696969694,12.84,12.88,12.18,12.06,-1,1,-1
944,1205741321,2,14,14,8,14,3987,0.9745699326851159,0.010471204188481676,0.9628506444275967,0.012130401819560273,6259,0.5057384033658203,0.29621345262821536,5.4593385524844225,0.3679634659423763,3617,0.3727598566308244,0.06272401433691756,0.39045664443304257,0.08055413032324268,6044,0.44837855724685594,0.6093646591661152,5.316181336863004,0.36056419589675687,2581,0.21066666666666667,0.14133333333333334,0.2529898804047838,0.13983440662373506,1101,0.8237965485921888,0.24704813805631246,6.142597638510445,0.3568725401150469,12.88,12.9,12.08,12.1,0,6,0
945,1205741322,2,12,12,14,9,3988,0.9745699326851159,0.010471204188481676,0.9628787878787879,0.012121212121212121,6268,0.5058897043182305,0.29610721123165284,5.459795788130185,0.3680333971495426,3619,0.3727598566308244,0.06272401433691756,0.3900563813429011,0.08047155304971809,6050,0.4484022038567489,0.6094214876033058,5.31702479338843,0.360578512396694,2583,0.21052631578947367,0.1419053964023984,0.25275735294117646,0.13970588235294118,1103,0.8236627379873072,0.2484134179510426,6.14324569356301,0.35690540948927163,12.88,12.9,12.1,12.04,0,-2,3
946,1205741323,2,13,10,14,12,3992,0.9745889387144993,0.01046337817638266,0.9629349470499243,0.012102874432677761,6273,0.5059912854030505,0.29666826080025505,5.459748126893033,0.368058876667198,3623,0.37209302325581395,0.0626118067978533,0.38985655737704916,0.08043032786885246,6056,0.4482881990312633,0.6094782034346103,5.316875825627477,0.36055151915455724,2589,0.2098273572377158,0.14143426294820718,0.25252525252525254,0.13957759412304868,1103,0.8236627379873072,0.2484134179510426,6.14324569356301,0.35690540948927163,12.88,12.86,12.14,12.02,3,-1,1
947,1205741324,2,15,13,12,12,3996,0.9746079163554892,0.010455563853622106,0.9629909365558912,0.012084592145015106,6280,0.5061438428874738,0.2964968152866242,5.460031847133758,0.36808651804670905,3626,0.37224538415723646,0.06253722453841572,0.3901689708141321,0.08038914490527393,6062,0.44850434400087935,0.6096997690531177,5.316892114813593,0.36056581986143166,2591,0.20968812209688123,0.1420039814200398,0.25229357798165136,0.13944954128440368,1104,0.8238224637681157,0.24818840579710144,6.143115942028985,0.3570350241545893,12.94,12.86,12.14,12.04,2,3,3
948,1205741325,2,14,15,12,13,4003,0.9746646795827124,0.010432190760059613,0.9630188679245283,0.012075471698113207,6286,0.5062970622547464,0.2962138084632517,5.459910913140312,0.36813288789903487,3628,0.37224538415723646,0.06253722453841572,0.389769820971867,0.08081841432225063,6069,0.4485912011863564,0.609655626956665,5.316856154226397,0.3606030647553137,2594,0.2094102054340623,0.1418157720344599,0.2520623281393217,0.13932172318973418,1105,0.8239819004524885,0.24796380090497738,6.142986425339367,0.3569381598793363,12.98,12.92,12.16,12.06,-1,2,1
949,1205741326,2,13,13,12,11,4005,0.9746741154562384,0.010428305400372439,0.9630467571644042,0.012066365007541479,6296,0.5058899830580267,0.2962198221092757,5.459815756035578,0.3681437950021177,3633,0.37217598097502974,0.0624256837098692,0.3893714869698518,0.0807358201328564,6074,0.4487158379980239,0.6096476786302272,5.316924596641423,0.360512018439249,2597,0.2099337748344371,0.14172185430463577,0.252516010978957,0.13998170173833485,1106,0.8236889692585893,0.24864376130198915,6.142857142857143,0.35706751054852315,13.0,12.9,12.1,12.0,0,1,2
950,1205741327,2,12,12,12,12,4010,0.9747023809523809,0.010416666666666666,0.9631024096385542,0.012048192771084338,6302,0.5055670157621923,0.29593779752459537,5.460171374166931,0.36818999259494334,3637,0.37217598097502974,0.0624256837098692,0.38908720040795514,0.08057113717491075,6080,0.44860197368421006,0.6098684210526316,5.317105263157894,0.36040296052631554,2597,0.2099337748344371,0.14172185430463577,0.252516010978957,0.13998170173833485,1112,0.8246402877697839,0.25,6.142985611510792,0.35738908872901676,12.98,12.88,12.12,11.98,0,0,0
951,1205741328,2,13,14,12,11,4014,0.9747211895910781,0.010408921933085501,0.9631578947368421,0.012030075187969926,6309,0.5054815871506317,0.29624346172135047,5.459977809478523,0.36821736144132716,3644,0.3718861209964413,0.06227758007117438,0.3895112016293279,0.08044806517311609,6085,0.44864420706655667,0.6096959737058341,5.317009038619556,0.3604765817584221,2598,0.2099337748344371,0.14172185430463577,0.253199268738574,0.13985374771480805,1113,0.824797843665768,0.25067385444743934,6.142857142857143,0.3572926025756214,13.0,12.92,12.08,12.0,-1,1,2
952,1205741329,2,14,13,13,10,4019,0.9747587230883444,0.010393466963622866,0.9631855747558227,0.012021036814425245,6316,0.5056338399831121,0.29654844838505384,5.4596263457884735,0.3682314756174793,3650,0.372189349112426,0.0621301775147929,0.3896236012207528,0.08036622583926754,6090,0.44852216748768425,0.6093596059113301,5.316748768472906,0.36046798029556626,2600,0.2097948378557247,0.14162806088682992,0.25388127853881276,0.13972602739726028,1114,0.8249551166965887,0.2513464991023339,6.142728904847397,0.35719628964691796,13.02,12.92,12.12,11.96,1,1,4
953,1205741330,2,12,12,11,12,4024,0.974786800148313,0.010381905821282907,0.9632408102025506,0.012003000750187547,6323,0.5054694501555173,0.29637830143919025,5.460066424165744,0.3681401233591649,3655,0.37152982870643825,0.06261075014766686,0.3902439024390244,0.08028455284552846,6096,0.4486548556430442,0.609744094488189,5.317257217847769,0.360441272965879,2601,0.20965608465608465,0.1421957671957672,0.25388127853881276,0.13972602739726028,1117,0.8254252461951654,0.25067144136078784,6.142345568487019,0.35690838555655024,12.96,12.9,12.18,11.94,0,1,0
954,1205741331,2,13,14,13,15,4029,0.9748241392077008,0.01036653091447612,0.9632683658170914,0.01199400299850075,6329,0.5052272607573607,0.29609732975193553,5.459788276188972,0.3681071259282666,3662,0.371900826446281,0.06257378984651712,0.3890577507598784,0.08054711246200608,6102,0.4487053425106518,0.609800065552278,5.317273025237627,0.36037364798426724,2602,0.20965608465608465,0.1421957671957672,0.25364963503649635,0.1395985401459854,1118,0.825581395348837,0.2504472271914132,6.14221824686941,0.3568127608825283,12.94,12.94,12.2,12.04,-1,0,-2
955,1205741332,2,14,13,10,12,4034,0.9748613678373382,0.010351201478743069,0.9632958801498127,0.01198501872659176,6334,0.5052231344069049,0.29617934954215347,5.459898958004421,0.3681717713924849,3669,0.37124337065409546,0.06246317030053035,0.38877654196157735,0.08088978766430738,6109,0.44868227205761946,0.6095924046488786,5.317727942380095,0.3603290227533146,2604,0.209517514871117,0.14210178453403832,0.2543299908842297,0.13947128532360983,1118,0.825581395348837,0.2504472271914132,6.14221824686941,0.3568127608825283,13.0,12.96,12.18,12.08,1,4,2
956,1205741333,2,14,14,12,11,4038,0.974870657797487,0.010347376201034738,0.9618834080717489,0.01195814648729447,6343,0.5052682747385574,0.29654737505912027,5.459561721582848,0.36816175311366856,3673,0.37176470588235294,0.06235294117647059,0.3890853966649823,0.0808489135927236,6114,0.4488060189728488,0.6095845600261695,5.317631665031076,0.36027968596663373,2606,0.2093791281373844,0.142668428005284,0.2540983606557377,0.13934426229508196,1119,0.8257372654155494,0.25022341376228774,6.142091152815014,0.3567173071194519,13.0,12.94,12.18,12.06,0,2,3
957,1205741334,2,13,11,11,12,4044,0.9749170047952785,0.010328292143120619,0.9619118745332338,0.01194921583271098,6347,0.5051073998214384,0.29636048526863085,5.459587206554278,0.36816606270679053,3675,0.3715461493239271,0.06231628453850676,0.3888888888888889,0.08080808080808081,6125,0.44870748299319685,0.6096326530612245,5.3188571428571425,0.3604081632653059,2608,0.20924092409240924,0.14257425742574256,0.2538671519563239,0.1392174704276615,1120,0.825892857142857,0.25089285714285714,6.141964285714286,0.3566220238095238,13.02,12.96,12.1,12.08,2,2,1
958,1205741335,2,12,13,12,11,4047,0.9749262536873157,0.01032448377581121,0.9619686800894854,0.011931394481730051,6355,0.5054156831890904,0.29598741148701807,5.459952793076318,0.3681353265145554,3682,0.37132784958871917,0.06227967097532315,0.38872104733131924,0.08056394763343404,6130,0.4485046220772155,0.6094616639477978,5.318597063621533,0.36039967373572573,2608,0.20924092409240924,0.14257425742574256,0.2538671519563239,0.1392174704276615,1123,0.8250222617987532,0.25022261798753337,6.144256455921639,0.3565598100326506,13.0,12.94,12.06,12.08,-1,0,1
959,1205741336,2,12,12,12,11,4052,0.9749539594843463,0.010313075506445672,0.9620253164556962,0.011913626209977662,6362,0.505331132767474,0.29566174159069475,5.460232631248036,0.3681625275070732,3686,0.3720657276995305,0.062206572769953054,0.38832997987927564,0.08098591549295775,6136,0.44839200347674885,0.6098435462842242,5.31877444589309,0.36033246414602327,2609,0.20976253298153033,0.1424802110817942,0.2538671519563239,0.1392174704276615,1124,0.824733096085409,0.2508896797153025,6.144128113879003,0.35668742586002367,12.98,12.94,12.06,12.06,0,0,1
960,1205741337,2,13,13,11,12,4056,0.9749723960250276,0.010305483989694516,0.9620817843866171,0.011895910780669145,6367,0.5050913564734835,0.29558661850164913,5.460342390450761,0.36806973456887065,3690,0.37280187573270807,0.06213364595545135,0.3884422110552764,0.0814070351758794,6141,0.44802692286815354,0.6096726917440156,5.319003419638495,0.36048689138576756,2614,0.21066491112574062,0.1421988150098749,0.25340599455040874,0.13896457765667575,1127,0.8251996450754213,0.2511091393078971,6.1437444543034605,0.3564034309375924,12.96,12.9,12.08,12.04,0,2,1
961,1205741338,2,12,13,11,13,4061,0.975,0.010294117647058823,0.9621380846325167,0.011878247958426132,6373,0.5052434750771488,0.29577906794288406,5.460065903028401,0.3679585752392907,3693,0.37258347978910367,0.062097246631517285,0.3890562248995984,0.08132530120481928,6149,0.4482571691874013,0.6098552610180518,5.31891364449504,0.36050577329647077,2619,0.2099737532808399,0.14238845144356954,0.25340599455040874,0.13896457765667575,1128,0.8253546099290778,0.250886524822695,6.1436170212765955,0.35653073286052006,12.94,12.9,12.02,12.06,-1,1,-1
962,1205741339,2,13,13,11,13,4066,0.9750367107195301,0.010279001468428781,0.962166172106825,0.011869436201780416,6379,0.5053953075194653,0.29581439097037154,5.460260228875999,0.36792600721116153,3696,0.3729508196721312,0.06206088992974239,0.38866599799398194,0.08124373119358075,6155,0.4481451394530188,0.6102355808285946,5.319090170593014,0.3605199025182776,2624,0.2094240837696335,0.14267015706806283,0.2531760435571688,0.13883847549909256,1128,0.8253546099290778,0.250886524822695,6.1436170212765955,0.35653073286052006,12.92,12.88,11.96,12.08,0,2,0
963,1205741340,2,13,12,10,12,4069,0.97505502567865,0.010271460014673514,0.9621942179392142,0.011860637509266123,6386,0.5055198872533672,0.29595991230817414,5.460068900720326,0.3679272366635348,3699,0.3727325921591574,0.0620245757753072,0.38927855711422843,0.0811623246492986,6162,0.44796061884669436,0.6101914962674456,5.319052255761116,0.3605972086984743,2628,0.20966688438928804,0.14304376224689747,0.25385312783318226,0.1387126019945603,1128,0.8253546099290778,0.250886524822695,6.1436170212765955,0.35653073286052006,12.9,12.88,11.88,12.04,1,3,1
964,1205741341,2,14,14,13,14,4073,0.9750641730839751,0.010267693436010267,0.9622781065088757,0.011834319526627219,6395,0.5054339327599692,0.2960125097732604,5.460359655981235,0.3678003648683867,3701,0.3727325921591574,0.0620245757753072,0.3888888888888889,0.08108108108108109,6171,0.44790147463944213,0.61027386161076,5.318911035488576,0.3605304380705448,2628,0.20966688438928804,0.14304376224689747,0.25385312783318226,0.1387126019945603,1129,0.8255093002657217,0.25066430469441986,6.143489813994686,0.35643637437260106,12.92,12.9,11.88,12.1,0,1,0
965,1205741342,2,15,13,13,14,4079,0.975100695715855,0.010252654705236177,0.9623338257016248,0.011816838995568686,6401,0.5055329896370363,0.29620371816903607,5.460396812997969,0.3678461698692912,3707,0.37302977232924694,0.06187974314068885,0.389,0.081,6173,0.44775635833468286,0.610238133808521,5.318807710999514,0.36053512608672156,2629,0.20953002610966057,0.1429503916449086,0.25385312783318226,0.1387126019945603,1131,0.8258178603006188,0.251105216622458,6.143236074270557,0.35624815797229586,13.0,12.9,11.9,12.14,2,2,1
966,1205741343,2,12,12,12,11,4080,0.9751098096632503,0.010248901903367497,0.9623338257016248,0.011816838995568686,6412,0.50560147639842,0.29585152838427947,5.460386774797255,0.36773497608650446,3712,0.3733955659276546,0.061843640606767794,0.38872255489021956,0.08183632734530938,6177,0.44811397118342194,0.6103286384976526,5.318601262748907,0.36046354756893834,2630,0.20953002610966057,0.1429503916449086,0.2536231884057971,0.13858695652173914,1133,0.8261253309796998,0.25154457193292146,6.142983230361871,0.35628125919388054,12.96,12.86,11.92,12.14,0,0,1
967,1205741344,2,12,12,12,13,4086,0.9751461988304093,0.01023391812865497,0.9623893805309734,0.011799410029498525,6420,0.5051272066458986,0.2957943925233645,5.460747663551402,0.3677829698857736,3713,0.3733955659276546,0.061843640606767794,0.3885286783042394,0.08179551122194513,6187,0.44848068530790325,0.610150315176984,5.318571197672539,0.36060826464091356,2631,0.20953002610966057,0.1429503916449086,0.25339366515837103,0.13846153846153847,1134,0.8262786596119928,0.25132275132275134,6.142857142857143,0.3561875367430923,12.94,12.84,11.88,12.16,0,0,-1
968,1205741345,2,13,14,12,16,4090,0.9748083242059146,0.01058780576852866,0.9624170965364776,0.011790714812085483,6425,0.5052010376134893,0.29571984435797666,5.4608560311284045,0.3676913099870298,3714,0.3733955659276546,0.061843640606767794,0.38883349950149554,0.08175473579262213,6198,0.44849144885446873,0.6103581800580833,5.318328493062278,0.360573303216091,2632,0.2100456621004566,0.14285714285714285,0.25339366515837103,0.13846153846153847,1134,0.8262786596119928,0.25132275132275134,6.142857142857143,0.3561875367430923,12.94,12.86,11.88,12.26,-1,1,-3
969,1205741346,2,14,12,13,11,4095,0.974845060153117,0.010572366022602989,0.9624447717231223,0.011782032400589101,6431,0.5051184367387139,0.29559944021147566,5.460737054890375,0.3676981288550251,3722,0.372891215823153,0.061663757998836534,0.38825286212045795,0.08163265306122448,6202,0.44876652692679736,0.6106094808126411,5.318284424379232,0.3605422981833815,2634,0.2105606258148631,0.14276401564537158,0.25316455696202533,0.1383363471971067,1136,0.8259976525821594,0.25264084507042256,6.142605633802817,0.3566607981220657,12.96,12.84,11.88,12.22,2,1,3
970,1205741347,2,12,13,11,12,4098,0.9748542274052479,0.010568513119533527,0.9625,0.011764705882352941,6440,0.5051112836438928,0.29549689440993787,5.460869565217391,0.3675724637681159,3725,0.37303893085415457,0.06159209761766415,0.38855721393034826,0.08159203980099503,6207,0.4487272434348312,0.6106009344288706,5.318028032866119,0.36065463723752733,2637,0.21028645833333334,0.14322916666666666,0.2529358626919603,0.13911472448057813,1140,0.8261695906432747,0.25263157894736843,6.142982456140351,0.3565058479532163,12.98,12.86,11.88,12.22,-1,1,0
971,1205741348,2,11,14,11,12,4101,0.9748633879781421,0.010564663023679418,0.9618208516886931,0.011747430249632892,6446,0.5048738235598308,0.29553211293825626,5.460750853242321,0.36761816113351947,3729,0.3731863029599536,0.061520603598374926,0.38866799204771374,0.08200795228628231,6213,0.4489377112506031,0.6106550780621278,5.317720907774023,0.360628252588658,2645,0.20974025974025973,0.1435064935064935,0.25292529252925294,0.13861386138613863,1141,0.8263219398188721,0.25241016652059595,6.142857142857143,0.3564125036517674,12.94,12.92,11.78,12.18,-3,0,-1
972,1205741349,2,9,13,12,13,4103,0.9748725418790969,0.01056081573197378,0.9618488628026413,0.01173881144534116,6449,0.5048715563136408,0.2958598232284075,5.46084664289037,0.3676409779293947,3734,0.3726851851851852,0.061342592592592594,0.38866799204771374,0.08200795228628231,6218,0.4488983596011575,0.6104856867159858,5.317947893213252,0.36057950037525444,2647,0.20960415314730693,0.14341336794289422,0.25359712230215825,0.13848920863309352,1144,0.8256118881118879,0.2534965034965035,6.144230769230769,0.3565705128205128,12.92,12.94,11.82,12.24,-4,-3,-4
973,1205741350,2,12,14,11,13,4108,0.9748999636231357,0.010549290651145871,0.9611721611721612,0.011721611721611722,6456,0.5050211689384556,0.29569392812887235,5.460811648079306,0.36762959520859145,3739,0.37261698440207974,0.06181398035817447,0.3887785501489573,0.08192651439920556,6224,0.44894762210796874,0.610379177377892,5.317962724935732,0.36047290059982845,2648,0.20960415314730693,0.14341336794289422,0.25336927223719674,0.13836477987421383,1146,0.8254799301919719,0.25392670157068065,6.143979057591623,0.3568208260616637,12.92,12.98,11.8,12.24,-2,1,-1
974,1205741351,2,14,14,13,12,4114,0.9749364329822012,0.010533962949509626,0.9612289685442575,0.011704462326261888,6460,0.5051728586171315,0.2958204334365325,5.4605263157894735,0.3675954592363261,3744,0.3719723183391003,0.06170703575547866,0.38839285714285715,0.08234126984126984,6231,0.44876424329963044,0.6103354196758145,5.317926496549511,0.36050928154924283,2650,0.20946822308690013,0.14332036316472113,0.25314183123877915,0.13824057450628366,1147,0.8256320836965996,0.25370531822144726,6.143853530950305,0.3569456553327521,13.0,13.04,11.86,12.22,0,1,2
975,1205741352,2,14,15,11,11,4116,0.9749546279491833,0.010526315789473684,0.9612289685442575,0.011704462326261888,6470,0.5050103039670277,0.2955177743431221,5.4610510046367855,0.36745234415249867,3749,0.3721198156682028,0.061635944700460826,0.38831104507181774,0.08320950965824665,6238,0.448768301806134,0.6102917601795447,5.318050657261943,0.36058565779630203,2652,0.20946822308690013,0.14332036316472113,0.253584229390681,0.13799283154121864,1147,0.8256320836965996,0.25370531822144726,6.143853530950305,0.3569456553327521,13.02,13.06,11.84,12.2,-1,3,3
976,1205741353,2,14,15,12,12,4123,0.975,0.010507246376811594,0.9612856099342586,0.01168736303871439,6477,0.5052364777932175,0.29535278678400495,5.460552725027019,0.367364005969842,3752,0.3716915995397008,0.061565017261219795,0.38811881188118813,0.08316831683168317,6243,0.44888942282022487,0.6101233381387153,5.317956110844145,0.3606572694751453,2655,0.20933246921581336,0.14387556707712248,0.25402504472271914,0.13774597495527727,1148,0.8257839721254353,0.2534843205574913,6.143728222996516,0.35707026713124274,13.04,13.08,11.84,12.2,-1,2,2
977,1205741354,2,12,13,10,12,4125,0.9750181028240406,0.010499637943519189,0.9612856099342586,0.01168736303871439,6481,0.5050789487219055,0.295479092732603,5.460731368615955,0.3674072931132027,3756,0.3710511200459506,0.06203331418724871,0.388421573478476,0.08312716476991588,6251,0.4491947954993863,0.6101423772196448,5.318669012957927,0.36063563163227197,2655,0.20933246921581336,0.14387556707712248,0.25402504472271914,0.13774597495527727,1151,0.8262380538662031,0.2536924413553432,6.144222415291051,0.35679119606139587,13.0,13.04,11.8,12.18,-1,2,0
978,1205741355,2,11,11,13,12,4129,0.9746743849493488,0.010492040520984082,0.9613420860685631,0.011670313639679067,6488,0.5051505343197702,0.2954685573366215,5.460542540073983,0.36737053020961774,3761,0.3709862385321101,0.06192660550458716,0.3880375679683638,0.08304498269896193,6258,0.44901193139448126,0.6097794822627037,5.3183125599232985,0.36059177586023206,2660,0.20919689119170984,0.14443005181347152,0.2531194295900178,0.13903743315508021,1152,0.8263888888888887,0.2543402777777778,6.144097222222222,0.35669849537037035,13.0,13.04,11.84,12.18,0,-2,-1
979,1205741356,2,12,13,10,13,4137,0.974720115565186,0.010473094980137234,0.9614264919941776,0.011644832605531296,6493,0.5049155500795732,0.2953950408131834,5.46034190666872,0.3672801478515324,3763,0.37077363896848137,0.061891117478510026,0.3883399209486166,0.08300395256916997,6263,0.4488131353451483,0.6096120070253872,5.318058438448028,0.36066315397306914,2663,0.20919689119170984,0.14443005181347152,0.25244444444444447,0.13866666666666666,1153,0.8256721595836946,0.25498699045967044,6.143972246313964,0.35660595547846197,12.94,13.02,11.78,12.24,-1,2,-1
980,1205741357,2,12,14,10,12,4141,0.9747383616023096,0.010465535907614579,0.9614825581395349,0.011627906976744186,6501,0.5046787673691231,0.2954930010767574,5.460236886632826,0.36736655899092446,3768,0.37092157985117347,0.061820263308528904,0.3882585101134682,0.0833744449925999,6269,0.44880895411282984,0.6093475833466263,5.318232572978147,0.36071675439995726,2666,0.2089262613195343,0.1448900388098318,0.2522202486678508,0.13854351687388988,1154,0.8258232235701904,0.255632582322357,6.143847487001733,0.3565135759676487,12.92,13.06,11.72,12.22,-2,2,0
981,1205741358,2,12,15,10,13,4145,0.9747656813266041,0.010454217736121124,0.9615105301379812,0.011619462599854757,6510,0.5047491039426527,0.29508448540706606,5.460215053763441,0.3672811059907834,3770,0.3707093821510298,0.06178489702517163,0.3880670611439842,0.08333333333333333,6276,0.4488660505629908,0.6096239643084768,5.318355640535373,0.3606729339281919,2668,0.2087912087912088,0.14544279250161604,0.2528837622005324,0.13842058562555457,1155,0.8259740259740258,0.2554112554112554,6.143722943722944,0.3566378066378066,12.94,13.12,11.72,12.26,-3,2,-1
982,1205741359,2,12,11,11,11,4147,0.9747747747747748,0.010450450450450451,0.9615384615384616,0.011611030478955007,6516,0.5047447309187645,0.29496623695518726,5.460405156537753,0.36721147943523635,3775,0.37142857142857144,0.061714285714285715,0.3879862136878385,0.08321024126046282,6284,0.44893114788881766,0.6096435391470401,5.318268618714195,0.36057182261828963,2670,0.2087912087912088,0.14544279250161604,0.2524357838795394,0.13906111603188662,1156,0.8261245674740483,0.2560553633217993,6.143598615916955,0.35654555940023064,12.88,13.04,11.72,12.26,1,1,1
983,1205741360,2,15,15,12,13,4151,0.9748020158387329,0.010439164866810655,0.9615663524292966,0.011602610587382161,6525,0.5049680715197961,0.29517241379310344,5.460383141762452,0.36731800766283523,3778,0.3712164477441462,0.06167904054825814,0.3880964092474176,0.08362026561731431,6289,0.4493692690941851,0.6097948799491175,5.318174590554937,0.36052366565961713,2670,0.2087912087912088,0.14544279250161604,0.2524357838795394,0.13906111603188662,1157,0.8262748487467587,0.2566983578219533,6.143474503025065,0.3566695476807836,12.88,13.04,11.7,12.24,0,3,2
984,1205741361,2,12,12,13,11,4154,0.9748201438848921,0.010431654676258994,0.9615942028985507,0.011594202898550725,6537,0.5050991790321762,0.2955484167049105,5.4603028912345115,0.36752332874407223,3782,0.37094017094017095,0.062108262108262105,0.3880964092474176,0.08362026561731431,6293,0.44924254462630386,0.609725091371365,5.3182901636739235,0.36045341384607216,2674,0.20852162685603615,0.14525500322788895,0.2519893899204244,0.138815207780725,1157,0.8262748487467587,0.2566983578219533,6.143474503025065,0.3566695476807836,12.86,13.04,11.7,12.22,0,-1,1
985,1205741362,2,13,13,13,10,4158,0.9744879626302552,0.010779734099892203,0.9616220130340333,0.011585807385952208,6543,0.5050945030312297,0.2954302307809873,5.46079779917469,0.36753018493046,3787,0.3705179282868526,0.06260671599317018,0.3880157170923379,0.08349705304518663,6297,0.4495923984966381,0.6098141972367794,5.318723201524535,0.3603832512836799,2679,0.20889748549323017,0.1450676982591876,0.25308641975308643,0.1384479717813051,1158,0.8259930915371327,0.25647668393782386,6.143350604490501,0.3567933218192285,12.86,13.04,11.7,12.2,0,0,3
986,1205741363,2,12,12,13,11,4161,0.9745062836624776,0.010771992818671455,0.9616497829232996,0.011577424023154847,6549,0.5049371405303612,0.29577034661780427,5.460528324935105,0.3675370285539777,3792,0.3698863636363636,0.0625,0.38763493621197254,0.08341511285574092,6302,0.4497117317253777,0.6101237702316725,5.318787686448746,0.36037501322331517,2682,0.20913770913770913,0.14478764478764478,0.25308641975308643,0.1384479717813051,1159,0.8261432269197582,0.25625539257981017,6.14495254529767,0.3567011791774518,12.82,13.06,11.74,12.16,0,-1,1
987,1205741364,2,12,14,12,12,4164,0.974524578399713,0.010764262648008612,0.9616775126536515,0.011569052783803326,6555,0.5050851767098911,0.2954996186117468,5.460564454614798,0.3675438596491228,3796,0.370244179443498,0.06246450880181715,0.38706516413522785,0.08329250367466928,6310,0.44961701003697785,0.6103011093502377,5.318858954041205,0.3603935552033807,2684,0.2090032154340836,0.14533762057877814,0.252863436123348,0.13832599118942732,1160,0.8262931034482757,0.25689655172413794,6.144827586206897,0.3566091954022988,12.78,13.08,11.74,12.16,-2,0,0
988,1205741365,2,13,14,12,13,4167,0.9745519713261649,0.010752688172043012,0.9616775126536515,0.011569052783803326,6566,0.5051528073916137,0.29576606762107827,5.460554371002132,0.3675626967204792,3801,0.370391378332388,0.06239364719228588,0.386986301369863,0.08317025440313111,6315,0.44941937186592723,0.6101346001583531,5.318606492478226,0.3603061493797834,2686,0.20873474630700065,0.14515093127809892,0.252863436123348,0.13832599118942732,1161,0.8264427217915588,0.2566752799310939,6.144702842377261,0.3565173700832615,12.78,13.1,11.74,12.16,-1,1,0
989,1205741366,2,12,11,11,14,4170,0.974579305406373,0.010741138560687433,0.9616775126536515,0.011569052783803326,6573,0.5052233886099704,0.2957553628480146,5.460672447892895,0.3675135655966327,3804,0.3705382436260623,0.06288951841359773,0.3867970660146699,0.08312958435207823,6321,0.4491246110847435,0.6103464641670622,5.318778674260402,0.36035964773506285,2691,0.20910840282232201,0.14496472097498397,0.2539543057996485,0.13796133567662566,1161,0.8264427217915588,0.2566752799310939,6.144702842377261,0.3565173700832615,12.78,13.06,11.76,12.24,1,1,-2
990,1205741367,2,14,14,10,12,4177,0.9746247319513939,0.010721944245889922,0.9610108303249097,0.011552346570397111,6578,0.5052447552447555,0.29583460018242624,5.4604743083003955,0.36750025336981856,3806,0.37032842582106457,0.06285390713476784,0.3866080156402737,0.08308895405669599,6327,0.4492518834624093,0.6102418207681366,5.3187924766872134,0.3603340182287549,2693,0.2088404868673927,0.14541960281870595,0.2539543057996485,0.13796133567662566,1163,0.8254514187446258,0.2579535683576956,6.1444539982803095,0.3567641157924907,12.8,13.06,11.72,12.22,0,4,2
991,1205741368,2,11,10,12,11,4180,0.9746428571428571,0.010714285714285714,0.961038961038961,0.011544011544011544,6583,0.5050129120461799,0.29591371715023546,5.46042837612031,0.36744898475872195,3812,0.3708309779536461,0.06274731486715658,0.3870180575890678,0.08296730112249878,6333,0.4489052055371331,0.6101373756513501,5.318806252960682,0.3603084372861728,2694,0.2088404868673927,0.14541960281870595,0.2537313432835821,0.13871817383669885,1165,0.8257510729613732,0.2575107296137339,6.144206008583691,0.3565808297567954,12.74,12.98,11.72,12.18,1,-1,0
992,1205741369,2,13,13,12,12,4185,0.9746699964323938,0.010702818408847663,0.9610951008645533,0.011527377521613832,6588,0.5052367941712207,0.2958409228901032,5.4605343047965995,0.3673977939688322,3815,0.3711864406779661,0.06271186440677966,0.38761579717211114,0.08288639687957094,6339,0.448953567860335,0.6101908818425619,5.318504495977283,0.3603223431666402,2699,0.20830670926517572,0.1450479233226837,0.2543859649122807,0.13859649122807016,1166,0.8259005145797597,0.25728987993138935,6.144082332761578,0.3564894225271583,12.76,13.0,11.7,12.16,0,1,1
993,1205741370,2,12,14,14,11,4190,0.9747060919130744,0.010687566797292483,0.9611231101511879,0.011519078473722102,6595,0.5052312357846858,0.29583017437452613,5.460803639120546,0.3673995451099318,3817,0.3709768492377188,0.06267645398080181,0.38742690058479534,0.08284600389863547,6346,0.4488522954091812,0.6101481248030255,5.3187834856602585,0.36039762580102935,2704,0.20804084237396298,0.14550095724313974,0.2537182852143482,0.13910761154855644,1167,0.8260497000856896,0.2570694087403599,6.143958868894601,0.3566123964581548,12.74,13.0,11.74,12.1,-2,-2,1
994,1205741371,2,14,10,10,11,4196,0.9747510668563301,0.010668563300142247,0.9611510791366906,0.011510791366906475,6600,0.505075757575758,0.2959090909090909,5.461060606060606,0.36742424242424243,3821,0.37034949267192785,0.06257046223224352,0.3877252800779347,0.08280565026790063,6354,0.44860193054244,0.6100094428706326,5.319011646207113,0.360297975028853,2707,0.20790816326530612,0.14540816326530612,0.2541484716157205,0.1388646288209607,1167,0.8260497000856896,0.2570694087403599,6.143958868894601,0.3566123964581548,12.74,12.92,11.78,12.04,4,4,3
995,1205741372,2,15,13,10,13,4198,0.9747690120824449,0.010660980810234541,0.9611510791366906,0.011510791366906475,6609,0.5050688455136938,0.29580874564987136,5.4607353608715385,0.36756695415342716,3825,0.37084974676420934,0.062464828362408555,0.38802336903602724,0.0827653359298929,6357,0.44862618635624724,0.6100361805883279,5.318861098002202,0.3602852498558018,2711,0.2084130019120459,0.14531548757170173,0.25435540069686413,0.13850174216027875,1168,0.8261986301369861,0.2568493150684932,6.1438356164383565,0.35652111872146114,12.8,12.94,11.7,12.12,2,5,2
996,1205741373,2,12,12,10,13,4201,0.9747869318181818,0.01065340909090909,0.9611790079079798,0.011502516175413372,6619,0.5051619076396237,0.29551291735911767,5.460945762199728,0.367615954071612,3830,0.3707865168539326,0.06292134831460675,0.38813229571984437,0.08268482490272373,6362,0.4484307869642665,0.6100282929896259,5.318767683118516,0.36023787069055835,2713,0.20828025477707007,0.14522292993630573,0.2550043516100957,0.13838120104438642,1169,0.8254918733960648,0.25748502994011974,6.1437125748503,0.35642999714856,12.78,12.98,11.62,12.14,0,2,-1
997,1205741374,2,15,15,14,12,4206,0.9744680851063829,0.01099290780141844,0.9612068965517241,0.011494252873563218,6623,0.5050832955860892,0.2954854295636419,5.460818360259701,0.3676204137097992,3832,0.3707865168539326,0.06292134831460675,0.3877551020408163,0.0826044703595724,6370,0.448574045002616,0.610204081632653,5.318681318681318,0.36021716378859214,2718,0.20865139949109415,0.14567430025445294,0.2552083333333333,0.13802083333333334,1170,0.8256410256410255,0.25726495726495724,6.143589743589744,0.35633903133903133,12.78,13.02,11.66,12.14,0,1,3
998,1205741375,2,14,13,10,10,4213,0.9745132743362832,0.010973451327433627,0.9612625538020086,0.011477761836441894,6627,0.5050802273527492,0.2954579749509582,5.460842009959258,0.3675871435038479,3838,0.37093153759820424,0.06285072951739619,0.3879728419010669,0.08341416100872939,6374,0.4486063173308227,0.609978035770317,5.31848133040477,0.36026566258759524,2719,0.20865139949109415,0.14567430025445294,0.25498699045967044,0.13790112749349523,1173,0.8260869565217389,0.2566069906223359,6.143222506393862,0.3564933219664677,12.78,12.98,11.62,12.08,1,4,4
999,1205741376,2,13,12,12,13,4215,0.9741684359518754,0.01132342533616419,0.9612903225806452,0.011469534050179211,6635,0.5053001758352176,0.29540316503391106,5.460889223813112,0.3675207234363225,3843,0.3708683473389356,0.06274509803921569,0.38856589147286824,0.08333333333333333,6379,0.4486466008256253,0.6099702147672049,5.318388462141401,0.36023148873909167,2723,0.20915448188175462,0.1455816910362365,0.25519031141868515,0.1384083044982699,1175,0.8251063829787232,0.2570212765957447,6.142978723404255,0.35652482269503544,12.78,12.96,11.62,12.12,1,1,0
1000,1205741377,2,15,15,11,13,4222,0.9742140586365242,0.01130342635111268,0.9613457408732999,0.01145311381531854,6640,0.5055973895582333,0.2956325301204819,5.460692771084338,0.36754518072289155,3848,0.37024608501118567,0.06263982102908278,0.3886737657308809,0.08325266214908035,6383,0.44844378296516746,0.6099013003289989,5.318188939370202,0.36020157710585393,2723,0.20915448188175462,0.1455816910362365,0.25519031141868515,0.1384083044982699,1176,0.8252551020408161,0.2568027210884354,6.142857142857143,0.35643424036281174,12.84,13.02,11.6,12.14,0,4,2
