game,seed,teamset,adaptive_persistent,adaptive_reset,full,intentional,p1_resp_obs,p1_p_play_num,p1_p_disc_num,p1_p_play_color,p1_p_disc_color,p1_giving_obs,p1_giving_play_bias,p1_giving_color_bias,p1_giving_conservatism,p1_giving_coverage,p2_resp_obs,p2_p_play_num,p2_p_disc_num,p2_p_play_color,p2_p_disc_color,p2_giving_obs,p2_giving_play_bias,p2_giving_color_bias,p2_giving_conservatism,p2_giving_coverage,p3_resp_obs,p3_p_play_num,p3_p_disc_num,p3_p_play_color,p3_p_disc_color,p3_giving_obs,p3_giving_play_bias,p3_giving_color_bias,p3_giving_conservatism,p3_giving_coverage,ma50_adaptive_persistent,ma50_adaptive_reset,ma50_full,ma50_intentional,diff_persistent_reset,diff_persistent_full,diff_persistent_intentional
1,1205740378,3,17,17,13,15,5,0.7142857142857143,0.14285714285714285,0.5,0.25,0,0.5,0.5,4.0,0.5,2,0.3333333333333333,0.3333333333333333,0.6,0.2,10,0.55,0.3,3.9,0.35,3,0.25,0.5,0.6,0.2,7,0.6428571428571429,0.7142857142857143,3.857142857142857,0.39285714285714285,17.0,17.0,13.0,15.0,0,4,2
2,1205740379,3,17,18,16,16,9,0.7777777777777778,0.1111111111111111,0.6666666666666666,0.16666666666666666,0,0.5,0.5,4.0,0.5,3,0.3333333333333333,0.3333333333333333,0.6666666666666666,0.16666666666666666,18,0.6944444444444444,0.2222222222222222,3.4444444444444446,0.3194444444444444,7,0.16666666666666666,0.6666666666666666,0.42857142857142855,0.42857142857142855,15,0.6444444444444444,0.7333333333333333,3.4,0.4166666666666667,17.0,17.5,14.5,15.5,-1,1,1
3,1205740380,3,18,14,13,14,15,0.8461538461538461,0.07692307692307693,0.75,0.125,1,1.0,0.0,7.0,0.5,7,0.5,0.25,0.6666666666666666,0.1111111111111111,25,0.7066666666666667,0.2,3.4,0.36,8,0.14285714285714285,0.7142857142857143,0.42857142857142855,0.42857142857142855,22,0.6212121212121212,0.6818181818181818,3.272727272727273,0.3977272727272727,17.333333333333332,16.333333333333332,14.0,15.0,4,5,4
4,1205740381,3,16,16,16,11,18,0.8571428571428571,0.07142857142857142,0.7,0.2,1,1.0,0.0,7.0,0.5,9,0.4,0.2,0.7,0.1,32,0.71875,0.21875,3.28125,0.3828125,10,0.125,0.75,0.5,0.375,32,0.5052083333333333,0.65625,3.21875,0.40625,17.0,16.25,14.5,14.0,0,0,5
5,1205740382,3,16,15,15,15,24,0.8947368421052632,0.05263157894736842,0.7272727272727273,0.18181818181818182,1,1.0,0.0,7.0,0.5,11,0.5,0.16666666666666666,0.7272727272727273,0.09090909090909091,36,0.7083333333333334,0.25,3.388888888888889,0.375,13,0.1,0.7,0.4444444444444444,0.4444444444444444,41,0.5406504065040649,0.6585365853658537,3.292682926829268,0.4024390243902439,16.8,16.0,14.6,14.2,1,1,1
6,1205740383,3,17,17,14,13,29,0.9130434782608695,0.043478260869565216,0.75,0.16666666666666666,1,1.0,0.0,7.0,0.5,17,0.5714285714285714,0.14285714285714285,0.8125,0.0625,42,0.6904761904761905,0.2619047619047619,3.4047619047619047,0.3869047619047619,15,0.09090909090909091,0.6363636363636364,0.4,0.5,47,0.5673758865248226,0.6382978723404256,3.25531914893617,0.39893617021276595,16.833333333333332,16.166666666666668,14.5,14.0,0,3,4
7,1205740384,3,14,17,15,13,32,0.9130434782608695,0.043478260869565216,0.8,0.13333333333333333,2,1.0,0.0,7.0,0.5,21,0.625,0.125,0.8421052631578947,0.05263157894736842,49,0.6938775510204082,0.2653061224489796,3.2857142857142856,0.3877551020408163,17,0.08333333333333333,0.5833333333333334,0.36363636363636365,0.5454545454545454,56,0.5029761904761905,0.625,3.1785714285714284,0.3794642857142857,16.428571428571427,16.285714285714285,14.571428571428571,13.857142857142858,-3,-1,1
8,1205740385,3,13,14,12,14,39,0.8620689655172413,0.10344827586206896,0.8125,0.125,2,1.0,0.0,7.0,0.5,24,0.7,0.1,0.85,0.05,56,0.6696428571428571,0.25,3.1607142857142856,0.3794642857142857,19,0.07142857142857142,0.6428571428571429,0.36363636363636365,0.5454545454545454,64,0.5494791666666666,0.671875,3.296875,0.37109375,16.0,16.0,14.25,13.875,-1,1,-1
9,1205740386,3,13,14,16,12,42,0.8666666666666667,0.1,0.7777777777777778,0.16666666666666666,2,1.0,0.0,7.0,0.5,25,0.7272727272727273,0.09090909090909091,0.85,0.05,63,0.6904761904761905,0.23809523809523808,3.3174603174603177,0.373015873015873,20,0.06666666666666667,0.6666666666666666,0.36363636363636365,0.5454545454545454,73,0.5639269406392694,0.7123287671232876,3.4794520547945207,0.3561643835616438,15.666666666666666,15.777777777777779,14.444444444444445,13.666666666666666,-1,-3,1
10,1205740387,3,15,14,15,15,45,0.875,0.09375,0.7894736842105263,0.15789473684210525,2,1.0,0.0,7.0,0.5,28,0.75,0.08333333333333333,0.8636363636363636,0.045454545454545456,70,0.6928571428571428,0.22857142857142856,3.2857142857142856,0.3678571428571429,26,0.05555555555555555,0.6666666666666666,0.2857142857142857,0.5,80,0.5833333333333333,0.7125,3.475,0.35625,15.6,15.6,14.5,13.8,1,0,0
11,1205740388,3,13,14,16,15,49,0.8529411764705882,0.11764705882352941,0.8095238095238095,0.14285714285714285,2,1.0,0.0,7.0,0.5,32,0.7142857142857143,0.07142857142857142,0.875,0.041666666666666664,78,0.6858974358974359,0.21794871794871795,3.3205128205128207,0.36217948717948717,29,0.05,0.7,0.26666666666666666,0.5333333333333333,86,0.5775193798449613,0.7325581395348837,3.4767441860465116,0.3633720930232558,15.363636363636363,15.454545454545455,14.636363636363637,13.909090909090908,-1,-3,-2
12,1205740389,3,15,16,15,11,54,0.8378378378378378,0.13513513513513514,0.8260869565217391,0.13043478260869565,2,1.0,0.0,7.0,0.5,34,0.7333333333333333,0.06666666666666667,0.88,0.04,87,0.6781609195402298,0.21839080459770116,3.3333333333333335,0.3706896551724138,30,0.05,0.7,0.25,0.5625,95,0.5789473684210527,0.7157894736842105,3.431578947368421,0.3684210526315789,15.333333333333334,15.5,14.666666666666666,13.666666666666666,-1,0,4
13,1205740390,3,16,15,12,15,59,0.8292682926829268,0.14634146341463414,0.8333333333333334,0.125,2,1.0,0.0,7.0,0.5,37,0.75,0.0625,0.8888888888888888,0.037037037037037035,98,0.6683673469387755,0.21428571428571427,3.4081632653061225,0.37755102040816324,33,0.045454545454545456,0.6818181818181818,0.29411764705882354,0.5294117647058824,99,0.5858585858585859,0.7272727272727273,3.4444444444444446,0.36363636363636365,15.384615384615385,15.461538461538462,14.461538461538462,13.76923076923077,1,4,1
14,1205740391,3,15,15,16,14,64,0.8372093023255814,0.13953488372093023,0.8148148148148148,0.14814814814814814,2,1.0,0.0,7.0,0.5,41,0.7894736842105263,0.05263157894736842,0.8928571428571429,0.03571428571428571,108,0.6836419753086419,0.2037037037037037,3.3518518518518516,0.37808641975308643,35,0.043478260869565216,0.6521739130434783,0.2777777777777778,0.5555555555555556,106,0.5801886792452831,0.7169811320754716,3.4150943396226414,0.37028301886792453,15.357142857142858,15.428571428571429,14.571428571428571,13.785714285714286,0,-1,1
15,1205740392,3,11,14,12,14,66,0.8181818181818182,0.1590909090909091,0.8214285714285714,0.14285714285714285,3,1.0,0.0,7.0,0.5,45,0.8095238095238095,0.047619047619047616,0.9,0.03333333333333333,117,0.6638176638176637,0.21367521367521367,3.52991452991453,0.3789173789173789,38,0.038461538461538464,0.6538461538461539,0.2777777777777778,0.5555555555555556,113,0.5693215339233039,0.7168141592920354,3.5575221238938055,0.3694690265486726,15.066666666666666,15.333333333333334,14.4,13.8,-3,-1,-3
16,1205740393,3,15,17,14,13,69,0.8222222222222222,0.15555555555555556,0.8333333333333334,0.13333333333333333,3,1.0,0.0,7.0,0.5,51,0.8260869565217391,0.043478260869565216,0.9117647058823529,0.029411764705882353,123,0.66260162601626,0.2032520325203252,3.5121951219512195,0.3848238482384824,40,0.037037037037037035,0.6666666666666666,0.2631578947368421,0.5263157894736842,122,0.5710382513661203,0.7049180327868853,3.5737704918032787,0.38114754098360654,15.0625,15.4375,14.375,13.75,-2,1,2
17,1205740394,3,16,14,13,14,74,0.82,0.16,0.8333333333333334,0.13333333333333333,4,1.0,0.0,7.0,0.5,58,0.8518518518518519,0.037037037037037035,0.918918918918919,0.02702702702702703,127,0.6574803149606299,0.1968503937007874,3.5196850393700787,0.38451443569553806,41,0.03571428571428571,0.6785714285714286,0.2631578947368421,0.5263157894736842,131,0.5928753180661578,0.7175572519083969,3.5114503816793894,0.3816793893129771,15.117647058823529,15.352941176470589,14.294117647058824,13.764705882352942,2,3,2
18,1205740395,3,17,16,18,14,79,0.8301886792452831,0.1509433962264151,0.84375,0.125,5,1.0,0.0,7.0,0.45,64,0.8620689655172413,0.034482758620689655,0.9024390243902439,0.024390243902439025,128,0.6562499999999999,0.203125,3.5078125,0.3854166666666667,44,0.03225806451612903,0.6774193548387096,0.2631578947368421,0.5263157894736842,140,0.594047619047619,0.7071428571428572,3.492857142857143,0.38035714285714284,15.222222222222221,15.38888888888889,14.5,13.777777777777779,1,-1,3
19,1205740396,3,16,14,15,15,80,0.8301886792452831,0.1509433962264151,0.8484848484848485,0.12121212121212122,6,1.0,0.0,7.0,0.5,66,0.8387096774193549,0.03225806451612903,0.9024390243902439,0.024390243902439025,137,0.667883211678832,0.2116788321167883,3.5036496350364965,0.38199513381995137,47,0.03225806451612903,0.6774193548387096,0.22727272727272727,0.45454545454545453,149,0.5850111856823267,0.7181208053691275,3.436241610738255,0.37975391498881433,15.263157894736842,15.31578947368421,14.526315789473685,13.842105263157896,2,1,1
20,1205740397,3,13,17,15,15,85,0.8333333333333334,0.14814814814814814,0.8378378378378378,0.13513513513513514,7,1.0,0.0,7.0,0.5357142857142857,69,0.8181818181818182,0.030303030303030304,0.9047619047619048,0.023809523809523808,145,0.6712643678160918,0.2,3.489655172413793,0.3798850574712644,51,0.03125,0.6875,0.2,0.52,156,0.5822649572649573,0.7243589743589743,3.4423076923076925,0.3814102564102564,15.15,15.4,14.55,13.9,-4,-2,-2
21,1205740398,3,15,14,15,13,87,0.8363636363636363,0.14545454545454545,0.8421052631578947,0.13157894736842105,8,1.0,0.0,7.0,0.5,74,0.8,0.02857142857142857,0.8888888888888888,0.022222222222222223,151,0.6644591611479027,0.19205298013245034,3.4503311258278146,0.3763796909492274,54,0.058823529411764705,0.6764705882352942,0.19230769230769232,0.5,164,0.5813008130081302,0.7195121951219512,3.4146341463414633,0.38109756097560976,15.142857142857142,15.333333333333334,14.571428571428571,13.857142857142858,1,0,2
22,1205740399,3,15,15,13,14,92,0.8214285714285714,0.16071428571428573,0.8571428571428571,0.11904761904761904,8,1.0,0.0,7.0,0.5,77,0.8055555555555556,0.027777777777777776,0.8936170212765957,0.02127659574468085,159,0.6624737945492661,0.18867924528301888,3.4339622641509435,0.3731656184486373,57,0.05714285714285714,0.6571428571428571,0.17857142857142858,0.5,172,0.5920542635658915,0.7151162790697675,3.4069767441860463,0.3793604651162791,15.136363636363637,15.318181818181818,14.5,13.863636363636363,0,2,1
23,1205740400,3,14,16,13,14,94,0.8214285714285714,0.16071428571428573,0.8181818181818182,0.1590909090909091,10,1.0,0.0,7.0,0.475,84,0.825,0.025,0.9,0.02,164,0.6605691056910568,0.1951219512195122,3.5,0.37245934959349597,59,0.05714285714285714,0.6571428571428571,0.16666666666666666,0.5,181,0.6012891344383058,0.6961325966850829,3.447513812154696,0.3784530386740331,15.08695652173913,15.347826086956522,14.434782608695652,13.869565217391305,-2,1,0
24,1205740401,3,15,10,13,14,98,0.7931034482758621,0.1896551724137931,0.8260869565217391,0.15217391304347827,11,1.0,0.0,7.0,0.45454545454545453,88,0.8095238095238095,0.023809523809523808,0.9038461538461539,0.019230769230769232,171,0.6569200779727095,0.21052631578947367,3.4678362573099415,0.3747563352826511,63,0.05263157894736842,0.631578947368421,0.16129032258064516,0.4838709677419355,188,0.6028368794326242,0.6914893617021277,3.4680851063829787,0.3754432624113475,15.083333333333334,15.125,14.375,13.875,5,2,1
25,1205740402,3,13,15,15,14,106,0.7619047619047619,0.2222222222222222,0.8163265306122449,0.16326530612244897,11,1.0,0.0,7.0,0.45454545454545453,89,0.813953488372093,0.023255813953488372,0.9038461538461539,0.019230769230769232,180,0.6666666666666666,0.2111111111111111,3.4444444444444446,0.3796296296296297,66,0.05,0.65,0.15625,0.5,193,0.6079447322970639,0.6994818652849741,3.476683937823834,0.3721934369602763,15.0,15.12,14.4,13.88,-2,-2,-1
26,1205740403,3,15,18,12,15,111,0.7692307692307693,0.2153846153846154,0.8269230769230769,0.15384615384615385,11,1.0,0.0,7.0,0.45454545454545453,94,0.8297872340425532,0.02127659574468085,0.9056603773584906,0.018867924528301886,186,0.6756272401433692,0.20430107526881722,3.446236559139785,0.3794802867383513,69,0.05,0.65,0.14285714285714285,0.5428571428571428,201,0.6061359867330017,0.6915422885572139,3.4477611940298507,0.37354892205638474,15.0,15.23076923076923,14.307692307692308,13.923076923076923,-3,3,0
27,1205740404,3,16,15,14,14,114,0.7611940298507462,0.22388059701492538,0.8301886792452831,0.1509433962264151,12,1.0,0.0,7.0,0.4375,97,0.8125,0.041666666666666664,0.8909090909090909,0.01818181818181818,194,0.683848797250859,0.20618556701030927,3.484536082474227,0.37414089347079044,69,0.05,0.65,0.14285714285714285,0.5428571428571428,211,0.6074249605055293,0.6919431279620853,3.4502369668246446,0.372432859399684,15.037037037037036,15.222222222222221,14.296296296296296,13.925925925925926,1,2,2
28,1205740405,3,17,18,14,17,119,0.7536231884057971,0.2318840579710145,0.8392857142857143,0.14285714285714285,13,1.0,0.0,7.0,0.4423076923076923,100,0.8163265306122449,0.04081632653061224,0.8947368421052632,0.017543859649122806,200,0.68,0.21,3.47,0.3766666666666667,74,0.05,0.65,0.125,0.525,217,0.6021505376344087,0.6866359447004609,3.447004608294931,0.3736559139784946,15.107142857142858,15.321428571428571,14.285714285714286,14.035714285714286,-1,3,0
29,1205740406,3,17,16,14,12,119,0.7536231884057971,0.2318840579710145,0.8392857142857143,0.14285714285714285,14,1.0,0.0,7.0,0.44642857142857145,105,0.8235294117647058,0.0392156862745098,0.9,0.016666666666666666,206,0.6893203883495146,0.2087378640776699,3.466019417475728,0.3766181229773463,75,0.05,0.65,0.12195121951219512,0.5365853658536586,228,0.6038011695906433,0.6842105263157895,3.412280701754386,0.37317251461988304,15.172413793103448,15.344827586206897,14.275862068965518,13.96551724137931,1,3,5
30,1205740407,3,17,12,14,15,121,0.7536231884057971,0.2318840579710145,0.8448275862068966,0.13793103448275862,14,1.0,0.0,7.0,0.44642857142857145,112,0.8363636363636363,0.03636363636363636,0.9047619047619048,0.015873015873015872,212,0.6886792452830188,0.20754716981132076,3.452830188679245,0.3777515723270441,77,0.05,0.65,0.13953488372093023,0.5116279069767442,236,0.6066384180790961,0.6864406779661016,3.4364406779661016,0.37429378531073443,15.233333333333333,15.233333333333333,14.266666666666667,14.0,5,3,2
31,1205740408,3,17,15,17,11,123,0.7571428571428571,0.22857142857142856,0.847457627118644,0.13559322033898305,15,1.0,0.0,7.0,0.43333333333333335,118,0.8421052631578947,0.03508771929824561,0.9104477611940298,0.014925373134328358,219,0.6894977168949772,0.2100456621004566,3.452054794520548,0.37937595129375956,77,0.05,0.65,0.13953488372093023,0.5116279069767442,245,0.598639455782313,0.6816326530612244,3.4326530612244897,0.3727891156462585,15.290322580645162,15.225806451612904,14.35483870967742,13.903225806451612,2,0,6
32,1205740409,3,15,15,15,13,125,0.7605633802816901,0.22535211267605634,0.85,0.13333333333333333,16,1.0,0.0,7.0,0.421875,122,0.8275862068965517,0.034482758620689655,0.9142857142857143,0.014285714285714285,231,0.6883116883116883,0.21645021645021645,3.4285714285714284,0.3813131313131314,83,0.06976744186046512,0.6511627906976745,0.13043478260869565,0.5,249,0.5990629183400269,0.6827309236947792,3.42570281124498,0.3731593038821954,15.28125,15.21875,14.375,13.875,0,0,2
33,1205740410,3,15,16,15,14,128,0.75,0.2361111111111111,0.8548387096774194,0.12903225806451613,16,1.0,0.0,7.0,0.421875,128,0.8360655737704918,0.03278688524590164,0.9178082191780822,0.0136986301369863,241,0.6825726141078838,0.22406639004149378,3.4066390041493775,0.3800138312586446,85,0.06666666666666667,0.6444444444444445,0.13043478260869565,0.5,256,0.6061197916666667,0.69140625,3.421875,0.37272135416666663,15.272727272727273,15.242424242424242,14.393939393939394,13.878787878787879,-1,0,1
34,1205740411,3,12,14,16,14,131,0.7432432432432432,0.24324324324324326,0.8571428571428571,0.12698412698412698,17,1.0,0.0,7.0,0.4264705882352941,131,0.8360655737704918,0.03278688524590164,0.9210526315789473,0.013157894736842105,247,0.684885290148448,0.22267206477732793,3.417004048582996,0.3788798920377868,89,0.06382978723404255,0.6595744680851063,0.125,0.5,264,0.6041666666666667,0.696969696969697,3.4318181818181817,0.3708964646464646,15.176470588235293,15.205882352941176,14.441176470588236,13.882352941176471,-2,-4,-2
35,1205740412,3,16,14,12,15,134,0.7432432432432432,0.24324324324324326,0.8636363636363636,0.12121212121212122,17,1.0,0.0,7.0,0.4264705882352941,133,0.8360655737704918,0.03278688524590164,0.9230769230769231,0.01282051282051282,254,0.6896325459317585,0.21653543307086615,3.409448818897638,0.37532808398950135,90,0.0625,0.6666666666666666,0.125,0.5,274,0.5985401459854016,0.6970802919708029,3.4197080291970803,0.37013381995133815,15.2,15.17142857142857,14.371428571428572,13.914285714285715,2,4,1
36,1205740413,3,17,14,14,13,136,0.7432432432432432,0.24324324324324326,0.8676470588235294,0.11764705882352941,17,1.0,0.0,7.0,0.4264705882352941,138,0.8387096774193549,0.03225806451612903,0.926829268292683,0.012195121951219513,261,0.6883780332056194,0.2260536398467433,3.4022988505747125,0.3748403575989783,91,0.0625,0.6666666666666666,0.12244897959183673,0.5102040816326531,282,0.5969267139479907,0.7021276595744681,3.421985815602837,0.37027186761229314,15.25,15.13888888888889,14.36111111111111,13.88888888888889,3,3,4
37,1205740414,3,16,16,16,14,139,0.7466666666666667,0.24,0.8714285714285714,0.11428571428571428,17,1.0,0.0,7.0,0.4264705882352941,145,0.84375,0.03125,0.9310344827586207,0.011494252873563218,267,0.6897627965043696,0.2247191011235955,3.393258426966292,0.37297128589263423,96,0.06,0.66,0.11538461538461539,0.4807692307692308,288,0.5966435185185186,0.6944444444444444,3.4166666666666665,0.3718171296296296,15.27027027027027,15.162162162162161,14.405405405405405,13.891891891891891,0,0,2
38,1205740415,3,15,17,13,14,141,0.75,0.23684210526315788,0.8591549295774648,0.1267605633802817,18,1.0,0.0,7.0,0.4444444444444444,148,0.8461538461538461,0.03076923076923077,0.9325842696629213,0.011235955056179775,278,0.6942446043165468,0.22302158273381295,3.3776978417266186,0.37260191846522783,103,0.05660377358490566,0.660377358490566,0.10714285714285714,0.4642857142857143,292,0.5993150684931507,0.6952054794520548,3.410958904109589,0.3727168949771689,15.263157894736842,15.210526315789474,14.368421052631579,13.894736842105264,-2,2,1
39,1205740416,3,15,15,14,16,142,0.75,0.23684210526315788,0.8472222222222222,0.1388888888888889,19,1.0,0.0,7.0,0.4473684210526316,153,0.8529411764705882,0.029411764705882353,0.9340659340659341,0.01098901098901099,285,0.6912280701754386,0.21754385964912282,3.3719298245614033,0.3713450292397661,104,0.05660377358490566,0.660377358490566,0.12280701754385964,0.45614035087719296,301,0.5980066445182726,0.6943521594684385,3.4086378737541527,0.3715393133997785,15.256410256410257,15.205128205128204,14.35897435897436,13.948717948717949,0,1,-1
40,1205740417,3,15,16,15,15,146,0.7564102564102564,0.23076923076923078,0.8513513513513513,0.13513513513513514,19,1.0,0.0,7.0,0.4473684210526316,155,0.8529411764705882,0.029411764705882353,0.9354838709677419,0.010752688172043012,295,0.688135593220339,0.21694915254237288,3.383050847457627,0.37485875706214694,107,0.05660377358490566,0.660377358490566,0.11666666666666667,0.45,308,0.590909090909091,0.6948051948051948,3.3896103896103895,0.3712121212121212,15.25,15.225,14.375,13.975,-1,0,0
41,1205740418,3,11,11,11,14,148,0.7468354430379747,0.24050632911392406,0.8533333333333334,0.13333333333333333,19,1.0,0.0,7.0,0.4473684210526316,158,0.855072463768116,0.028985507246376812,0.9368421052631579,0.010526315789473684,305,0.6836065573770492,0.21639344262295082,3.377049180327869,0.3748633879781421,108,0.05660377358490566,0.660377358490566,0.11475409836065574,0.45901639344262296,318,0.5870020964360587,0.6918238993710691,3.3836477987421385,0.37054507337526205,15.146341463414634,15.121951219512194,14.292682926829269,13.975609756097562,0,0,-3
42,1205740419,3,15,16,12,17,152,0.7375,0.25,0.8589743589743589,0.1282051282051282,20,1.0,0.0,7.0,0.45,164,0.8571428571428571,0.02857142857142857,0.93,0.01,312,0.6848290598290598,0.21474358974358973,3.3846153846153846,0.3760683760683761,111,0.05555555555555555,0.6481481481481481,0.12698412698412698,0.4444444444444444,326,0.5848670756646217,0.6809815950920245,3.371165644171779,0.37423312883435583,15.142857142857142,15.142857142857142,14.238095238095237,14.047619047619047,-1,3,-2
43,1205740420,3,16,15,15,13,156,0.7407407407407407,0.24691358024691357,0.8641975308641975,0.12345679012345678,21,1.0,0.0,7.0,0.4642857142857143,169,0.84,0.04,0.93,0.01,318,0.6907756813417191,0.2138364779874214,3.3710691823899372,0.3736897274633124,112,0.05454545454545454,0.6545454545454545,0.12698412698412698,0.4444444444444444,334,0.5883233532934132,0.6856287425149701,3.356287425149701,0.37425149700598803,15.162790697674419,15.13953488372093,14.255813953488373,14.023255813953488,1,1,3
44,1205740421,3,14,16,14,15,161,0.7349397590361446,0.25301204819277107,0.8571428571428571,0.13095238095238096,22,1.0,0.0,7.0,0.4772727272727273,174,0.8205128205128205,0.038461538461538464,0.9313725490196079,0.00980392156862745,326,0.6968302658486707,0.22085889570552147,3.355828220858896,0.3729550102249489,113,0.05357142857142857,0.6607142857142857,0.12698412698412698,0.4444444444444444,339,0.5899705014749264,0.6902654867256637,3.342182890855457,0.37610619469026546,15.136363636363637,15.159090909090908,14.25,14.045454545454545,-2,0,-1
45,1205740422,3,13,13,14,11,164,0.7349397590361446,0.25301204819277107,0.8505747126436781,0.13793103448275862,23,1.0,0.0,7.0,0.4673913043478261,177,0.8227848101265823,0.0379746835443038,0.9326923076923077,0.009615384615384616,333,0.6956956956956957,0.22522522522522523,3.3783783783783785,0.37262262262262263,120,0.06666666666666667,0.65,0.12121212121212122,0.4393939393939394,344,0.5915697674418605,0.688953488372093,3.3459302325581395,0.3757267441860465,15.088888888888889,15.11111111111111,14.244444444444444,13.977777777777778,0,-1,2
46,1205740423,3,14,14,14,15,167,0.7349397590361446,0.25301204819277107,0.8444444444444444,0.14444444444444443,23,1.0,0.0,7.0,0.4673913043478261,180,0.825,0.0375,0.9339622641509434,0.009433962264150943,341,0.6969696969696969,0.22580645161290322,3.3607038123167157,0.3721896383186706,124,0.06557377049180328,0.639344262295082,0.11594202898550725,0.43478260869565216,351,0.586894586894587,0.6894586894586895,3.3475783475783474,0.3767806267806268,15.065217391304348,15.08695652173913,14.23913043478261,14.0,0,0,-1
47,1205740424,3,12,14,15,16,173,0.7325581395348837,0.2558139534883721,0.8387096774193549,0.15053763440860216,24,1.0,0.0,7.0,0.4791666666666667,184,0.8292682926829268,0.036585365853658534,0.9351851851851852,0.009259259259259259,347,0.6978866474543708,0.22478386167146974,3.354466858789625,0.37271853986551395,126,0.06557377049180328,0.639344262295082,0.11267605633802817,0.4507042253521127,358,0.5879888268156426,0.6927374301675978,3.3491620111731844,0.37639664804469275,15.0,15.063829787234043,14.25531914893617,14.042553191489361,-2,-3,-4
48,1205740425,3,15,17,16,16,179,0.7333333333333333,0.25555555555555554,0.8315789473684211,0.15789473684210525,24,1.0,0.0,7.0,0.4791666666666667,187,0.8192771084337349,0.03614457831325301,0.9363636363636364,0.00909090909090909,354,0.698210922787194,0.2288135593220339,3.3559322033898304,0.3717043314500942,128,0.06451612903225806,0.6451612903225806,0.1111111111111111,0.4583333333333333,366,0.5892531876138434,0.6912568306010929,3.349726775956284,0.37795992714025506,15.0,15.104166666666666,14.291666666666666,14.083333333333334,-2,-1,-1
49,1205740426,3,15,15,15,14,185,0.7282608695652174,0.2608695652173913,0.8383838383838383,0.15151515151515152,25,1.0,0.0,7.0,0.47,192,0.8275862068965517,0.034482758620689655,0.9369369369369369,0.009009009009009009,358,0.701582867783985,0.22625698324022347,3.35195530726257,0.3703445065176909,131,0.0625,0.65625,0.1095890410958904,0.4520547945205479,374,0.5860071301247772,0.6925133689839572,3.339572192513369,0.37789661319073087,15.0,15.10204081632653,14.306122448979592,14.081632653061224,0,0,1
50,1205740427,3,14,17,17,16,190,0.7368421052631579,0.25263157894736843,0.8316831683168316,0.15841584158415842,25,1.0,0.0,7.0,0.47,193,0.8275862068965517,0.034482758620689655,0.9375,0.008928571428571428,367,0.6952770208900999,0.22343324250681199,3.343324250681199,0.3712534059945504,132,0.06153846153846154,0.6615384615384615,0.1095890410958904,0.4520547945205479,383,0.5887728459530027,0.6971279373368147,3.328981723237598,0.37684943429068757,14.98,15.14,14.36,14.12,-3,-3,-2
51,1205740428,3,18,18,16,15,191,0.7395833333333334,0.25,0.8316831683168316,0.15841584158415842,25,1.0,0.0,7.0,0.47,198,0.8295454545454546,0.03409090909090909,0.9396551724137931,0.008620689655172414,374,0.695632798573975,0.2192513368983957,3.3529411764705883,0.3716577540106952,133,0.06153846153846154,0.6615384615384615,0.10810810810810811,0.44594594594594594,393,0.5882103477523325,0.6997455470737913,3.3333333333333335,0.3761662425784563,15.0,15.16,14.42,14.12,0,2,3
52,1205740429,3,16,15,12,15,193,0.7395833333333334,0.25,0.8252427184466019,0.1650485436893204,27,1.0,0.037037037037037035,7.0,0.4537037037037037,203,0.8222222222222222,0.03333333333333333,0.9411764705882353,0.008403361344537815,381,0.6946631671041119,0.2230971128608924,3.391076115485564,0.37073490813648297,135,0.05970149253731343,0.6716417910447762,0.10810810810810811,0.44594594594594594,400,0.5841666666666667,0.7,3.345,0.37583333333333335,14.98,15.1,14.34,14.1,1,4,1
53,1205740430,3,16,16,14,13,196,0.7448979591836735,0.24489795918367346,0.8269230769230769,0.16346153846153846,27,1.0,0.037037037037037035,7.0,0.4537037037037037,206,0.8260869565217391,0.03260869565217391,0.9416666666666667,0.008333333333333333,387,0.6925064599483203,0.21963824289405684,3.3901808785529717,0.37209302325581395,137,0.058823529411764705,0.6764705882352942,0.10666666666666667,0.4533333333333333,410,0.5821138211382114,0.7024390243902439,3.3365853658536584,0.3764227642276423,14.94,15.14,14.36,14.08,0,2,3
54,1205740431,3,15,15,15,14,202,0.7524752475247525,0.2376237623762376,0.8317757009345794,0.1588785046728972,27,1.0,0.037037037037037035,7.0,0.4537037037037037,214,0.8144329896907216,0.030927835051546393,0.943089430894309,0.008130081300813009,392,0.6964285714285713,0.2193877551020408,3.392857142857143,0.3711734693877551,139,0.058823529411764705,0.6764705882352942,0.1038961038961039,0.45454545454545453,417,0.5831334932054357,0.6954436450839329,3.3309352517985613,0.37849720223820943,14.92,15.12,14.34,14.14,0,0,1
55,1205740432,3,18,17,16,16,204,0.7524752475247525,0.2376237623762376,0.8256880733944955,0.1651376146788991,28,1.0,0.03571428571428571,7.0,0.45535714285714285,218,0.8181818181818182,0.030303030303030304,0.944,0.008,398,0.693467336683417,0.2185929648241206,3.391959798994975,0.37185929648241206,139,0.058823529411764705,0.6764705882352942,0.1038961038961039,0.45454545454545453,427,0.5800156128024981,0.6978922716627635,3.348946135831382,0.3772443403590945,14.96,15.16,14.36,14.16,1,2,2
56,1205740433,3,19,16,17,15,204,0.7524752475247525,0.2376237623762376,0.8256880733944955,0.1651376146788991,29,1.0,0.034482758620689655,7.0,0.45689655172413796,227,0.8155339805825242,0.038834951456310676,0.9461538461538461,0.007692307692307693,403,0.694789081885856,0.21588089330024815,3.389578163771712,0.3715880893300248,139,0.058823529411764705,0.6764705882352942,0.1038961038961039,0.45454545454545453,437,0.5812356979405034,0.6956521739130435,3.34324942791762,0.3789092295957285,15.0,15.14,14.42,14.2,3,2,4
57,1205740434,3,15,17,14,16,208,0.7475728155339806,0.24271844660194175,0.8288288288288288,0.16216216216216217,29,1.0,0.034482758620689655,7.0,0.45689655172413796,230,0.819047619047619,0.0380952380952381,0.9465648854961832,0.007633587786259542,413,0.6985472154963679,0.21549636803874092,3.401937046004843,0.3734866828087167,145,0.05714285714285714,0.6857142857142857,0.12345679012345678,0.4444444444444444,440,0.5795454545454546,0.6954545454545454,3.352272727272727,0.37859848484848485,15.02,15.14,14.4,14.26,-2,1,-1
58,1205740435,3,16,14,14,15,213,0.7547169811320755,0.2358490566037736,0.831858407079646,0.1592920353982301,30,1.0,0.03333333333333333,7.0,0.45,230,0.819047619047619,0.0380952380952381,0.9465648854961832,0.007633587786259542,426,0.7018779342723004,0.22300469483568075,3.4342723004694835,0.37265258215962443,149,0.05555555555555555,0.6666666666666666,0.12048192771084337,0.43373493975903615,444,0.5777027027027027,0.6959459459459459,3.3513513513513513,0.37912912912912916,15.08,15.14,14.44,14.28,2,2,1
59,1205740436,3,13,13,14,14,217,0.75,0.24074074074074073,0.8347826086956521,0.1565217391304348,31,1.0,0.03225806451612903,7.0,0.4435483870967742,233,0.8113207547169812,0.03773584905660377,0.9398496240601504,0.007518796992481203,435,0.6988505747126436,0.22298850574712645,3.4229885057471265,0.37126436781609196,151,0.0547945205479452,0.6712328767123288,0.11904761904761904,0.42857142857142855,453,0.5816777041942605,0.7019867549668874,3.3465783664459163,0.37674760853568806,15.08,15.12,14.4,14.32,0,-1,-1
60,1205740437,3,16,14,14,14,217,0.75,0.24074074074074073,0.8347826086956521,0.1565217391304348,32,1.0,0.03125,7.0,0.4375,238,0.8148148148148148,0.037037037037037035,0.9411764705882353,0.007352941176470588,444,0.6996996996996995,0.22972972972972974,3.421171171171171,0.3733108108108108,152,0.05405405405405406,0.6756756756756757,0.11904761904761904,0.42857142857142855,462,0.5818903318903319,0.6991341991341992,3.341991341991342,0.3791486291486292,15.1,15.12,14.38,14.3,2,2,2
61,1205740438,3,14,18,14,14,219,0.75,0.24074074074074073,0.8376068376068376,0.15384615384615385,33,1.0,0.030303030303030304,7.0,0.4393939393939394,241,0.8181818181818182,0.03636363636363636,0.9416058394160584,0.0072992700729927005,452,0.6994837758112092,0.22787610619469026,3.433628318584071,0.372787610619469,154,0.05333333333333334,0.68,0.11764705882352941,0.4235294117647059,470,0.5804964539007091,0.7021276595744681,3.3297872340425534,0.37748226950354613,15.12,15.2,14.34,14.28,-4,0,0
62,1205740439,3,15,17,15,14,220,0.7522935779816514,0.23853211009174313,0.8376068376068376,0.15384615384615385,33,1.0,0.030303030303030304,7.0,0.4393939393939394,246,0.8245614035087719,0.03508771929824561,0.9420289855072463,0.007246376811594203,461,0.699927693420101,0.22559652928416485,3.4446854663774404,0.3725596529284165,157,0.05333333333333334,0.68,0.125,0.42045454545454547,476,0.580532212885154,0.7058823529411765,3.323529411764706,0.3769257703081233,15.12,15.22,14.34,14.34,-2,0,1
63,1205740440,3,15,15,14,13,223,0.7477477477477478,0.24324324324324326,0.8389830508474576,0.15254237288135594,33,1.0,0.030303030303030304,7.0,0.4393939393939394,246,0.8245614035087719,0.03508771929824561,0.9420289855072463,0.007246376811594203,471,0.6974522292993628,0.22717622080679406,3.4394904458598727,0.37261146496815284,158,0.05333333333333334,0.68,0.12359550561797752,0.4157303370786517,485,0.5735395189003436,0.709278350515464,3.331958762886598,0.37663230240549833,15.1,15.22,14.38,14.3,0,1,2
64,1205740441,3,13,13,12,14,225,0.7477477477477478,0.24324324324324326,0.8416666666666667,0.15,33,1.0,0.030303030303030304,7.0,0.4393939393939394,247,0.8260869565217391,0.034782608695652174,0.9420289855072463,0.007246376811594203,481,0.6954261954261952,0.22453222453222454,3.446985446985447,0.3731808731808732,161,0.05333333333333334,0.68,0.11956521739130435,0.40217391304347827,492,0.5755420054200541,0.7113821138211383,3.3313008130081303,0.3753387533875339,15.06,15.18,14.3,14.3,0,1,-1
65,1205740442,3,17,14,18,16,228,0.7522123893805309,0.23893805309734514,0.8429752066115702,0.1487603305785124,34,1.0,0.029411764705882353,7.0,0.4411764705882353,257,0.8333333333333334,0.03333333333333333,0.9440559440559441,0.006993006993006993,483,0.6956521739130432,0.2236024844720497,3.443064182194617,0.37318840579710144,163,0.05263157894736842,0.6842105263157895,0.11827956989247312,0.40860215053763443,501,0.5791749833666,0.7125748502994012,3.3333333333333335,0.3745841650033267,15.18,15.18,14.42,14.34,3,-1,1
66,1205740443,3,14,18,13,15,232,0.7565217391304347,0.23478260869565218,0.8455284552845529,0.14634146341463414,34,1.0,0.029411764705882353,7.0,0.4411764705882353,261,0.8360655737704918,0.03278688524590164,0.9448275862068966,0.006896551724137931,489,0.6980231765507836,0.22085889570552147,3.4396728016359917,0.37389229720518063,166,0.05194805194805195,0.6753246753246753,0.11578947368421053,0.4105263157894737,509,0.5798952193844138,0.7092337917485265,3.326129666011788,0.37409954158480685,15.16,15.2,14.4,14.38,-4,1,-1
67,1205740444,3,15,14,16,15,235,0.7586206896551724,0.23275862068965517,0.84,0.152,34,1.0,0.029411764705882353,7.0,0.4411764705882353,268,0.8387096774193549,0.03225806451612903,0.94,0.006666666666666667,497,0.6998658618376925,0.22334004024144868,3.436619718309859,0.3744131455399061,168,0.05063291139240506,0.6835443037974683,0.11578947368421053,0.4105263157894737,516,0.5765503875968991,0.7093023255813954,3.3313953488372094,0.37516149870801035,15.14,15.2,14.46,14.4,1,-1,0
68,1205740445,3,18,16,16,15,240,0.7647058823529411,0.226890756302521,0.84251968503937,0.14960629921259844,35,1.0,0.05714285714285714,7.0,0.4357142857142857,274,0.8359375,0.03125,0.9407894736842105,0.006578947368421052,501,0.7002661343978707,0.22355289421157684,3.4331337325349303,0.37441783100465736,170,0.05,0.6875,0.11458333333333333,0.4166666666666667,523,0.5774378585086041,0.7074569789674953,3.326959847036329,0.3763543658381135,15.16,15.2,14.42,14.42,2,2,3
69,1205740446,3,15,17,14,14,242,0.7666666666666667,0.225,0.84375,0.1484375,36,1.0,0.05555555555555555,7.0,0.4375,277,0.8294573643410853,0.031007751937984496,0.9415584415584416,0.006493506493506494,512,0.6959635416666664,0.220703125,3.43359375,0.3740234375,172,0.04938271604938271,0.691358024691358,0.1134020618556701,0.422680412371134,531,0.5781544256120527,0.7099811676082862,3.335216572504708,0.37539234149403644,15.14,15.26,14.4,14.4,-2,1,1
70,1205740447,3,13,17,14,15,244,0.7666666666666667,0.225,0.8461538461538461,0.14615384615384616,37,1.0,0.05405405405405406,7.0,0.4391891891891892,283,0.8320610687022901,0.030534351145038167,0.9367088607594937,0.006329113924050633,519,0.6962106615285804,0.21772639691714837,3.4373795761079,0.37283236994219654,177,0.04819277108433735,0.6987951807228916,0.11,0.42,538,0.5799256505576207,0.70817843866171,3.342007434944238,0.3756195786864932,15.14,15.26,14.38,14.4,-4,-1,-2
71,1205740448,3,17,17,15,12,248,0.7540983606557377,0.23770491803278687,0.8484848484848485,0.14393939393939395,38,1.0,0.05263157894736842,7.0,0.4407894736842105,288,0.835820895522388,0.029850746268656716,0.9375,0.00625,527,0.6970271979759644,0.2144212523719165,3.447817836812144,0.372865275142315,179,0.04819277108433735,0.6987951807228916,0.12745098039215685,0.4117647058823529,543,0.5776550030693676,0.7090239410681399,3.3388581952117864,0.37676488643339473,15.18,15.32,14.38,14.38,0,2,5
72,1205740449,3,17,15,14,13,250,0.7540983606557377,0.23770491803278687,0.8507462686567164,0.1417910447761194,39,1.0,0.05128205128205128,7.0,0.4423076923076923,291,0.8382352941176471,0.029411764705882353,0.937888198757764,0.006211180124223602,535,0.6978193146417443,0.21682242990654205,3.457943925233645,0.37383177570093457,180,0.047619047619047616,0.6904761904761905,0.12745098039215685,0.4117647058823529,553,0.5732368896925857,0.7034358047016275,3.3417721518987342,0.37628089210367693,15.22,15.32,14.4,14.36,2,3,4
73,1205740450,3,17,13,13,14,253,0.7580645161290323,0.23387096774193547,0.8518518518518519,0.14074074074074075,39,1.0,0.05128205128205128,7.0,0.4423076923076923,295,0.8405797101449275,0.028985507246376812,0.9386503067484663,0.006134969325153374,544,0.6991421568627448,0.21691176470588236,3.454044117647059,0.37454044117647056,182,0.046511627906976744,0.686046511627907,0.12745098039215685,0.4117647058823529,559,0.5742397137745973,0.7048300536672629,3.341681574239714,0.3762671437090042,15.28,15.26,14.4,14.36,4,4,3
74,1205740451,3,17,15,13,13,256,0.76,0.232,0.8467153284671532,0.145985401459854,40,1.0,0.05,7.0,0.4375,303,0.8461538461538461,0.027972027972027972,0.9397590361445783,0.006024096385542169,548,0.7013381995133817,0.21532846715328466,3.4507299270072993,0.37363138686131386,185,0.04597701149425287,0.6896551724137931,0.125,0.41346153846153844,567,0.575837742504409,0.7037037037037037,3.3350970017636685,0.37624926513815404,15.32,15.36,14.4,14.34,2,4,4
75,1205740452,3,13,16,9,12,258,0.7637795275590551,0.2283464566929134,0.8467153284671532,0.145985401459854,40,1.0,0.05,7.0,0.4375,307,0.8424657534246576,0.0273972602739726,0.9401197604790419,0.005988023952095809,559,0.6955873583780559,0.2182468694096601,3.4508050089445437,0.37209302325581395,189,0.044444444444444446,0.6888888888888889,0.12380952380952381,0.4095238095238095,573,0.5732984293193716,0.7033158813263525,3.3350785340314135,0.3762361838278069,15.32,15.38,14.28,14.3,-3,4,1
76,1205740453,3,11,12,13,10,263,0.7674418604651163,0.2248062015503876,0.8357142857142857,0.15714285714285714,40,1.0,0.05,7.0,0.4375,311,0.8378378378378378,0.02702702702702703,0.9408284023668639,0.005917159763313609,565,0.694395280235988,0.2176991150442478,3.4460176991150444,0.3712389380530973,192,0.043478260869565216,0.6847826086956522,0.12264150943396226,0.41509433962264153,584,0.571632420091324,0.7037671232876712,3.3304794520547945,0.3762842465753425,15.24,15.26,14.3,14.2,-1,-2,1
77,1205740454,3,18,15,16,14,268,0.7744360902255639,0.21804511278195488,0.8368794326241135,0.15602836879432624,42,1.0,0.047619047619047616,7.0,0.44047619047619047,316,0.84,0.02666666666666667,0.9418604651162791,0.005813953488372093,568,0.6951291079812204,0.21830985915492956,3.454225352112676,0.3714788732394366,193,0.043478260869565216,0.6847826086956522,0.12149532710280374,0.4205607476635514,592,0.5706644144144142,0.706081081081081,3.329391891891892,0.37584459459459457,15.28,15.26,14.34,14.2,3,2,4
78,1205740455,3,16,15,16,16,271,0.7686567164179104,0.22388059701492538,0.8391608391608392,0.15384615384615385,43,1.0,0.06976744186046512,7.0,0.436046511627907,322,0.8366013071895425,0.026143790849673203,0.9428571428571428,0.005714285714285714,572,0.6937645687645685,0.2202797202797203,3.444055944055944,0.3715034965034965,194,0.043010752688172046,0.6881720430107527,0.12149532710280374,0.4205607476635514,601,0.5712701053799222,0.7021630615640599,3.329450915141431,0.3768718801996672,15.26,15.2,14.38,14.18,1,0,0
79,1205740456,3,15,17,15,14,278,0.7553956834532374,0.23741007194244604,0.8413793103448276,0.15172413793103448,43,1.0,0.06976744186046512,7.0,0.436046511627907,324,0.8366013071895425,0.026143790849673203,0.943502824858757,0.005649717514124294,580,0.6954022988505745,0.21724137931034482,3.443103448275862,0.3706896551724138,198,0.0425531914893617,0.6914893617021277,0.11818181818181818,0.41818181818181815,608,0.5718201754385962,0.7006578947368421,3.330592105263158,0.3777412280701754,15.22,15.22,14.4,14.22,-2,0,1
80,1205740457,3,19,19,16,14,281,0.7553956834532374,0.23741007194244604,0.8445945945945946,0.14864864864864866,44,1.0,0.06818181818181818,7.0,0.4375,328,0.8376623376623377,0.025974025974025976,0.9444444444444444,0.005555555555555556,587,0.6925042589437818,0.21805792163543442,3.45144804088586,0.3718057921635434,200,0.0425531914893617,0.6914893617021277,0.11607142857142858,0.41964285714285715,615,0.5712737127371271,0.7008130081300813,3.334959349593496,0.3787262872628726,15.26,15.36,14.44,14.2,0,3,5
81,1205740458,3,17,15,15,15,285,0.7588652482269503,0.23404255319148937,0.8466666666666667,0.14666666666666667,44,1.0,0.06818181818181818,7.0,0.4375,333,0.8397435897435898,0.02564102564102564,0.9453551912568307,0.00546448087431694,594,0.6924803591470255,0.21717171717171718,3.4478114478114477,0.3720538720538721,202,0.042105263157894736,0.6947368421052632,0.11504424778761062,0.415929203539823,621,0.5700483091787438,0.7004830917874396,3.3365539452495976,0.3794954374664519,15.26,15.36,14.4,14.28,2,2,2
82,1205740459,3,14,12,14,14,289,0.7569444444444444,0.2361111111111111,0.847682119205298,0.1456953642384106,45,1.0,0.06666666666666667,7.0,0.43333333333333335,338,0.8427672955974843,0.025157232704402517,0.9459459459459459,0.005405405405405406,601,0.689406544647809,0.21963394342762063,3.447587354409318,0.3714642262895175,205,0.041237113402061855,0.6804123711340206,0.11403508771929824,0.41228070175438597,629,0.572337042925278,0.7027027027027027,3.3529411764705883,0.37904080551139374,15.24,15.3,14.38,14.3,2,0,0
83,1205740460,3,14,14,13,13,292,0.7569444444444444,0.2361111111111111,0.8506493506493507,0.14285714285714285,47,0.9787234042553191,0.0851063829787234,7.0212765957446805,0.425531914893617,340,0.84375,0.025,0.946236559139785,0.005376344086021506,607,0.6900054914881931,0.21911037891268534,3.4629324546952223,0.37067545304777594,206,0.041237113402061855,0.6804123711340206,0.12173913043478261,0.40869565217391307,639,0.5719874804381845,0.702660406885759,3.3708920187793425,0.3774126238914971,15.22,15.26,14.34,14.28,0,1,1
84,1205740461,3,16,16,16,17,297,0.7534246575342466,0.23972602739726026,0.8535031847133758,0.14012738853503184,47,0.9787234042553191,0.0851063829787234,7.0212765957446805,0.425531914893617,343,0.8385093167701864,0.031055900621118012,0.9468085106382979,0.005319148936170213,613,0.6897770527460574,0.22022838499184338,3.461663947797716,0.3699021207177814,208,0.041237113402061855,0.6804123711340206,0.11965811965811966,0.4188034188034188,648,0.5717592592592591,0.7021604938271605,3.368827160493827,0.376929012345679,15.3,15.3,14.34,14.34,0,0,-1
85,1205740462,3,12,11,12,12,302,0.7449664429530202,0.2483221476510067,0.8553459119496856,0.13836477987421383,47,0.9787234042553191,0.0851063829787234,7.0212765957446805,0.425531914893617,345,0.8395061728395061,0.030864197530864196,0.9470899470899471,0.005291005291005291,624,0.6872329059829058,0.21955128205128205,3.4663461538461537,0.3701923076923077,211,0.041237113402061855,0.6804123711340206,0.11666666666666667,0.4166666666666667,656,0.5678353658536583,0.7012195121951219,3.3658536585365852,0.37614329268292684,15.22,15.24,14.34,14.28,1,0,0
86,1205740463,3,17,17,13,16,304,0.7466666666666667,0.24666666666666667,0.85,0.14375,48,0.9791666666666666,0.08333333333333333,7.020833333333333,0.421875,350,0.8414634146341463,0.03048780487804878,0.9479166666666666,0.005208333333333333,631,0.6851558372952983,0.21870047543581617,3.464342313787639,0.3704437400950872,212,0.041237113402061855,0.6804123711340206,0.11570247933884298,0.4132231404958678,665,0.5646616541353382,0.7022556390977444,3.357894736842105,0.3774436090225564,15.22,15.3,14.32,14.34,0,4,1
87,1205740464,3,13,16,15,16,308,0.7483443708609272,0.24503311258278146,0.852760736196319,0.1411042944785276,48,0.9791666666666666,0.08333333333333333,7.020833333333333,0.421875,352,0.8433734939759037,0.030120481927710843,0.9479166666666666,0.005208333333333333,640,0.6872395833333331,0.2171875,3.4578125,0.3703125,219,0.039603960396039604,0.6732673267326733,0.11290322580645161,0.4112903225806452,672,0.5647321428571427,0.7038690476190477,3.357142857142857,0.37723214285714285,15.16,15.3,14.3,14.38,-3,-2,-3
88,1205740465,3,14,15,13,14,311,0.7516339869281046,0.24183006535947713,0.8536585365853658,0.1402439024390244,48,0.9791666666666666,0.08333333333333333,7.020833333333333,0.421875,353,0.8433734939759037,0.030120481927710843,0.9481865284974094,0.0051813471502590676,648,0.6885288065843619,0.2175925925925926,3.4598765432098766,0.3707561728395062,220,0.0392156862745098,0.6764705882352942,0.11290322580645161,0.4112903225806452,681,0.5668135095447869,0.7033773861967695,3.3597650513950073,0.3766519823788546,15.14,15.26,14.3,14.38,-1,1,0
89,1205740466,3,14,14,13,13,312,0.7532467532467533,0.24025974025974026,0.8536585365853658,0.1402439024390244,48,0.9791666666666666,0.08333333333333333,7.020833333333333,0.421875,359,0.8461538461538461,0.029585798816568046,0.9489795918367347,0.00510204081632653,655,0.6903307888040711,0.2183206106870229,3.4641221374045803,0.36946564885496186,224,0.0380952380952381,0.6666666666666666,0.112,0.416,690,0.5644927536231883,0.7057971014492753,3.363768115942029,0.3760869565217391,15.12,15.24,14.28,14.32,0,1,1
90,1205740467,3,18,19,16,15,317,0.7515923566878981,0.24203821656050956,0.8493975903614458,0.14457831325301204,48,0.9791666666666666,0.08333333333333333,7.020833333333333,0.421875,361,0.8470588235294118,0.029411764705882353,0.949238578680203,0.005076142131979695,664,0.6890060240963853,0.2183734939759036,3.4563253012048194,0.3704819277108434,225,0.0380952380952381,0.6666666666666666,0.1111111111111111,0.42063492063492064,698,0.5644699140401145,0.7091690544412608,3.3638968481375358,0.376432664756447,15.18,15.3,14.3,14.32,-1,2,3
91,1205740468,3,16,16,18,14,322,0.7484276729559748,0.24528301886792453,0.8520710059171598,0.14201183431952663,48,0.9791666666666666,0.08333333333333333,7.020833333333333,0.421875,367,0.8448275862068966,0.028735632183908046,0.949748743718593,0.005025125628140704,672,0.6897321428571427,0.22023809523809523,3.456845238095238,0.3705357142857143,227,0.03773584905660377,0.6698113207547169,0.11023622047244094,0.4251968503937008,705,0.5612293144208036,0.7063829787234043,3.3659574468085105,0.3775413711583925,15.28,15.4,14.44,14.32,0,-2,2
92,1205740469,3,18,18,16,14,327,0.75,0.24375,0.8554913294797688,0.13872832369942195,48,0.9791666666666666,0.08333333333333333,7.020833333333333,0.421875,368,0.8457142857142858,0.02857142857142857,0.949748743718593,0.005025125628140704,682,0.6871945259042032,0.21994134897360704,3.4560117302052786,0.37060117302052786,229,0.03773584905660377,0.6698113207547169,0.10852713178294573,0.43410852713178294,713,0.560542309490416,0.7068723702664796,3.3660589060308554,0.37716222533894345,15.34,15.44,14.52,14.26,0,2,4
93,1205740470,3,15,14,16,15,329,0.7515527950310559,0.2422360248447205,0.8563218390804598,0.13793103448275862,49,0.9795918367346939,0.08163265306122448,7.020408163265306,0.41836734693877553,370,0.8465909090909091,0.028409090909090908,0.95,0.005,692,0.6881021194605008,0.21820809248554912,3.459537572254335,0.3706647398843931,233,0.03773584905660377,0.6698113207547169,0.10526315789473684,0.44360902255639095,720,0.560648148148148,0.7069444444444445,3.370833333333333,0.3773148148148148,15.32,15.42,14.54,14.3,1,-1,0
94,1205740471,3,15,17,16,14,333,0.7469135802469136,0.24691358024691357,0.8531073446327684,0.14124293785310735,49,0.9795918367346939,0.08163265306122448,7.020408163265306,0.41836734693877553,377,0.8491620111731844,0.027932960893854747,0.9509803921568627,0.004901960784313725,697,0.6889048302247727,0.21807747489239598,3.460545193687231,0.3701578192252511,235,0.03773584905660377,0.6698113207547169,0.1037037037037037,0.4444444444444444,730,0.5625570776255706,0.7041095890410959,3.378082191780822,0.37659817351598174,15.34,15.44,14.58,14.28,-2,-1,1
95,1205740472,3,16,15,14,13,335,0.7469135802469136,0.24691358024691357,0.8491620111731844,0.1452513966480447,49,0.9795918367346939,0.08163265306122448,7.020408163265306,0.41836734693877553,379,0.85,0.027777777777777776,0.9512195121951219,0.004878048780487805,705,0.6895981087470447,0.2170212765957447,3.452482269503546,0.36950354609929076,238,0.037383177570093455,0.6635514018691588,0.10218978102189781,0.44525547445255476,738,0.5618789521228544,0.7046070460704607,3.3780487804878048,0.3755645889792231,15.4,15.48,14.58,14.32,1,2,3
96,1205740473,3,18,18,17,14,338,0.7439024390243902,0.25,0.85,0.14444444444444443,49,0.9795918367346939,0.08163265306122448,7.020408163265306,0.41836734693877553,381,0.85,0.027777777777777776,0.9516908212560387,0.004830917874396135,713,0.6902758298270218,0.21739130434782608,3.447405329593268,0.3695652173913043,238,0.037383177570093455,0.6635514018691588,0.10218978102189781,0.44525547445255476,748,0.5652852049910873,0.7072192513368984,3.374331550802139,0.37566844919786097,15.48,15.56,14.64,14.3,0,1,4
97,1205740474,3,17,17,15,15,339,0.7439024390243902,0.25,0.850828729281768,0.143646408839779,50,0.98,0.08,7.02,0.425,382,0.85,0.027777777777777776,0.9519230769230769,0.004807692307692308,723,0.6929460580912862,0.2157676348547718,3.4439834024896268,0.36929460580912865,242,0.037037037037037035,0.6574074074074074,0.10714285714285714,0.4357142857142857,755,0.5660044150110374,0.7086092715231788,3.366887417218543,0.3758278145695364,15.58,15.62,14.64,14.28,0,2,2
98,1205740475,3,13,15,13,15,344,0.7425149700598802,0.25149700598802394,0.8524590163934426,0.14207650273224043,51,0.9803921568627451,0.0784313725490196,7.019607843137255,0.43137254901960786,382,0.85,0.027777777777777776,0.9519230769230769,0.004807692307692308,733,0.6944065484311049,0.2155525238744884,3.440654843110505,0.37005457025920874,246,0.03669724770642202,0.6605504587155964,0.1048951048951049,0.42657342657342656,762,0.5664916885389325,0.7073490813648294,3.368766404199475,0.3753280839895013,15.54,15.58,14.58,14.26,-2,0,-2
99,1205740476,3,16,18,17,16,348,0.7396449704142012,0.25443786982248523,0.8540540540540541,0.14054054054054055,52,0.9807692307692307,0.07692307692307693,7.019230769230769,0.4326923076923077,388,0.8516483516483516,0.027472527472527472,0.9528301886792453,0.0047169811320754715,742,0.6940700808625335,0.2169811320754717,3.444743935309973,0.3698337825696317,248,0.03669724770642202,0.6605504587155964,0.10344827586206896,0.4206896551724138,768,0.5659722222222221,0.70703125,3.3580729166666665,0.3756510416666667,15.56,15.64,14.62,14.3,-2,-1,0
100,1205740477,3,17,13,15,14,354,0.7383720930232558,0.2558139534883721,0.851063829787234,0.14361702127659576,52,0.9807692307692307,0.07692307692307693,7.019230769230769,0.4326923076923077,390,0.8516483516483516,0.027472527472527472,0.9532710280373832,0.004672897196261682,751,0.6937416777629826,0.21837549933422104,3.44474034620506,0.36939636040834445,250,0.03669724770642202,0.6605504587155964,0.10204081632653061,0.4217687074829932,776,0.5665807560137456,0.7048969072164949,3.3518041237113403,0.375,15.62,15.56,14.58,14.26,4,2,3
101,1205740478,3,15,16,16,15,363,0.7386363636363636,0.2556818181818182,0.8549222797927462,0.13989637305699482,52,0.9807692307692307,0.07692307692307693,7.019230769230769,0.4326923076923077,391,0.8516483516483516,0.027472527472527472,0.9534883720930233,0.004651162790697674,757,0.6928665785997357,0.21796565389696168,3.4451783355350067,0.36944077498899164,251,0.03636363636363636,0.6636363636363637,0.10204081632653061,0.4217687074829932,786,0.5673240033927056,0.7035623409669212,3.3447837150127224,0.37595419847328243,15.56,15.52,14.58,14.26,-1,-1,0
102,1205740479,3,11,12,15,14,367,0.7430167597765364,0.25139664804469275,0.8505154639175257,0.14432989690721648,52,0.9807692307692307,0.07692307692307693,7.019230769230769,0.4326923076923077,394,0.8532608695652174,0.02717391304347826,0.9537037037037037,0.004629629629629629,765,0.6921568627450979,0.22091503267973855,3.4418300653594773,0.3698257080610022,257,0.034782608695652174,0.6521739130434783,0.10135135135135136,0.4189189189189189,793,0.5665195460277426,0.7036569987389659,3.3442622950819674,0.3764186633039092,15.46,15.46,14.64,14.24,-1,-4,-3
103,1205740480,3,16,14,17,16,368,0.7430167597765364,0.25139664804469275,0.8512820512820513,0.14358974358974358,53,0.9811320754716981,0.07547169811320754,7.018867924528302,0.4339622641509434,398,0.8540540540540541,0.02702702702702703,0.954337899543379,0.0045662100456621,773,0.6927554980595083,0.222509702457956,3.4527813712807243,0.37020267356619235,258,0.034782608695652174,0.6521739130434783,0.10067114093959731,0.4228187919463087,802,0.5663965087281794,0.7044887780548629,3.3591022443890273,0.37624688279301743,15.46,15.42,14.7,14.3,2,-1,0
104,1205740481,3,17,16,11,15,370,0.7430167597765364,0.25139664804469275,0.8477157360406091,0.14720812182741116,54,0.9814814814814815,0.07407407407407407,7.018518518518518,0.4444444444444444,403,0.8563829787234043,0.026595744680851064,0.9547511312217195,0.004524886877828055,778,0.6923736075407024,0.22236503856041132,3.448586118251928,0.3711439588688946,258,0.034782608695652174,0.6521739130434783,0.10067114093959731,0.4228187919463087,813,0.5648831488314882,0.7011070110701108,3.360393603936039,0.3763837638376384,15.5,15.44,14.62,14.32,1,6,2
105,1205740482,3,17,17,17,15,372,0.7458563535911602,0.24861878453038674,0.8477157360406091,0.14720812182741116,54,0.9814814814814815,0.07407407407407407,7.018518518518518,0.4444444444444444,407,0.8586387434554974,0.02617801047120419,0.954954954954955,0.0045045045045045045,784,0.6909013605442175,0.22193877551020408,3.4489795918367347,0.37021683673469385,258,0.034782608695652174,0.6521739130434783,0.10067114093959731,0.4228187919463087,823,0.5659173754556499,0.701093560145808,3.3572296476306196,0.37575941676792224,15.48,15.44,14.64,14.3,0,0,2
106,1205740483,3,14,15,16,14,375,0.7472527472527473,0.24725274725274726,0.8442211055276382,0.1507537688442211,55,0.9818181818181818,0.07272727272727272,7.0181818181818185,0.4409090909090909,415,0.8564102564102564,0.02564102564102564,0.9557522123893806,0.004424778761061947,792,0.6927609427609426,0.22095959595959597,3.4457070707070705,0.3696338383838384,261,0.034482758620689655,0.6551724137931034,0.09933774834437085,0.41721854304635764,829,0.5660434258142338,0.7008443908323281,3.365500603136309,0.37575392038600725,15.38,15.42,14.62,14.28,-1,-2,0
107,1205740484,3,15,16,15,13,377,0.7445652173913043,0.25,0.8442211055276382,0.1507537688442211,56,0.9732142857142857,0.08928571428571429,7.017857142857143,0.4419642857142857,420,0.8535353535353535,0.025252525252525252,0.956140350877193,0.0043859649122807015,799,0.6954526491447641,0.2227784730913642,3.44180225281602,0.3692115143929912,262,0.034482758620689655,0.6551724137931034,0.09868421052631579,0.42105263157894735,838,0.5647374701670643,0.7004773269689738,3.3615751789976134,0.37559665871121717,15.38,15.4,14.64,14.22,-1,0,2
108,1205740485,3,15,14,15,14,380,0.745945945945946,0.24864864864864866,0.8407960199004975,0.15422885572139303,56,0.9732142857142857,0.08928571428571429,7.017857142857143,0.4419642857142857,423,0.8535353535353535,0.025252525252525252,0.9567099567099567,0.004329004329004329,805,0.6964803312629397,0.22236024844720498,3.44472049689441,0.3686335403726708,263,0.03418803418803419,0.6581196581196581,0.09868421052631579,0.42105263157894735,847,0.568181818181818,0.6977567886658795,3.3600944510035418,0.3760330578512397,15.36,15.4,14.66,14.2,1,0,1
109,1205740486,3,13,15,13,15,383,0.745945945945946,0.24864864864864866,0.8382352941176471,0.1568627450980392,57,0.9736842105263158,0.08771929824561403,7.017543859649122,0.44298245614035087,426,0.8535353535353535,0.025252525252525252,0.9572649572649573,0.004273504273504274,812,0.6978653530377666,0.22167487684729065,3.4642857142857144,0.36853448275862066,266,0.0423728813559322,0.652542372881356,0.09740259740259741,0.4155844155844156,853,0.5688745603751464,0.6998827667057445,3.369284876905041,0.376905041031653,15.36,15.44,14.64,14.22,-2,0,-2
110,1205740487,3,17,16,13,16,385,0.7473118279569892,0.24731182795698925,0.8390243902439024,0.15609756097560976,57,0.9736842105263158,0.08771929824561403,7.017543859649122,0.44298245614035087,428,0.8542713567839196,0.02512562814070352,0.9574468085106383,0.00425531914893617,821,0.6967113276492082,0.220462850182704,3.4579780755176612,0.3687576126674787,270,0.04201680672268908,0.6470588235294118,0.09554140127388536,0.40764331210191085,860,0.5700581395348836,0.7011627906976744,3.3686046511627907,0.37732558139534883,15.38,15.48,14.62,14.26,1,4,1
111,1205740488,3,17,13,16,13,386,0.7473118279569892,0.24731182795698925,0.8398058252427184,0.1553398058252427,58,0.9741379310344828,0.10344827586206896,7.017241379310345,0.4396551724137931,433,0.8557213930348259,0.024875621890547265,0.957983193277311,0.004201680672268907,828,0.6956521739130433,0.2210144927536232,3.460144927536232,0.36926328502415456,273,0.04132231404958678,0.6446280991735537,0.0949367088607595,0.4050632911392405,867,0.5717993079584773,0.698961937716263,3.359861591695502,0.3768742791234141,15.44,15.38,14.66,14.24,4,1,4
112,1205740489,3,16,16,14,15,388,0.7486631016042781,0.24598930481283424,0.8405797101449275,0.15458937198067632,58,0.9741379310344828,0.10344827586206896,7.017241379310345,0.4396551724137931,437,0.8571428571428571,0.024630541871921183,0.9583333333333334,0.004166666666666667,835,0.6964071856287424,0.22035928143712574,3.45748502994012,0.3688622754491018,277,0.04065040650406504,0.6341463414634146,0.09375,0.4125,876,0.5720129375951293,0.7009132420091324,3.363013698630137,0.3769977168949772,15.46,15.36,14.64,14.26,0,2,1
113,1205740490,3,16,18,15,15,391,0.746031746031746,0.24867724867724866,0.8413461538461539,0.15384615384615385,58,0.9741379310344828,0.10344827586206896,7.017241379310345,0.4396551724137931,440,0.8578431372549019,0.024509803921568627,0.9586776859504132,0.004132231404958678,843,0.6957295373665479,0.22182680901542112,3.454329774614472,0.3692170818505338,281,0.04032258064516129,0.6290322580645161,0.09202453987730061,0.4171779141104294,883,0.570498301245753,0.6998867497168743,3.3646659116647792,0.37768969422423554,15.48,15.42,14.66,14.3,-2,1,1
114,1205740491,3,16,15,15,14,397,0.7473684210526316,0.24736842105263157,0.8403755868544601,0.15492957746478872,58,0.9741379310344828,0.10344827586206896,7.017241379310345,0.4396551724137931,442,0.8585365853658536,0.024390243902439025,0.9588477366255144,0.00411522633744856,851,0.6972189580885232,0.21974148061104584,3.446533490011751,0.3692714453584019,283,0.04,0.632,0.09146341463414634,0.4146341463414634,890,0.5693820224719099,0.697752808988764,3.3629213483146065,0.3783707865168539,15.54,15.46,14.72,14.3,1,1,2
115,1205740492,3,16,16,17,14,397,0.7473684210526316,0.24736842105263157,0.8403755868544601,0.15492957746478872,59,0.9745762711864406,0.1016949152542373,7.016949152542373,0.4406779661016949,444,0.8599033816425121,0.024154589371980676,0.9588477366255144,0.00411522633744856,858,0.6996891996891996,0.2191142191142191,3.453379953379953,0.3685897435897436,283,0.04,0.632,0.09146341463414634,0.4146341463414634,902,0.5704915003695491,0.6984478935698448,3.3758314855875833,0.3794345898004435,15.52,15.5,14.7,14.26,0,-1,2
116,1205740493,3,13,12,14,14,401,0.743455497382199,0.2513089005235602,0.8379629629629629,0.1574074074074074,59,0.9745762711864406,0.1016949152542373,7.016949152542373,0.4406779661016949,449,0.861904761904762,0.023809523809523808,0.9591836734693877,0.004081632653061225,866,0.6978444957659737,0.21824480369515012,3.456120092378753,0.3685527328714396,286,0.03968253968253968,0.6349206349206349,0.09036144578313253,0.41566265060240964,910,0.5709706959706959,0.6978021978021978,3.3813186813186813,0.3793956043956044,15.5,15.38,14.72,14.24,1,-1,-1
117,1205740494,3,17,15,15,13,405,0.7461139896373057,0.24870466321243523,0.8394495412844036,0.1559633027522936,60,0.975,0.1,7.016666666666667,0.44166666666666665,454,0.8632075471698113,0.02358490566037736,0.9596774193548387,0.004032258064516129,872,0.6991590214067277,0.21788990825688073,3.463302752293578,0.3703172782874618,289,0.03937007874015748,0.6299212598425197,0.09523809523809523,0.4107142857142857,916,0.5694141193595341,0.6965065502183406,3.3842794759825328,0.37936681222707425,15.54,15.4,14.7,14.2,2,2,4
118,1205740495,3,16,15,16,14,409,0.7448979591836735,0.25,0.8401826484018264,0.1552511415525114,61,0.9754098360655737,0.09836065573770492,7.016393442622951,0.4426229508196721,461,0.8657407407407407,0.023148148148148147,0.9601593625498008,0.00398406374501992,876,0.6986301369863013,0.2180365296803653,3.458904109589041,0.3706240487062405,294,0.03875968992248062,0.6356589147286822,0.0935672514619883,0.4093567251461988,922,0.5711315979754157,0.6973969631236443,3.3882863340563993,0.37879609544468545,15.5,15.38,14.7,14.18,1,0,2
119,1205740496,3,17,13,12,15,412,0.7461928934010152,0.24873096446700507,0.8416289592760181,0.15384615384615385,62,0.9758064516129032,0.0967741935483871,7.016129032258065,0.43951612903225806,462,0.8657407407407407,0.023148148148148147,0.9563492063492064,0.003968253968253968,886,0.698081264108352,0.2200902934537246,3.463882618510158,0.37010910458991725,299,0.038461538461538464,0.6384615384615384,0.09142857142857143,0.4057142857142857,929,0.5700574094007893,0.6964477933261571,3.3810548977395047,0.3789020452099031,15.54,15.3,14.66,14.2,4,5,2
120,1205740497,3,14,15,13,11,414,0.7461928934010152,0.24873096446700507,0.8430493273542601,0.15246636771300448,62,0.9758064516129032,0.0967741935483871,7.016129032258065,0.43951612903225806,467,0.8584474885844748,0.0273972602739726,0.952755905511811,0.003937007874015748,895,0.6960893854748602,0.2223463687150838,3.4737430167597765,0.3697392923649907,301,0.03787878787878788,0.6287878787878788,0.09142857142857143,0.4057142857142857,937,0.5726609747420845,0.6969050160085379,3.3842049092849518,0.37860192102454643,15.56,15.26,14.64,14.12,-1,1,3
121,1205740498,3,16,15,11,13,416,0.7461928934010152,0.24873096446700507,0.8444444444444444,0.1511111111111111,62,0.9758064516129032,0.0967741935483871,7.016129032258065,0.43951612903225806,473,0.8603603603603603,0.02702702702702703,0.953307392996109,0.0038910505836575876,903,0.6976744186046511,0.22148394241417496,3.4739756367663346,0.36997046880767814,304,0.03787878787878788,0.6287878787878788,0.09550561797752809,0.398876404494382,944,0.5724752824858756,0.6959745762711864,3.3802966101694913,0.3789724576271186,15.54,15.22,14.56,14.14,1,5,3
122,1205740499,3,15,15,14,16,422,0.7487437185929648,0.24623115577889448,0.8471615720524017,0.14847161572052403,62,0.9758064516129032,0.0967741935483871,7.016129032258065,0.43951612903225806,474,0.8603603603603603,0.02702702702702703,0.9534883720930233,0.003875968992248062,914,0.6974835886214441,0.22210065645514224,3.4781181619256016,0.37098832968636036,304,0.03787878787878788,0.6287878787878788,0.09550561797752809,0.398876404494382,952,0.5729166666666666,0.6964285714285714,3.3813025210084033,0.37815126050420167,15.5,15.22,14.56,14.2,0,1,-1
123,1205740500,3,17,15,12,16,427,0.7512437810945274,0.24378109452736318,0.8491379310344828,0.14655172413793102,62,0.9758064516129032,0.0967741935483871,7.016129032258065,0.43951612903225806,479,0.8616071428571429,0.026785714285714284,0.9540229885057471,0.0038314176245210726,919,0.6980413492927093,0.22089227421109903,3.4809575625680087,0.37141820819731597,305,0.03787878787878788,0.6287878787878788,0.09497206703910614,0.4022346368715084,960,0.5723090277777777,0.6947916666666667,3.377083333333333,0.37864583333333335,15.5,15.26,14.54,14.24,2,5,1
124,1205740501,3,14,15,16,15,428,0.7512437810945274,0.24378109452736318,0.8497854077253219,0.1459227467811159,63,0.9761904761904762,0.09523809523809523,7.015873015873016,0.44841269841269843,481,0.8616071428571429,0.026785714285714284,0.9543726235741445,0.0038022813688212928,928,0.6977370689655171,0.2209051724137931,3.4859913793103448,0.3710488505747127,309,0.03787878787878788,0.6287878787878788,0.09289617486338798,0.3989071038251366,965,0.5724525043177893,0.6963730569948187,3.373056994818653,0.37823834196891193,15.44,15.26,14.6,14.28,-1,-2,-1
125,1205740502,3,15,14,16,16,431,0.7524752475247525,0.24257425742574257,0.851063829787234,0.14468085106382977,64,0.9765625,0.09375,7.015625,0.44921875,484,0.8622222222222222,0.02666666666666667,0.9509433962264151,0.0037735849056603774,936,0.6985398860398859,0.21901709401709402,3.482905982905983,0.37134971509971515,310,0.03787878787878788,0.6287878787878788,0.09239130434782608,0.3967391304347826,974,0.5728097193702942,0.6960985626283368,3.371663244353183,0.37756673511293637,15.48,15.22,14.74,14.36,1,-1,-1
126,1205740503,3,15,15,15,13,432,0.7536945812807881,0.2413793103448276,0.851063829787234,0.14468085106382977,65,0.9769230769230769,0.09230769230769231,7.015384615384615,0.4461538461538462,493,0.8652173913043478,0.02608695652173913,0.9479553903345725,0.007434944237918215,941,0.700141693234148,0.21785334750265675,3.48990435706695,0.37123627346794197,312,0.03787878787878788,0.6287878787878788,0.0913978494623656,0.3924731182795699,983,0.5726517463546965,0.6978636826042727,3.385554425228891,0.37741607324516785,15.56,15.28,14.78,14.42,0,0,2
127,1205740504,3,17,17,16,14,437,0.7560975609756098,0.23902439024390243,0.8529411764705882,0.14285714285714285,65,0.9769230769230769,0.09230769230769231,7.015384615384615,0.4461538461538462,497,0.8658008658008658,0.025974025974025976,0.9448529411764706,0.011029411764705883,946,0.7017265680056377,0.2167019027484144,3.489429175475687,0.37165257223396764,313,0.03759398496240601,0.631578947368421,0.0913978494623656,0.3924731182795699,992,0.5712365591397849,0.6965725806451613,3.381048387096774,0.3777721774193548,15.54,15.32,14.78,14.42,0,1,3
128,1205740505,3,17,17,10,15,441,0.7584541062801933,0.23671497584541062,0.85,0.14583333333333334,65,0.9769230769230769,0.09230769230769231,7.015384615384615,0.4461538461538462,501,0.8663793103448276,0.02586206896551724,0.9418181818181818,0.014545454545454545,953,0.7016439314445609,0.2193074501573977,3.4931794333683106,0.3720706540748514,315,0.044444444444444446,0.6296296296296297,0.0913978494623656,0.3924731182795699,999,0.5709042375709041,0.6966966966966966,3.3783783783783785,0.3783783783783784,15.56,15.36,14.66,14.4,0,7,2
129,1205740506,3,15,13,13,14,442,0.7548076923076923,0.2403846153846154,0.85,0.14583333333333334,65,0.9769230769230769,0.09230769230769231,7.015384615384615,0.4461538461538462,507,0.8669527896995708,0.02575107296137339,0.9428571428571428,0.014285714285714285,960,0.7010416666666667,0.21979166666666666,3.4916666666666667,0.37204861111111115,317,0.043795620437956206,0.635036496350365,0.0913978494623656,0.3924731182795699,1008,0.5715939153439153,0.6984126984126984,3.3759920634920637,0.37822420634920634,15.56,15.28,14.62,14.4,2,2,1
130,1205740507,3,15,15,14,14,444,0.7523809523809524,0.24285714285714285,0.85,0.14583333333333334,65,0.9769230769230769,0.09230769230769231,7.015384615384615,0.4461538461538462,513,0.8686440677966102,0.025423728813559324,0.9434628975265018,0.014134275618374558,965,0.7005181347150259,0.21968911917098446,3.493264248704663,0.37219343696027635,319,0.043795620437956206,0.635036496350365,0.09042553191489362,0.39361702127659576,1018,0.5728552717747216,0.7003929273084479,3.37328094302554,0.37745579567779963,15.48,15.2,14.58,14.4,0,1,1
131,1205740508,3,16,18,15,15,448,0.7535545023696683,0.24170616113744076,0.8518518518518519,0.1440329218106996,65,0.9769230769230769,0.09230769230769231,7.015384615384615,0.4461538461538462,520,0.8697478991596639,0.025210084033613446,0.9444444444444444,0.013888888888888888,969,0.7002063983488133,0.21878224974200206,3.491228070175439,0.37229102167182665,322,0.04316546762589928,0.6402877697841727,0.08994708994708994,0.3915343915343915,1026,0.5747238466536712,0.7007797270955166,3.3762183235867447,0.3776803118908382,15.46,15.26,14.58,14.4,-2,1,1
132,1205740509,3,10,14,14,15,449,0.7535545023696683,0.24170616113744076,0.8483606557377049,0.14754098360655737,70,0.95,0.12857142857142856,7.0285714285714285,0.4392857142857143,520,0.8697478991596639,0.025210084033613446,0.9444444444444444,0.013888888888888888,977,0.7021494370522006,0.21903787103377687,3.5168884339815762,0.37231320368474924,327,0.0425531914893617,0.6453900709219859,0.09375,0.3854166666666667,1028,0.5740920881971465,0.7003891050583657,3.3813229571984436,0.3779182879377432,15.38,15.3,14.58,14.42,-4,-4,-5
133,1205740510,3,16,16,14,15,449,0.7535545023696683,0.24170616113744076,0.8483606557377049,0.14754098360655737,71,0.9507042253521126,0.1267605633802817,7.028169014084507,0.43661971830985913,528,0.871900826446281,0.024793388429752067,0.9452054794520548,0.0136986301369863,981,0.7033639143730887,0.218144750254842,3.523955147808359,0.3718144750254842,329,0.0425531914893617,0.6453900709219859,0.09278350515463918,0.3865979381443299,1038,0.5757867694283879,0.6994219653179191,3.386319845857418,0.378131021194605,15.42,15.34,14.6,14.46,0,2,1
134,1205740511,3,16,15,16,13,456,0.7547169811320755,0.24056603773584906,0.852,0.144,71,0.9507042253521126,0.1267605633802817,7.028169014084507,0.43661971830985913,531,0.8724279835390947,0.024691358024691357,0.9455782312925171,0.013605442176870748,989,0.704752275025278,0.21941354903943378,3.524772497472194,0.371840242669363,331,0.04225352112676056,0.647887323943662,0.09230769230769231,0.38461538461538464,1044,0.5739144316730523,0.6982758620689655,3.3831417624521074,0.3783524904214559,15.42,15.32,14.6,14.38,1,0,3
135,1205740512,3,15,13,15,15,456,0.7547169811320755,0.24056603773584906,0.852,0.144,72,0.9513888888888888,0.125,7.027777777777778,0.4409722222222222,534,0.8693877551020408,0.02857142857142857,0.9457627118644067,0.013559322033898305,996,0.7039825970548863,0.22088353413654618,3.5261044176706826,0.37248995983935745,335,0.04195804195804196,0.6433566433566433,0.09090909090909091,0.3838383838383838,1052,0.5752534854245881,0.6996197718631179,3.3859315589353614,0.37832699619771865,15.48,15.36,14.66,14.44,2,0,0
136,1205740513,3,15,14,13,15,459,0.7534883720930232,0.24186046511627907,0.852,0.144,73,0.952054794520548,0.1232876712328767,7.027397260273973,0.4383561643835616,538,0.8709677419354839,0.028225806451612902,0.9459459459459459,0.013513513513513514,1003,0.7045530076437355,0.2193419740777667,3.5244267198404784,0.3726321036889332,336,0.04195804195804196,0.6433566433566433,0.09045226130653267,0.3869346733668342,1059,0.5757003462385898,0.6997167138810199,3.383380547686497,0.3779508970727101,15.44,15.3,14.66,14.42,1,2,0
137,1205740514,3,15,15,17,12,461,0.75,0.24537037037037038,0.852589641434263,0.14342629482071714,73,0.952054794520548,0.1232876712328767,7.027397260273973,0.4383561643835616,546,0.873015873015873,0.027777777777777776,0.9433333333333334,0.013333333333333334,1009,0.7033366369342584,0.22001982160555006,3.5213082259663033,0.37215064420218036,339,0.041379310344827586,0.6413793103448275,0.09,0.39,1068,0.5764669163545567,0.699438202247191,3.3876404494382024,0.3775749063670412,15.48,15.28,14.7,14.34,0,-2,3
138,1205740515,3,17,15,13,13,467,0.7511520737327189,0.24423963133640553,0.8515625,0.14453125,73,0.952054794520548,0.1232876712328767,7.027397260273973,0.4383561643835616,549,0.8740157480314961,0.027559055118110236,0.9435215946843853,0.013289036544850499,1018,0.7039947609692208,0.22102161100196463,3.517681728880157,0.37229862475442044,339,0.041379310344827586,0.6413793103448275,0.09,0.39,1076,0.5768277571251549,0.6979553903345725,3.383828996282528,0.3775557620817844,15.54,15.28,14.7,14.32,2,4,4
139,1205740516,3,15,15,12,14,471,0.7488584474885844,0.2465753424657534,0.8488372093023255,0.14728682170542637,73,0.952054794520548,0.1232876712328767,7.027397260273973,0.4383561643835616,553,0.8740157480314961,0.027559055118110236,0.9442622950819672,0.013114754098360656,1024,0.7052408854166667,0.2216796875,3.5234375,0.37255859375,341,0.0410958904109589,0.6438356164383562,0.08955223880597014,0.39303482587064675,1086,0.5784223449969306,0.6979742173112339,3.389502762430939,0.3770718232044199,15.56,15.3,14.68,14.34,0,3,1
140,1205740517,3,17,13,15,12,476,0.7488789237668162,0.24663677130044842,0.8494208494208494,0.14671814671814673,73,0.952054794520548,0.1232876712328767,7.027397260273973,0.4383561643835616,555,0.8740157480314961,0.027559055118110236,0.9446254071661238,0.013029315960912053,1034,0.7061573178594456,0.22147001934235977,3.5154738878143132,0.3718568665377176,345,0.04054054054054054,0.6486486486486487,0.08866995073891626,0.39408866995073893,1093,0.5792924672156144,0.6980786825251601,3.3870082342177494,0.37671546203110706,15.54,15.18,14.66,14.28,4,2,5
141,1205740518,3,15,14,13,12,479,0.75,0.24553571428571427,0.8505747126436781,0.14559386973180077,73,0.952054794520548,0.1232876712328767,7.027397260273973,0.4383561643835616,558,0.875,0.02734375,0.9448051948051948,0.012987012987012988,1041,0.7036503362151778,0.2228626320845341,3.5225744476464937,0.37175792507204614,347,0.040268456375838924,0.6510067114093959,0.08823529411764706,0.39705882352941174,1102,0.5797035692679975,0.6960072595281307,3.3883847549909256,0.3768148820326679,15.52,15.14,14.56,14.24,1,2,3
142,1205740519,3,16,16,17,15,482,0.7477876106194691,0.24778761061946902,0.851145038167939,0.1450381679389313,73,0.952054794520548,0.1232876712328767,7.027397260273973,0.4383561643835616,568,0.8735632183908046,0.02681992337164751,0.9456869009584664,0.012779552715654952,1047,0.7048710601719199,0.22254059216809932,3.5319961795606494,0.3720152817574021,348,0.040268456375838924,0.6510067114093959,0.08780487804878048,0.3951219512195122,1109,0.5805530507965133,0.6961226330027052,3.3913435527502256,0.3769161406672678,15.48,15.1,14.58,14.26,0,-1,1
143,1205740520,3,17,17,14,13,483,0.7477876106194691,0.24778761061946902,0.8517110266159695,0.1444866920152091,74,0.9527027027027027,0.13513513513513514,7.027027027027027,0.4391891891891892,573,0.870722433460076,0.026615969581749048,0.9462025316455697,0.012658227848101266,1054,0.7039848197343455,0.222011385199241,3.5284629981024667,0.37144212523719167,352,0.046052631578947366,0.6513157894736842,0.08737864077669903,0.3932038834951456,1119,0.5798331843908251,0.6979445933869526,3.386058981233244,0.3762287756925827,15.52,15.16,14.54,14.22,0,3,4
144,1205740521,3,16,16,16,14,487,0.748898678414097,0.24669603524229075,0.849624060150376,0.14661654135338345,75,0.94,0.13333333333333333,7.026666666666666,0.43666666666666665,576,0.8716981132075472,0.026415094339622643,0.9463722397476341,0.012618296529968454,1061,0.7045240339302545,0.2224316682375118,3.536286522148916,0.37111215834118755,355,0.046052631578947366,0.6513157894736842,0.09090909090909091,0.3923444976076555,1126,0.5793368857312018,0.6971580817051509,3.3845470692717585,0.3765541740674956,15.54,15.14,14.54,14.22,0,0,2
145,1205740522,3,15,16,14,15,490,0.7467248908296943,0.24890829694323144,0.846441947565543,0.149812734082397,75,0.94,0.13333333333333333,7.026666666666666,0.43666666666666665,578,0.8721804511278195,0.02631578947368421,0.9465408805031447,0.012578616352201259,1066,0.7049718574108819,0.2223264540337711,3.5356472795497185,0.3710131332082552,357,0.046052631578947366,0.6513157894736842,0.09004739336492891,0.3981042654028436,1138,0.577768014059754,0.6968365553602812,3.383128295254833,0.37741652021089633,15.52,15.16,14.54,14.26,-1,1,0
146,1205740523,3,18,17,11,11,495,0.7445887445887446,0.2510822510822511,0.8481481481481481,0.14814814814814814,76,0.9407894736842105,0.13157894736842105,7.026315789473684,0.4375,582,0.8731343283582089,0.026119402985074626,0.946875,0.0125,1071,0.7060379707438532,0.22128851540616246,3.530345471521942,0.3711484593837535,358,0.0457516339869281,0.6535947712418301,0.09004739336492891,0.3981042654028436,1146,0.5766433973240256,0.6963350785340314,3.3795811518324608,0.3776178010471204,15.52,15.14,14.42,14.2,1,7,7
147,1205740524,3,17,17,12,14,500,0.7446808510638298,0.251063829787234,0.8487084870848709,0.14760147601476015,76,0.9407894736842105,0.13157894736842105,7.026315789473684,0.4375,587,0.8736059479553904,0.026022304832713755,0.9475308641975309,0.012345679012345678,1076,0.7055452292441141,0.22211895910780668,3.528810408921933,0.3712825278810409,358,0.0457516339869281,0.6535947712418301,0.09004739336492891,0.3981042654028436,1156,0.5771337946943484,0.6972318339100346,3.3771626297577853,0.3780276816608997,15.52,15.14,14.36,14.18,0,5,3
148,1205740525,3,13,15,12,14,500,0.7446808510638298,0.251063829787234,0.8487084870848709,0.14760147601476015,76,0.9407894736842105,0.13157894736842105,7.026315789473684,0.4375,592,0.8745387453874539,0.025830258302583026,0.9480122324159022,0.012232415902140673,1083,0.7065250846414282,0.22253000923361035,3.5373961218836567,0.3718836565096953,358,0.0457516339869281,0.6535947712418301,0.09004739336492891,0.3981042654028436,1166,0.5784734133790739,0.6955403087478559,3.3825042881646654,0.37778730703259006,15.52,15.14,14.34,14.16,-2,1,-1
149,1205740526,3,16,16,14,14,506,0.7436974789915967,0.25210084033613445,0.8503649635036497,0.145985401459854,76,0.9407894736842105,0.13157894736842105,7.026315789473684,0.4375,599,0.8768115942028986,0.025362318840579712,0.9483282674772037,0.0121580547112462,1087,0.7071450475314321,0.22171113155473782,3.5363385464581416,0.3723551057957682,359,0.045454545454545456,0.6558441558441559,0.09004739336492891,0.3981042654028436,1175,0.5785815602836881,0.694468085106383,3.3795744680851065,0.37858156028368795,15.52,15.1,14.28,14.12,0,2,2
150,1205740527,3,14,15,16,14,506,0.7436974789915967,0.25210084033613445,0.8503649635036497,0.145985401459854,77,0.9415584415584416,0.12987012987012986,7.025974025974026,0.43506493506493504,604,0.8745519713261649,0.025089605734767026,0.945619335347432,0.012084592145015106,1094,0.7052102376599635,0.2230347349177331,3.541133455210238,0.37317184643510054,365,0.044585987261146494,0.643312101910828,0.08878504672897196,0.40186915887850466,1180,0.5785310734463278,0.6949152542372882,3.3847457627118644,0.3790960451977401,15.46,15.14,14.3,14.12,-1,-2,0
151,1205740528,3,15,15,16,14,510,0.7458333333333333,0.25,0.8514492753623188,0.14492753623188406,77,0.9415584415584416,0.12987012987012986,7.025974025974026,0.43506493506493504,606,0.8745519713261649,0.025089605734767026,0.9459459459459459,0.012012012012012012,1104,0.7047101449275364,0.22282608695652173,3.5407608695652173,0.37318840579710144,368,0.04430379746835443,0.6455696202531646,0.08796296296296297,0.4027777777777778,1185,0.5790436005625881,0.6936708860759494,3.3839662447257384,0.3791842475386779,15.46,15.12,14.3,14.1,0,-1,1
152,1205740529,3,14,14,16,15,512,0.7458333333333333,0.25,0.8525179856115108,0.14388489208633093,77,0.9415584415584416,0.12987012987012986,7.025974025974026,0.43506493506493504,611,0.8754448398576512,0.02491103202846975,0.9434523809523809,0.011904761904761904,1113,0.7051512428870921,0.22282120395327942,3.5354896675651393,0.37331536388140163,373,0.0440251572327044,0.6415094339622641,0.08636363636363636,0.40454545454545454,1192,0.5798378076062641,0.6946308724832215,3.386744966442953,0.3786353467561521,15.52,15.16,14.32,14.12,0,-2,-1
153,1205740530,3,13,16,16,13,517,0.7407407407407407,0.2551440329218107,0.8535714285714285,0.14285714285714285,77,0.9415584415584416,0.12987012987012986,7.025974025974026,0.43506493506493504,616,0.8763250883392226,0.024734982332155476,0.9410029498525073,0.014749262536873156,1119,0.7067322013702713,0.2225201072386059,3.5335120643431637,0.3728775692582663,377,0.04294478527607362,0.6441717791411042,0.08636363636363636,0.40454545454545454,1200,0.579513888888889,0.6941666666666667,3.385,0.3792361111111111,15.46,15.2,14.3,14.06,-3,-3,0
154,1205740531,3,16,12,12,16,521,0.7428571428571429,0.2530612244897959,0.851063829787234,0.1453900709219858,77,0.9415584415584416,0.12987012987012986,7.025974025974026,0.43506493506493504,622,0.8784722222222222,0.024305555555555556,0.9411764705882353,0.014705882352941176,1125,0.707851851851852,0.2222222222222222,3.533333333333333,0.37266666666666665,380,0.04242424242424243,0.6424242424242425,0.08597285067873303,0.4072398190045249,1208,0.5792632450331128,0.6945364238410596,3.392384105960265,0.37900110375275936,15.44,15.12,14.32,14.08,4,4,0
155,1205740532,3,15,14,16,16,524,0.7408906882591093,0.2550607287449393,0.8515901060070671,0.14487632508833923,77,0.9415584415584416,0.12987012987012986,7.025974025974026,0.43506493506493504,623,0.8784722222222222,0.024305555555555556,0.9413489736070382,0.01466275659824047,1138,0.7072349150556533,0.21968365553602812,3.5342706502636205,0.37199765670767426,381,0.04242424242424243,0.6424242424242425,0.09009009009009009,0.40540540540540543,1216,0.5799753289473686,0.6957236842105263,3.388157894736842,0.3789747807017544,15.4,15.06,14.3,14.1,1,-1,-1
156,1205740533,3,14,13,15,15,525,0.7379032258064516,0.25806451612903225,0.8515901060070671,0.14487632508833923,78,0.9423076923076923,0.1282051282051282,7.0256410256410255,0.4391025641025641,627,0.8793103448275862,0.02413793103448276,0.9416909620991254,0.014577259475218658,1146,0.7084060500290869,0.22164048865619546,3.5401396160558463,0.3711460151250727,383,0.04216867469879518,0.6385542168674698,0.08968609865470852,0.4080717488789238,1225,0.5806122448979594,0.6955102040816327,3.391020408163265,0.37843537414965983,15.4,15.02,14.28,14.12,1,-1,-1
157,1205740534,3,15,16,15,14,525,0.7379032258064516,0.25806451612903225,0.8515901060070671,0.14487632508833923,79,0.930379746835443,0.12658227848101267,7.025316455696203,0.43670886075949367,631,0.8797250859106529,0.024054982817869417,0.9421965317919075,0.014450867052023121,1152,0.7090567129629631,0.2222222222222222,3.545138888888889,0.3705150462962963,383,0.04216867469879518,0.6385542168674698,0.08968609865470852,0.4080717488789238,1236,0.5807038834951458,0.6949838187702265,3.3980582524271843,0.378101402373247,15.4,15.02,14.28,14.14,-1,0,1
158,1205740535,3,17,15,13,16,527,0.7379032258064516,0.25806451612903225,0.8526315789473684,0.14385964912280702,79,0.930379746835443,0.12658227848101267,7.025316455696203,0.43670886075949367,636,0.8809523809523809,0.023809523809523808,0.9425287356321839,0.014367816091954023,1160,0.708477011494253,0.22241379310344828,3.543103448275862,0.3698994252873563,386,0.041916167664670656,0.6407185628742516,0.08888888888888889,0.4088888888888889,1243,0.5814561544650042,0.6950925181013676,3.398230088495575,0.3783856261732368,15.44,15.04,14.24,14.18,2,4,1
159,1205740536,3,15,16,13,14,532,0.736,0.26,0.8541666666666666,0.1423611111111111,79,0.930379746835443,0.12658227848101267,7.025316455696203,0.43670886075949367,638,0.8779661016949153,0.023728813559322035,0.9426934097421203,0.014326647564469915,1167,0.7102256498143389,0.22193658954584405,3.543273350471294,0.37003713224792917,389,0.041666666666666664,0.6428571428571429,0.0881057268722467,0.40969162995594716,1251,0.5805355715427659,0.6962430055955235,3.3972821742605914,0.37796429523048225,15.48,15.06,14.24,14.16,-1,2,1
160,1205740537,3,15,15,16,15,537,0.7370517928286853,0.2589641434262948,0.8527397260273972,0.14383561643835616,80,0.93125,0.125,7.025,0.434375,645,0.88,0.023333333333333334,0.9430199430199431,0.014245014245014245,1173,0.7108553566354079,0.22250639386189258,3.5396419437340154,0.3698493890309747,393,0.047058823529411764,0.6352941176470588,0.09170305676855896,0.4104803493449782,1258,0.5804848966613674,0.6947535771065183,3.398251192368839,0.3780471648118707,15.44,15.04,14.3,14.14,0,-1,0
161,1205740538,3,16,16,15,15,543,0.7411764705882353,0.2549019607843137,0.8537414965986394,0.14285714285714285,81,0.9320987654320988,0.12345679012345678,7.0246913580246915,0.4382716049382716,650,0.8782894736842105,0.023026315789473683,0.9431818181818182,0.014204545454545454,1179,0.7106304778060505,0.2222222222222222,3.5351993214588635,0.36945151258128356,396,0.04678362573099415,0.6374269005847953,0.09523809523809523,0.4069264069264069,1265,0.5808300395256919,0.6956521739130435,3.3960474308300395,0.37832674571805003,15.42,15.1,14.28,14.18,0,1,1
162,1205740539,3,16,17,16,14,546,0.7421875,0.25390625,0.8547297297297297,0.14189189189189189,81,0.9320987654320988,0.12345679012345678,7.0246913580246915,0.4382716049382716,656,0.8790849673202614,0.02287581699346405,0.9438202247191011,0.014044943820224719,1184,0.7100225225225227,0.22212837837837837,3.5304054054054053,0.3700028153153153,397,0.046511627906976744,0.6337209302325582,0.09523809523809523,0.4069264069264069,1273,0.5809766954700185,0.6967792615868028,3.395129615082482,0.3786986122021471,15.42,15.12,14.32,14.16,-1,0,2
163,1205740540,3,16,17,10,10,549,0.7421875,0.25390625,0.8528428093645485,0.14381270903010032,82,0.9329268292682927,0.12195121951219512,7.024390243902439,0.43902439024390244,658,0.8798701298701299,0.022727272727272728,0.9438202247191011,0.014044943820224719,1191,0.7114469633361322,0.22082283795130142,3.5331654072208227,0.3703470472991883,403,0.04597701149425287,0.6379310344827587,0.10638297872340426,0.40425531914893614,1279,0.5805968204326298,0.6958561376075059,3.394057857701329,0.3786812614021371,15.42,15.1,14.22,14.06,-1,6,6
164,1205740541,3,18,17,15,15,551,0.7421875,0.25390625,0.8538205980066446,0.14285714285714285,82,0.9329268292682927,0.12195121951219512,7.024390243902439,0.43902439024390244,666,0.8814102564102564,0.022435897435897436,0.9444444444444444,0.013888888888888888,1195,0.7124128312412833,0.2200836820083682,3.5372384937238492,0.3699442119944212,405,0.045714285714285714,0.64,0.1059322033898305,0.4025423728813559,1287,0.5824268324268327,0.6961926961926962,3.393939393939394,0.37826987826987823,15.46,15.14,14.22,14.08,1,3,3
165,1205740542,3,14,16,12,14,556,0.7392996108949417,0.25680933852140075,0.8524590163934426,0.14426229508196722,83,0.9337349397590361,0.12048192771084337,7.024096385542169,0.4397590361445783,671,0.8817891373801917,0.022364217252396165,0.945054945054945,0.013736263736263736,1203,0.7133555001385427,0.2194513715710723,3.546134663341646,0.3699778331947908,407,0.045454545454545456,0.6363636363636364,0.10548523206751055,0.4008438818565401,1295,0.5815315315315317,0.6965250965250965,3.3992277992277993,0.37805662805662804,15.42,15.14,14.12,14.08,-2,2,0
166,1205740543,3,17,17,13,15,561,0.7413127413127413,0.2548262548262548,0.8538961038961039,0.14285714285714285,83,0.9337349397590361,0.12048192771084337,7.024096385542169,0.4397590361445783,672,0.8821656050955414,0.022292993630573247,0.945054945054945,0.013736263736263736,1214,0.71169686985173,0.2215815485996705,3.539538714991763,0.3707440966501922,408,0.04519774011299435,0.6384180790960452,0.10548523206751055,0.4008438818565401,1302,0.5807091653865849,0.6973886328725039,3.400153609831029,0.3777521761392729,15.5,15.24,14.1,14.1,0,4,2
167,1205740544,3,16,17,14,14,567,0.7452471482889734,0.2509505703422053,0.8516129032258064,0.14516129032258066,84,0.9345238095238095,0.11904761904761904,7.023809523809524,0.44047619047619047,677,0.8801261829652997,0.022082018927444796,0.9453551912568307,0.01366120218579235,1220,0.7131147540983609,0.22049180327868853,3.536065573770492,0.37056010928961747,409,0.04519774011299435,0.6384180790960452,0.10504201680672269,0.39915966386554624,1309,0.5811688311688313,0.6974789915966386,3.3957219251336896,0.37802393684746627,15.48,15.28,14.08,14.12,-1,2,2
168,1205740545,3,14,15,14,16,568,0.7452471482889734,0.2509505703422053,0.8520900321543409,0.14469453376205788,85,0.9352941176470588,0.11764705882352941,7.023529411764706,0.4411764705882353,681,0.8808777429467085,0.0219435736677116,0.9456521739130435,0.01358695652173913,1225,0.71265306122449,0.22040816326530613,3.537142857142857,0.37047619047619046,410,0.0449438202247191,0.6404494382022472,0.10504201680672269,0.39915966386554624,1319,0.5804270912307306,0.6967399545109931,3.396512509476876,0.3780010108668183,15.44,15.28,14.04,14.16,-1,0,-2
169,1205740546,3,16,14,12,16,571,0.7471698113207547,0.2490566037735849,0.8525641025641025,0.14423076923076922,85,0.9352941176470588,0.11764705882352941,7.023529411764706,0.4411764705882353,687,0.881619937694704,0.021806853582554516,0.946236559139785,0.013440860215053764,1229,0.7127746135069164,0.22050447518307567,3.5435313262815296,0.3706943314347708,414,0.0446927374301676,0.6368715083798883,0.1037344398340249,0.3983402489626556,1327,0.580130620447124,0.6978146194423511,3.3986435568952524,0.3777945239889475,15.42,15.3,14.04,14.18,2,4,0
170,1205740547,3,15,17,13,15,576,0.7490636704119851,0.24719101123595505,0.8507936507936508,0.14603174603174604,86,0.936046511627907,0.12790697674418605,7.023255813953488,0.438953488372093,689,0.881619937694704,0.021806853582554516,0.946524064171123,0.013368983957219251,1237,0.7136890326057668,0.2198868229587712,3.548100242522231,0.37153058474804634,419,0.044444444444444446,0.6333333333333333,0.10612244897959183,0.39591836734693875,1333,0.5805201300325084,0.6969242310577645,3.4013503375843963,0.37778194548637156,15.44,15.34,14.04,14.26,-2,2,0
171,1205740548,3,18,15,16,17,583,0.7527675276752768,0.24354243542435425,0.8522012578616353,0.14465408805031446,86,0.936046511627907,0.12790697674418605,7.023255813953488,0.438953488372093,692,0.8819875776397516,0.021739130434782608,0.9468085106382979,0.013297872340425532,1244,0.7148981779206861,0.21945337620578778,3.5506430868167205,0.3712486602357985,421,0.04419889502762431,0.6353591160220995,0.10569105691056911,0.3983739837398374,1339,0.5812795618620863,0.6967886482449589,3.4032860343539957,0.3779561862086134,15.48,15.34,14.14,14.34,3,2,1
172,1205740549,3,15,17,14,14,588,0.7545787545787546,0.24175824175824176,0.8504672897196262,0.14641744548286603,86,0.936046511627907,0.12790697674418605,7.023255813953488,0.438953488372093,695,0.8827160493827161,0.021604938271604937,0.946949602122016,0.013262599469496022,1251,0.714894750865974,0.2182254196642686,3.5523581135091926,0.3709698907540634,424,0.04395604395604396,0.6373626373626373,0.10483870967741936,0.3951612903225806,1346,0.5823427439326401,0.6968796433878157,3.4041604754829122,0.3782194155522536,15.48,15.38,14.14,14.3,-2,1,1
173,1205740550,3,16,17,14,15,592,0.7545787545787546,0.24175824175824176,0.8523076923076923,0.14461538461538462,87,0.9252873563218391,0.13793103448275862,7.022988505747127,0.4367816091954023,696,0.8827160493827161,0.021604938271604937,0.9470899470899471,0.013227513227513227,1257,0.7150623176876162,0.21877486077963404,3.5592680986475735,0.37178467250066294,428,0.043478260869565216,0.6413043478260869,0.104,0.396,1354,0.5814869522402759,0.6971935007385525,3.409896602658789,0.3783850320039389,15.46,15.42,14.18,14.28,-1,2,1
174,1205740551,3,14,15,14,12,597,0.7536231884057971,0.2427536231884058,0.8532110091743119,0.1437308868501529,87,0.9252873563218391,0.13793103448275862,7.022988505747127,0.4367816091954023,702,0.8810975609756098,0.021341463414634148,0.9473684210526315,0.013157894736842105,1261,0.7149088025376686,0.21887390959555908,3.559080095162569,0.3717948717948718,428,0.043478260869565216,0.6413043478260869,0.104,0.396,1364,0.5812561094819161,0.6986803519061584,3.404692082111437,0.3781769305962854,15.46,15.42,14.14,14.22,-1,0,2
175,1205740552,3,16,15,14,16,604,0.7562724014336918,0.24014336917562723,0.851963746223565,0.14501510574018128,88,0.9261363636363636,0.13636363636363635,7.0227272727272725,0.4375,706,0.8821752265861027,0.021148036253776436,0.94750656167979,0.013123359580052493,1264,0.7150580168776373,0.21835443037974683,3.560126582278481,0.3720991561181434,433,0.043010752688172046,0.6451612903225806,0.10276679841897234,0.391304347826087,1373,0.581694586064579,0.697742170429716,3.407865986890022,0.37824714736586545,15.48,15.44,14.1,14.22,1,2,0
176,1205740553,3,14,14,14,12,610,0.7553191489361702,0.24113475177304963,0.8532934131736527,0.1437125748502994,89,0.9269662921348315,0.1348314606741573,7.022471910112359,0.4353932584269663,710,0.8832335329341318,0.020958083832335328,0.9476439790575916,0.013089005235602094,1270,0.7144356955380579,0.21968503937007874,3.5535433070866143,0.37230971128608925,435,0.0425531914893617,0.648936170212766,0.10276679841897234,0.391304347826087,1380,0.5816425120772949,0.6978260869565217,3.408695652173913,0.37850241545893715,15.46,15.42,14.08,14.2,0,0,2
177,1205740554,3,15,14,15,13,614,0.7570422535211268,0.23943661971830985,0.8511904761904762,0.14583333333333334,89,0.9269662921348315,0.1348314606741573,7.022471910112359,0.4353932584269663,711,0.8835820895522388,0.020895522388059702,0.9476439790575916,0.013089005235602094,1276,0.7142110762800419,0.22021943573667713,3.5517241379310347,0.37232236154649945,436,0.042328042328042326,0.6507936507936508,0.10276679841897234,0.391304347826087,1391,0.5821950635034749,0.6987778576563624,3.410496046010065,0.37802540138988733,15.42,15.36,14.06,14.18,1,0,2
178,1205740555,3,15,15,14,15,620,0.7491289198606271,0.24738675958188153,0.8525073746312685,0.14454277286135694,90,0.9277777777777778,0.13333333333333333,7.022222222222222,0.4361111111111111,712,0.8835820895522388,0.020895522388059702,0.9477806788511749,0.013054830287206266,1287,0.7139342139342141,0.22144522144522144,3.549339549339549,0.3726366226366226,439,0.041884816753926704,0.6492146596858639,0.10236220472440945,0.38976377952755903,1395,0.5826762246117086,0.6982078853046595,3.4100358422939068,0.3778375149342891,15.38,15.32,14.14,14.18,0,1,0
179,1205740556,3,12,15,12,15,623,0.7491289198606271,0.24738675958188153,0.8508771929824561,0.14619883040935672,90,0.9277777777777778,0.13333333333333333,7.022222222222222,0.4361111111111111,714,0.8835820895522388,0.020895522388059702,0.948051948051948,0.012987012987012988,1293,0.7137148749677753,0.22351121423047177,3.5583913379737044,0.3722608919824697,440,0.041884816753926704,0.6492146596858639,0.10588235294117647,0.38823529411764707,1405,0.5822064056939503,0.697508896797153,3.4192170818505336,0.3779952550415183,15.32,15.36,14.12,14.2,-3,0,-3
180,1205740557,3,18,16,11,16,626,0.75,0.2465277777777778,0.8488372093023255,0.14825581395348839,91,0.9230769230769231,0.14285714285714285,7.021978021978022,0.4368131868131868,720,0.8820058997050148,0.02064896755162242,0.9483204134366925,0.012919896640826873,1297,0.7130557697250065,0.2235929067077872,3.554356206630686,0.3722693395014135,441,0.041666666666666664,0.6510416666666666,0.10588235294117647,0.38823529411764707,1414,0.5809759547383312,0.698019801980198,3.4151343705799153,0.37788778877887785,15.38,15.38,14.06,14.24,2,7,2
181,1205740558,3,14,10,14,15,630,0.7482758620689656,0.2482758620689655,0.8497109826589595,0.14739884393063585,91,0.9230769230769231,0.14285714285714285,7.021978021978022,0.4368131868131868,724,0.8797653958944281,0.020527859237536656,0.9485861182519281,0.012853470437017995,1308,0.7120285423037718,0.22247706422018348,3.5565749235474007,0.3721967380224261,443,0.04145077720207254,0.6528497409326425,0.10546875,0.38671875,1421,0.5795214637579171,0.6980999296270233,3.4152005629838142,0.3776096645554773,15.34,15.22,14.04,14.24,4,0,-1
182,1205740559,3,17,15,15,14,633,0.7491408934707904,0.24742268041237114,0.8505747126436781,0.14655172413793102,91,0.9230769230769231,0.14285714285714285,7.021978021978022,0.4368131868131868,728,0.880466472303207,0.02040816326530612,0.948849104859335,0.01278772378516624,1316,0.7120694022289769,0.22188449848024316,3.553951367781155,0.37284701114488344,444,0.04145077720207254,0.6528497409326425,0.10505836575875487,0.38910505836575876,1429,0.5797760671798462,0.6997900629811057,3.4142757172848146,0.3775950548168882,15.48,15.24,14.06,14.22,2,2,3
183,1205740560,3,14,13,11,14,635,0.75,0.2465753424657534,0.8510028653295129,0.14613180515759314,91,0.9230769230769231,0.14285714285714285,7.021978021978022,0.4368131868131868,733,0.881159420289855,0.020289855072463767,0.949238578680203,0.012690355329949238,1323,0.7132149155958681,0.2222222222222222,3.5563114134542704,0.37276392038296796,445,0.041237113402061855,0.654639175257732,0.10505836575875487,0.38910505836575876,1438,0.578697264719518,0.6995827538247567,3.4165507649513214,0.37783959202596196,15.44,15.18,14.0,14.2,1,3,0
184,1205740561,3,15,16,15,14,640,0.7508532423208191,0.24573378839590443,0.8498583569405099,0.14730878186968838,91,0.9230769230769231,0.14285714285714285,7.021978021978022,0.4368131868131868,734,0.8815028901734104,0.02023121387283237,0.949238578680203,0.012690355329949238,1332,0.7129004004004005,0.22072072072072071,3.5533033033033035,0.3726851851851852,446,0.041025641025641026,0.6564102564102564,0.10505836575875487,0.38910505836575876,1448,0.5774631675874771,0.6982044198895028,3.4109116022099446,0.37845303867403307,15.42,15.2,13.98,14.22,-1,0,1
185,1205740562,3,15,16,12,14,643,0.7517006802721088,0.24489795918367346,0.8507042253521127,0.14647887323943662,92,0.9239130434782609,0.14130434782608695,7.021739130434782,0.43478260869565216,743,0.8828571428571429,0.02,0.949874686716792,0.012531328320802004,1335,0.7135455680399502,0.2209737827715356,3.552808988764045,0.3725967540574282,447,0.04081632653061224,0.6581632653061225,0.10505836575875487,0.38910505836575876,1456,0.5780677655677657,0.6978021978021978,3.412087912087912,0.37860576923076916,15.42,15.26,13.92,14.2,-1,3,1
186,1205740563,3,16,14,17,16,648,0.7550335570469798,0.24161073825503357,0.851123595505618,0.14606741573033707,93,0.9247311827956989,0.13978494623655913,7.021505376344086,0.4327956989247312,750,0.8845070422535212,0.01971830985915493,0.9501246882793017,0.012468827930174564,1342,0.715039741679086,0.22056631892697467,3.5506706408345754,0.3728887232985593,449,0.04060913705583756,0.6598984771573604,0.10465116279069768,0.3875968992248062,1462,0.5762653898768811,0.6976744186046512,3.4103967168262654,0.3793889648882808,15.44,15.26,14.0,14.22,2,-1,0
187,1205740564,3,14,16,14,15,650,0.7550335570469798,0.24161073825503357,0.8519553072625698,0.1452513966480447,93,0.9247311827956989,0.13978494623655913,7.021505376344086,0.4327956989247312,755,0.8851540616246498,0.0196078431372549,0.9504950495049505,0.012376237623762377,1348,0.7163081107814047,0.2195845697329377,3.5497032640949553,0.3723417408506429,450,0.04060913705583756,0.6598984771573604,0.10424710424710425,0.38996138996138996,1471,0.5761386811692728,0.699524133242692,3.4106050305914346,0.37978699297530016,15.42,15.28,13.94,14.28,-2,0,-1
188,1205740565,3,18,16,17,16,654,0.7566666666666667,0.24,0.8527777777777777,0.14444444444444443,93,0.9247311827956989,0.13978494623655913,7.021505376344086,0.4327956989247312,756,0.8851540616246498,0.0196078431372549,0.9506172839506173,0.012345679012345678,1354,0.7160881339241754,0.21861152141802068,3.550221565731167,0.3719842442146725,450,0.04060913705583756,0.6598984771573604,0.10424710424710425,0.38996138996138996,1482,0.5748987854251014,0.6997300944669366,3.413630229419703,0.3801731893837156,15.44,15.3,14.02,14.34,2,1,2
189,1205740566,3,17,16,15,13,655,0.7566666666666667,0.24,0.853185595567867,0.1440443213296399,94,0.925531914893617,0.13829787234042554,7.0212765957446805,0.43617021276595747,761,0.8864265927977839,0.019390581717451522,0.9507389162561576,0.012315270935960592,1359,0.7171326956095169,0.21780721118469462,3.5533480500367918,0.3722712779004169,452,0.04060913705583756,0.6598984771573604,0.10344827586206896,0.39080459770114945,1492,0.5747319034852548,0.7004021447721179,3.4101876675603218,0.38047363717604993,15.48,15.32,14.08,14.32,1,2,4
190,1205740567,3,17,17,13,17,659,0.7582781456953642,0.23841059602649006,0.8539944903581267,0.14325068870523416,95,0.9263157894736842,0.1368421052631579,7.021052631578947,0.4394736842105263,764,0.8867403314917127,0.019337016574585635,0.9509803921568627,0.012254901960784314,1369,0.7182249817384954,0.2176771365960555,3.553688823959094,0.3728390552714877,454,0.04060913705583756,0.6598984771573604,0.10646387832699619,0.38783269961977185,1497,0.5751503006012025,0.700066800267201,3.4081496325985303,0.38037185482075253,15.48,15.4,14.04,14.42,0,4,0
191,1205740568,3,14,16,12,10,664,0.7573770491803279,0.23934426229508196,0.8547945205479452,0.14246575342465753,95,0.9263157894736842,0.1368421052631579,7.021052631578947,0.4394736842105263,766,0.8867403314917127,0.019337016574585635,0.9512195121951219,0.012195121951219513,1378,0.7189767779390421,0.2169811320754717,3.550798258345428,0.3731253023705854,459,0.04020100502512563,0.6582914572864321,0.10526315789473684,0.39097744360902253,1504,0.5744680851063831,0.7001329787234043,3.40625,0.379931294326241,15.46,15.44,14.02,14.38,-2,2,4
192,1205740569,3,16,15,14,16,669,0.7605177993527508,0.23624595469255663,0.8524590163934426,0.1448087431693989,95,0.9263157894736842,0.1368421052631579,7.021052631578947,0.4394736842105263,771,0.8873626373626373,0.019230769230769232,0.9515738498789347,0.012106537530266344,1383,0.7192697035430224,0.21619667389732466,3.549530007230658,0.37286093034466133,460,0.04020100502512563,0.6582914572864321,0.10861423220973783,0.3895131086142322,1512,0.5750661375661377,0.7003968253968254,3.4113756613756614,0.3800705467372133,15.46,15.42,13.96,14.4,1,2,0
193,1205740570,3,14,14,17,15,672,0.7612903225806451,0.23548387096774193,0.8532608695652174,0.14402173913043478,95,0.9263157894736842,0.1368421052631579,7.021052631578947,0.4394736842105263,773,0.8873626373626373,0.019230769230769232,0.9518072289156626,0.012048192771084338,1393,0.7194903086862887,0.21608040201005024,3.5642498205312276,0.3726968174204355,461,0.04020100502512563,0.6582914572864321,0.11194029850746269,0.3880597014925373,1520,0.5735745614035089,0.7,3.417105263157895,0.3807017543859648,15.4,15.36,14.02,14.44,0,-3,-1
194,1205740571,3,14,16,16,12,678,0.7635782747603834,0.23322683706070288,0.8544474393530997,0.14285714285714285,96,0.9270833333333334,0.13541666666666666,7.020833333333333,0.4401041666666667,775,0.8879781420765027,0.01912568306010929,0.9518072289156626,0.012048192771084338,1403,0.7200641482537421,0.2166785459729152,3.558089807555239,0.3727132335471608,467,0.039603960396039604,0.6534653465346535,0.11439114391143912,0.3874538745387454,1524,0.5733814523184604,0.7007874015748031,3.416010498687664,0.38035870516185466,15.36,15.36,14.02,14.4,-2,-2,2
195,1205740572,3,12,16,13,14,678,0.7635782747603834,0.23322683706070288,0.8544474393530997,0.14285714285714285,97,0.9226804123711341,0.14432989690721648,7.020618556701031,0.44072164948453607,780,0.8867924528301887,0.018867924528301886,0.9518072289156626,0.012048192771084338,1408,0.7194010416666667,0.21732954545454544,3.5688920454545454,0.37281013257575757,469,0.039603960396039604,0.6534653465346535,0.11355311355311355,0.38461538461538464,1531,0.5753320269976052,0.7015022860875245,3.4291312867406925,0.37976268234269533,15.3,15.36,14.0,14.38,-4,-1,-2
196,1205740573,3,14,16,13,16,682,0.7619047619047619,0.23492063492063492,0.8552278820375335,0.14209115281501342,98,0.923469387755102,0.14285714285714285,7.020408163265306,0.4413265306122449,785,0.8877005347593583,0.01871657754010695,0.9520383693045563,0.011990407673860911,1414,0.7195308816595946,0.21711456859971712,3.5685997171145685,0.3726426214049976,474,0.0392156862745098,0.6568627450980392,0.11231884057971014,0.38768115942028986,1539,0.57429066493394,0.7011046133853152,3.424301494476933,0.3797379250595624,15.22,15.34,14.04,14.48,-2,1,-2
197,1205740574,3,17,15,16,13,686,0.7634069400630915,0.2334384858044164,0.8533333333333334,0.144,98,0.923469387755102,0.14285714285714285,7.020408163265306,0.4413265306122449,788,0.888,0.018666666666666668,0.9522673031026253,0.011933174224343675,1421,0.7198569082805537,0.21745249824067558,3.5686136523574947,0.3729181327703495,475,0.03902439024390244,0.6585365853658537,0.11231884057971014,0.38768115942028986,1547,0.5735832794656326,0.7013574660633484,3.4221073044602455,0.3798750269338504,15.22,15.3,14.12,14.46,2,1,4
198,1205740575,3,17,15,16,14,692,0.7648902821316614,0.23197492163009403,0.8548812664907651,0.1424802110817942,99,0.9242424242424242,0.1414141414141414,7.02020202020202,0.44191919191919193,793,0.8882978723404256,0.018617021276595744,0.9527186761229315,0.01182033096926714,1425,0.7206432748538012,0.2168421052631579,3.566315789473684,0.3729239766081871,477,0.03902439024390244,0.6585365853658537,0.11151079136690648,0.38848920863309355,1554,0.5748605748605751,0.7014157014157014,3.4195624195624195,0.3797190047190046,15.3,15.3,14.2,14.46,2,1,3
199,1205740576,3,17,17,14,15,696,0.765625,0.23125,0.856020942408377,0.14136125654450263,100,0.925,0.14,7.02,0.445,796,0.8888888888888888,0.018518518518518517,0.9528301886792453,0.01179245283018868,1430,0.7210955710955711,0.21678321678321677,3.5636363636363635,0.3731934731934732,478,0.038834951456310676,0.6553398058252428,0.11151079136690648,0.38848920863309355,1563,0.5744295158882493,0.7012156110044786,3.415866922584773,0.379451908722542,15.32,15.32,14.2,14.48,0,3,2
200,1205740577,3,14,16,15,13,697,0.7632398753894081,0.2336448598130841,0.856020942408377,0.14136125654450263,101,0.9257425742574258,0.13861386138613863,7.01980198019802,0.4430693069306931,801,0.8891820580474934,0.018469656992084433,0.9509345794392523,0.011682242990654205,1440,0.7212962962962963,0.2152777777777778,3.55625,0.3733217592592592,483,0.038834951456310676,0.6553398058252428,0.10954063604240283,0.38162544169611307,1567,0.5745586045522231,0.7013401403956605,3.4154435226547544,0.37944054456498605,15.32,15.34,14.18,14.46,-2,-1,1
201,1205740578,3,19,14,16,13,702,0.7647058823529411,0.23219814241486067,0.8545454545454545,0.14285714285714285,101,0.9257425742574258,0.13861386138613863,7.01980198019802,0.4430693069306931,809,0.8903394255874674,0.018276762402088774,0.9513888888888888,0.011574074074074073,1442,0.7213361072584374,0.21567267683772537,3.5575589459084607,0.37332408691631985,483,0.038834951456310676,0.6553398058252428,0.10954063604240283,0.38162544169611307,1576,0.5747673434856178,0.7011421319796954,3.4124365482233503,0.37917724196277486,15.4,15.32,14.18,14.44,5,3,6
202,1205740579,3,14,12,17,14,705,0.7661538461538462,0.23076923076923078,0.8549222797927462,0.14248704663212436,102,0.9264705882352942,0.13725490196078433,7.019607843137255,0.4411764705882353,817,0.8886010362694301,0.02072538860103627,0.9496567505720824,0.011441647597254004,1443,0.7211827211827212,0.21552321552321552,3.557865557865558,0.3734118734118734,487,0.038461538461538464,0.6586538461538461,0.10877192982456141,0.37894736842105264,1586,0.5739806641445987,0.699873896595208,3.4066834804539723,0.3796237915090373,15.4,15.28,14.2,14.42,2,-3,0
203,1205740580,3,15,17,15,15,706,0.7668711656441718,0.23006134969325154,0.8549222797927462,0.14248704663212436,102,0.9264705882352942,0.13725490196078433,7.019607843137255,0.4411764705882353,824,0.8891752577319587,0.020618556701030927,0.9502262443438914,0.011312217194570135,1450,0.7214942528735633,0.21586206896551724,3.5586206896551724,0.3732183908045977,488,0.038461538461538464,0.6586538461538461,0.10839160839160839,0.3776223776223776,1595,0.5729362591431558,0.6996865203761755,3.406269592476489,0.37951933124346904,15.44,15.3,14.18,14.46,-2,0,0
204,1205740581,3,16,18,13,16,708,0.7682926829268293,0.22865853658536586,0.8549222797927462,0.14248704663212436,102,0.9264705882352942,0.13725490196078433,7.019607843137255,0.4411764705882353,827,0.8894601542416453,0.02056555269922879,0.9504504504504504,0.01126126126126126,1459,0.7225268448709162,0.21521590130226181,3.5640849897189857,0.3728010052547407,489,0.038461538461538464,0.6586538461538461,0.10801393728222997,0.37630662020905925,1604,0.5725270157938489,0.699501246882793,3.407730673316708,0.3793121363258519,15.44,15.42,14.2,14.46,-2,3,0
205,1205740582,3,14,13,16,16,709,0.7682926829268293,0.22865853658536586,0.8552971576227391,0.1421188630490956,102,0.9264705882352942,0.13725490196078433,7.019607843137255,0.4411764705882353,832,0.8900255754475703,0.020460358056265986,0.9507829977628636,0.011185682326621925,1463,0.7226019594440648,0.215311004784689,3.5645933014354068,0.3724652540442014,489,0.038461538461538464,0.6586538461538461,0.10801393728222997,0.37630662020905925,1614,0.5730070218917804,0.6988847583643123,3.409541511771995,0.37897562990499783,15.42,15.4,14.2,14.46,1,-2,-2
206,1205740583,3,15,17,16,14,716,0.770392749244713,0.22658610271903323,0.8567774936061381,0.14066496163682865,103,0.9271844660194175,0.13592233009708737,7.019417475728155,0.4393203883495146,835,0.8900255754475703,0.020460358056265986,0.9511111111111111,0.011111111111111112,1467,0.7233583276528063,0.2147239263803681,3.5664621676891617,0.37247216541695066,495,0.03827751196172249,0.6602870813397129,0.1095890410958904,0.3835616438356164,1619,0.5733992176240479,0.6979617047560223,3.407041383570105,0.37873172740374705,15.44,15.48,14.22,14.44,-2,-1,1
207,1205740584,3,14,13,16,16,718,0.7680722891566265,0.2289156626506024,0.8571428571428571,0.14030612244897958,103,0.9271844660194175,0.13592233009708737,7.019417475728155,0.4393203883495146,837,0.8905852417302799,0.020356234096692113,0.9511111111111111,0.011111111111111112,1477,0.7245542766869781,0.21530128639133378,3.5714285714285716,0.37198149401940866,495,0.03827751196172249,0.6602870813397129,0.1095890410958904,0.3835616438356164,1628,0.5735053235053237,0.6977886977886978,3.409090909090909,0.37832719082719074,15.42,15.42,14.24,14.48,1,-2,-2
208,1205740585,3,14,15,15,16,725,0.7648809523809523,0.23214285714285715,0.8582278481012658,0.13924050632911392,103,0.9271844660194175,0.13592233009708737,7.019417475728155,0.4393203883495146,842,0.8908629441624365,0.02030456852791878,0.9515418502202643,0.011013215859030838,1483,0.7243200719262756,0.21510451786918408,3.5697909642616317,0.37148797482580354,495,0.03827751196172249,0.6602870813397129,0.1095890410958904,0.3835616438356164,1636,0.5737571312143441,0.6974327628361858,3.406479217603912,0.3783109209453952,15.36,15.42,14.28,14.48,-1,-1,-2
209,1205740586,3,16,15,14,13,726,0.7655786350148368,0.2314540059347181,0.8582278481012658,0.13924050632911392,103,0.9271844660194175,0.13592233009708737,7.019417475728155,0.4393203883495146,849,0.8914141414141414,0.020202020202020204,0.9498910675381264,0.010893246187363835,1489,0.7237519588090442,0.21692411014103424,3.5742108797850904,0.3715580926796508,495,0.03827751196172249,0.6602870813397129,0.1095890410958904,0.3835616438356164,1647,0.5744788504351348,0.6958105646630237,3.406800242865817,0.37811171827565265,15.38,15.4,14.3,14.46,1,2,3
210,1205740587,3,13,14,13,15,729,0.7640117994100295,0.23303834808259588,0.8585858585858586,0.1388888888888889,103,0.9271844660194175,0.13592233009708737,7.019417475728155,0.4393203883495146,850,0.889168765743073,0.020151133501259445,0.9498910675381264,0.010893246187363835,1499,0.7242606181899044,0.21747831887925284,3.56971314209473,0.3709139426284189,499,0.0380952380952381,0.6571428571428571,0.10847457627118644,0.38305084745762713,1654,0.5747682386134625,0.6964933494558646,3.4068923821039903,0.37787182587666257,15.34,15.38,14.24,14.46,-1,0,-2
211,1205740588,3,10,16,11,15,732,0.7653958944281525,0.2316715542521994,0.8589420654911839,0.1385390428211587,104,0.9230769230769231,0.14423076923076922,7.019230769230769,0.43990384615384615,850,0.889168765743073,0.020151133501259445,0.9498910675381264,0.010893246187363835,1506,0.7235502434705623,0.21713147410358566,3.5697211155378485,0.37090526781761846,502,0.03773584905660377,0.660377358490566,0.10810810810810811,0.38513513513513514,1660,0.575401606425703,0.6975903614457831,3.4120481927710844,0.3775602409638554,15.22,15.38,14.16,14.46,-6,-1,-5
212,1205740589,3,14,12,16,16,739,0.7674418604651163,0.22965116279069767,0.8553615960099751,0.14214463840399003,104,0.9230769230769231,0.14423076923076922,7.019230769230769,0.43990384615384615,852,0.8894472361809045,0.020100502512562814,0.95,0.010869565217391304,1512,0.7243165784832452,0.21693121693121692,3.57010582010582,0.37092151675485013,505,0.03755868544600939,0.6619718309859155,0.10738255033557047,0.3825503355704698,1670,0.574051896207585,0.6964071856287425,3.410179640718563,0.37784431137724545,15.18,15.28,14.16,14.5,2,-2,-2
213,1205740590,3,15,10,15,15,740,0.7674418604651163,0.22965116279069767,0.8532338308457711,0.14427860696517414,105,0.9142857142857143,0.1523809523809524,7.019047619047619,0.4380952380952381,855,0.8902743142144638,0.0199501246882793,0.95,0.010869565217391304,1516,0.7250439753737907,0.21635883905013192,3.575857519788918,0.3706024626209323,505,0.03755868544600939,0.6619718309859155,0.10738255033557047,0.3825503355704698,1684,0.5733372921615204,0.6953681710213777,3.422209026128266,0.37752375296912105,15.16,15.14,14.26,14.6,5,0,0
214,1205740591,3,17,16,16,16,745,0.7665706051873199,0.23054755043227665,0.8514851485148515,0.14603960396039603,106,0.9150943396226415,0.1509433962264151,7.018867924528302,0.4386792452830189,861,0.891358024691358,0.019753086419753086,0.9502164502164502,0.010822510822510822,1521,0.7249616480385712,0.21564760026298488,3.5733070348454965,0.3705347359193513,508,0.03755868544600939,0.6619718309859155,0.10631229235880399,0.38205980066445183,1690,0.5739644970414203,0.6958579881656805,3.421301775147929,0.37766272189349104,15.14,15.12,14.28,14.62,1,1,1
215,1205740592,3,17,15,19,14,746,0.7665706051873199,0.23054755043227665,0.8518518518518519,0.145679012345679,106,0.9150943396226415,0.1509433962264151,7.018867924528302,0.4386792452830189,870,0.8924205378973105,0.019559902200488997,0.9507494646680942,0.010706638115631691,1522,0.7251423565484013,0.21550591327201052,3.5749014454664914,0.370455540954884,509,0.037383177570093455,0.6635514018691588,0.10631229235880399,0.38205980066445183,1701,0.5737801293356851,0.6954732510288066,3.4185773074661965,0.3780129335684891,15.2,15.1,14.42,14.62,2,-2,3
216,1205740593,3,15,15,16,14,748,0.7679083094555874,0.22922636103151864,0.8518518518518519,0.145679012345679,106,0.9150943396226415,0.1509433962264151,7.018867924528302,0.4386792452830189,872,0.8926829268292683,0.01951219512195122,0.9508547008547008,0.010683760683760684,1529,0.7248746457379552,0.2158273381294964,3.5742315238718114,0.3708851100937432,509,0.037383177570093455,0.6635514018691588,0.10631229235880399,0.38205980066445183,1710,0.5728070175438599,0.6964912280701754,3.416374269005848,0.3776315789473684,15.16,15.06,14.48,14.6,0,-1,1
217,1205740594,3,16,16,15,16,750,0.7679083094555874,0.22922636103151864,0.8525798525798526,0.14496314496314497,106,0.9150943396226415,0.1509433962264151,7.018867924528302,0.4386792452830189,874,0.8926829268292683,0.01951219512195122,0.951063829787234,0.010638297872340425,1538,0.724100563502384,0.2152145643693108,3.5721716514954487,0.37066536627654967,509,0.037383177570093455,0.6635514018691588,0.10631229235880399,0.38205980066445183,1719,0.5727166957533452,0.6974985456660849,3.4147760325770795,0.3776905177428737,15.16,15.04,14.5,14.64,0,1,0
218,1205740595,3,17,17,13,15,754,0.7685714285714286,0.22857142857142856,0.8512195121951219,0.14634146341463414,107,0.9112149532710281,0.1588785046728972,7.018691588785047,0.4392523364485981,881,0.8886198547215496,0.01937046004842615,0.9514767932489452,0.010548523206751054,1544,0.7236614853195165,0.21567357512953367,3.5667098445595853,0.37068221070811747,511,0.037037037037037035,0.6666666666666666,0.10631229235880399,0.38205980066445183,1726,0.5732908458864429,0.6969872537659328,3.414252607184241,0.3778968713789107,15.22,15.08,14.48,14.62,0,4,2
219,1205740596,3,17,14,15,14,754,0.7685714285714286,0.22857142857142856,0.8512195121951219,0.14634146341463414,107,0.9112149532710281,0.1588785046728972,7.018691588785047,0.4392523364485981,884,0.8886198547215496,0.01937046004842615,0.9517819706498952,0.010482180293501049,1552,0.7241194158075602,0.21520618556701032,3.5663659793814433,0.3702212199312715,512,0.037037037037037035,0.6666666666666666,0.10596026490066225,0.3841059602649007,1735,0.5726224783861673,0.6979827089337176,3.4144092219020172,0.377521613832853,15.24,15.08,14.54,14.58,3,2,3
220,1205740597,3,15,17,16,16,759,0.7655367231638418,0.23163841807909605,0.851581508515815,0.145985401459854,107,0.9112149532710281,0.1588785046728972,7.018691588785047,0.4392523364485981,890,0.8870192307692307,0.019230769230769232,0.9520833333333333,0.010416666666666666,1558,0.723898160034232,0.21566110397946084,3.5661103979460846,0.3702396234488661,515,0.03686635944700461,0.6682027649769585,0.10526315789473684,0.3848684210526316,1744,0.5721521406727831,0.6978211009174312,3.4111238532110093,0.37772362385321095,15.24,15.08,14.6,14.6,-2,-1,-1
221,1205740598,3,17,14,15,13,766,0.7675070028011205,0.22969187675070027,0.8530120481927711,0.14457831325301204,108,0.9120370370370371,0.1574074074074074,7.018518518518518,0.44212962962962965,896,0.888095238095238,0.01904761904761905,0.9522821576763485,0.01037344398340249,1561,0.7244287849669017,0.21524663677130046,3.5656630365150543,0.3700085415332052,515,0.03686635944700461,0.6682027649769585,0.10526315789473684,0.3848684210526316,1753,0.570545731127591,0.6970907016543069,3.406160867084997,0.37778094694808895,15.22,15.06,14.58,14.52,3,2,4
222,1205740599,3,16,17,15,13,767,0.7681564245810056,0.22905027932960895,0.8530120481927711,0.14457831325301204,108,0.9120370370370371,0.1574074074074074,7.018518518518518,0.44212962962962965,899,0.8883610451306413,0.019002375296912115,0.9524793388429752,0.010330578512396695,1569,0.7245591671977907,0.21414913957934992,3.564690885914595,0.36971531761206716,516,0.03686635944700461,0.6682027649769585,0.10491803278688525,0.38688524590163936,1763,0.5702873889204011,0.6982416335791265,3.4021554169030064,0.377906976744186,15.24,15.06,14.6,14.5,-1,1,3
223,1205740600,3,14,14,14,13,773,0.7700831024930748,0.22714681440443213,0.854066985645933,0.14354066985645933,109,0.9128440366972477,0.1559633027522936,7.018348623853211,0.4426605504587156,899,0.8883610451306413,0.019002375296912115,0.9524793388429752,0.010330578512396695,1580,0.7251054852320675,0.2139240506329114,3.5645569620253164,0.3695147679324895,519,0.0410958904109589,0.6666666666666666,0.10457516339869281,0.38562091503267976,1768,0.5703714177978886,0.6990950226244343,3.4004524886877827,0.37768665158371034,15.2,15.0,14.6,14.46,0,0,1
224,1205740601,3,17,14,15,14,774,0.7700831024930748,0.22714681440443213,0.8544152744630071,0.1431980906921241,110,0.9136363636363637,0.15454545454545454,7.0181818181818185,0.4431818181818182,907,0.8891509433962265,0.018867924528301886,0.9529652351738241,0.010224948875255624,1584,0.7254840067340068,0.21338383838383837,3.561868686868687,0.36952861952861954,519,0.0410958904109589,0.6666666666666666,0.10457516339869281,0.38562091503267976,1777,0.5694522603639094,0.6994935284186832,3.397298818232977,0.3780247608328643,15.26,14.98,14.62,14.5,3,2,3
225,1205740602,3,15,17,16,15,778,0.7692307692307693,0.22802197802197802,0.8547619047619047,0.14285714285714285,110,0.9136363636363637,0.15454545454545454,7.0181818181818185,0.4431818181818182,910,0.8899297423887588,0.01873536299765808,0.9529652351738241,0.010224948875255624,1591,0.72527760318458,0.2143306096794469,3.5619107479572594,0.369788393044207,524,0.04484304932735426,0.6636771300448431,0.10423452768729642,0.38436482084690554,1783,0.5706206767620118,0.7005047672462142,3.3970835670218733,0.3778743690409422,15.24,15.02,14.66,14.48,-2,-1,0
226,1205740603,3,14,12,15,14,781,0.7692307692307693,0.22802197802197802,0.8557919621749409,0.14184397163120568,110,0.9136363636363637,0.15454545454545454,7.0181818181818185,0.4431818181818182,913,0.8881118881118881,0.018648018648018648,0.9530612244897959,0.01020408163265306,1598,0.7258552357113058,0.2146433041301627,3.563204005006258,0.3698894451397581,527,0.044642857142857144,0.6607142857142857,0.10355987055016182,0.3851132686084142,1792,0.5694289434523812,0.6997767857142857,3.3950892857142856,0.3777901785714285,15.24,14.98,14.68,14.52,2,-1,0
227,1205740604,3,16,14,15,14,783,0.7698630136986301,0.2273972602739726,0.8561320754716981,0.14150943396226415,110,0.9136363636363637,0.15454545454545454,7.0181818181818185,0.4431818181818182,918,0.888631090487239,0.018561484918793503,0.9533468559837728,0.010141987829614604,1605,0.726116303219107,0.21370716510903426,3.5588785046728972,0.3701453790238837,529,0.044444444444444446,0.6622222222222223,0.1032258064516129,0.3870967741935484,1799,0.569158791921438,0.6998332406892718,3.395775430794886,0.3778488048916064,15.26,14.98,14.68,14.54,2,1,2
228,1205740605,3,15,15,15,15,786,0.76775956284153,0.22950819672131148,0.8568075117370892,0.14084507042253522,111,0.9144144144144144,0.15315315315315314,7.018018018018018,0.4436936936936937,922,0.8891454965357968,0.018475750577367205,0.9535353535353536,0.010101010101010102,1615,0.7250257997936017,0.21424148606811144,3.553560371517028,0.3698658410732714,531,0.04424778761061947,0.6592920353982301,0.10289389067524116,0.3890675241157556,1805,0.5694829178208681,0.7002770083102493,3.397229916897507,0.3777008310249307,15.26,14.98,14.7,14.54,0,0,0
229,1205740606,3,14,16,13,17,795,0.7663043478260869,0.23097826086956522,0.8545034642032333,0.14318706697459585,112,0.9151785714285714,0.15178571428571427,7.017857142857143,0.44419642857142855,924,0.8894009216589862,0.018433179723502304,0.9536290322580645,0.010080645161290322,1625,0.7267179487179488,0.21476923076923077,3.5476923076923077,0.36943589743589744,534,0.04405286343612335,0.6607929515418502,0.10543130990415335,0.3865814696485623,1810,0.5697513812154698,0.7,3.3950276243093924,0.37790055248618776,15.3,15.0,14.72,14.58,-2,1,-3
230,1205740607,3,16,15,14,12,800,0.7681940700808625,0.22911051212938005,0.8551724137931035,0.1425287356321839,112,0.9151785714285714,0.15178571428571427,7.017857142857143,0.44419642857142855,930,0.8858447488584474,0.0182648401826484,0.9538152610441767,0.010040160642570281,1632,0.7272773692810458,0.21384803921568626,3.544730392156863,0.36907679738562094,535,0.043859649122807015,0.6622807017543859,0.10543130990415335,0.3865814696485623,1818,0.5688027136046939,0.7007700770077008,3.392739273927393,0.37807114044737805,15.26,14.98,14.78,14.5,1,2,4
231,1205740608,3,12,13,14,12,805,0.7681940700808625,0.22911051212938005,0.8522727272727273,0.14545454545454545,112,0.9151785714285714,0.15178571428571427,7.017857142857143,0.44419642857142855,933,0.8863636363636364,0.01818181818181818,0.9539078156312625,0.01002004008016032,1642,0.7265022330491271,0.21254567600487212,3.5426309378806335,0.3688083637840033,538,0.043668122270742356,0.6637554585152838,0.10476190476190476,0.3904761904761905,1826,0.5698703906535233,0.7020810514786419,3.393209200438116,0.3780576852866009,15.22,15.04,14.78,14.44,-1,-2,0
232,1205740609,3,17,16,17,15,806,0.7661290322580645,0.23118279569892472,0.8522727272727273,0.14545454545454545,113,0.915929203539823,0.1504424778761062,7.017699115044247,0.4446902654867257,943,0.8878923766816144,0.017937219730941704,0.9542743538767395,0.009940357852882704,1645,0.7265957446808511,0.2121580547112462,3.5410334346504557,0.3688956433637285,541,0.043668122270742356,0.6637554585152838,0.1069182389937107,0.3867924528301887,1833,0.5709674486270232,0.7026732133115112,3.3944353518821604,0.37756864884524455,15.22,15.06,14.82,14.46,1,0,2
233,1205740610,3,17,17,13,16,810,0.768,0.22933333333333333,0.8526077097505669,0.14512471655328799,114,0.9166666666666666,0.14912280701754385,7.017543859649122,0.4451754385964912,948,0.8883928571428571,0.017857142857142856,0.9545454545454546,0.009881422924901186,1650,0.7274242424242424,0.21151515151515152,3.5387878787878786,0.36853535353535355,544,0.043668122270742356,0.6637554585152838,0.1059190031152648,0.3862928348909657,1840,0.5723278985507247,0.7032608695652174,3.392391304347826,0.37762681159420286,15.28,15.14,14.86,14.5,0,4,1
234,1205740611,3,17,17,14,14,813,0.7686170212765957,0.22872340425531915,0.8532731376975169,0.14446952595936793,115,0.9173913043478261,0.14782608695652175,7.017391304347826,0.44565217391304346,957,0.8898678414096917,0.01762114537444934,0.9548133595284872,0.009823182711198428,1653,0.7273139745916516,0.21113127646702964,3.5384150030248036,0.3683202258519863,544,0.043668122270742356,0.6637554585152838,0.1059190031152648,0.3862928348909657,1849,0.573327925004507,0.7030827474310438,3.390481341265549,0.3778168379304128,15.32,15.16,14.84,14.5,0,3,3
235,1205740612,3,15,18,13,16,815,0.7645502645502645,0.2328042328042328,0.8532731376975169,0.14446952595936793,116,0.9181034482758621,0.14655172413793102,7.017241379310345,0.44612068965517243,965,0.8908296943231441,0.017467248908296942,0.9551656920077972,0.009746588693957114,1659,0.7270946353224834,0.2109704641350211,3.5370705244122966,0.36819369097850113,548,0.043478260869565216,0.6652173913043479,0.10802469135802469,0.38580246913580246,1857,0.5732812780470293,0.7027463651050081,3.392030156165859,0.37793932866630764,15.32,15.2,14.86,14.54,-3,2,-1
236,1205740613,3,14,13,13,14,820,0.7657894736842106,0.23157894736842105,0.852017937219731,0.14573991031390135,116,0.9181034482758621,0.14655172413793102,7.017241379310345,0.44612068965517243,970,0.8869565217391304,0.01956521739130435,0.9554263565891473,0.009689922480620155,1665,0.7280780780780781,0.2114114114114114,3.541141141141141,0.3685185185185185,549,0.043478260869565216,0.6652173913043479,0.1076923076923077,0.38461538461538464,1867,0.572353151222996,0.7016604177825388,3.386716657739689,0.3777896804142117,15.28,15.18,14.78,14.5,1,1,0
237,1205740614,3,15,17,14,15,823,0.7657894736842106,0.23157894736842105,0.8507795100222717,0.14699331848552338,117,0.9188034188034188,0.1452991452991453,7.017094017094017,0.4444444444444444,974,0.8874458874458875,0.01948051948051948,0.9555984555984556,0.009652509652509652,1669,0.7287297783103655,0.21150389454763333,3.5404433792690235,0.3683842620331536,550,0.04329004329004329,0.6666666666666666,0.1076923076923077,0.38461538461538464,1877,0.5717012963949566,0.7005860415556739,3.38572189664358,0.3782631859350026,15.3,15.2,14.78,14.5,-2,1,0
238,1205740615,3,14,14,15,15,825,0.7643979057591623,0.23298429319371727,0.8507795100222717,0.14699331848552338,117,0.9188034188034188,0.1452991452991453,7.017094017094017,0.4444444444444444,978,0.8876889848812095,0.019438444924406047,0.9558541266794626,0.009596928982725527,1679,0.7267718880285885,0.2120309708159619,3.5384157236450267,0.36827476672622594,553,0.04291845493562232,0.6695278969957081,0.10736196319018405,0.38650306748466257,1885,0.5719274977895669,0.6997347480106101,3.383554376657825,0.3783819628647214,15.22,15.16,14.74,14.48,0,-1,-1
239,1205740616,3,14,15,15,15,829,0.7662337662337663,0.23116883116883116,0.8511111111111112,0.14666666666666667,118,0.9194915254237288,0.1440677966101695,7.016949152542373,0.4449152542372881,980,0.8879310344827587,0.01939655172413793,0.9559386973180076,0.009578544061302681,1686,0.7259292210359826,0.2111506524317912,3.543890865954923,0.36852510873863187,555,0.04291845493562232,0.6695278969957081,0.10975609756097561,0.3871951219512195,1893,0.5718876562775137,0.6999471737982039,3.3856312731114633,0.3782356048600105,15.16,15.14,14.74,14.52,-1,-1,-1
240,1205740617,3,14,14,11,14,830,0.7642487046632125,0.23316062176165803,0.8511111111111112,0.14666666666666667,118,0.9194915254237288,0.1440677966101695,7.016949152542373,0.4449152542372881,981,0.8879310344827587,0.01939655172413793,0.9560229445506692,0.009560229445506692,1696,0.7242040094339621,0.21226415094339623,3.55188679245283,0.3691529088050315,561,0.046610169491525424,0.6652542372881356,0.11178247734138973,0.38368580060422963,1898,0.5716982788900598,0.7002107481559536,3.387249736564805,0.3781612223393045,15.1,15.08,14.7,14.46,0,3,0
241,1205740618,3,17,18,12,16,837,0.7654639175257731,0.23195876288659795,0.8527472527472527,0.14505494505494507,119,0.9159663865546218,0.15126050420168066,7.016806722689076,0.44537815126050423,985,0.8862660944206009,0.019313304721030045,0.9561904761904761,0.009523809523809525,1698,0.7245288574793873,0.21201413427561838,3.550647820965842,0.3693070278759325,565,0.046218487394957986,0.6680672268907563,0.11411411411411411,0.3843843843843844,1906,0.5719220006995454,0.6993704092339978,3.3866736621196223,0.37814795383001043,15.16,15.12,14.7,14.58,-1,5,1
242,1205740619,3,16,19,13,19,840,0.764102564102564,0.23333333333333334,0.8530701754385965,0.14473684210526316,119,0.9159663865546218,0.15126050420168066,7.016806722689076,0.44537815126050423,992,0.8867521367521367,0.019230769230769232,0.9566037735849057,0.009433962264150943,1704,0.7252053990610328,0.21244131455399062,3.549882629107981,0.36932707355242567,569,0.046218487394957986,0.6680672268907563,0.11275964391691394,0.3827893175074184,1913,0.5716588255793693,0.6994249869315212,3.385781495033978,0.3779404077365394,15.16,15.2,14.68,14.64,-3,3,-3
243,1205740620,3,16,16,15,14,845,0.764102564102564,0.23333333333333334,0.8524945770065075,0.14533622559652928,119,0.9159663865546218,0.15126050420168066,7.016806722689076,0.44537815126050423,998,0.8874734607218684,0.01910828025477707,0.9568480300187617,0.009380863039399626,1705,0.7253665689149559,0.212316715542522,3.548973607038123,0.3692570869990225,570,0.04602510460251046,0.6694560669456067,0.11275964391691394,0.3827893175074184,1924,0.5730682605682607,0.6995841995841996,3.3877338877338876,0.37772869022869016,15.2,15.24,14.64,14.62,0,1,2
244,1205740621,3,13,12,12,12,847,0.7647058823529411,0.23273657289002558,0.8528138528138528,0.14502164502164502,120,0.9166666666666666,0.15,7.016666666666667,0.44375,1000,0.8858350951374208,0.019027484143763214,0.9568480300187617,0.009380863039399626,1716,0.7244075369075367,0.21386946386946387,3.5495337995337994,0.3693667443667444,577,0.049586776859504134,0.6694214876033058,0.11143695014662756,0.3812316715542522,1928,0.5731760027662518,0.6996887966804979,3.3853734439834025,0.37759336099585056,15.18,15.16,14.56,14.62,1,1,1
245,1205740622,3,16,14,13,12,849,0.7647058823529411,0.23273657289002558,0.8512931034482759,0.14655172413793102,121,0.9173553719008265,0.1487603305785124,7.016528925619835,0.4462809917355372,1008,0.8870292887029289,0.01882845188284519,0.957089552238806,0.009328358208955223,1720,0.7244670542635657,0.21337209302325583,3.5482558139534883,0.36923449612403103,579,0.04918032786885246,0.6721311475409836,0.11143695014662756,0.3812316715542522,1936,0.5728736225895318,0.699896694214876,3.3858471074380163,0.3777117768595041,15.26,15.12,14.56,14.58,2,3,4
246,1205740623,3,17,15,16,16,851,0.7633587786259542,0.2340966921119593,0.8512931034482759,0.14655172413793102,121,0.9173553719008265,0.1487603305785124,7.016528925619835,0.4462809917355372,1014,0.8872651356993737,0.018789144050104383,0.9574861367837338,0.009242144177449169,1725,0.7241062801932365,0.21391304347826087,3.551304347826087,0.36946859903381646,582,0.04897959183673469,0.673469387755102,0.11370262390670553,0.37900874635568516,1944,0.5724022633744857,0.6995884773662552,3.3863168724279835,0.37821502057613166,15.32,15.1,14.62,14.58,2,1,1
247,1205740624,3,13,15,13,13,854,0.7633587786259542,0.2340966921119593,0.8479657387580299,0.14989293361884368,121,0.9173553719008265,0.1487603305785124,7.016528925619835,0.4462809917355372,1019,0.8877338877338877,0.018711018711018712,0.9558823529411765,0.009191176470588236,1736,0.7244143625192011,0.21370967741935484,3.546658986175115,0.36899961597542247,585,0.04878048780487805,0.6707317073170732,0.11304347826086956,0.37971014492753624,1951,0.5713736545361354,0.699128651973347,3.3874935930292156,0.37801127626858017,15.24,15.1,14.56,14.58,-2,0,0
248,1205740625,3,15,15,11,13,857,0.7633587786259542,0.2340966921119593,0.8489361702127659,0.14893617021276595,122,0.9180327868852459,0.14754098360655737,7.016393442622951,0.44672131147540983,1022,0.8884297520661157,0.01859504132231405,0.9558823529411765,0.009191176470588236,1747,0.7241461553138713,0.21350887235260446,3.5455065827132226,0.36882274375119256,591,0.04838709677419355,0.6733870967741935,0.11461318051575932,0.3753581661891118,1954,0.5708375980893895,0.6990788126919141,3.386386898669396,0.37807062436028654,15.2,15.1,14.46,14.56,0,4,2
249,1205740626,3,16,18,15,15,860,0.7639593908629442,0.233502538071066,0.8495762711864406,0.1483050847457627,123,0.9186991869918699,0.14634146341463414,7.016260162601626,0.4451219512195122,1028,0.8888888888888888,0.018518518518518517,0.9562043795620438,0.009124087591240875,1754,0.7243918662105662,0.21436716077537057,3.5433295324971494,0.36877613074876475,593,0.04819277108433735,0.6746987951807228,0.11428571428571428,0.3742857142857143,1961,0.571349651538331,0.6991330953595104,3.3834778174400815,0.37825089240183574,15.18,15.12,14.48,14.56,-2,1,1
250,1205740627,3,16,18,13,17,864,0.7620253164556962,0.23544303797468355,0.848421052631579,0.14947368421052631,124,0.9193548387096774,0.14516129032258066,7.016129032258065,0.4475806451612903,1034,0.8872950819672131,0.018442622950819672,0.9565217391304348,0.009057971014492754,1763,0.7246643978067686,0.2144072603516733,3.5416903006239364,0.36878426923804125,595,0.048,0.676,0.1168091168091168,0.3732193732193732,1967,0.5713862057278429,0.6990340620233859,3.3848500254194205,0.3783680732079308,15.22,15.16,14.44,14.64,-2,3,-1
251,1205740628,3,15,14,12,14,870,0.7638190954773869,0.23366834170854273,0.8472803347280334,0.1506276150627615,124,0.9193548387096774,0.14516129032258066,7.016129032258065,0.4475806451612903,1035,0.8872950819672131,0.018442622950819672,0.9566003616636528,0.009041591320072333,1773,0.7248072946042488,0.21432600112803157,3.5391990975747323,0.3687253243090807,601,0.04780876494023904,0.6772908366533864,0.1151685393258427,0.38202247191011235,1972,0.5719658553076404,0.6982758620689655,3.387423935091278,0.3782961460446247,15.14,15.16,14.36,14.66,1,3,1
252,1205740629,3,15,16,15,17,872,0.7619047619047619,0.23558897243107768,0.8475991649269311,0.15031315240083507,125,0.92,0.144,7.016,0.446,1043,0.8859470468431772,0.018329938900203666,0.953405017921147,0.008960573476702509,1778,0.7238938882639668,0.21428571428571427,3.5354330708661417,0.36867266591676046,603,0.04780876494023904,0.6772908366533864,0.11452513966480447,0.38268156424581007,1979,0.5717113020043795,0.6978271854471956,3.38655886811521,0.3786003031834259,15.16,15.24,14.32,14.72,-1,0,-2
253,1205740630,3,16,15,14,13,876,0.7630922693266833,0.2344139650872818,0.8482328482328483,0.1496881496881497,125,0.92,0.144,7.016,0.446,1047,0.8864097363083164,0.018255578093306288,0.9535714285714286,0.008928571428571428,1783,0.724668162273322,0.2142456533931576,3.535614133482894,0.3684800897363994,604,0.04780876494023904,0.6772908366533864,0.11420612813370473,0.38440111420612816,1988,0.5718896713615025,0.6981891348088531,3.385311871227364,0.3781438631790744,15.18,15.2,14.3,14.68,1,2,3
254,1205740631,3,14,15,12,15,877,0.7630922693266833,0.2344139650872818,0.8464730290456431,0.15145228215767634,126,0.9206349206349206,0.14285714285714285,7.015873015873016,0.4444444444444444,1052,0.8873239436619719,0.018108651911468814,0.9536541889483066,0.008912655971479501,1787,0.7247248647640364,0.21376608841634023,3.5383324006715164,0.3682148852825966,604,0.04780876494023904,0.6772908366533864,0.11420612813370473,0.38440111420612816,2000,0.5717083333333335,0.698,3.393,0.37812499999999993,15.14,15.14,14.28,14.66,-1,2,-1
255,1205740632,3,16,17,14,17,880,0.7642679900744417,0.23325062034739455,0.8467908902691511,0.15113871635610765,126,0.9206349206349206,0.14285714285714285,7.015873015873016,0.4444444444444444,1061,0.8884462151394422,0.017928286852589643,0.9539823008849557,0.008849557522123894,1790,0.7242551210428303,0.21396648044692737,3.5379888268156425,0.3685754189944135,606,0.04743083003952569,0.6758893280632411,0.11420612813370473,0.38440111420612816,2009,0.5710552513688403,0.6983573917371827,3.391737182677949,0.37829766052762565,15.18,15.22,14.24,14.68,-1,2,-1
256,1205740633,3,14,15,13,17,885,0.7660098522167488,0.2315270935960591,0.8474226804123711,0.15051546391752577,126,0.9206349206349206,0.14285714285714285,7.015873015873016,0.4444444444444444,1064,0.8888888888888888,0.017857142857142856,0.9540636042402827,0.0088339222614841,1798,0.7246477567667777,0.21412680756395996,3.5411568409343714,0.3691601779755284,612,0.046875,0.671875,0.1132596685082873,0.3812154696132597,2014,0.5708788480635553,0.6981132075471698,3.3917576961271103,0.378351539225422,15.16,15.18,14.18,14.74,-1,1,-3
257,1205740634,3,16,16,13,14,885,0.7660098522167488,0.2315270935960591,0.8474226804123711,0.15051546391752577,126,0.9206349206349206,0.14285714285714285,7.015873015873016,0.4444444444444444,1068,0.8891089108910891,0.01782178217821782,0.9543057996485061,0.008787346221441126,1806,0.7239294942783313,0.21428571428571427,3.5415282392026577,0.36932447397563684,612,0.046875,0.671875,0.1132596685082873,0.3812154696132597,2024,0.5710227272727274,0.6971343873517787,3.391798418972332,0.3783349802371541,15.2,15.24,14.12,14.7,0,3,2
258,1205740635,3,17,17,14,16,889,0.7671568627450981,0.23039215686274508,0.8480492813141683,0.14989733059548255,127,0.9212598425196851,0.14173228346456693,7.015748031496063,0.4448818897637795,1075,0.888235294117647,0.01764705882352941,0.9544658493870403,0.008756567425569177,1810,0.7239871086556168,0.2138121546961326,3.540331491712707,0.3690607734806631,613,0.046875,0.671875,0.11294765840220386,0.38292011019283745,2033,0.5709542547958683,0.6979832759468766,3.3885882931628135,0.3780947696343662,15.26,15.28,14.1,14.7,0,3,1
259,1205740636,3,16,16,14,14,892,0.7671568627450981,0.23039215686274508,0.8489795918367347,0.1489795918367347,128,0.921875,0.140625,7.015625,0.443359375,1079,0.8888888888888888,0.017543859649122806,0.9545454545454546,0.008741258741258742,1818,0.7235515218188483,0.21397139713971397,3.5385038503850383,0.368949394939494,614,0.04669260700389105,0.6731517509727627,0.11294765840220386,0.38292011019283745,2041,0.5705944798301487,0.6972072513473787,3.3875551200391967,0.37845010615711244,15.26,15.3,14.1,14.72,0,2,2
260,1205740637,3,18,16,17,15,897,0.7677261613691931,0.22982885085574573,0.8481781376518218,0.14979757085020243,128,0.921875,0.140625,7.015625,0.443359375,1084,0.8891050583657587,0.017509727626459144,0.9548611111111112,0.008680555555555556,1823,0.7237611994880232,0.21393307734503567,3.5386725178277563,0.3687602852441032,616,0.046511627906976744,0.6744186046511628,0.11263736263736264,0.38186813186813184,2049,0.5722710265170002,0.6974133723767691,3.3865300146412882,0.3781926142833902,15.36,15.34,14.18,14.72,2,1,3
261,1205740638,3,15,15,14,14,899,0.7682926829268293,0.22926829268292684,0.8484848484848485,0.1494949494949495,128,0.921875,0.140625,7.015625,0.443359375,1086,0.8893203883495145,0.017475728155339806,0.9549393414211439,0.008665511265164644,1830,0.7244535519125681,0.21420765027322405,3.5437158469945356,0.3688524590163935,617,0.046511627906976744,0.6744186046511628,0.11232876712328767,0.3835616438356164,2060,0.5726132686084143,0.6970873786407767,3.3902912621359222,0.3781148867313915,15.46,15.32,14.24,14.7,0,1,1
262,1205740639,3,15,15,16,16,902,0.7688564476885644,0.22871046228710462,0.8490945674044266,0.1488933601609658,128,0.921875,0.140625,7.015625,0.443359375,1090,0.8875968992248062,0.01744186046511628,0.9551724137931035,0.008620689655172414,1835,0.7249318801089916,0.21416893732970027,3.542234332425068,0.3688010899182562,617,0.046511627906976744,0.6744186046511628,0.11232876712328767,0.3835616438356164,2069,0.572539068793298,0.6969550507491542,3.389076848719188,0.3779200902207185,15.48,15.38,14.24,14.7,0,-1,-1
263,1205740640,3,15,16,12,14,905,0.7675544794188862,0.23002421307506055,0.8493975903614458,0.14859437751004015,128,0.921875,0.140625,7.015625,0.443359375,1092,0.888030888030888,0.017374517374517374,0.9551724137931035,0.008620689655172414,1844,0.725189804772234,0.21366594360086769,3.537960954446855,0.3686279826464209,619,0.046153846153846156,0.676923076923077,0.11232876712328767,0.3835616438356164,2077,0.5727411330444552,0.6981222917669716,3.3895040924410207,0.37802920879473595,15.48,15.5,14.18,14.68,-1,3,1
264,1205740641,3,14,17,17,16,909,0.7662650602409639,0.23132530120481928,0.85,0.148,128,0.921875,0.140625,7.015625,0.443359375,1093,0.888030888030888,0.017374517374517374,0.955249569707401,0.008605851979345954,1854,0.7239751887810137,0.21359223300970873,3.535059331175836,0.368797195253506,623,0.04580152671755725,0.6717557251908397,0.11171662125340599,0.3869209809264305,2083,0.5730116818690991,0.6980316850696111,3.3927028324531925,0.3780204832773243,15.42,15.52,14.2,14.68,-3,-3,-2
265,1205740642,3,14,17,15,16,911,0.7662650602409639,0.23132530120481928,0.850597609561753,0.14741035856573706,128,0.921875,0.140625,7.015625,0.443359375,1096,0.8882466281310212,0.017341040462427744,0.9554030874785592,0.008576329331046312,1865,0.7240840035746199,0.21286863270777479,3.5324396782841823,0.3689008042895443,630,0.045454545454545456,0.6742424242424242,0.11021505376344086,0.3870967741935484,2088,0.5728368454661559,0.6987547892720306,3.393199233716475,0.3778336526181353,15.36,15.56,14.12,14.72,-3,-1,-2
266,1205740643,3,14,18,13,15,914,0.7644230769230769,0.23317307692307693,0.8492063492063492,0.1488095238095238,129,0.9224806201550387,0.13953488372093023,7.015503875968992,0.4418604651162791,1100,0.8886756238003839,0.01727447216890595,0.9555555555555556,0.008547008547008548,1873,0.7239277451503823,0.21302722904431393,3.534436732514682,0.3686599038974907,630,0.045454545454545456,0.6742424242424242,0.11021505376344086,0.3870967741935484,2099,0.5724551373670003,0.698427822772749,3.3944735588375416,0.377640146101318,15.34,15.62,14.06,14.74,-4,1,-1
267,1205740644,3,16,14,14,14,918,0.7655502392344498,0.23205741626794257,0.8478260869565217,0.15019762845849802,130,0.9192307692307692,0.14615384615384616,7.015384615384615,0.4423076923076923,1102,0.8888888888888888,0.017241379310344827,0.9556313993174061,0.008532423208191127,1881,0.7237728158780787,0.21371610845295055,3.5385433280170124,0.36855396065922386,634,0.045283018867924525,0.6716981132075471,0.10933333333333334,0.3893333333333333,2104,0.5729958808618505,0.6991444866920152,3.3968631178707223,0.37733681875792136,15.34,15.58,14.04,14.7,2,2,2
268,1205740645,3,17,15,15,15,921,0.7666666666666667,0.23095238095238096,0.8481262327416174,0.14990138067061143,131,0.9198473282442748,0.1450381679389313,7.015267175572519,0.44274809160305345,1106,0.8893129770992366,0.01717557251908397,0.95578231292517,0.008503401360544218,1888,0.7232079802259884,0.21398305084745764,3.5370762711864407,0.36824682203389836,635,0.045112781954887216,0.6729323308270677,0.10933333333333334,0.3893333333333333,2113,0.5729215964663197,0.6985328916232845,3.3965925224798865,0.3773860230320239,15.34,15.54,14.08,14.7,2,2,2
269,1205740646,3,16,15,10,13,923,0.7672209026128266,0.23040380047505937,0.8484251968503937,0.14960629921259844,132,0.9204545454545454,0.14393939393939395,7.015151515151516,0.4412878787878788,1112,0.8897338403041825,0.017110266159695818,0.956081081081081,0.008445945945945946,1894,0.722764871524111,0.21488912354804646,3.5390707497360085,0.3682682154171067,639,0.0449438202247191,0.6704119850187266,0.10846560846560846,0.3862433862433862,2118,0.5729855209316966,0.6978281397544853,3.3994334277620397,0.3770853005980484,15.32,15.56,13.98,14.68,1,6,3
270,1205740647,3,15,15,14,13,925,0.7672209026128266,0.23040380047505937,0.8490196078431372,0.14901960784313725,132,0.9204545454545454,0.14393939393939395,7.015151515151516,0.4412878787878788,1116,0.8903591682419659,0.017013232514177693,0.9561551433389545,0.008431703204047217,1902,0.7231423063441987,0.21398527865404837,3.5394321766561516,0.36816508937960046,639,0.0449438202247191,0.6704119850187266,0.10846560846560846,0.3862433862433862,2126,0.5722405142677957,0.6975540921919097,3.3993414863593605,0.3770774537472561,15.32,15.52,13.94,14.62,0,1,2
271,1205740648,3,15,15,15,17,926,0.7677725118483413,0.22985781990521326,0.8490196078431372,0.14901960784313725,132,0.9204545454545454,0.14393939393939395,7.015151515151516,0.4412878787878788,1119,0.8905660377358491,0.016981132075471698,0.9563025210084034,0.008403361344537815,1910,0.7243019197207675,0.2130890052356021,3.5371727748691097,0.36806282722513095,641,0.0449438202247191,0.6704119850187266,0.11052631578947368,0.38421052631578945,2135,0.5714676034348166,0.697423887587822,3.397658079625293,0.37701014832162366,15.28,15.54,13.94,14.7,0,0,-2
272,1205740649,3,13,14,12,14,930,0.7688679245283019,0.22877358490566038,0.84765625,0.150390625,132,0.9204545454545454,0.14393939393939395,7.015151515151516,0.4412878787878788,1124,0.8890977443609023,0.016917293233082706,0.9565217391304348,0.008361204013377926,1917,0.7245261693618498,0.21283255086071987,3.5362545644235786,0.36789254042775177,644,0.04460966542750929,0.6728624535315985,0.11023622047244094,0.38320209973753283,2142,0.5716230936819172,0.6970121381886087,3.396358543417367,0.3770619358854652,15.22,15.48,13.88,14.72,-1,1,-1
273,1205740650,3,15,14,12,15,932,0.7670588235294118,0.23058823529411765,0.847953216374269,0.15009746588693956,133,0.9210526315789473,0.14285714285714285,7.015037593984962,0.4417293233082707,1128,0.8895131086142322,0.016853932584269662,0.9566666666666667,0.008333333333333333,1926,0.7242557978539284,0.21339563862928349,3.5373831775700935,0.3681204569055037,647,0.044444444444444446,0.674074074074074,0.10966057441253264,0.381201044386423,2149,0.571855126415387,0.6961377384830154,3.397859469520707,0.37676438653637345,15.24,15.48,13.84,14.76,1,3,0
274,1205740651,3,16,16,12,13,937,0.7686915887850467,0.22897196261682243,0.8485436893203884,0.14951456310679612,135,0.9222222222222223,0.14074074074074075,7.014814814814815,0.44074074074074077,1134,0.8897196261682243,0.016822429906542057,0.9570247933884297,0.008264462809917356,1931,0.7241066804764368,0.21387881926462973,3.53909891248058,0.3682030036250648,651,0.04428044280442804,0.6715867158671587,0.11139896373056994,0.37823834196891193,2155,0.5718870843000774,0.6960556844547564,3.3962877030162413,0.37675947409126054,15.22,15.52,13.78,14.74,0,4,3
275,1205740652,3,17,18,13,15,943,0.7697674418604651,0.22790697674418606,0.8477842003853564,0.15028901734104047,135,0.9222222222222223,0.14074074074074075,7.014814814814815,0.44074074074074077,1139,0.8901303538175046,0.01675977653631285,0.9572368421052632,0.008223684210526315,1939,0.724729241877256,0.21351211964930378,3.5368746776689015,0.36861784424961325,652,0.04428044280442804,0.6715867158671587,0.1111111111111111,0.3772609819121447,2161,0.571918864723122,0.6964368347987043,3.3947246645071725,0.3768702761067406,15.26,15.54,13.72,14.74,-1,4,2
276,1205740653,3,17,15,13,14,946,0.7685185185185185,0.22916666666666666,0.8480769230769231,0.15,136,0.9227941176470589,0.13970588235294118,7.014705882352941,0.4411764705882353,1147,0.8909426987060998,0.0166358595194085,0.9575163398692811,0.008169934640522876,1943,0.7245239320638185,0.21410190427174472,3.537313432835821,0.36863098301595476,653,0.04428044280442804,0.6715867158671587,0.11082474226804123,0.3788659793814433,2170,0.5717741935483871,0.6953917050691244,3.394930875576037,0.37703533026113667,15.32,15.6,13.68,14.74,2,4,3
277,1205740654,3,15,16,16,14,947,0.76905311778291,0.22863741339491916,0.8480769230769231,0.15,136,0.9227941176470589,0.13970588235294118,7.014705882352941,0.4411764705882353,1149,0.8909426987060998,0.0166358595194085,0.9576547231270358,0.008143322475570033,1952,0.7246840846994531,0.2151639344262295,3.536372950819672,0.3685963114754099,655,0.04395604395604396,0.6703296703296703,0.11082474226804123,0.3788659793814433,2179,0.5714777420835245,0.695273061037173,3.393299678751721,0.3767400948447299,15.3,15.64,13.7,14.74,-1,-1,1
278,1205740655,3,16,16,13,13,952,0.767816091954023,0.22988505747126436,0.8489483747609943,0.1491395793499044,137,0.9233576642335767,0.1386861313868613,7.014598540145985,0.4397810218978102,1152,0.8913443830570903,0.016574585635359115,0.9577235772357724,0.008130081300813009,1962,0.7240485898742776,0.2166156982670744,3.5351681957186543,0.36888379204892974,657,0.043795620437956206,0.6678832116788321,0.11053984575835475,0.37789203084832906,2185,0.5715102974828375,0.6947368421052632,3.3931350114416476,0.3766209000762776,15.32,15.66,13.66,14.7,0,3,3
279,1205740656,3,14,17,16,14,956,0.7688787185354691,0.2288329519450801,0.8476190476190476,0.15047619047619049,137,0.9233576642335767,0.1386861313868613,7.014598540145985,0.4397810218978102,1156,0.8915441176470589,0.016544117647058824,0.9579288025889967,0.008090614886731391,1971,0.724801285303568,0.21562658548959918,3.5332318619989853,0.36863690174192465,662,0.04332129963898917,0.6678700361010831,0.10997442455242967,0.38107416879795397,2190,0.5708904109589041,0.6954337899543379,3.3926940639269407,0.3764459665144596,15.32,15.68,13.72,14.64,-3,-2,0
280,1205740657,3,14,15,13,16,959,0.769406392694064,0.228310502283105,0.8481973434535104,0.14990512333965844,137,0.9233576642335767,0.1386861313868613,7.014598540145985,0.4397810218978102,1158,0.8915441176470589,0.016544117647058824,0.9580645161290322,0.008064516129032258,1982,0.7235536495122767,0.21493440968718466,3.532290615539859,0.36898755465859406,666,0.04285714285714286,0.6678571428571428,0.1096938775510204,0.38010204081632654,2196,0.5709244080145719,0.6958105646630237,3.3948087431693987,0.37632817243472977,15.28,15.68,13.7,14.72,-1,1,-2
281,1205740658,3,15,16,15,14,964,0.7709750566893424,0.22675736961451248,0.8487712665406427,0.14933837429111532,137,0.9233576642335767,0.1386861313868613,7.014598540145985,0.4397810218978102,1160,0.8915441176470589,0.016544117647058824,0.9581993569131833,0.008038585209003215,1988,0.7228789403085174,0.2152917505030181,3.533199195171026,0.3691314553990611,670,0.0425531914893617,0.6666666666666666,0.10913705583756345,0.383248730964467,2206,0.5701495920217589,0.6958295557570263,3.3930190389845873,0.3767754608643094,15.34,15.74,13.72,14.76,-1,0,1
282,1205740659,3,15,11,14,13,971,0.7680180180180181,0.22972972972972974,0.849906191369606,0.14821763602251406,137,0.9233576642335767,0.1386861313868613,7.014598540145985,0.4397810218978102,1163,0.8901098901098901,0.016483516483516484,0.9582664526484751,0.008025682182985553,1996,0.7224866399465594,0.2154308617234469,3.5390781563126255,0.36902972611890456,674,0.0425531914893617,0.6666666666666666,0.10804020100502512,0.3844221105527638,2211,0.5693125282677521,0.6951605608322027,3.3943916779737675,0.37716719433137336,15.3,15.64,13.66,14.72,4,1,2
283,1205740660,3,14,15,13,14,974,0.7685393258426966,0.2292134831460674,0.8504672897196262,0.14766355140186915,137,0.9233576642335767,0.1386861313868613,7.014598540145985,0.4397810218978102,1168,0.8907103825136612,0.01639344262295082,0.9584,0.008,2004,0.7223469727212238,0.2155688622754491,3.5434131736526946,0.368845642049235,677,0.04225352112676056,0.6690140845070423,0.10776942355889724,0.38345864661654133,2218,0.5697700631199278,0.6952209197475203,3.3976555455365194,0.37687856928163505,15.24,15.6,13.66,14.68,-1,1,0
284,1205740661,3,14,16,13,13,976,0.7690582959641256,0.22869955156950672,0.8507462686567164,0.14738805970149255,138,0.9239130434782609,0.13768115942028986,7.0144927536231885,0.44021739130434784,1174,0.8894927536231884,0.016304347826086956,0.9585987261146497,0.007961783439490446,2011,0.7224846676611963,0.21680755842864247,3.5395325708602687,0.3691778551301178,684,0.04152249134948097,0.6643598615916955,0.10723192019950124,0.38154613466334164,2222,0.5700945094509451,0.6953195319531953,3.3991899189918993,0.37665016501650156,15.18,15.58,13.64,14.66,-2,1,1
285,1205740662,3,15,15,16,15,979,0.7690582959641256,0.22869955156950672,0.8515769944341373,0.14656771799628943,138,0.9239130434782609,0.13768115942028986,7.0144927536231885,0.44021739130434784,1177,0.8896925858951176,0.0162748643761302,0.9587301587301588,0.007936507936507936,2016,0.7229249338624334,0.21676587301587302,3.5386904761904763,0.36900628306878314,685,0.041379310344827586,0.6655172413793103,0.10723192019950124,0.38154613466334164,2232,0.5704525089605734,0.6944444444444444,3.3969534050179213,0.37675477897252085,15.18,15.52,13.7,14.64,0,-1,0
286,1205740663,3,16,17,15,14,982,0.7695749440715883,0.22818791946308725,0.8521256931608133,0.14602587800369685,139,0.9244604316546763,0.1366906474820144,7.014388489208633,0.44064748201438847,1182,0.8900900900900901,0.016216216216216217,0.957345971563981,0.007898894154818325,2022,0.7230052753049782,0.2176063303659743,3.536597428288823,0.3689004286185296,687,0.0410958904109589,0.6643835616438356,0.10723192019950124,0.38154613466334164,2239,0.5706788744975435,0.6936132201875838,3.394819115676641,0.3768051213339288,15.22,15.6,13.74,14.64,-1,1,2
287,1205740664,3,18,16,11,14,985,0.7706013363028953,0.22717149220489977,0.8523985239852399,0.14575645756457564,140,0.925,0.1357142857142857,7.014285714285714,0.44285714285714284,1186,0.8902877697841727,0.01618705035971223,0.9575471698113207,0.007861635220125786,2028,0.7238247863247859,0.21745562130177515,3.535502958579882,0.3686719263642341,689,0.0410958904109589,0.6643835616438356,0.10669975186104218,0.38213399503722084,2247,0.569537160658656,0.6947040498442367,3.392523364485981,0.3769099540127577,15.28,15.58,13.68,14.62,2,7,4
288,1205740665,3,16,15,16,15,989,0.7711111111111111,0.22666666666666666,0.8532110091743119,0.14495412844036698,140,0.925,0.1357142857142857,7.014285714285714,0.44285714285714284,1189,0.8904847396768402,0.01615798922800718,0.957680250783699,0.007836990595611285,2036,0.7241732154551404,0.21709233791748528,3.5373280943025542,0.36881958087753774,692,0.040955631399317405,0.6655290102389079,0.10864197530864197,0.3802469135802469,2254,0.570430346051464,0.6947648624667259,3.3926353149955633,0.376737651582372,15.32,15.6,13.7,14.62,1,0,1
289,1205740666,3,12,15,13,12,994,0.7676991150442478,0.23008849557522124,0.8521897810218978,0.145985401459854,141,0.925531914893617,0.1347517730496454,7.01418439716312,0.44148936170212766,1191,0.8904847396768402,0.01615798922800718,0.9578125,0.0078125,2046,0.724136526555881,0.21652003910068426,3.538123167155425,0.36864613880742925,696,0.04067796610169491,0.6677966101694915,0.10810810810810811,0.3783783783783784,2259,0.5711598052235503,0.6936697653829128,3.3939796370075253,0.37689980817470853,15.28,15.6,13.66,14.56,-3,-1,0
290,1205740667,3,15,16,14,13,999,0.7682119205298014,0.22958057395143489,0.8514492753623188,0.14673913043478262,141,0.925531914893617,0.1347517730496454,7.01418439716312,0.44148936170212766,1197,0.8892857142857142,0.01607142857142857,0.9580093312597201,0.007776049766718507,2051,0.7243214692020149,0.21647976596782056,3.538761579717211,0.36860068259385675,697,0.04067796610169491,0.6677966101694915,0.10784313725490197,0.3799019607843137,2268,0.5712448559670782,0.6935626102292769,3.394179894179894,0.376873897707231,15.3,15.64,13.72,14.54,-1,1,2
291,1205740668,3,14,16,12,16,1001,0.7687224669603524,0.2290748898678414,0.8517179023508138,0.14647377938517178,141,0.925531914893617,0.1347517730496454,7.01418439716312,0.44148936170212766,1199,0.8894830659536542,0.016042780748663103,0.9580745341614907,0.007763975155279503,2058,0.7240443796566242,0.21720116618075802,3.5379008746355685,0.3685617103984452,697,0.04067796610169491,0.6677966101694915,0.10784313725490197,0.3799019607843137,2278,0.5702736318407959,0.6949078138718174,3.3950834064969273,0.3766461808604038,15.24,15.6,13.72,14.54,-2,2,-2
292,1205740669,3,16,14,14,12,1005,0.7680525164113785,0.22975929978118162,0.851985559566787,0.14620938628158844,141,0.925531914893617,0.1347517730496454,7.01418439716312,0.44148936170212766,1206,0.8898756660746003,0.015985790408525755,0.9583975346687211,0.007704160246533128,2061,0.724446061782306,0.21688500727802038,3.5385735080058223,0.36838913148956826,698,0.04054054054054054,0.668918918918919,0.10784313725490197,0.3799019607843137,2288,0.5697479603729604,0.6949300699300699,3.3933566433566433,0.3767482517482517,15.24,15.5,13.74,14.4,2,2,4
293,1205740670,3,17,17,16,15,1008,0.7685589519650655,0.2292576419213974,0.8525179856115108,0.14568345323741008,141,0.925531914893617,0.1347517730496454,7.01418439716312,0.44148936170212766,1211,0.8902654867256637,0.01592920353982301,0.9585889570552147,0.007668711656441718,2067,0.7250846637639087,0.216255442670537,3.5379777455249153,0.36828737300435427,700,0.04054054054054054,0.668918918918919,0.1073170731707317,0.3804878048780488,2296,0.5697227061556329,0.6955574912891986,3.393292682926829,0.3768510452961672,15.26,15.52,13.76,14.42,0,1,2
294,1205740671,3,16,16,12,10,1010,0.7690631808278867,0.22875816993464052,0.8527827648114902,0.14542190305206462,141,0.925531914893617,0.1347517730496454,7.01418439716312,0.44148936170212766,1213,0.8886925795053003,0.015901060070671377,0.9586523736600306,0.007656967840735069,2073,0.7245135873934714,0.21562952243125905,3.5393150024119633,0.3684273999035216,702,0.04054054054054054,0.668918918918919,0.10922330097087378,0.38106796116504854,2307,0.570401676058373,0.6957087126137841,3.3940182054616383,0.3765713047247507,15.32,15.6,13.76,14.38,0,4,6
295,1205740672,3,17,17,12,16,1012,0.7695652173913043,0.22826086956521738,0.8530465949820788,0.14516129032258066,141,0.925531914893617,0.1347517730496454,7.01418439716312,0.44148936170212766,1217,0.8890845070422535,0.01584507042253521,0.9587786259541985,0.007633587786259542,2079,0.7250681417348082,0.21548821548821548,3.537277537277537,0.36832611832611845,702,0.04054054054054054,0.668918918918919,0.10922330097087378,0.38106796116504854,2316,0.5701280944156591,0.6955958549222798,3.395077720207254,0.3766191709844559,15.34,15.66,13.74,14.46,0,5,1
296,1205740673,3,16,17,11,14,1013,0.7700650759219089,0.227765726681128,0.8530465949820788,0.14516129032258066,142,0.926056338028169,0.13380281690140844,7.014084507042254,0.44014084507042256,1221,0.8894736842105263,0.015789473684210527,0.958904109589041,0.0076103500761035,2086,0.7252716522850748,0.2162032598274209,3.535953978906999,0.36828859060402697,705,0.040268456375838924,0.6677852348993288,0.1089588377723971,0.3801452784503632,2323,0.5701320132013201,0.6956521739130435,3.394317692638829,0.37634524321997415,15.32,15.7,13.64,14.42,-1,5,2
297,1205740674,3,14,15,11,16,1019,0.7688984881209503,0.22894168466522677,0.8523131672597865,0.14590747330960854,143,0.9265734265734266,0.13286713286713286,7.013986013986014,0.4405594405594406,1225,0.8896672504378283,0.01576182136602452,0.9590909090909091,0.007575757575757576,2096,0.7246739821882949,0.21660305343511452,3.531965648854962,0.3680820610687024,710,0.04,0.6633333333333333,0.11057692307692307,0.3798076923076923,2327,0.5704411975361695,0.6948861194671251,3.3962183068328318,0.3764503652771809,15.34,15.7,13.6,14.48,-1,3,-2
298,1205740675,3,15,17,16,14,1023,0.7698924731182796,0.22795698924731184,0.8528368794326241,0.1453900709219858,144,0.9270833333333334,0.13194444444444445,7.013888888888889,0.4409722222222222,1230,0.8885017421602788,0.0156794425087108,0.959214501510574,0.0075528700906344415,2103,0.7241638928514817,0.21683309557774608,3.5316214931050878,0.36792677127912515,711,0.04318936877076412,0.6611295681063123,0.11057692307692307,0.3798076923076923,2336,0.5708119292237442,0.694777397260274,3.39597602739726,0.37656963470319627,15.34,15.74,13.7,14.5,-2,-1,1
299,1205740676,3,16,16,14,17,1028,0.7687366167023555,0.2291220556745182,0.8518518518518519,0.14638447971781304,145,0.9275862068965517,0.1310344827586207,7.0137931034482754,0.44310344827586207,1233,0.8888888888888888,0.015625,0.9592760180995475,0.007541478129713424,2109,0.7230519993677885,0.21716453295400664,3.5286865813181603,0.36782835467046004,712,0.04304635761589404,0.6622516556291391,0.11057692307692307,0.3798076923076923,2346,0.5700838306337027,0.6956521739130435,3.395566922421142,0.3764563796533105,15.34,15.7,13.68,14.54,0,2,-1
300,1205740677,3,13,16,16,14,1034,0.7692307692307693,0.22863247863247863,0.8479020979020979,0.15034965034965034,146,0.928082191780822,0.13013698630136986,7.013698630136986,0.4417808219178082,1236,0.8877374784110535,0.015544041450777202,0.9592760180995475,0.007541478129713424,2117,0.722760195244843,0.2172886159659896,3.5304676428908834,0.3678554558337271,716,0.04304635761589404,0.6622516556291391,0.10952380952380952,0.37857142857142856,2354,0.5700580572075898,0.6954120645709431,3.3946474086661,0.37645143018974786,15.28,15.66,13.74,14.48,-3,-3,-1
301,1205740678,3,13,16,13,15,1037,0.7697228144989339,0.2281449893390192,0.8466898954703833,0.15156794425087108,146,0.928082191780822,0.13013698630136986,7.013698630136986,0.4417808219178082,1241,0.8864027538726333,0.01549053356282272,0.9594594594594594,0.0075075075075075074,2126,0.7224443399184695,0.21636876763875823,3.528222013170273,0.3680620884289747,719,0.04304635761589404,0.6622516556291391,0.10874704491725769,0.3806146572104019,2361,0.569426796555132,0.6958915713680643,3.3951715374841167,0.3761824085839333,15.24,15.7,13.76,14.5,-3,0,-2
302,1205740679,3,14,15,13,16,1039,0.7702127659574468,0.2276595744680851,0.8469565217391304,0.15130434782608695,146,0.928082191780822,0.13013698630136986,7.013698630136986,0.4417808219178082,1246,0.8867924528301887,0.015437392795883362,0.9596412556053812,0.007473841554559043,2134,0.7217666354264289,0.21649484536082475,3.526241799437676,0.36820524835988766,723,0.04276315789473684,0.6644736842105263,0.10823529411764705,0.3811764705882353,2369,0.569614464612354,0.6964964119881807,3.3959476572393417,0.37607288588715343,15.22,15.68,13.72,14.48,-1,1,-2
303,1205740680,3,12,10,14,15,1041,0.7669491525423728,0.2309322033898305,0.8469565217391304,0.15130434782608695,147,0.9285714285714286,0.1292517006802721,7.01360544217687,0.44047619047619047,1248,0.886986301369863,0.015410958904109588,0.9597014925373134,0.007462686567164179,2145,0.7215617715617713,0.21724941724941724,3.5244755244755246,0.36783216783216793,726,0.042483660130718956,0.6633986928104575,0.11032863849765258,0.38028169014084506,2378,0.5691407345107933,0.6959629941126998,3.3990748528174937,0.37580599943930465,15.14,15.58,13.72,14.52,2,-2,-3
304,1205740681,3,11,14,13,15,1045,0.7679324894514767,0.229957805907173,0.8457538994800693,0.15251299826689774,147,0.9285714285714286,0.1292517006802721,7.01360544217687,0.44047619047619047,1250,0.8854700854700854,0.015384615384615385,0.9597615499254843,0.007451564828614009,2156,0.7211270871985155,0.21799628942486085,3.532931354359926,0.3676948051948053,731,0.045307443365695796,0.6634304207119741,0.10981308411214953,0.37850467289719625,2382,0.5696543520850825,0.6964735516372796,3.403022670025189,0.3758046459557794,15.08,15.56,13.74,14.52,-3,-2,-4
305,1205740682,3,15,16,13,15,1051,0.7693920335429769,0.22851153039832284,0.8448275862068966,0.15344827586206897,147,0.9285714285714286,0.1292517006802721,7.01360544217687,0.44047619047619047,1254,0.8860544217687075,0.015306122448979591,0.9598214285714286,0.00744047619047619,2161,0.7215409532623782,0.21749190189726977,3.5321610365571496,0.368000925497455,733,0.04501607717041801,0.6655948553054662,0.10981308411214953,0.37850467289719625,2391,0.5702286351596263,0.6971978251777499,3.401087411125052,0.37564477903248283,15.06,15.54,13.72,14.48,-1,2,0
306,1205740683,3,15,16,13,13,1056,0.7682672233820459,0.22964509394572025,0.8456260720411664,0.15265866209262435,148,0.9290540540540541,0.12837837837837837,7.013513513513513,0.4391891891891892,1257,0.8866328257191202,0.015228426395939087,0.9598214285714286,0.00744047619047619,2167,0.7220812182741113,0.2178126442085833,3.5297646515920627,0.368020304568528,736,0.04472843450479233,0.6645367412140575,0.10955710955710955,0.3776223776223776,2398,0.5706491520711704,0.6976647206005004,3.402418682235196,0.37559077008618286,15.08,15.56,13.72,14.4,-1,2,2
307,1205740684,3,13,14,13,14,1060,0.7682672233820459,0.22964509394572025,0.8466780238500852,0.151618398637138,149,0.9295302013422819,0.12751677852348994,7.0134228187919465,0.43791946308724833,1259,0.8866328257191202,0.015228426395939087,0.9599406528189911,0.00741839762611276,2175,0.7226436781609192,0.21747126436781608,3.5282758620689654,0.3680459770114944,743,0.04746835443037975,0.6582278481012658,0.10854503464203233,0.3810623556581986,2404,0.5700568496949527,0.6975873544093179,3.401414309484193,0.3757972823072656,15.02,15.52,13.72,14.4,-1,0,-1
308,1205740685,3,15,15,16,15,1064,0.76875,0.22916666666666666,0.8457627118644068,0.15254237288135594,150,0.93,0.12666666666666668,7.013333333333334,0.43833333333333335,1264,0.8851351351351351,0.016891891891891893,0.9601769911504425,0.007374631268436578,2181,0.7234066941769827,0.2173314993122421,3.5263640531866116,0.3677212287941312,744,0.04746835443037975,0.6582278481012658,0.10829493087557604,0.3824884792626728,2412,0.570308181315644,0.697346600331675,3.398839137645108,0.3758982863460475,14.98,15.48,13.76,14.38,0,-1,0
309,1205740686,3,17,17,13,15,1068,0.7697095435684648,0.22821576763485477,0.8462837837837838,0.15202702702702703,151,0.9304635761589404,0.12582781456953643,7.013245033112582,0.44039735099337746,1269,0.8853288364249579,0.016863406408094434,0.9604105571847508,0.007331378299120235,2188,0.723148994515539,0.21755027422303475,3.5283363802559413,0.3677254722730044,746,0.0473186119873817,0.6593059936908517,0.10804597701149425,0.3816091954022989,2420,0.5706955922865014,0.6962809917355371,3.3979338842975206,0.3756887052341597,15.0,15.5,13.74,14.4,0,4,2
310,1205740687,3,16,16,16,12,1071,0.7701863354037267,0.2277432712215321,0.8468013468013468,0.15151515151515152,152,0.930921052631579,0.125,7.0131578947368425,0.44243421052631576,1270,0.8855218855218855,0.016835016835016835,0.9604105571847508,0.007331378299120235,2196,0.7219565877352759,0.21812386156648453,3.5264116575591986,0.3677519732847603,751,0.047021943573667714,0.6551724137931034,0.1095890410958904,0.3812785388127854,2427,0.5706290344732866,0.696332921302019,3.3984342810053563,0.3758412306001922,14.96,15.5,13.72,14.34,0,0,4
311,1205740688,3,14,18,15,14,1075,0.7690721649484537,0.2288659793814433,0.8456375838926175,0.15268456375838926,152,0.930921052631579,0.125,7.0131578947368425,0.44243421052631576,1275,0.8844221105527639,0.01675041876046901,0.9590643274853801,0.008771929824561403,2204,0.7216046581972169,0.2191470054446461,3.5235934664246824,0.36755142165759236,753,0.046875,0.653125,0.10933940774487472,0.3826879271070615,2435,0.5699863107460643,0.6965092402464066,3.4012320328542094,0.37573579739904167,14.94,15.56,13.74,14.34,-4,-1,0
312,1205740689,3,15,16,14,14,1077,0.7690721649484537,0.2288659793814433,0.8444816053511706,0.15384615384615385,152,0.930921052631579,0.125,7.0131578947368425,0.44243421052631576,1278,0.8848080133555927,0.01669449081803005,0.9591240875912409,0.008759124087591242,2214,0.7219587473652511,0.21906052393857273,3.5266485998193313,0.3673968684131287,756,0.046583850931677016,0.6521739130434783,0.10909090909090909,0.38181818181818183,2443,0.5691431300313822,0.6962750716332379,3.400327466230045,0.3756310547141492,14.94,15.58,13.7,14.3,-1,1,1
313,1205740690,3,16,16,10,17,1079,0.7695473251028807,0.22839506172839505,0.8447412353923205,0.15358931552587646,153,0.9313725490196079,0.12418300653594772,7.0130718954248366,0.4444444444444444,1285,0.8851913477537438,0.016638935108153077,0.9594202898550724,0.008695652173913044,2219,0.7221345951629861,0.2199188823794502,3.526813880126183,0.3673576686194984,760,0.046296296296296294,0.6512345679012346,0.1085972850678733,0.38009049773755654,2451,0.5683054535563715,0.6960424316605467,3.400652794777642,0.3756289949680402,14.96,15.58,13.66,14.36,0,6,-1
314,1205740691,3,15,10,17,14,1080,0.7700205338809035,0.22792607802874743,0.8447412353923205,0.15358931552587646,153,0.9313725490196079,0.12418300653594772,7.0130718954248366,0.4444444444444444,1286,0.8851913477537438,0.016638935108153077,0.959479015918958,0.008683068017366137,2227,0.7224592126927104,0.2191288729232151,3.5240233497979343,0.36716060469989537,762,0.046296296296296294,0.6512345679012346,0.10810810810810811,0.38063063063063063,2460,0.5684620596205961,0.6967479674796748,3.399186991869919,0.37567750677506767,14.98,15.44,13.66,14.32,5,-2,1
315,1205740692,3,14,17,14,14,1083,0.7709611451942741,0.22699386503067484,0.845,0.15333333333333332,154,0.9318181818181818,0.12337662337662338,7.012987012987013,0.4431818181818182,1289,0.8839137645107794,0.01658374792703151,0.9595375722543352,0.008670520231213872,2235,0.7226323639075315,0.2196868008948546,3.5208053691275167,0.3673005219985087,768,0.045871559633027525,0.6513761467889908,0.10738255033557047,0.38031319910514544,2465,0.568526031102096,0.6969574036511156,3.400811359026369,0.37562542258282616,14.98,15.44,13.64,14.28,-3,0,0
316,1205740693,3,17,17,15,17,1087,0.769857433808554,0.22810590631364563,0.845514950166113,0.15282392026578073,154,0.9318181818181818,0.12337662337662338,7.012987012987013,0.4431818181818182,1293,0.8841059602649006,0.016556291390728478,0.9597122302158273,0.008633093525179856,2243,0.7231758062119183,0.21934908604547482,3.521176995095854,0.3672165254866995,769,0.045871559633027525,0.6513761467889908,0.10714285714285714,0.38169642857142855,2472,0.5681297195253505,0.6974110032362459,3.400485436893204,0.37537081984897513,15.04,15.42,13.68,14.32,0,2,0
317,1205740694,3,16,15,12,15,1087,0.769857433808554,0.22810590631364563,0.845514950166113,0.15282392026578073,154,0.9318181818181818,0.12337662337662338,7.012987012987013,0.4431818181818182,1297,0.8844884488448845,0.0165016501650165,0.9598278335724534,0.00860832137733142,2251,0.7234932622538128,0.2190137716570413,3.5237672145713015,0.3670590848511774,770,0.045871559633027525,0.6513761467889908,0.10690423162583519,0.3830734966592428,2481,0.5676810425903533,0.6977025392986699,3.4018540910923014,0.3752183259438398,15.04,15.44,13.64,14.34,1,4,1
318,1205740695,3,17,13,14,14,1090,0.7703252032520326,0.22764227642276422,0.8443708609271523,0.15397350993377484,154,0.9318181818181818,0.12337662337662338,7.012987012987013,0.4431818181818182,1302,0.8846787479406919,0.016474464579901153,0.9600570613409415,0.008559201141226819,2259,0.7229231223255125,0.2182381584772023,3.525453740593183,0.36741921204072614,772,0.045871559633027525,0.6513761467889908,0.10864745011086474,0.38137472283813745,2488,0.5679930332261521,0.6985530546623794,3.402331189710611,0.37526795284030007,15.04,15.4,13.62,14.32,4,3,3
319,1205740696,3,19,6,13,13,1098,0.77079107505071,0.22718052738336714,0.8461538461538461,0.15220949263502456,154,0.9318181818181818,0.12337662337662338,7.012987012987013,0.4431818181818182,1305,0.8848684210526315,0.01644736842105263,0.9601706970128022,0.008534850640113799,2263,0.7234128737663865,0.21829429960229785,3.527176314626602,0.3673221387538667,772,0.045871559633027525,0.6513761467889908,0.10864745011086474,0.38137472283813745,2498,0.5681211635975446,0.6981585268214572,3.399919935948759,0.375166800106752,15.1,15.22,13.68,14.32,13,6,6
320,1205740697,3,16,14,16,13,1102,0.771255060728745,0.22672064777327935,0.8469055374592834,0.15146579804560262,155,0.932258064516129,0.12258064516129032,7.012903225806451,0.44193548387096776,1309,0.8852459016393442,0.01639344262295082,0.9588652482269504,0.00851063829787234,2271,0.723946866285043,0.21796565389696168,3.528841919859093,0.3669088507265523,775,0.045871559633027525,0.6513761467889908,0.10792951541850221,0.3832599118942731,2504,0.5680910543130989,0.6980830670926518,3.40055910543131,0.3752662406815761,15.12,15.2,13.72,14.32,2,0,3
321,1205740698,3,11,17,14,15,1104,0.771255060728745,0.22672064777327935,0.8474025974025974,0.15097402597402598,155,0.932258064516129,0.12258064516129032,7.012903225806451,0.44193548387096776,1311,0.88379705400982,0.01800327332242226,0.9589235127478754,0.0084985835694051,2280,0.7240131578947366,0.21842105263157896,3.5359649122807015,0.36765350877193,780,0.04573170731707317,0.6524390243902439,0.11135371179039301,0.3799126637554585,2510,0.5671978751660026,0.697609561752988,3.405179282868526,0.37526560424966793,15.04,15.24,13.7,14.28,-6,-3,-4
322,1205740699,3,16,16,15,12,1108,0.7721774193548387,0.22580645161290322,0.8462783171521036,0.15210355987055016,156,0.9326923076923077,0.12179487179487179,7.012820512820513,0.4407051282051282,1318,0.8843648208469055,0.017915309446254073,0.9591549295774648,0.008450704225352112,2284,0.7244964973730296,0.21847635726795098,3.536339754816112,0.36744746059544675,780,0.04573170731707317,0.6524390243902439,0.11135371179039301,0.3799126637554585,2519,0.5671562789466719,0.6967050416832076,3.4049225883287018,0.37521503242027254,15.1,15.28,13.76,14.24,0,1,4
323,1205740700,3,12,16,13,15,1108,0.7721774193548387,0.22580645161290322,0.8462783171521036,0.15210355987055016,156,0.9326923076923077,0.12179487179487179,7.012820512820513,0.4407051282051282,1321,0.8831168831168831,0.017857142857142856,0.9578059071729957,0.008438818565400843,2299,0.7241191822531533,0.21966072205306655,3.537625054371466,0.3673336233144847,787,0.04833836858006042,0.649546827794562,0.11038961038961038,0.38095238095238093,2522,0.5674729051017711,0.697065820777161,3.4056304520222045,0.3751652127940787,15.04,15.32,13.78,14.24,-4,-1,-3
324,1205740701,3,16,16,13,15,1112,0.772635814889336,0.22535211267605634,0.8470209339774557,0.15136876006441224,156,0.9326923076923077,0.12179487179487179,7.012820512820513,0.4407051282051282,1324,0.883495145631068,0.01779935275080906,0.9578651685393258,0.008426966292134831,2307,0.7248591244039877,0.21889900303424362,3.5361941915908104,0.36736020806241887,791,0.04833836858006042,0.649546827794562,0.10944206008583691,0.38197424892703863,2529,0.5676815605641228,0.697113483590352,3.4045077105575325,0.37531303545538414,15.04,15.32,13.8,14.28,0,3,1
325,1205740702,3,17,14,12,16,1119,0.774,0.224,0.848,0.1504,157,0.9331210191082803,0.12101910828025478,7.012738853503185,0.4410828025477707,1331,0.884430176565008,0.01765650080256822,0.957983193277311,0.008403361344537815,2310,0.7249999999999998,0.21861471861471862,3.535930735930736,0.3673160173160175,793,0.04833836858006042,0.649546827794562,0.10897435897435898,0.3803418803418803,2536,0.5682833859095688,0.6971608832807571,3.403391167192429,0.37506572029442686,15.04,15.24,13.78,14.3,3,5,1
326,1205740703,3,17,17,13,15,1122,0.774,0.224,0.8487261146496815,0.14968152866242038,157,0.9331210191082803,0.12101910828025478,7.012738853503185,0.4410828025477707,1335,0.8848,0.0176,0.9581005586592178,0.008379888268156424,2318,0.7249424791486913,0.2187230371009491,3.534943917169974,0.3671268334771356,793,0.04833836858006042,0.649546827794562,0.10897435897435898,0.3803418803418803,2544,0.5682651991614255,0.6961477987421384,3.402122641509434,0.37526205450733746,15.04,15.28,13.78,14.32,0,4,2
327,1205740704,3,11,13,15,14,1125,0.7724550898203593,0.22554890219560877,0.8492063492063492,0.1492063492063492,158,0.9335443037974683,0.12658227848101267,7.012658227848101,0.439873417721519,1335,0.8848,0.0176,0.9581005586592178,0.008379888268156424,2326,0.7249211808541127,0.2188306104901118,3.5395528804815135,0.3672613929492693,798,0.04804804804804805,0.6456456456456456,0.10828025477707007,0.3821656050955414,2550,0.5681045751633986,0.6968627450980392,3.4058823529411764,0.3751633986928104,14.96,15.22,13.76,14.32,-2,-4,-3
328,1205740705,3,17,17,15,15,1127,0.7729083665338645,0.2250996015936255,0.849445324881141,0.14896988906497624,158,0.9335443037974683,0.12658227848101267,7.012658227848101,0.439873417721519,1338,0.8849840255591054,0.01757188498402556,0.958217270194986,0.008356545961002786,2334,0.7247929163096256,0.21893744644387317,3.5424164524421595,0.36718080548414755,799,0.04790419161676647,0.6467065868263473,0.10828025477707007,0.3821656050955414,2558,0.5684779775866562,0.6974198592650508,3.406958561376075,0.37516288767266087,14.98,15.24,13.8,14.36,0,2,2
329,1205740706,3,15,15,13,16,1133,0.7727272727272727,0.22529644268774704,0.8499210110584519,0.1484992101105845,160,0.93125,0.13125,7.0125,0.4390625,1342,0.8835725677830941,0.017543859649122806,0.9583911234396671,0.008321775312066574,2339,0.7245974062989881,0.21846943138093203,3.542967079948696,0.36746472851646017,801,0.047619047619047616,0.6488095238095238,0.10828025477707007,0.3821656050955414,2565,0.5688758934372969,0.6982456140350877,3.4058479532163743,0.3749187784275503,15.0,15.2,13.74,14.4,0,2,-1
330,1205740707,3,15,13,14,16,1137,0.7712031558185405,0.22682445759368836,0.85062893081761,0.14779874213836477,160,0.93125,0.13125,7.0125,0.4390625,1347,0.8837579617834395,0.01751592356687898,0.9586206896551724,0.008275862068965517,2348,0.7243753549119817,0.21890971039182283,3.548977853492334,0.36751135718341865,803,0.04747774480712166,0.6498516320474778,0.10805084745762712,0.3813559322033898,2572,0.5682348367029548,0.697900466562986,3.407076205287714,0.3749675997926386,15.02,15.16,13.76,14.4,2,1,-1
331,1205740708,3,16,14,16,15,1141,0.7701375245579568,0.22789783889980353,0.8510971786833855,0.14733542319749215,160,0.93125,0.13125,7.0125,0.4390625,1350,0.8841269841269841,0.01746031746031746,0.9586776859504132,0.008264462809917356,2357,0.723518597086692,0.2189223589308443,3.5473058973271105,0.36766369678970456,806,0.0471976401179941,0.6519174041297935,0.10782241014799154,0.38054968287526425,2578,0.5687225239203516,0.6982156710628394,3.407292474786656,0.3750646495991724,15.04,15.12,13.78,14.42,2,0,1
332,1205740709,3,14,14,15,14,1147,0.7710371819960861,0.22700587084148727,0.8489096573208723,0.14953271028037382,161,0.9316770186335404,0.13043478260869565,7.012422360248447,0.4394409937888199,1356,0.884493670886076,0.01740506329113924,0.958904109589041,0.00821917808219178,2364,0.7226452340665538,0.21869712351945855,3.5444162436548226,0.36777354765933457,807,0.047058823529411764,0.6529411764705882,0.10782241014799154,0.38054968287526425,2585,0.5693101225016118,0.6978723404255319,3.4061895551257253,0.3750161186331398,15.02,15.18,13.8,14.44,0,-1,0
333,1205740710,3,19,17,13,16,1149,0.771484375,0.2265625,0.8491446345256609,0.14930015552099535,161,0.9316770186335404,0.13043478260869565,7.012422360248447,0.4394409937888199,1361,0.8848580441640379,0.017350157728706624,0.9590723055934516,0.008185538881309686,2370,0.7227144866385371,0.2189873417721519,3.5451476793248946,0.36779184247538693,809,0.0469208211143695,0.6539589442815249,0.10759493670886076,0.3818565400843882,2595,0.5694283879254977,0.697495183044316,3.403853564547206,0.37488760436737306,15.12,15.22,13.8,14.48,2,6,3
334,1205740711,3,16,16,13,13,1149,0.771484375,0.2265625,0.8491446345256609,0.14930015552099535,161,0.9316770186335404,0.13043478260869565,7.012422360248447,0.4394409937888199,1367,0.8854003139717426,0.01726844583987441,0.9592391304347826,0.008152173913043478,2378,0.7228062797869357,0.21909167367535745,3.548359966358284,0.36771096159237465,809,0.0469208211143695,0.6539589442815249,0.10759493670886076,0.3818565400843882,2603,0.5696632091176846,0.6976565501344603,3.406838263542067,0.374887949801511,15.16,15.22,13.8,14.48,0,3,3
335,1205740712,3,14,17,13,9,1149,0.771484375,0.2265625,0.8491446345256609,0.14930015552099535,162,0.9320987654320988,0.12962962962962962,7.012345679012346,0.4398148148148148,1371,0.8845553822152886,0.0171606864274571,0.9592391304347826,0.008152173913043478,2387,0.7228040776427872,0.21994134897360704,3.547968160871387,0.36758134338779513,814,0.046511627906976744,0.6511627906976745,0.1092436974789916,0.3802521008403361,2609,0.5691197138111664,0.697968570333461,3.4089689536220775,0.37469656317874017,15.14,15.26,13.74,14.36,-3,1,5
336,1205740713,3,16,16,14,16,1153,0.7723735408560312,0.22568093385214008,0.8496124031007752,0.14883720930232558,162,0.9320987654320988,0.12962962962962962,7.012345679012346,0.4398148148148148,1374,0.8847352024922118,0.017133956386292833,0.959349593495935,0.008130081300813009,2394,0.7236145920356445,0.2197159565580618,3.5488721804511276,0.3675508214981901,817,0.046242774566473986,0.653179190751445,0.1090146750524109,0.37945492662473795,2616,0.5700815494393475,0.698394495412844,3.408256880733945,0.3745540265035677,15.14,15.24,13.72,14.4,0,2,0
337,1205740714,3,18,17,16,16,1158,0.7723735408560312,0.22568093385214008,0.8492307692307692,0.14923076923076922,163,0.9325153374233128,0.12883435582822086,7.012269938650307,0.4401840490797546,1382,0.8850931677018633,0.017080745341614908,0.9596774193548387,0.008064516129032258,2397,0.7239605061882908,0.2198581560283688,3.549019607843137,0.367507996106244,817,0.046242774566473986,0.653179190751445,0.1090146750524109,0.37945492662473795,2624,0.5704395325203252,0.6977896341463414,3.408536585365854,0.3745553861788617,15.14,15.26,13.82,14.44,1,2,2
338,1205740715,3,18,13,14,14,1164,0.7708737864077669,0.22718446601941747,0.850381679389313,0.1480916030534351,164,0.9298780487804879,0.13414634146341464,7.012195121951219,0.4405487804878049,1383,0.8850931677018633,0.017080745341614908,0.959731543624161,0.008053691275167786,2406,0.724161817678027,0.21903574397339984,3.5465502909393183,0.36717234691050166,821,0.04597701149425287,0.6494252873563219,0.11064718162839249,0.3778705636743215,2629,0.5708761252694307,0.697223278813237,3.407379231647014,0.3746988715607962,15.18,15.22,13.78,14.42,5,4,4
339,1205740716,3,17,17,14,15,1164,0.7708737864077669,0.22718446601941747,0.850381679389313,0.1480916030534351,164,0.9298780487804879,0.13414634146341464,7.012195121951219,0.4405487804878049,1388,0.8856259659969088,0.017001545595054096,0.9598393574297188,0.008032128514056224,2411,0.7238351997787915,0.2185815014516798,3.5474906677727085,0.3672404258260751,823,0.045845272206303724,0.6504297994269341,0.11041666666666666,0.37916666666666665,2640,0.5705176767676767,0.6981060606060606,3.4064393939393938,0.37484217171717166,15.28,15.26,13.8,14.48,0,3,2
340,1205740717,3,16,14,15,15,1168,0.7717601547388782,0.2263056092843327,0.8493150684931506,0.1491628614916286,165,0.9282828282828283,0.13333333333333333,7.012121212121212,0.44242424242424244,1390,0.8859784283513097,0.01694915254237288,0.9598393574297188,0.008032128514056224,2421,0.7237367479003165,0.21933085501858737,3.5485336637752996,0.36747900316673565,825,0.045845272206303724,0.6504297994269341,0.10995850622406639,0.3796680497925311,2646,0.5705467372134039,0.6976568405139834,3.4066515495086924,0.3749370118417737,15.3,15.22,13.82,14.52,2,1,1
341,1205740718,3,16,16,14,16,1174,0.7722007722007722,0.22586872586872586,0.8474320241691843,0.1510574018126888,166,0.9287148594377509,0.13253012048192772,7.0120481927710845,0.44126506024096385,1395,0.8863287250384024,0.016897081413210446,0.96,0.008,2425,0.7237800687285222,0.21938144329896908,3.547216494845361,0.36749140893470805,828,0.04857142857142857,0.6485714285714286,0.10950413223140495,0.38016528925619836,2654,0.570899271539814,0.6970610399397137,3.405802562170309,0.37531399145943223,15.34,15.22,13.86,14.52,0,2,0
342,1205740719,3,17,17,14,16,1174,0.7722007722007722,0.22586872586872586,0.8474320241691843,0.1510574018126888,167,0.9291417165668662,0.1317365269461078,7.0119760479041915,0.4416167664670659,1400,0.886676875957121,0.016845329249617153,0.9601593625498008,0.00796812749003984,2429,0.7234115548236584,0.21943186496500616,3.546315356113627,0.36740085083024576,830,0.04843304843304843,0.6495726495726496,0.11134020618556702,0.37938144329896906,2664,0.5713838838838838,0.6970720720720721,3.4065315315315314,0.37540665665665657,15.36,15.28,13.86,14.6,0,3,1
343,1205740720,3,17,17,14,14,1176,0.7726396917148363,0.2254335260115607,0.8476621417797888,0.15082956259426847,167,0.9291417165668662,0.1317365269461078,7.0119760479041915,0.4416167664670659,1406,0.8870229007633588,0.016793893129770993,0.9603698811096433,0.007926023778071334,2436,0.7237958401751504,0.21921182266009853,3.544334975369458,0.3673713738368912,832,0.04843304843304843,0.6495726495726496,0.11088295687885011,0.37782340862423,2671,0.5717583926120055,0.6974915761886934,3.4058405091725947,0.3754523898664669,15.36,15.28,13.82,14.58,0,3,3
344,1205740721,3,18,17,13,17,1179,0.7730769230769231,0.225,0.8466165413533835,0.1518796992481203,168,0.929563492063492,0.13095238095238096,7.011904761904762,0.44047619047619047,1411,0.8875379939209727,0.016717325227963525,0.9604743083003953,0.007905138339920948,2443,0.7239732569245462,0.21899304134261155,3.541956610724519,0.36734206576613465,832,0.04843304843304843,0.6495726495726496,0.11088295687885011,0.37782340862423,2679,0.570984198083862,0.6976483762597985,3.405748413587159,0.3757309941520467,15.4,15.3,13.84,14.72,1,5,1
345,1205740722,3,17,18,15,15,1181,0.7735124760076776,0.22456813819577734,0.8468468468468469,0.15165165165165165,169,0.9299802761341223,0.1301775147928994,7.011834319526627,0.4393491124260355,1416,0.8877086494688923,0.01669195751138088,0.9606815203145478,0.007863695937090432,2447,0.723607137992099,0.21904372701266858,3.541479362484675,0.36745674976161297,835,0.0480225988700565,0.652542372881356,0.11088295687885011,0.37782340862423,2688,0.5718625992063492,0.6975446428571429,3.404389880952381,0.3756820436507936,15.4,15.32,13.9,14.7,-1,2,2
346,1205740723,3,16,16,13,14,1181,0.7735124760076776,0.22456813819577734,0.8468468468468469,0.15165165165165165,169,0.9299802761341223,0.1301775147928994,7.011834319526627,0.4393491124260355,1419,0.8878787878787879,0.016666666666666666,0.9607843137254902,0.00784313725490196,2454,0.7237842977451778,0.21882640586797067,3.5440097799511,0.3678348274925293,837,0.047752808988764044,0.6544943820224719,0.11088295687885011,0.37782340862423,2697,0.5725497466320603,0.6978123841305154,3.407860585836114,0.37535533308614505,15.4,15.3,13.94,14.7,0,3,2
347,1205740724,3,13,13,16,15,1182,0.7739463601532567,0.22413793103448276,0.8468468468468469,0.15165165165165165,169,0.9299802761341223,0.1301775147928994,7.011834319526627,0.4393491124260355,1421,0.8880484114977307,0.01664145234493192,0.9608355091383812,0.007832898172323759,2462,0.7232602220417004,0.21933387489845654,3.542242079610073,0.36765502301651787,841,0.04722222222222222,0.6555555555555556,0.11088295687885011,0.37782340862423,2706,0.5719389012071938,0.6980783444198079,3.4068736141906872,0.37540034491254,15.38,15.26,14.04,14.68,0,-3,-2
348,1205740725,3,13,13,10,12,1183,0.7739463601532567,0.22413793103448276,0.8470764617691154,0.15142428785607195,169,0.9299802761341223,0.1301775147928994,7.011834319526627,0.4393491124260355,1428,0.8882175226586103,0.01661631419939577,0.961139896373057,0.007772020725388601,2464,0.7234848484848483,0.21956168831168832,3.5430194805194803,0.367660984848485,842,0.04709141274238227,0.6565096952908587,0.11088295687885011,0.37782340862423,2715,0.5722529158993247,0.6972375690607735,3.4099447513812153,0.375537139349294,15.34,15.18,13.92,14.64,0,3,1
349,1205740726,3,14,13,16,15,1185,0.7743785850860421,0.2237093690248566,0.8473053892215568,0.15119760479041916,170,0.9284313725490195,0.13529411764705881,7.011764705882353,0.4411764705882353,1434,0.8873873873873874,0.016516516516516516,0.9612403100775194,0.007751937984496124,2470,0.7238191632928473,0.2202429149797571,3.5412955465587044,0.36778002699055345,845,0.046703296703296704,0.6510989010989011,0.11088295687885011,0.37782340862423,2724,0.5723813020068527,0.697503671071953,3.41079295154185,0.37558125305922657,15.3,15.12,13.96,14.6,1,-2,-1
350,1205740727,3,14,13,13,13,1191,0.7733333333333333,0.22476190476190477,0.8467261904761905,0.15178571428571427,171,0.9288499025341129,0.13450292397660818,7.011695906432749,0.4415204678362573,1437,0.8875562218890555,0.01649175412293853,0.961340206185567,0.007731958762886598,2478,0.7245090126446058,0.2195318805488297,3.5387409200968523,0.3676015603981707,848,0.04657534246575343,0.6493150684931507,0.11042944785276074,0.3803680981595092,2730,0.5727716727716727,0.6978021978021978,3.4113553113553112,0.3754273504273503,15.32,15.06,13.9,14.58,1,1,1
351,1205740728,3,14,14,11,16,1193,0.7733333333333333,0.22476190476190477,0.8471810089020771,0.1513353115727003,171,0.9288499025341129,0.13450292397660818,7.011695906432749,0.4415204678362573,1440,0.8875562218890555,0.01649175412293853,0.9614890885750963,0.007702182284980745,2488,0.7242095391211145,0.21985530546623794,3.5381832797427655,0.3674973204715971,851,0.04632152588555858,0.6512261580381471,0.11020408163265306,0.3795918367346939,2740,0.57323600973236,0.6978102189781021,3.413138686131387,0.37533454987834536,15.34,15.02,13.86,14.6,0,3,-2
352,1205740729,3,16,15,14,14,1195,0.7737642585551331,0.22433460076045628,0.8474074074074074,0.1511111111111111,171,0.9288499025341129,0.13450292397660818,7.011695906432749,0.4415204678362573,1445,0.8865671641791045,0.01791044776119403,0.9615877080665813,0.0076824583866837385,2493,0.723826714801444,0.22021660649819494,3.538307260328921,0.36756250835673226,853,0.04619565217391304,0.6494565217391305,0.1120162932790224,0.3788187372708758,2750,0.5727878787878787,0.6974545454545454,3.414909090909091,0.3752424242424241,15.38,15.02,13.88,14.56,1,2,2
353,1205740730,3,15,15,14,15,1195,0.7737642585551331,0.22433460076045628,0.8474074074074074,0.1511111111111111,171,0.9288499025341129,0.13450292397660818,7.011695906432749,0.4415204678362573,1453,0.887240356083086,0.017804154302670624,0.9617834394904459,0.007643312101910828,2499,0.7238895558223288,0.22048819527811125,3.5394157663065227,0.36748032546351883,855,0.04607046070460705,0.6476964769647696,0.11178861788617886,0.3780487804878049,2758,0.5727580372250423,0.6976069615663524,3.4166062364031906,0.3750604302634758,15.44,15.12,13.88,14.56,0,1,0
354,1205740731,3,14,14,13,13,1195,0.7737642585551331,0.22433460076045628,0.8474074074074074,0.1511111111111111,171,0.9288499025341129,0.13450292397660818,7.011695906432749,0.4415204678362573,1457,0.8874074074074074,0.017777777777777778,0.9619289340101523,0.007614213197969543,2506,0.7238627294493215,0.2202713487629689,3.538707102952913,0.36775073157754734,858,0.04594594594594595,0.6459459459459459,0.11133603238866396,0.3805668016194332,2768,0.5727360308285163,0.6983381502890174,3.415462427745665,0.37506021194604994,15.5,15.12,13.88,14.52,0,1,1
355,1205740732,3,16,15,16,15,1201,0.7754716981132076,0.22264150943396227,0.8478581979320532,0.15066469719350073,171,0.9288499025341129,0.13450292397660818,7.011695906432749,0.4415204678362573,1459,0.8874074074074074,0.017777777777777778,0.9620253164556962,0.007594936708860759,2514,0.7238133121188013,0.2199681782020684,3.5421638822593478,0.3679726862901088,858,0.04594594594594595,0.6459459459459459,0.11133603238866396,0.3805668016194332,2777,0.572200216060497,0.6985956067698955,3.4141159524666906,0.3752850798223501,15.52,15.1,13.94,14.52,1,0,1
356,1205740733,3,15,15,16,14,1203,0.7754716981132076,0.22264150943396227,0.8468335787923417,0.15169366715758467,172,0.9292635658914727,0.13372093023255813,7.011627906976744,0.44040697674418605,1466,0.8880706921944035,0.017673048600883652,0.9621689785624212,0.007566204287515763,2520,0.7234788359788359,0.22023809523809523,3.540079365079365,0.3677910052910054,859,0.04582210242587601,0.6469002695417789,0.11133603238866396,0.3805668016194332,2787,0.5724195670374357,0.6982418371008252,3.4126300681736637,0.37537375911972237,15.52,15.08,14.0,14.54,0,-1,1
357,1205740734,3,15,13,11,17,1204,0.775894538606403,0.2222222222222222,0.8468335787923417,0.15169366715758467,173,0.9238921001926781,0.13872832369942195,7.011560693641618,0.4393063583815029,1467,0.8880706921944035,0.017673048600883652,0.9622166246851386,0.007556675062972292,2531,0.7237587251415777,0.22125642038719873,3.5499802449624656,0.36826682470696703,862,0.0481283422459893,0.6417112299465241,0.11133603238866396,0.3805668016194332,2792,0.5719317096466093,0.6984240687679083,3.413323782234957,0.3753283190066856,15.56,15.06,13.96,14.6,2,4,-2
358,1205740735,3,15,17,17,10,1208,0.775894538606403,0.2222222222222222,0.8477306002928258,0.15080527086383602,173,0.9238921001926781,0.13872832369942195,7.011560693641618,0.4393063583815029,1470,0.8880706921944035,0.017673048600883652,0.9623588456712673,0.0075282308657465494,2541,0.7236652236652237,0.22077922077922077,3.54978354978355,0.36829332283877747,865,0.0481283422459893,0.6417112299465241,0.11066398390342053,0.38028169014084506,2797,0.571207245858658,0.6989631748301752,3.413299964247408,0.375461804314146,15.56,15.1,13.98,14.5,-2,-2,5
359,1205740736,3,16,16,14,13,1213,0.7744360902255639,0.2236842105263158,0.8471615720524017,0.15138282387190685,173,0.9238921001926781,0.13872832369942195,7.011560693641618,0.4393063583815029,1471,0.888235294117647,0.01764705882352941,0.9623588456712673,0.0075282308657465494,2553,0.723397310353832,0.22013317665491577,3.5479827653740696,0.36806371588980297,868,0.048,0.6426666666666667,0.11022044088176353,0.38276553106212424,2803,0.5709953621120227,0.6992508027113806,3.4131287905815197,0.37555000594601007,15.54,15.08,14.0,14.46,0,2,3
360,1205740737,3,16,15,18,15,1213,0.7744360902255639,0.2236842105263158,0.8471615720524017,0.15138282387190685,173,0.9238921001926781,0.13872832369942195,7.011560693641618,0.4393063583815029,1472,0.8883994126284875,0.01762114537444934,0.9623588456712673,0.0075282308657465494,2561,0.7234804112976702,0.22100741897696213,3.5466614603670443,0.3681830014317325,872,0.047619047619047616,0.6428571428571429,0.11,0.384,2812,0.5713015647226173,0.69950213371266,3.415362731152205,0.37541488857278316,15.54,15.06,14.04,14.52,1,-2,1
361,1205740738,3,14,15,14,14,1214,0.7744360902255639,0.2236842105263158,0.8473837209302325,0.1511627906976744,173,0.9238921001926781,0.13872832369942195,7.011560693641618,0.4393063583815029,1475,0.8888888888888888,0.017543859649122806,0.9623588456712673,0.0075282308657465494,2565,0.7233268356075373,0.22105263157894736,3.546978557504873,0.3681936322287201,872,0.047619047619047616,0.6428571428571429,0.11,0.384,2824,0.5718248347497639,0.6986543909348442,3.421742209631728,0.375324598677998,15.54,15.0,14.02,14.52,-1,0,0
362,1205740739,3,16,16,16,15,1218,0.774859287054409,0.22326454033771106,0.8480463096960926,0.15050651230101303,173,0.9238921001926781,0.13872832369942195,7.011560693641618,0.4393063583815029,1479,0.8890510948905109,0.017518248175182483,0.9625,0.0075,2571,0.7237780370802541,0.22092570984052898,3.5468689225982106,0.36830675482950875,872,0.047619047619047616,0.6428571428571429,0.11,0.384,2832,0.5718573446327683,0.6987994350282486,3.42090395480226,0.3754119585687381,15.56,15.0,14.06,14.54,0,0,1
363,1205740740,3,15,18,11,14,1222,0.7742537313432836,0.22388059701492538,0.8482658959537572,0.15028901734104047,174,0.9243295019157087,0.13793103448275862,7.011494252873563,0.4396551724137931,1485,0.8893740902474527,0.017467248908296942,0.9626865671641791,0.007462686567164179,2578,0.7235583139384536,0.22071373157486424,3.5465477114041892,0.36840574088440664,875,0.04736842105263158,0.6447368421052632,0.10978043912175649,0.3852295409181637,2839,0.5719736996595044,0.6991898555829518,3.4212750968650933,0.3755430315838909,15.54,15.04,14.08,14.48,-3,4,1
364,1205740741,3,17,14,14,14,1230,0.7736549165120594,0.22448979591836735,0.8479196556671449,0.15064562410329985,175,0.9247619047619047,0.13714285714285715,7.011428571428572,0.44,1490,0.8898550724637682,0.017391304347826087,0.9627791563275434,0.007444168734491315,2585,0.7235332043842682,0.2205029013539652,3.546228239845261,0.3684719535783367,877,0.047244094488188976,0.6456692913385826,0.10956175298804781,0.3844621513944223,2843,0.572048305780279,0.6996130847696096,3.4203306366514243,0.37545433227810987,15.58,15.12,14.02,14.48,3,3,3
365,1205740742,3,15,15,17,16,1234,0.7712177121771218,0.22693726937269373,0.8481375358166189,0.1504297994269341,176,0.9251893939393938,0.13636363636363635,7.011363636363637,0.4403409090909091,1494,0.8903318903318903,0.017316017316017316,0.9628252788104089,0.007434944237918215,2591,0.7241734208156438,0.22037823234272483,3.5441914318795833,0.3682940949440372,881,0.04712041884816754,0.6465968586387435,0.11089108910891089,0.3821782178217822,2850,0.5716959064327485,0.6996491228070175,3.4189473684210525,0.3755847953216373,15.6,15.08,14.08,14.52,0,-2,-1
366,1205740743,3,17,17,15,15,1236,0.7702205882352942,0.22794117647058823,0.8481375358166189,0.1504297994269341,177,0.9256120527306967,0.13559322033898305,7.011299435028248,0.4392655367231638,1499,0.8908045977011494,0.017241379310344827,0.9629171817058096,0.007416563658838072,2600,0.7241666666666666,0.22115384615384615,3.5503846153846155,0.3686538461538463,883,0.04699738903394256,0.6475195822454308,0.11067193675889328,0.3814229249011858,2856,0.5715452847805788,0.6988795518207283,3.4236694677871147,0.37558356676003724,15.6,15.08,14.08,14.48,0,2,2
367,1205740744,3,15,14,13,14,1239,0.7706422018348624,0.22752293577981653,0.8471428571428572,0.15142857142857144,178,0.9260299625468164,0.1348314606741573,7.01123595505618,0.4396067415730337,1501,0.890961262553802,0.01721664275466284,0.9629629629629629,0.007407407407407408,2609,0.7239683148077168,0.22077424300498275,3.548869298581832,0.36862782675354555,885,0.046875,0.6484375,0.11045364891518737,0.3826429980276134,2863,0.5713121434392827,0.6989172196996157,3.421585749214111,0.37571312143439267,15.58,15.06,14.1,14.46,1,2,1
368,1205740745,3,15,17,15,14,1248,0.7696526508226691,0.22851919561243145,0.8472418670438473,0.15134370579915135,178,0.9260299625468164,0.1348314606741573,7.01123595505618,0.4396067415730337,1507,0.8885714285714286,0.017142857142857144,0.9630996309963099,0.007380073800738007,2611,0.7241797523298863,0.22098812715434699,3.549597855227882,0.3685369590195329,886,0.046875,0.6484375,0.11023622047244094,0.38188976377952755,2873,0.5712379626406774,0.6975287156282631,3.4187260703097806,0.3760297018215569,15.54,15.14,14.12,14.46,-2,0,1
369,1205740746,3,18,18,15,14,1253,0.7704918032786885,0.22768670309653916,0.847887323943662,0.15070422535211267,178,0.9260299625468164,0.1348314606741573,7.01123595505618,0.4396067415730337,1512,0.8887303851640513,0.017118402282453638,0.9632802937576499,0.0073439412484700125,2619,0.7240677103220058,0.2203130966017564,3.5502100038182514,0.3682703321878581,887,0.046875,0.6484375,0.1100196463654224,0.381139489194499,2880,0.5708912037037036,0.6975694444444445,3.4184027777777777,0.3759837962962962,15.52,15.38,14.16,14.48,0,3,4
370,1205740747,3,15,16,14,13,1255,0.7704918032786885,0.22768670309653916,0.8469101123595506,0.15168539325842698,179,0.9264432029795158,0.1340782122905028,7.011173184357542,0.43854748603351956,1517,0.8890469416785206,0.017069701280227598,0.9634146341463414,0.007317073170731708,2624,0.7230691056910569,0.22103658536585366,3.5529725609756095,0.36833079268292696,889,0.04935064935064935,0.6467532467532467,0.10980392156862745,0.3803921568627451,2889,0.57188185069805,0.6971270335756317,3.4188300449982694,0.37576439367716613,15.5,15.42,14.12,14.48,-1,1,2
371,1205740748,3,16,14,13,15,1257,0.7709090909090909,0.22727272727272727,0.847124824684432,0.1514726507713885,179,0.9264432029795158,0.1340782122905028,7.011173184357542,0.43854748603351956,1521,0.8890469416785206,0.017069701280227598,0.9635922330097088,0.007281553398058253,2631,0.723235778537945,0.22044849866970734,3.5515013302926643,0.36849106803496784,890,0.04935064935064935,0.6467532467532467,0.1095890410958904,0.3816046966731898,2898,0.5714860823556475,0.6966873706004141,3.417874396135266,0.37597768576029433,15.6,15.36,14.1,14.48,2,3,1
372,1205740749,3,15,18,16,15,1263,0.7703435804701627,0.22784810126582278,0.8463687150837989,0.15223463687150837,180,0.9268518518518517,0.13333333333333333,7.011111111111111,0.4375,1529,0.8901408450704226,0.016901408450704224,0.9636363636363636,0.007272727272727273,2634,0.722981523664895,0.2201974183750949,3.5527714502657557,0.36854593773728184,892,0.04935064935064935,0.6467532467532467,0.1111111111111111,0.38011695906432746,2905,0.5711417096959265,0.6960413080895008,3.4154905335628225,0.37593230063109573,15.58,15.4,14.12,14.54,-3,-1,0
373,1205740750,3,15,19,12,13,1265,0.7707581227436823,0.22743682310469315,0.8465829846582985,0.15202231520223153,180,0.9268518518518517,0.13333333333333333,7.011111111111111,0.4375,1535,0.890295358649789,0.016877637130801686,0.963855421686747,0.007228915662650603,2640,0.7222853535353535,0.22083333333333333,3.5526515151515152,0.3685606060606062,896,0.04896907216494845,0.6443298969072165,0.11089494163424124,0.38132295719844356,2913,0.5721478430026318,0.6955029179539993,3.4153793340199106,0.3757580958919784,15.64,15.46,14.1,14.5,-4,3,2
374,1205740751,3,17,16,14,14,1266,0.7693693693693694,0.22882882882882882,0.8465829846582985,0.15202231520223153,181,0.9272559852670349,0.13259668508287292,7.011049723756906,0.43784530386740333,1539,0.8907563025210085,0.01680672268907563,0.9638989169675091,0.007220216606498195,2647,0.7224530915501826,0.22062712504722326,3.5500566679259538,0.36862485833018527,897,0.04896907216494845,0.6443298969072165,0.11067961165048544,0.38058252427184464,2920,0.572146118721461,0.6955479452054795,3.4178082191780823,0.3754566210045661,15.66,15.46,14.12,14.48,1,3,3
375,1205740752,3,16,18,14,15,1267,0.7693693693693694,0.22882882882882882,0.8467966573816156,0.15181058495821728,181,0.9272559852670349,0.13259668508287292,7.011049723756906,0.43784530386740333,1543,0.891213389121339,0.016736401673640166,0.9639423076923077,0.007211538461538462,2655,0.7221594475831764,0.22109227871939735,3.5499058380414312,0.3686440677966103,898,0.04884318766066838,0.6452442159383034,0.11067961165048544,0.38058252427184464,2929,0.5719244338226925,0.696483441447593,3.4178900648685557,0.3753271878912028,15.64,15.54,14.16,14.46,-2,2,1
376,1205740753,3,15,15,15,13,1268,0.7693693693693694,0.22882882882882882,0.847009735744089,0.15159944367176634,182,0.9276556776556776,0.13186813186813187,7.010989010989011,0.4381868131868132,1550,0.8921161825726142,0.016597510373443983,0.963985594237695,0.007202881152460984,2658,0.722284926009531,0.2215951843491347,3.551166290443943,0.3686042136945073,898,0.04884318766066838,0.6452442159383034,0.11067961165048544,0.38058252427184464,2937,0.5720690046532741,0.6966292134831461,3.4232209737827715,0.37524117580297345,15.6,15.5,14.2,14.42,0,0,2
377,1205740754,3,15,17,15,14,1271,0.770197486535009,0.22800718132854578,0.8472222222222222,0.15138888888888888,182,0.9276556776556776,0.13186813186813187,7.010989010989011,0.4381868131868132,1558,0.8913342503438789,0.017881705639614855,0.96415770609319,0.007168458781362007,2664,0.7221596596596597,0.22184684684684686,3.551051051051051,0.3685247747747749,901,0.04859335038363171,0.6445012787723785,0.11046511627906977,0.3798449612403101,2945,0.5723825693265421,0.6971137521222411,3.4220713073005093,0.3750707413695528,15.68,15.58,14.2,14.42,-2,0,1
378,1205740755,3,18,17,16,15,1275,0.770197486535009,0.22800718132854578,0.8480662983425414,0.1505524861878453,183,0.9280510018214935,0.13114754098360656,7.0109289617486334,0.4385245901639344,1563,0.8914835164835165,0.017857142857142856,0.9643281807372176,0.007134363852556481,2671,0.7220142268813179,0.22126544365406214,3.548858105578435,0.36877573942343705,904,0.04846938775510204,0.6454081632653061,0.11003861003861004,0.3783783783783784,2951,0.5725742686095108,0.6970518468315825,3.421213148085395,0.3749858804924883,15.7,15.58,14.22,14.42,1,2,3
379,1205740756,3,17,15,13,15,1280,0.7714285714285715,0.22678571428571428,0.8484848484848485,0.15013774104683195,184,0.9284420289855071,0.13043478260869565,7.010869565217392,0.4388586956521739,1568,0.8917808219178082,0.01780821917808219,0.9644549763033176,0.0071090047393364926,2674,0.7219521316379955,0.22101720269259537,3.548242333582648,0.36873597606581915,906,0.04834605597964377,0.6463104325699746,0.10982658959537572,0.37957610789980734,2959,0.5720401036386166,0.6968570462994255,3.419736397431565,0.37512673200405533,15.74,15.58,14.22,14.4,2,4,2
380,1205740757,3,13,15,14,13,1284,0.7708703374777975,0.22735346358792186,0.8486932599724897,0.1499312242090784,184,0.9284420289855071,0.13043478260869565,7.010869565217392,0.4388586956521739,1573,0.8920765027322405,0.017759562841530054,0.9645808736717828,0.0070838252656434475,2679,0.7220977976857036,0.2209779768570362,3.5498320268756998,0.3687943262411349,909,0.048223350253807105,0.6472081218274112,0.10940499040307101,0.381957773512476,2969,0.5719658695408105,0.6968676321993937,3.422027618726844,0.37504210171775,15.7,15.62,14.22,14.34,-2,-1,0
381,1205740758,3,15,16,17,16,1289,0.7703180212014135,0.22791519434628976,0.8491083676268861,0.149519890260631,184,0.9284420289855071,0.13043478260869565,7.010869565217392,0.4388586956521739,1574,0.8922237380627558,0.017735334242837655,0.9645808736717828,0.0070838252656434475,2688,0.7217261904761905,0.22098214285714285,3.5483630952380953,0.36886160714285726,912,0.04810126582278481,0.6481012658227848,0.11281070745697896,0.38049713193116635,2977,0.5717724778860149,0.6970104131676184,3.4215653342290895,0.3748180494905385,15.68,15.66,14.24,14.36,-1,-2,-1
382,1205740759,3,14,15,16,13,1294,0.7711267605633803,0.22711267605633803,0.8497267759562842,0.1489071038251366,184,0.9284420289855071,0.13043478260869565,7.010869565217392,0.4388586956521739,1577,0.8923705722070845,0.017711171662125342,0.9646643109540636,0.007067137809187279,2693,0.7215001856665428,0.22057185295209802,3.5473449684366876,0.3688265874489418,916,0.047619047619047616,0.6516290726817042,0.11281070745697896,0.38049713193116635,2986,0.5718910471087295,0.696584058941728,3.421634293369056,0.3747767358785442,15.68,15.68,14.26,14.34,-1,-2,1
383,1205740760,3,15,15,13,12,1296,0.7715289982425307,0.22671353251318102,0.8485675306957708,0.15006821282401092,184,0.9284420289855071,0.13043478260869565,7.010869565217392,0.4388586956521739,1583,0.89280868385346,0.017639077340569877,0.9647887323943662,0.007042253521126761,2701,0.7214611872146119,0.22028878193261756,3.546094039244724,0.36884487226952994,919,0.04738154613466334,0.6483790523690773,0.11259541984732824,0.3816793893129771,2995,0.5715080690038953,0.6964941569282137,3.419365609348915,0.3749026154702281,15.6,15.64,14.26,14.26,0,2,3
384,1205740761,3,17,16,14,17,1300,0.7719298245614035,0.22631578947368422,0.8464673913043478,0.15217391304347827,186,0.9292114695340501,0.12903225806451613,7.010752688172043,0.4381720430107527,1590,0.8935309973045822,0.01752021563342318,0.9648711943793911,0.00702576112412178,2702,0.7215642733777449,0.22057735011102886,3.54700222057735,0.36880088823094015,920,0.04738154613466334,0.6483790523690773,0.11238095238095239,0.38095238095238093,3005,0.5711037160288407,0.6958402662229617,3.4246256239600665,0.37515252357182466,15.62,15.64,14.28,14.34,1,3,0
385,1205740762,3,17,16,14,15,1302,0.7723292469352014,0.22591943957968477,0.8466757123473542,0.1519674355495251,186,0.9292114695340501,0.12903225806451613,7.010752688172043,0.4381720430107527,1596,0.8938172043010753,0.01747311827956989,0.965034965034965,0.006993006993006993,2709,0.7217300356835241,0.2203765227021041,3.5459579180509415,0.36877076411960147,920,0.04738154613466334,0.6483790523690773,0.11238095238095239,0.38095238095238093,3013,0.5714680827525168,0.6943245934284766,3.423498174576834,0.3753180661577607,15.68,15.62,14.3,14.46,1,3,2
386,1205740763,3,15,15,13,14,1306,0.7731239092495636,0.225130890052356,0.8457374830852503,0.15290933694181327,187,0.9295900178253118,0.12834224598930483,7.010695187165775,0.4385026737967914,1603,0.8942436412315931,0.01740294511378849,0.9651972157772621,0.0069605568445475635,2714,0.7220584622942766,0.21997052321296978,3.5449521002210758,0.3686440677966103,921,0.04738154613466334,0.6483790523690773,0.11406844106463879,0.38022813688212925,3022,0.5713655415839398,0.6942422236929185,3.42223692918597,0.37527575557026244,15.66,15.6,14.28,14.42,0,2,1
387,1205740764,3,18,16,17,14,1308,0.7735191637630662,0.22473867595818817,0.845945945945946,0.1527027027027027,187,0.9295900178253118,0.12834224598930483,7.010695187165775,0.4385026737967914,1611,0.8948069241011984,0.017310252996005325,0.9653579676674365,0.006928406466512702,2718,0.722467500613196,0.2196467991169978,3.5448859455481974,0.3686534216335542,925,0.0472636815920398,0.6492537313432836,0.11342155009451796,0.3818525519848771,3029,0.571530758226037,0.6942885440739518,3.4219214262132716,0.3753989215362605,15.66,15.58,14.3,14.38,2,1,4
388,1205740765,3,15,15,16,15,1314,0.7746967071057193,0.22357019064124783,0.8465679676985195,0.15208613728129206,188,0.9299645390070921,0.1276595744680851,7.01063829787234,0.43882978723404253,1614,0.8950863213811421,0.017264276228419653,0.9653979238754326,0.006920415224913495,2725,0.722691131498471,0.21908256880733945,3.54605504587156,0.3689908256880735,931,0.04691358024691358,0.6493827160493827,0.11278195488721804,0.37969924812030076,3032,0.5712950747581353,0.6942612137203166,3.4215039577836412,0.37535729991204914,15.6,15.62,14.34,14.4,0,-1,0
389,1205740766,3,13,13,15,14,1314,0.7746967071057193,0.22357019064124783,0.8465679676985195,0.15208613728129206,191,0.9258289703315881,0.1256544502617801,7.015706806282722,0.4397905759162304,1618,0.8952254641909815,0.017241379310344827,0.9655172413793104,0.006896551724137931,2731,0.722690101305993,0.21969974368363238,3.551446356645917,0.36903454168192373,931,0.04691358024691358,0.6493827160493827,0.11278195488721804,0.37969924812030076,3040,0.5703947368421051,0.69375,3.4276315789473686,0.3756030701754385,15.52,15.54,14.36,14.38,0,-2,-1
390,1205740767,3,16,16,14,14,1317,0.7746967071057193,0.22357019064124783,0.8471849865951743,0.15147453083109919,192,0.9262152777777777,0.125,7.015625,0.4388020833333333,1622,0.895364238410596,0.017218543046357615,0.9656357388316151,0.006872852233676976,2738,0.7220598977355734,0.21950328707085465,3.5493060628195763,0.36946067689310946,934,0.04668304668304668,0.6511056511056511,0.1125703564727955,0.3808630393996248,3048,0.5707020997375326,0.6938976377952756,3.4268372703412076,0.3755194663167103,15.52,15.58,14.34,14.36,0,2,2
391,1205740768,3,15,15,17,14,1320,0.7746967071057193,0.22357019064124783,0.8451268357810414,0.15353805073431243,193,0.9265975820379965,0.12435233160621761,7.015544041450777,0.44041450777202074,1628,0.895778364116095,0.017150395778364115,0.9657534246575342,0.00684931506849315,2743,0.7218374043018593,0.21910317170980678,3.5475756471017132,0.36942520354842645,936,0.04645476772616137,0.6503667481662592,0.1125703564727955,0.3808630393996248,3056,0.5711714659685863,0.693717277486911,3.4260471204188483,0.37543630017451995,15.5,15.56,14.4,14.32,0,-2,1
392,1205740769,3,15,17,15,16,1324,0.7724137931034483,0.22586206896551725,0.8453333333333334,0.15333333333333332,193,0.9265975820379965,0.12435233160621761,7.015544041450777,0.44041450777202074,1632,0.8961892247043364,0.017082785808147174,0.9657924743443558,0.0068415051311288486,2752,0.7211119186046512,0.21984011627906977,3.547238372093023,0.3693071705426358,938,0.046228710462287104,0.6520681265206812,0.1125703564727955,0.3808630393996248,3065,0.5713431212615551,0.6942903752039151,3.4254486133768354,0.3753942359978248,15.46,15.56,14.42,14.32,-2,0,-1
393,1205740770,3,14,13,13,14,1328,0.7718696397941681,0.22641509433962265,0.8455392809587217,0.15312916111850866,193,0.9265975820379965,0.12435233160621761,7.015544041450777,0.44041450777202074,1634,0.8963254593175853,0.01706036745406824,0.9658314350797267,0.00683371298405467,2763,0.7216793340571842,0.21932681867535286,3.545059717698154,0.36946555676197385,943,0.046228710462287104,0.6520681265206812,0.11524163568773234,0.379182156133829,3070,0.5712812160694896,0.6941368078175896,3.425732899022801,0.3755971769815417,15.4,15.48,14.4,14.32,1,1,0
394,1205740771,3,14,13,16,15,1329,0.7722602739726028,0.22602739726027396,0.8455392809587217,0.15312916111850866,194,0.9269759450171821,0.12371134020618557,7.015463917525773,0.43943298969072164,1638,0.8967320261437909,0.01699346405228758,0.9658703071672355,0.006825938566552901,2769,0.721499939809799,0.22029613578909354,3.5442397977609246,0.36956783435656687,948,0.04830917874396135,0.6497584541062802,0.11481481481481481,0.37962962962962965,3077,0.571606543169754,0.6945076373090673,3.4241143971400714,0.3753926985158703,15.32,15.4,14.46,14.28,1,-2,-1
395,1205740772,3,16,16,14,16,1330,0.7722602739726028,0.22602739726027396,0.8444148936170213,0.15425531914893617,194,0.9269759450171821,0.12371134020618557,7.015463917525773,0.43943298969072164,1642,0.8968668407310705,0.016971279373368148,0.9659863945578231,0.006802721088435374,2777,0.7214019925579161,0.22002160604969392,3.544832553114872,0.36949345816828727,950,0.04819277108433735,0.6506024096385542,0.11460258780036968,0.3789279112754159,3084,0.5723086900129701,0.695201037613489,3.424124513618677,0.3753512753999134,15.3,15.36,14.44,14.3,0,2,0
396,1205740773,3,13,18,15,16,1334,0.770940170940171,0.22735042735042735,0.8437086092715231,0.15496688741721854,194,0.9269759450171821,0.12371134020618557,7.015463917525773,0.43943298969072164,1647,0.8958333333333334,0.018229166666666668,0.9649717514124294,0.007909604519774011,2782,0.7213635274382938,0.21998562185478074,3.543493889288282,0.3695482866043615,953,0.04807692307692308,0.6514423076923077,0.1141804788213628,0.3775322283609576,3094,0.5720749838396897,0.6955397543632837,3.4227537168713638,0.3752693385046325,15.24,15.4,14.48,14.34,-5,-2,-3
397,1205740774,3,17,13,17,14,1338,0.7713310580204779,0.22696245733788395,0.8443271767810027,0.15435356200527706,195,0.9273504273504273,0.12307692307692308,7.015384615384615,0.43974358974358974,1652,0.8959687906371911,0.018205461638491547,0.9651293588301463,0.007874015748031496,2785,0.7214841412327947,0.21974865350089767,3.5425493716337524,0.3695092758827051,957,0.04807692307692308,0.6514423076923077,0.11517367458866545,0.376599634369287,3101,0.5723960012899064,0.6949371170590132,3.423411802644308,0.3753896592497043,15.32,15.4,14.5,14.32,4,0,3
398,1205740775,3,14,17,14,14,1342,0.7713310580204779,0.22696245733788395,0.8451443569553806,0.15354330708661418,195,0.9273504273504273,0.12307692307692308,7.015384615384615,0.43974358974358974,1656,0.8961038961038961,0.01818181818181818,0.9652466367713004,0.007847533632286996,2791,0.721366296428998,0.21963453959154425,3.54209960587603,0.36961065329033815,961,0.04784688995215311,0.65311004784689,0.11657559198542805,0.3770491803278688,3108,0.572018447018447,0.694015444015444,3.4224581724581724,0.3755898755898755,15.34,15.48,14.58,14.36,-3,0,0
399,1205740776,3,17,16,13,15,1344,0.7713310580204779,0.22696245733788395,0.8455497382198953,0.1531413612565445,195,0.9273504273504273,0.12307692307692308,7.015384615384615,0.43974358974358974,1658,0.8962386511024644,0.018158236057068743,0.9652855543113102,0.007838745800671893,2802,0.7215679276707113,0.21984296930763741,3.5417558886509637,0.36952771829645503,964,0.04784688995215311,0.65311004784689,0.11775362318840579,0.375,3115,0.5718566078116639,0.6943820224719102,3.420545746388443,0.37570893525949695,15.4,15.54,14.52,14.36,1,4,2
400,1205740777,3,13,15,13,15,1348,0.7707979626485568,0.22750424448217318,0.8457516339869281,0.15294117647058825,195,0.9273504273504273,0.12307692307692308,7.015384615384615,0.43974358974358974,1663,0.896640826873385,0.01808785529715762,0.9653631284916201,0.00782122905027933,2808,0.7221628679962013,0.21937321937321938,3.5438034188034186,0.3696284425451093,966,0.04784688995215311,0.65311004784689,0.11732851985559567,0.37545126353790614,3123,0.5719393745330343,0.6938840858149216,3.4210694844700607,0.3757071192229693,15.38,15.58,14.52,14.4,-2,0,-2
401,1205740778,3,18,15,11,14,1352,0.7719594594594594,0.22635135135135134,0.8459530026109661,0.15274151436031333,195,0.9273504273504273,0.12307692307692308,7.015384615384615,0.43974358974358974,1671,0.8957528957528957,0.018018018018018018,0.9655555555555555,0.0077777777777777776,2812,0.7220246562351825,0.2197724039829303,3.543385490753912,0.36963608345187304,967,0.0477326968973747,0.6539379474940334,0.11732851985559567,0.37545126353790614,3130,0.5724174653887113,0.6939297124600639,3.4204472843450477,0.37558572949946745,15.46,15.6,14.52,14.36,3,7,4
402,1205740779,3,17,17,18,14,1355,0.7727272727272727,0.2255892255892256,0.8461538461538461,0.15254237288135594,195,0.9273504273504273,0.12307692307692308,7.015384615384615,0.43974358974358974,1674,0.8958868894601543,0.017994858611825194,0.9656319290465631,0.007760532150776054,2820,0.7222222222222222,0.2198581560283688,3.543617021276596,0.36991725768321526,968,0.0477326968973747,0.6539379474940334,0.11711711711711711,0.3747747747747748,3138,0.5719672827703419,0.6940726577437859,3.4193753983428934,0.3757435734013171,15.48,15.64,14.6,14.36,0,-1,3
403,1205740780,3,15,14,14,14,1363,0.7725752508361204,0.225752508361204,0.8443579766536965,0.1543450064850843,196,0.927721088435374,0.12244897959183673,7.01530612244898,0.4387755102040816,1679,0.8961538461538462,0.017948717948717947,0.9657458563535911,0.0077348066298342545,2825,0.7224778761061946,0.21946902654867256,3.546194690265487,0.3698820058997051,970,0.0477326968973747,0.6539379474940334,0.11669658886894076,0.3734290843806104,3147,0.5723969918440842,0.694312043215761,3.4188115665713377,0.3756222857748119,15.48,15.62,14.6,14.34,1,1,1
404,1205740781,3,12,14,17,14,1365,0.7712854757929883,0.2270450751252087,0.844559585492228,0.15414507772020725,197,0.9280879864636209,0.1218274111675127,7.0152284263959395,0.43781725888324874,1683,0.8964194373401535,0.017902813299232736,0.9647188533627343,0.007717750826901874,2834,0.7224770642201834,0.21947776993648554,3.546577275935074,0.37003058103975545,976,0.047505938242280284,0.6532066508313539,0.11586452762923351,0.37254901960784315,3152,0.5721235194585448,0.694479695431472,3.4194162436548226,0.3755023265651437,15.44,15.62,14.68,14.36,-2,-5,-2
405,1205740782,3,14,14,14,14,1366,0.7712854757929883,0.2270450751252087,0.8447606727037517,0.1539456662354463,197,0.9280879864636209,0.1218274111675127,7.0152284263959395,0.43781725888324874,1686,0.8968152866242038,0.017834394904458598,0.9647188533627343,0.007717750826901874,2841,0.7219288982752552,0.21964097148891235,3.5462865188313972,0.37026281825648255,978,0.04739336492890995,0.6540284360189573,0.11565836298932385,0.3736654804270463,3162,0.5720535526038372,0.6948134092346616,3.4193548387096775,0.3758960573476702,15.4,15.6,14.64,14.34,0,0,0
406,1205740783,3,15,15,13,13,1371,0.7716666666666666,0.22666666666666666,0.8455598455598455,0.15315315315315314,197,0.9280879864636209,0.1218274111675127,7.0152284263959395,0.43781725888324874,1691,0.8970775095298602,0.017789072426937738,0.9648351648351648,0.007692307692307693,2847,0.7223393045310853,0.21952932911837023,3.5482964524060416,0.3702728017796512,981,0.04728132387706856,0.6524822695035462,0.11524822695035461,0.374113475177305,3167,0.5717819176928743,0.6949794758446479,3.419955794126934,0.375776234080623,15.4,15.6,14.58,14.32,0,2,2
407,1205740784,3,17,18,13,17,1374,0.7720465890183028,0.22628951747088186,0.8459563543003851,0.1527599486521181,198,0.9284511784511783,0.12121212121212122,7.015151515151516,0.43686868686868685,1695,0.8973384030418251,0.017743979721166033,0.9649122807017544,0.007675438596491228,2856,0.7232142857142857,0.219187675070028,3.5469187675070026,0.37006886087768454,982,0.04728132387706856,0.6524822695035462,0.1168141592920354,0.3734513274336283,3175,0.5719160104986876,0.6954330708661417,3.4179527559055116,0.3758530183727033,15.44,15.7,14.62,14.32,-1,4,0
408,1205740785,3,16,19,14,14,1375,0.7720465890183028,0.22628951747088186,0.8461538461538461,0.15256410256410258,198,0.9284511784511783,0.12121212121212122,7.015151515151516,0.43686868686868685,1698,0.8975979772439949,0.017699115044247787,0.9649507119386638,0.007667031763417305,2866,0.7230751337520354,0.21912072575017447,3.5464061409630148,0.37028960223307755,983,0.04728132387706856,0.6524822695035462,0.1166077738515901,0.3745583038869258,3184,0.5709275544388609,0.6956658291457286,3.4189698492462313,0.3756543132328307,15.46,15.74,14.56,14.4,-3,2,2
409,1205740786,3,15,16,19,14,1376,0.7724252491694352,0.22591362126245848,0.8461538461538461,0.15256410256410258,199,0.9288107202680066,0.12060301507537688,7.015075376884422,0.4371859296482412,1702,0.8977272727272727,0.017676767676767676,0.9650655021834061,0.007641921397379912,2874,0.7231500811876596,0.21885873347251217,3.545581071677105,0.3701287404314545,986,0.047058823529411764,0.6517647058823529,0.1164021164021164,0.37389770723104054,3192,0.5709064327485379,0.6961152882205514,3.419172932330827,0.37557435254803667,15.44,15.74,14.66,14.42,-1,-4,1
410,1205740787,3,14,16,15,16,1378,0.7728026533996684,0.22553897180762852,0.8463508322663252,0.1523687580025608,199,0.9288107202680066,0.12060301507537688,7.015075376884422,0.4371859296482412,1706,0.8981132075471698,0.01761006289308176,0.965103598691385,0.007633587786259542,2884,0.7228964401294499,0.21879334257975036,3.542995839112344,0.36979889042995845,987,0.047058823529411764,0.6517647058823529,0.11619718309859155,0.3732394366197183,3199,0.5707512764405542,0.6964676461394186,3.4204438887152233,0.3755340210482441,15.4,15.76,14.6,14.44,-2,-1,-2
411,1205740788,3,16,17,13,13,1383,0.7722772277227723,0.22607260726072606,0.8467432950191571,0.15197956577266922,199,0.9288107202680066,0.12060301507537688,7.015075376884422,0.4371859296482412,1711,0.8984962406015038,0.017543859649122806,0.9651795429815017,0.007616974972796518,2889,0.722510672666436,0.21910695742471442,3.543440636898581,0.37002422983731403,989,0.046948356807511735,0.6525821596244131,0.11599297012302284,0.37258347978910367,3206,0.5715325431482636,0.6961946350592639,3.4242046163443542,0.3753379080889997,15.44,15.8,14.58,14.42,-1,3,3
412,1205740789,3,18,16,15,17,1384,0.7726523887973641,0.2257001647446458,0.8467432950191571,0.15197956577266922,199,0.9288107202680066,0.12060301507537688,7.015075376884422,0.4371859296482412,1716,0.89875,0.0175,0.96529284164859,0.007592190889370932,2893,0.7222030187809656,0.2188040096785344,3.543726235741445,0.37003110957483587,989,0.046948356807511735,0.6525821596244131,0.11599297012302284,0.37258347978910367,3217,0.5719096466687389,0.6959900528442649,3.42430836182779,0.3751424722826649,15.48,15.8,14.56,14.46,2,3,1
413,1205740790,3,16,16,15,14,1388,0.7721311475409836,0.2262295081967213,0.8469387755102041,0.15178571428571427,200,0.9266666666666665,0.125,7.015,0.4375,1724,0.8978829389788294,0.017434620174346202,0.9654800431499461,0.007551240560949299,2897,0.7218962144747441,0.21919226786330687,3.542285122540559,0.369951674145668,992,0.04672897196261682,0.6518691588785047,0.11578947368421053,0.3719298245614035,3225,0.5720413436692505,0.695813953488372,3.4232558139534883,0.37534883720930223,15.5,15.76,14.64,14.46,0,1,2
414,1205740791,3,14,16,12,16,1393,0.7716150081566069,0.2267536704730832,0.8473282442748091,0.15139949109414758,200,0.9266666666666665,0.125,7.015,0.4375,1726,0.8967661691542289,0.017412935323383085,0.9655172413793104,0.007543103448275862,2907,0.722508886595574,0.21878224974200206,3.540419676642587,0.3698830409356726,997,0.04640371229698376,0.654292343387471,0.11538461538461539,0.3706293706293706,3231,0.5717528113071287,0.6957598266790468,3.423088826988548,0.3753481894150417,15.44,15.8,14.6,14.5,-2,2,-2
415,1205740792,3,15,11,11,17,1399,0.7698541329011345,0.22852512155591573,0.8477157360406091,0.15101522842639595,201,0.9253731343283581,0.12935323383084577,7.014925373134329,0.43905472636815923,1732,0.8935643564356436,0.018564356435643563,0.9655913978494624,0.007526881720430108,2913,0.7223938665751231,0.2186749055956059,3.537590113285273,0.3698935805012016,1000,0.046296296296296294,0.6550925925925926,0.11498257839721254,0.3693379790940767,3238,0.5722153592752727,0.695799876466955,3.4221741815935762,0.37515441630636187,15.44,15.72,14.48,14.52,4,4,-2
416,1205740793,3,15,14,14,13,1401,0.7702265372168284,0.22815533980582525,0.8479087452471483,0.15082382762991128,201,0.9253731343283581,0.12935323383084577,7.014925373134329,0.43905472636815923,1735,0.8939580764488286,0.018495684340320593,0.9655913978494624,0.007526881720430108,2921,0.7228688805203697,0.218760698390962,3.5371448134200616,0.3700787401574804,1002,0.046296296296296294,0.6550925925925926,0.11458333333333333,0.3715277777777778,3248,0.5719930213464696,0.6961206896551724,3.4221059113300494,0.3750769704433497,15.4,15.66,14.46,14.48,1,1,2
417,1205740794,3,17,18,12,17,1404,0.7709677419354839,0.22741935483870968,0.8481012658227848,0.15063291139240506,202,0.9257425742574256,0.12871287128712872,7.014851485148514,0.43935643564356436,1742,0.8942189421894219,0.01845018450184502,0.9657754010695188,0.0074866310160427805,2925,0.7230769230769231,0.21914529914529915,3.536410256410256,0.37008547008547016,1003,0.046296296296296294,0.6550925925925926,0.11438474870017332,0.37261698440207974,3257,0.5716405690308054,0.6948111759287688,3.422167638931532,0.37542216763893144,15.44,15.74,14.44,14.54,-1,5,0
418,1205740795,3,15,16,16,14,1407,0.770096463022508,0.2282958199356913,0.8482932996207333,0.1504424778761062,203,0.9261083743842363,0.12807881773399016,7.014778325123153,0.4396551724137931,1745,0.8931203931203932,0.018427518427518427,0.9658484525080042,0.007470651013874066,2934,0.7230743012951601,0.2194955691888207,3.5371506475800953,0.37005794137695985,1004,0.046296296296296294,0.6550925925925926,0.11418685121107267,0.3737024221453287,3268,0.5707874337005303,0.6940024479804161,3.420440636474908,0.3753059975520195,15.44,15.72,14.46,14.54,-1,-1,1
419,1205740796,3,15,15,15,15,1409,0.7704654895666132,0.22792937399678972,0.8484848484848485,0.15025252525252525,203,0.9261083743842363,0.12807881773399016,7.014778325123153,0.4396551724137931,1751,0.8935128518971848,0.01835985312117503,0.9659574468085106,0.007446808510638298,2942,0.7231475186947655,0.21923861318830729,3.5377294357579876,0.3697314751869477,1006,0.046296296296296294,0.6550925925925926,0.11379310344827587,0.3758620689655172,3277,0.5702115756281151,0.693622215440952,3.4202014037229174,0.3755721696673786,15.38,15.66,14.46,14.56,0,0,0
420,1205740797,3,15,17,15,16,1412,0.7704654895666132,0.22792937399678972,0.8490566037735849,0.14968553459119496,204,0.9264705882352939,0.12745098039215685,7.014705882352941,0.43995098039215685,1755,0.8937728937728938,0.018315018315018316,0.9660297239915074,0.0074309978768577496,2953,0.72316288520149,0.21842194378598037,3.5343718252624448,0.36953945140535055,1008,0.046296296296296294,0.6550925925925926,0.1134020618556701,0.37628865979381443,3283,0.5703878566351913,0.6929637526652452,3.421261041730125,0.3754188242461163,15.38,15.68,14.48,14.62,-2,0,-1
421,1205740798,3,17,17,15,15,1414,0.7708333333333334,0.22756410256410256,0.8492462311557789,0.14949748743718594,205,0.9268292682926828,0.12682926829268293,7.014634146341463,0.44146341463414634,1759,0.8939024390243903,0.018292682926829267,0.9661375661375662,0.007407407407407408,2959,0.722710375126732,0.21865495099695842,3.53295032105441,0.3695505238256168,1008,0.046296296296296294,0.6550925925925926,0.1134020618556701,0.37628865979381443,3292,0.5703473066018631,0.6928918590522479,3.419805589307412,0.37545565006075327,15.4,15.74,14.52,14.62,0,2,2
422,1205740799,3,16,16,15,13,1415,0.7712,0.2272,0.8492462311557789,0.14949748743718594,205,0.9268292682926828,0.12682926829268293,7.014634146341463,0.44146341463414634,1766,0.8944174757281553,0.01820388349514563,0.9662447257383966,0.007383966244725738,2965,0.7222596964586847,0.218212478920742,3.533558178752108,0.3693086003372682,1008,0.046296296296296294,0.6550925925925926,0.1134020618556701,0.37628865979381443,3302,0.5705885322027053,0.6929133858267716,3.419442761962447,0.3753028467595396,15.42,15.7,14.5,14.58,0,1,3
423,1205740800,3,15,15,14,17,1421,0.7691082802547771,0.22929936305732485,0.8485607008760951,0.15018773466833543,205,0.9268292682926828,0.12682926829268293,7.014634146341463,0.44146341463414634,1772,0.894927536231884,0.018115942028985508,0.9663157894736842,0.007368421052631579,2972,0.7225773889636609,0.2180349932705249,3.531965006729475,0.3691117092866757,1009,0.046296296296296294,0.6550925925925926,0.11320754716981132,0.37564322469982847,3309,0.5710436184144252,0.6929585977636749,3.4188576609247505,0.375188878815352,15.42,15.62,14.54,14.66,0,1,-2
424,1205740801,3,16,12,15,12,1422,0.7691082802547771,0.22929936305732485,0.84875,0.15,206,0.9271844660194173,0.1262135922330097,7.014563106796117,0.441747572815534,1776,0.8950542822677925,0.018094089264173704,0.9664218258132214,0.007345225603357817,2981,0.7229117745722912,0.21871855082187186,3.53170077155317,0.36891982556189207,1013,0.046189376443418015,0.6558891454965358,0.11433447098976109,0.37542662116040953,3314,0.5707855562261114,0.6925165962582981,3.41973445986723,0.3750754375377187,15.4,15.54,14.56,14.62,4,1,4
425,1205740802,3,14,14,10,14,1424,0.7694753577106518,0.2289348171701113,0.8489388264669163,0.149812734082397,207,0.9251207729468598,0.13043478260869565,7.0144927536231885,0.4420289855072464,1780,0.8939759036144578,0.018072289156626505,0.9665271966527197,0.007322175732217573,2989,0.7228169956507193,0.218802275008364,3.5339578454332554,0.3691033790565407,1016,0.04597701149425287,0.6551724137931034,0.1141396933560477,0.3747870528109029,3320,0.5708082329317268,0.6927710843373494,3.419578313253012,0.3750753012048192,15.36,15.46,14.48,14.6,0,4,0
426,1205740803,3,16,14,18,16,1429,0.7689873417721519,0.22943037974683544,0.8480697384806973,0.1506849315068493,207,0.9251207729468598,0.13043478260869565,7.0144927536231885,0.4420289855072464,1783,0.8941034897713598,0.018050541516245487,0.9665970772442589,0.007306889352818371,2996,0.7227970627503337,0.21895861148197596,3.5323765020026703,0.36882510013351144,1017,0.04597701149425287,0.6551724137931034,0.11394557823129252,0.3758503401360544,3330,0.5714964964964964,0.6933933933933933,3.418918918918919,0.37469969969969963,15.38,15.44,14.54,14.66,2,-2,0
427,1205740804,3,9,15,14,13,1432,0.7681388012618297,0.2302839116719243,0.8470149253731343,0.1517412935323383,207,0.9251207729468598,0.13043478260869565,7.0144927536231885,0.4420289855072464,1785,0.8942307692307693,0.018028846153846152,0.9666319082377477,0.0072992700729927005,3009,0.7224991691591891,0.21967431040212695,3.545031571950814,0.36889332003988046,1025,0.04555808656036447,0.6537585421412301,0.11317567567567567,0.375,3333,0.5712821282128212,0.6933693369336934,3.4218421842184217,0.3746624662466246,15.26,15.4,14.52,14.64,-6,-5,-4
428,1205740805,3,17,18,15,15,1438,0.7695924764890282,0.22884012539184953,0.847394540942928,0.1513647642679901,208,0.925480769230769,0.12980769230769232,7.014423076923077,0.4423076923076923,1789,0.894484412470024,0.017985611510791366,0.9667013527575442,0.007284079084287201,3014,0.7227383322273834,0.21964167219641673,3.544459190444592,0.36911081619110825,1028,0.045454545454545456,0.6545454545454545,0.1127946127946128,0.37542087542087543,3339,0.5714535290006987,0.6936208445642408,3.420784666067685,0.3745882000598981,15.24,15.42,14.5,14.64,-1,2,2
429,1205740806,3,13,13,11,11,1441,0.76875,0.2296875,0.8475836431226765,0.15117719950433706,210,0.9214285714285713,0.13333333333333333,7.019047619047619,0.44166666666666665,1789,0.894484412470024,0.017985611510791366,0.9667013527575442,0.007284079084287201,3025,0.7229201101928375,0.22016528925619835,3.5497520661157025,0.36892561983471084,1032,0.045454545454545456,0.6545454545454545,0.11371237458193979,0.3729096989966555,3343,0.5707697676737461,0.6933891714029315,3.42147771462758,0.3747382590487585,15.16,15.38,14.46,14.56,0,2,2
430,1205740807,3,16,17,16,15,1445,0.7701863354037267,0.22826086956521738,0.8475836431226765,0.15117719950433706,210,0.9214285714285713,0.13333333333333333,7.019047619047619,0.44166666666666665,1796,0.8947368421052632,0.017942583732057416,0.9668737060041408,0.007246376811594203,3029,0.7226257290634973,0.21987454605480355,3.5500165070980523,0.3690712006162651,1034,0.045351473922902494,0.655328798185941,0.11352253756260434,0.3739565943238731,3353,0.5710060642210955,0.6937071279451238,3.4199224575007454,0.37461477284024247,15.22,15.42,14.5,14.6,-1,0,1
431,1205740808,3,16,13,16,14,1446,0.7701863354037267,0.22826086956521738,0.8477722772277227,0.15099009900990099,210,0.9214285714285713,0.13333333333333333,7.019047619047619,0.44166666666666665,1800,0.8949880668257757,0.017899761336515514,0.9669421487603306,0.007231404958677686,3039,0.7233739168586159,0.21915103652517276,3.554458703520895,0.369008445760667,1039,0.045351473922902494,0.655328798185941,0.11258278145695365,0.3708609271523179,3360,0.5704117063492062,0.6934523809523809,3.418452380952381,0.37465277777777767,15.24,15.36,14.48,14.56,3,0,2
432,1205740809,3,15,15,13,15,1449,0.7708978328173375,0.22755417956656346,0.8467243510506799,0.15203955500618047,210,0.9214285714285713,0.13333333333333333,7.019047619047619,0.44166666666666665,1805,0.8953626634958383,0.0178359096313912,0.9670103092783505,0.007216494845360825,3046,0.7238454804114687,0.21897570584372947,3.5551543007222586,0.368899102648282,1044,0.045146726862302484,0.654627539503386,0.11202635914332784,0.3723228995057661,3367,0.5707108207108206,0.6937926937926938,3.4184734184734187,0.37461637461637454,15.26,15.36,14.42,14.6,0,2,0
433,1205740810,3,15,14,14,14,1450,0.7712519319938176,0.22720247295208656,0.8467243510506799,0.15203955500618047,210,0.9214285714285713,0.13333333333333333,7.019047619047619,0.44166666666666665,1811,0.8959810874704491,0.01773049645390071,0.9670442842430484,0.007209062821833162,3051,0.7242980443570415,0.21861684693543101,3.558177646673222,0.3687861903201137,1047,0.04504504504504504,0.6554054054054054,0.1116584564860427,0.3727422003284072,3376,0.5712628357030015,0.6940165876777251,3.420616113744076,0.37443226698262233,15.26,15.34,14.44,14.64,1,1,1
434,1205740811,3,16,16,14,12,1452,0.7716049382716049,0.22685185185185186,0.8469135802469135,0.15185185185185185,210,0.9214285714285713,0.13333333333333333,7.019047619047619,0.44166666666666665,1812,0.8961038961038961,0.01770956316410862,0.9670442842430484,0.007209062821833162,3058,0.7234575975583171,0.21877043819489864,3.55788096795291,0.3687595378242861,1048,0.04504504504504504,0.6554054054054054,0.11147540983606558,0.3737704918032787,3387,0.5711298100580651,0.6932388544434603,3.4201358134041926,0.37447101663222115,15.24,15.34,14.44,14.54,0,2,4
435,1205740812,3,13,15,15,15,1458,0.7711213517665131,0.22734254992319508,0.8474784747847478,0.15129151291512916,210,0.9214285714285713,0.13333333333333333,7.019047619047619,0.44166666666666665,1818,0.8964705882352941,0.01764705882352941,0.9671457905544147,0.007186858316221766,3065,0.723762914627515,0.21827079934747146,3.557259380097879,0.36856987493202836,1052,0.04484304932735426,0.6547085201793722,0.1111111111111111,0.37254901960784315,3394,0.5708357886466312,0.692692987625221,3.420447849145551,0.3745089373404045,15.16,15.32,14.46,14.54,-2,-2,-2
436,1205740813,3,18,16,14,17,1461,0.7711213517665131,0.22734254992319508,0.8468137254901961,0.15196078431372548,211,0.9218009478672985,0.13270142180094788,7.018957345971564,0.4419431279620853,1823,0.8967136150234741,0.017605633802816902,0.9672466734902764,0.007164790174002047,3070,0.724212812160695,0.2182410423452769,3.5566775244299675,0.36845819761129217,1053,0.04484304932735426,0.6547085201793722,0.11092985318107668,0.3735725938009788,3404,0.5706276929103015,0.6924206815511164,3.419800235017626,0.37443693693693686,15.22,15.34,14.48,14.6,2,4,1
437,1205740814,3,17,17,18,14,1464,0.7714723926380368,0.22699386503067484,0.8471882640586798,0.15158924205378974,212,0.9221698113207546,0.1320754716981132,7.018867924528302,0.4410377358490566,1825,0.8968347010550997,0.017584994138335287,0.967280163599182,0.007157464212678937,3080,0.7244588744588745,0.21818181818181817,3.556168831168831,0.3687770562770564,1054,0.04484304932735426,0.6547085201793722,0.11074918566775244,0.3729641693811075,3412,0.5707551778038296,0.6925556858147714,3.417936694021102,0.3745115279406017,15.2,15.36,14.5,14.6,0,-1,3
438,1205740815,3,14,14,13,14,1465,0.7714723926380368,0.22699386503067484,0.8473748473748474,0.1514041514041514,212,0.9221698113207546,0.1320754716981132,7.018867924528302,0.4410377358490566,1829,0.8970760233918129,0.017543859649122806,0.9673469387755103,0.007142857142857143,3085,0.7245813074014047,0.21847649918962722,3.5572123176661266,0.36858454889249065,1056,0.0447427293064877,0.6554809843400448,0.11056910569105691,0.3723577235772358,3421,0.5709587839812919,0.6919029523531132,3.4223911137094416,0.37462243008866797,15.18,15.34,14.44,14.58,0,1,0
439,1205740816,3,15,15,13,14,1465,0.7714723926380368,0.22699386503067484,0.8473748473748474,0.1514041514041514,212,0.9221698113207546,0.1320754716981132,7.018867924528302,0.4410377358490566,1833,0.8970760233918129,0.017543859649122806,0.967479674796748,0.007113821138211382,3091,0.7247924080664294,0.21837593011970236,3.5587188612099645,0.36859700204895945,1057,0.0447427293064877,0.6554809843400448,0.11038961038961038,0.37337662337662336,3431,0.5707033906538422,0.691635091809968,3.423783153599534,0.37464781890605253,15.22,15.38,14.4,14.58,0,2,1
440,1205740817,3,16,17,17,12,1467,0.7718223583460949,0.22664624808575803,0.8463414634146341,0.1524390243902439,212,0.9221698113207546,0.1320754716981132,7.018867924528302,0.4410377358490566,1838,0.897196261682243,0.017523364485981307,0.9676113360323887,0.00708502024291498,3098,0.7254142457499463,0.2185280826339574,3.5561652679147837,0.36849042392941694,1061,0.044642857142857144,0.6540178571428571,0.11308562197092084,0.3715670436187399,3438,0.5702685669963156,0.6916812100058173,3.423502036067481,0.3746121776226487,15.22,15.4,14.46,14.54,-1,-1,4
441,1205740818,3,15,15,14,13,1467,0.7718223583460949,0.22664624808575803,0.8463414634146341,0.1524390243902439,213,0.9209702660406884,0.13615023474178403,7.018779342723005,0.4424882629107981,1844,0.8952270081490105,0.017462165308498253,0.9677093844601413,0.007063572149344097,3106,0.7251556127924448,0.21828718609143594,3.557630392788152,0.3684267010088003,1065,0.044543429844097995,0.6547884187082406,0.11254019292604502,0.36977491961414793,3446,0.5701054362545945,0.6918165989553106,3.4245502031340687,0.37461307796479,15.22,15.4,14.4,14.52,0,1,2
442,1205740819,3,17,15,16,15,1471,0.7732115677321156,0.2252663622526636,0.8463414634146341,0.1524390243902439,213,0.9209702660406884,0.13615023474178403,7.018779342723005,0.4424882629107981,1849,0.8954703832752613,0.017421602787456445,0.9678068410462777,0.007042253521126761,3110,0.7253483386923902,0.21832797427652734,3.557234726688103,0.36859592711682754,1066,0.044444444444444446,0.6555555555555556,0.11254019292604502,0.36977491961414793,3455,0.5697298601061263,0.6917510853835022,3.42315484804631,0.37486734201640126,15.26,15.36,14.42,14.5,2,1,2
443,1205740820,3,14,14,14,13,1475,0.7723823975720789,0.22610015174506828,0.8454987834549879,0.15328467153284672,214,0.9213395638629281,0.13551401869158877,7.018691588785047,0.4439252336448598,1854,0.8945538818076477,0.01853997682502897,0.9679037111334002,0.007021063189568706,3117,0.7251630841621217,0.21880012832852103,3.5550208533846646,0.36857020639503807,1068,0.044444444444444446,0.6555555555555556,0.11217948717948718,0.3701923076923077,3460,0.569484585741811,0.6916184971098266,3.422543352601156,0.3748314065510596,15.26,15.38,14.44,14.48,0,0,1
444,1205740821,3,14,14,13,13,1480,0.7734138972809668,0.22507552870090636,0.8446601941747572,0.154126213592233,215,0.9217054263565889,0.13488372093023257,7.018604651162791,0.44302325581395346,1858,0.8936416184971099,0.019653179190751446,0.9679679679679679,0.007007007007007007,3126,0.7254211985497975,0.21944977607165708,3.5559820857325657,0.36846875666453416,1070,0.044444444444444446,0.6555555555555556,0.11182108626198083,0.36900958466453676,3467,0.569344293817902,0.6913758292471878,3.422843957311797,0.37486780117296403,15.26,15.4,14.38,14.44,0,1,1
445,1205740822,3,17,13,14,13,1481,0.7722473604826546,0.22624434389140272,0.8446601941747572,0.154126213592233,216,0.9220679012345677,0.13425925925925927,7.018518518518518,0.44328703703703703,1866,0.8927335640138409,0.020761245674740483,0.9681592039800995,0.006965174129353234,3130,0.7256123535676252,0.2194888178913738,3.556549520766773,0.36839723109691175,1071,0.044444444444444446,0.6555555555555556,0.11164274322169059,0.3684210526315789,3476,0.5701716532412733,0.6915995397008056,3.4226121979286535,0.3746164173379362,15.28,15.34,14.38,14.38,4,3,4
446,1205740823,3,18,17,13,15,1482,0.7710843373493976,0.22740963855421686,0.8446601941747572,0.154126213592233,217,0.9224270353302609,0.1336405529953917,7.018433179723503,0.4423963133640553,1872,0.8928571428571429,0.020737327188940093,0.9683168316831683,0.006930693069306931,3138,0.7253558529849162,0.22020395156150413,3.5551306564690885,0.36849373273847474,1071,0.044444444444444446,0.6555555555555556,0.11164274322169059,0.3684210526315789,3485,0.5708512673362026,0.690961262553802,3.4220946915351504,0.37446197991391666,15.38,15.32,14.34,14.36,1,5,3
447,1205740824,3,13,16,14,11,1483,0.7710843373493976,0.22740963855421686,0.8436363636363636,0.15515151515151515,220,0.9143939393939392,0.13636363636363635,7.0227272727272725,0.4420454545454545,1874,0.8929804372842347,0.020713463751438434,0.9683481701285855,0.006923837784371909,3143,0.7251564322833811,0.22112631244034361,3.5590200445434297,0.36846431222823217,1074,0.04434589800443459,0.656319290465632,0.11128775834658187,0.3688394276629571,3492,0.5708524245895378,0.6912943871706758,3.4284077892325313,0.3742840778923252,15.3,15.38,14.28,14.3,-3,-1,2
448,1205740825,3,16,16,16,18,1488,0.7714285714285715,0.22706766917293233,0.8443908323281062,0.15440289505428226,221,0.9147812971342382,0.13574660633484162,7.02262443438914,0.4423076923076923,1881,0.8931034482758621,0.020689655172413793,0.9685349065880039,0.00688298918387414,3146,0.7251006569188388,0.22091544818817546,3.5584869675778767,0.3685102776011868,1075,0.04424778761061947,0.6570796460176991,0.11128775834658187,0.3688394276629571,3500,0.5703571428571427,0.6911428571428572,3.426857142857143,0.3743571428571427,15.34,15.36,14.32,14.38,0,0,-2
449,1205740826,3,14,15,12,15,1491,0.7702702702702703,0.22822822822822822,0.8447653429602888,0.15403128760529483,221,0.9147812971342382,0.13574660633484162,7.02262443438914,0.4423076923076923,1887,0.8924485125858124,0.021739130434782608,0.9685966633954858,0.0068694798822374874,3153,0.7250766465799768,0.2210593085949889,3.556929908024104,0.36872290939845664,1078,0.04405286343612335,0.6585903083700441,0.1111111111111111,0.36984126984126986,3507,0.5709295694325632,0.6914741944682065,3.4262902765896777,0.3741802110065582,15.28,15.34,14.3,14.38,-1,2,-1
450,1205740827,3,15,15,14,14,1493,0.7702702702702703,0.22822822822822822,0.8451380552220888,0.15366146458583432,222,0.915165165165165,0.13513513513513514,7.0225225225225225,0.44256756756756754,1892,0.8926940639269406,0.021689497716894976,0.9686888454011742,0.00684931506849315,3162,0.7257010331014127,0.22074636306135356,3.5575585072738773,0.36870124393843573,1080,0.04395604395604396,0.6593406593406593,0.1109350237717908,0.37083993660855785,3514,0.5712151394422309,0.6915196357427433,3.425156516789983,0.3740751280591917,15.32,15.34,14.32,14.36,0,1,1
451,1205740828,3,17,15,16,15,1497,0.7698056801195815,0.22869955156950672,0.8453237410071942,0.15347721822541965,222,0.915165165165165,0.13513513513513514,7.0225225225225225,0.44256756756756754,1900,0.8929384965831435,0.02164009111617312,0.9688715953307393,0.006809338521400778,3165,0.7254870984728805,0.22085308056872038,3.557661927330174,0.36882569773565044,1080,0.04395604395604396,0.6593406593406593,0.1109350237717908,0.37083993660855785,3524,0.5705874006810441,0.6909761634506243,3.42366628830874,0.37436152099886477,15.3,15.34,14.42,14.38,2,1,2
452,1205740829,3,14,18,15,16,1502,0.7701492537313432,0.22835820895522388,0.8448687350835322,0.15393794749403342,222,0.915165165165165,0.13513513513513514,7.0225225225225225,0.44256756756756754,1904,0.8930602957906713,0.02161547212741752,0.9689621726479146,0.006789524733268671,3169,0.7256758178184497,0.22120542757967812,3.5575891448406436,0.36885978752498166,1083,0.0437636761487965,0.6586433260393874,0.11075949367088607,0.370253164556962,3533,0.5704075856212848,0.6909142371921879,3.4223039909425417,0.3744692895556183,15.24,15.36,14.36,14.42,-4,-1,-2
453,1205740830,3,17,17,16,16,1506,0.7696879643387816,0.2288261515601783,0.8450536352800954,0.1537544696066746,223,0.9155455904334826,0.13452914798206278,7.022421524663677,0.4439461883408072,1909,0.8934240362811792,0.021541950113378686,0.968054211035818,0.006776379477250726,3175,0.7255643044619423,0.2220472440944882,3.5568503937007874,0.36871391076115495,1083,0.0437636761487965,0.6586433260393874,0.11075949367088607,0.370253164556962,3542,0.5707933370976848,0.6908526256352343,3.420383963862225,0.37464709203839625,15.28,15.42,14.4,14.46,0,1,1
454,1205740831,3,16,8,16,14,1508,0.7696879643387816,0.2288261515601783,0.845422116527943,0.15338882282996433,223,0.9155455904334826,0.13452914798206278,7.022421524663677,0.4439461883408072,1913,0.8936651583710408,0.021493212669683258,0.9681159420289855,0.00676328502415459,3182,0.7257751937984497,0.22155876807039598,3.55656819610308,0.3690812905929186,1084,0.0437636761487965,0.6586433260393874,0.11058451816745656,0.3696682464454976,3552,0.5707347972972971,0.6908783783783784,3.4192004504504503,0.37464808558558543,15.36,15.3,14.38,14.46,8,0,2
455,1205740832,3,16,16,13,15,1511,0.7696879643387816,0.2288261515601783,0.8459715639810427,0.1528436018957346,224,0.9159226190476188,0.13392857142857142,7.022321428571429,0.4453125,1918,0.8937853107344633,0.021468926553672316,0.9682386910490857,0.006737247353224254,3186,0.7258056078677548,0.2219083490269931,3.5577526679221596,0.3690887214898515,1085,0.043668122270742356,0.6593886462882096,0.11058451816745656,0.3696682464454976,3561,0.5709772535804547,0.6905363661892727,3.419825891603482,0.3748244875035101,15.4,15.34,14.36,14.48,0,3,1
456,1205740833,3,17,18,12,14,1520,0.7710487444608567,0.2274741506646972,0.8457008244994111,0.15312131919905772,225,0.9162962962962962,0.13333333333333333,7.022222222222222,0.44555555555555554,1922,0.8940248027057497,0.02142051860202931,0.968299711815562,0.0067243035542747355,3190,0.7261494252873564,0.22163009404388714,3.558307210031348,0.368939393939394,1087,0.043668122270742356,0.6593886462882096,0.11023622047244094,0.36850393700787404,3569,0.5709582516110954,0.6901092743065285,3.4180442701036706,0.37498832539460153,15.44,15.4,14.34,14.5,-1,5,3
457,1205740834,3,15,17,14,17,1525,0.7720588235294118,0.22647058823529412,0.8460634547591069,0.15276145710928318,225,0.9162962962962962,0.13333333333333333,7.022222222222222,0.44555555555555554,1925,0.8941441441441441,0.021396396396396396,0.9683604985618408,0.006711409395973154,3197,0.7264362423104995,0.22145761651548326,3.560212699405693,0.3689135648003337,1090,0.04338394793926247,0.6594360086767896,0.11023622047244094,0.36850393700787404,3577,0.5711257105581957,0.6899636566955549,3.4193458205199887,0.3749883515049854,15.4,15.38,14.36,14.5,-2,1,-2
458,1205740835,3,15,12,15,14,1527,0.7709251101321586,0.2276064610866373,0.846244131455399,0.15258215962441316,226,0.9166666666666665,0.13274336283185842,7.022123893805309,0.4469026548672566,1933,0.8934977578475336,0.021300448430493273,0.9684813753581661,0.0066857688634192934,3202,0.7262388090776599,0.22111180512179887,3.5580886945658965,0.3688840308140746,1094,0.04329004329004329,0.658008658008658,0.109717868338558,0.36990595611285265,3583,0.571006605265606,0.6902037398827798,3.420876360591683,0.3749883710112567,15.38,15.24,14.38,14.5,3,0,1
459,1205740836,3,15,15,15,13,1530,0.7697947214076246,0.2287390029325513,0.8466042154566745,0.1522248243559719,227,0.9170337738619675,0.13215859030837004,7.022026431718062,0.4460352422907489,1935,0.8936170212765957,0.02127659574468085,0.9685114503816794,0.006679389312977099,3208,0.7259715295095596,0.22100997506234413,3.557668329177057,0.36889546965918546,1098,0.04329004329004329,0.658008658008658,0.10903426791277258,0.3691588785046729,3590,0.5712395543175486,0.6908077994428969,3.4225626740947077,0.37495357474466096,15.38,15.22,14.3,14.48,0,0,2
460,1205740837,3,16,15,15,12,1535,0.7700145560407569,0.22852983988355166,0.8466042154566745,0.1522248243559719,227,0.9170337738619675,0.13215859030837004,7.022026431718062,0.4460352422907489,1938,0.8937360178970917,0.021252796420581657,0.9685714285714285,0.006666666666666667,3215,0.7261016070502853,0.22052877138413685,3.5586314152410576,0.368869880767237,1101,0.04319654427645788,0.6587473002159827,0.10869565217391304,0.36801242236024845,3597,0.5715179316096746,0.691131498470948,3.42340839588546,0.37484941154665913,15.42,15.2,14.3,14.4,1,1,4
461,1205740838,3,13,14,13,14,1537,0.7692307692307693,0.22931785195936139,0.8466042154566745,0.1522248243559719,228,0.9130116959064326,0.13157894736842105,7.021929824561403,0.4451754385964912,1940,0.8939732142857143,0.021205357142857144,0.9685714285714285,0.006666666666666667,3221,0.7263013556866399,0.22104936355169202,3.561316361378454,0.3688036841560593,1104,0.04310344827586207,0.6594827586206896,0.10835913312693499,0.369969040247678,3606,0.5713394342762061,0.6913477537437605,3.4240155296727677,0.3747457940469586,15.36,15.14,14.3,14.42,-1,0,-1
462,1205740839,3,15,16,12,15,1540,0.7692307692307693,0.22931785195936139,0.8471411901983664,0.1516919486581097,228,0.9130116959064326,0.13157894736842105,7.021929824561403,0.4451754385964912,1943,0.8940914158305463,0.021181716833890748,0.9686311787072244,0.006653992395437262,3228,0.7264301941346551,0.22087980173482033,3.560099132589839,0.36883002891367217,1110,0.042826552462526764,0.6616702355460385,0.10785824345146379,0.3697996918335901,3613,0.571247347541286,0.6913921948519236,3.4234707998892886,0.37491927299566363,15.3,15.14,14.24,14.38,-1,3,0
463,1205740840,3,15,15,13,15,1541,0.7695652173913043,0.2289855072463768,0.8471411901983664,0.1516919486581097,228,0.9130116959064326,0.13157894736842105,7.021929824561403,0.4451754385964912,1946,0.8942093541202673,0.021158129175946547,0.9686907020872866,0.006641366223908918,3233,0.7266986287246109,0.22084751005258274,3.559232910609341,0.36880090731003207,1111,0.042826552462526764,0.6616702355460385,0.1076923076923077,0.3707692307692308,3624,0.5713070272259013,0.6906732891832229,3.422185430463576,0.3748850257542309,15.28,15.12,14.2,14.4,0,2,0
464,1205740841,3,12,13,12,10,1546,0.7698986975397974,0.22865412445730826,0.8455284552845529,0.15331010452961671,229,0.9133915574963608,0.13537117903930132,7.026200873362446,0.44541484716157204,1948,0.8943270300333704,0.021134593993325918,0.9687203791469194,0.006635071090047393,3241,0.7267047207651961,0.22122801604443074,3.5612465288491206,0.3688162089889953,1114,0.0425531914893617,0.6595744680851063,0.1076923076923077,0.3707692307692308,3631,0.5707564490957495,0.6909942164692922,3.4232993665656846,0.3748049205912052,15.24,15.06,14.2,14.28,-1,0,2
465,1205740842,3,17,17,16,15,1547,0.7702312138728323,0.22832369942196531,0.8455284552845529,0.15331010452961671,229,0.9133915574963608,0.13537117903930132,7.026200873362446,0.44541484716157204,1954,0.8945615982241953,0.021087680355160933,0.9688385269121813,0.0066100094428706326,3246,0.7265095502156502,0.22119531731361675,3.560690080098583,0.36863318956664626,1115,0.0425531914893617,0.6595744680851063,0.10752688172043011,0.3717357910906298,3641,0.571202966218072,0.6912936006591596,3.4246086240043945,0.3747367939210838,15.28,15.18,14.3,14.24,0,1,2
466,1205740843,3,17,16,16,13,1549,0.7705627705627706,0.227994227994228,0.845707656612529,0.1531322505800464,229,0.9133915574963608,0.13537117903930132,7.026200873362446,0.44541484716157204,1958,0.893687707641196,0.0221483942414175,0.9688972667295005,0.006597549481621112,3253,0.7264320114765859,0.2210267445434983,3.5591761450968336,0.3686853161184549,1117,0.0425531914893617,0.6595744680851063,0.10719754977029096,0.3721286370597244,3649,0.571869005206906,0.6916963551657989,3.425047958344752,0.37460034712706664,15.32,15.22,14.34,14.24,1,1,4
467,1205740844,3,13,15,15,15,1555,0.770893371757925,0.2276657060518732,0.845444059976932,0.15340253748558247,229,0.9133915574963608,0.13537117903930132,7.026200873362446,0.44541484716157204,1961,0.8939226519337017,0.022099447513812154,0.9689265536723164,0.006591337099811676,3261,0.7259787386282329,0.22109782275375653,3.5574977000919965,0.36870080752325474,1122,0.04219409282700422,0.6582278481012658,0.10703363914373089,0.3730886850152905,3656,0.5715034646243617,0.6914660831509847,3.4256017505470457,0.37456692195477737,15.24,15.16,14.4,14.2,-2,-2,-2
468,1205740845,3,19,12,16,14,1556,0.7712230215827338,0.2273381294964029,0.845444059976932,0.15340253748558247,230,0.9137681159420288,0.13478260869565217,7.026086956521739,0.44565217391304346,1969,0.8932893289328933,0.022002200220022004,0.9690431519699813,0.006566604127579738,3265,0.7260081674323637,0.2214395099540582,3.558346094946401,0.36855538540071475,1124,0.042105263157894736,0.6589473684210526,0.10687022900763359,0.37404580152671757,3666,0.571308419712675,0.6903982542280415,3.4263502454991817,0.3749772685942897,15.32,15.08,14.4,14.2,7,3,5
469,1205740846,3,11,14,14,13,1559,0.7704447632711621,0.22812051649928264,0.8456221198156681,0.1532258064516129,231,0.9119769119769118,0.13852813852813853,7.025974025974026,0.4458874458874459,1973,0.891566265060241,0.02190580503833516,0.9690431519699813,0.006566604127579738,3275,0.7259796437659035,0.2219847328244275,3.5566412213740457,0.36842239185750647,1130,0.041928721174004195,0.6561844863731656,0.1062215477996965,0.37329286798179057,3671,0.5717561064196858,0.6905475347316807,3.4271315717788067,0.37487514755289186,15.24,15.06,14.38,14.16,-3,-3,-2
470,1205740847,3,14,10,14,13,1562,0.7682403433476395,0.23032904148783978,0.8457997698504027,0.15304948216340622,231,0.9119769119769118,0.13852813852813853,7.025974025974026,0.4458874458874459,1976,0.8918032786885246,0.02185792349726776,0.9690721649484536,0.006560449859418931,3282,0.726259394678042,0.22212065813528337,3.5575868372943327,0.368245988218566,1131,0.04184100418410042,0.6569037656903766,0.1062215477996965,0.37329286798179057,3683,0.5714318037831477,0.6907412435514526,3.427640510453435,0.3750113132410171,15.22,14.92,14.36,14.1,4,0,1
471,1205740848,3,16,15,15,16,1564,0.7674750356633381,0.23109843081312412,0.8457997698504027,0.15304948216340622,231,0.9119769119769118,0.13852813852813853,7.025974025974026,0.4458874458874459,1981,0.8919213973799127,0.021834061135371178,0.969187675070028,0.006535947712418301,3289,0.7265379547988245,0.2216479173000912,3.557008209182122,0.3680703354616399,1131,0.04184100418410042,0.6569037656903766,0.1062215477996965,0.37329286798179057,3693,0.5712383789150645,0.6902247495261306,3.4256701868399677,0.37507897824713404,15.2,14.88,14.36,14.12,1,1,0
472,1205740849,3,16,14,12,13,1565,0.7663817663817664,0.23219373219373218,0.8457997698504027,0.15304948216340622,231,0.9119769119769118,0.13852813852813853,7.025974025974026,0.4458874458874459,1987,0.8910675381263616,0.02178649237472767,0.9693023255813954,0.0065116279069767444,3297,0.7264432312203015,0.22202001819836215,3.5559599636032755,0.3681629764432313,1133,0.04175365344467641,0.6576200417536534,0.10606060606060606,0.37272727272727274,3702,0.5712002521159733,0.6904376012965965,3.4246353322528362,0.3751125517738158,15.2,14.84,14.3,14.12,2,4,3
473,1205740850,3,15,15,15,14,1568,0.7670454545454546,0.2315340909090909,0.8459770114942529,0.1528735632183908,231,0.9119769119769118,0.13852813852813853,7.025974025974026,0.4458874458874459,1989,0.8911860718171926,0.02176278563656148,0.9693308550185874,0.006505576208178439,3306,0.726129259931438,0.22262552934059285,3.55686630369026,0.36799253881831023,1135,0.041666666666666664,0.6583333333333333,0.1059001512859304,0.37367624810892586,3709,0.5713354902489439,0.6910218387705581,3.4265300620113237,0.3750112339354721,15.2,14.84,14.32,14.06,0,0,1
474,1205740851,3,18,15,17,14,1576,0.7669491525423728,0.23163841807909605,0.8466819221967964,0.15217391304347827,232,0.9123563218390803,0.13793103448275862,7.025862068965517,0.44719827586206895,1995,0.8913043478260869,0.021739130434782608,0.969472710453284,0.0064754856614246065,3307,0.7260608809595809,0.22255820985787722,3.556395524644693,0.3680324564056044,1136,0.041666666666666664,0.6583333333333333,0.10574018126888217,0.37462235649546827,3718,0.5712972924511385,0.6901559978483055,3.42764927380312,0.3751793078716154,15.24,14.9,14.36,14.1,3,1,4
475,1205740852,3,15,13,15,14,1583,0.7665260196905767,0.2320675105485232,0.8473804100227791,0.15148063781321183,232,0.9123563218390803,0.13793103448275862,7.025862068965517,0.44719827586206895,1998,0.8914223669923995,0.021715526601520086,0.9695290858725761,0.006463527239150508,3315,0.7256158873805935,0.22322775263951736,3.558069381598793,0.36812468577174473,1139,0.04158004158004158,0.659043659043659,0.10542168674698796,0.37349397590361444,3723,0.5714701405676424,0.6897663174858985,3.427074939564867,0.37507834183901856,15.26,14.88,14.46,14.1,2,0,1
476,1205740853,3,15,17,13,14,1584,0.7668539325842697,0.23174157303370788,0.8473804100227791,0.15148063781321183,232,0.9123563218390803,0.13793103448275862,7.025862068965517,0.44719827586206895,2002,0.8914223669923995,0.021715526601520086,0.9696412143514259,0.006439742410303588,3324,0.7263588046530287,0.2226233453670277,3.5577617328519855,0.36788006417970326,1139,0.04158004158004158,0.659043659043659,0.10542168674698796,0.37349397590361444,3733,0.5710108045361192,0.689793731583177,3.4261987677471204,0.3750111617108669,15.24,14.94,14.36,14.06,-2,2,1
477,1205740854,3,18,18,13,16,1589,0.7671809256661991,0.2314165497896213,0.8480725623582767,0.15079365079365079,233,0.9127324749642345,0.13733905579399142,7.0257510729613735,0.44635193133047213,2010,0.8916576381365113,0.021668472372697724,0.969807868252516,0.006404391582799634,3326,0.7265233513730208,0.22248947684906795,3.5571256764882744,0.3678091801964323,1139,0.04158004158004158,0.659043659043659,0.10542168674698796,0.37349397590361444,3741,0.5709480531052303,0.6888532477947072,3.425821972734563,0.375211618996703,15.42,15.0,14.34,14.12,0,5,2
478,1205740855,3,15,14,12,17,1592,0.765034965034965,0.23356643356643356,0.8482446206115515,0.1506228765571914,234,0.9131054131054129,0.13675213675213677,7.0256410256410255,0.44764957264957267,2013,0.8918918918918919,0.021621621621621623,0.9698354661791591,0.006398537477148081,3334,0.7265796840631876,0.22255548890221954,3.557888422315537,0.3676264747050591,1142,0.043478260869565216,0.6583850931677019,0.10526315789473684,0.37293233082706767,3749,0.5710633946830266,0.6889837289943985,3.424646572419312,0.3750777985240507,15.38,14.92,14.28,14.16,1,3,-2
479,1205740856,3,15,15,11,13,1595,0.7653631284916201,0.23324022346368714,0.848587570621469,0.15028248587570622,234,0.9131054131054129,0.13675213675213677,7.0256410256410255,0.44764957264957267,2015,0.8920086393088553,0.02159827213822894,0.9698630136986301,0.006392694063926941,3343,0.7260693987436437,0.2222554591684116,3.5560873466945857,0.36775850034898805,1147,0.043209876543209874,0.6584362139917695,0.10494752623688156,0.3733133433283358,3755,0.5706169551708832,0.689214380825566,3.4245006657789614,0.37554371948513077,15.42,14.96,14.28,14.2,0,4,2
480,1205740857,3,15,12,14,16,1599,0.7646239554317549,0.233983286908078,0.8489289740698985,0.14994363021420518,234,0.9131054131054129,0.13675213675213677,7.0256410256410255,0.44764957264957267,2017,0.8921251348435815,0.021574973031283712,0.9698905109489051,0.006386861313868613,3352,0.7263076770087513,0.22195704057279236,3.555489260143198,0.36781523468575983,1153,0.045174537987679675,0.6570841889117043,0.10416666666666667,0.37202380952380953,3762,0.5706184653553075,0.689792663476874,3.4253056884635833,0.37537657274499364,15.4,14.86,14.24,14.22,3,1,-1
481,1205740858,3,16,15,16,13,1603,0.7649513212795549,0.2336578581363004,0.849438202247191,0.149438202247191,235,0.9134751773049644,0.13617021276595745,7.025531914893617,0.44680851063829785,2019,0.8923573735199138,0.021528525296017224,0.9698905109489051,0.006386861313868613,3360,0.725917658730159,0.22142857142857142,3.5532738095238097,0.36768353174603186,1155,0.045081967213114756,0.6577868852459017,0.10401188707280833,0.37295690936106984,3769,0.5703546475634562,0.6901034757230035,3.4247811090474927,0.3753427080569557,15.4,14.9,14.24,14.2,1,0,3
482,1205740859,3,16,16,13,16,1607,0.7656033287101248,0.23300970873786409,0.8497757847533632,0.1491031390134529,235,0.9134751773049644,0.13617021276595745,7.025531914893617,0.44680851063829785,2022,0.8923573735199138,0.021528525296017224,0.9699727024567789,0.006369426751592357,3365,0.725829618623081,0.22169390787518573,3.553046062407132,0.36773155027241217,1158,0.044989775051124746,0.656441717791411,0.10518518518518519,0.37333333333333335,3779,0.5704330951750903,0.6893358031225192,3.423657052130193,0.37514333597953586,15.42,14.92,14.24,14.22,0,3,0
483,1205740860,3,15,14,14,15,1613,0.7662517289073306,0.23236514522821577,0.8482142857142857,0.15066964285714285,236,0.9138418079096043,0.13559322033898305,7.02542372881356,0.4459745762711864,2028,0.8915145005370569,0.021482277121374866,0.9691749773345422,0.006346328195829556,3371,0.7257243152378131,0.22159596558884603,3.5511717591219223,0.3676703253238407,1161,0.04480651731160896,0.6558044806517311,0.10502958579881656,0.3727810650887574,3784,0.5706042988019732,0.6897463002114165,3.4230972515856237,0.3751761804087384,15.42,14.92,14.24,14.24,1,1,0
484,1205740861,3,16,15,13,14,1614,0.7665745856353591,0.23204419889502761,0.8482142857142857,0.15066964285714285,236,0.9138418079096043,0.13559322033898305,7.02542372881356,0.4459745762711864,2033,0.8917470525187567,0.021436227224008574,0.9683544303797469,0.007233273056057866,3379,0.7262257078030979,0.22166321396862979,3.551642497780408,0.36761369241392927,1165,0.046747967479674794,0.6544715447154471,0.10456553755522828,0.37260677466863035,3789,0.5703791677663411,0.690155713908683,3.4233306941145423,0.3751429576845252,15.42,14.9,14.22,14.28,1,3,2
485,1205740862,3,18,17,13,15,1619,0.766896551724138,0.2317241379310345,0.8477777777777777,0.1511111111111111,237,0.9142053445850913,0.1350210970464135,7.025316455696203,0.4451476793248945,2041,0.8920940170940171,0.021367521367521368,0.9684968496849685,0.0072007200720072,3382,0.7264685590380449,0.22146658781785925,3.550266114725015,0.3676572048097773,1165,0.046747967479674794,0.6544715447154471,0.10456553755522828,0.37260677466863035,3796,0.5706445381102915,0.690463645943098,3.4241306638566913,0.37504390586582353,15.52,14.94,14.18,14.28,1,5,3
486,1205740863,3,17,15,14,16,1621,0.7672176308539945,0.23140495867768596,0.8468368479467259,0.15205327413984462,237,0.9142053445850913,0.1350210970464135,7.025316455696203,0.4451476793248945,2046,0.8923240938166311,0.021321961620469083,0.9685816876122083,0.00718132854578097,3390,0.7263765978367752,0.2215339233038348,3.551622418879056,0.36760078662733536,1166,0.046747967479674794,0.6544715447154471,0.10441176470588236,0.3720588235294118,3804,0.5702330879775674,0.6911146161934806,3.4245531019978968,0.37491237294076396,15.5,14.92,14.18,14.26,2,3,1
487,1205740864,3,11,14,14,11,1623,0.7661623108665749,0.2324621733149931,0.8470066518847007,0.15188470066518847,238,0.9145658263305321,0.13445378151260504,7.029411764705882,0.44432773109243695,2048,0.8913738019169329,0.021299254526091587,0.968609865470852,0.007174887892376682,3404,0.7260330983157074,0.2217978848413631,3.5578730904817863,0.367729142185664,1167,0.04665314401622718,0.6551724137931034,0.10441176470588236,0.3720588235294118,3812,0.5699545295557887,0.6909758656873033,3.425498426023085,0.37480325288562416,15.38,14.86,14.1,14.2,-3,-3,0
488,1205740865,3,13,14,16,16,1627,0.7671232876712328,0.23150684931506849,0.8471760797342193,0.15171650055370986,238,0.9145658263305321,0.13445378151260504,7.029411764705882,0.44432773109243695,2051,0.8914893617021277,0.02127659574468085,0.9686660698299016,0.007162041181736795,3413,0.7261695478074034,0.22150600644594198,3.5610899501904485,0.3677849399355406,1172,0.0465587044534413,0.6538461538461539,0.10380116959064327,0.3757309941520468,3818,0.5693207613060939,0.6911995809324254,3.426663174436878,0.37499999999999983,15.36,14.86,14.16,14.24,-1,-3,-3
489,1205740866,3,14,15,15,12,1629,0.7671232876712328,0.23150684931506849,0.8475138121546961,0.15138121546961325,238,0.9145658263305321,0.13445378151260504,7.029411764705882,0.44432773109243695,2056,0.89171974522293,0.021231422505307854,0.9678571428571429,0.008035714285714285,3418,0.7265701189779602,0.22147454651843182,3.5626097132826215,0.3676857811585723,1174,0.0465587044534413,0.6538461538461539,0.10349854227405247,0.37755102040816324,3828,0.569226750261233,0.6917450365726228,3.4284221525600835,0.37506530825496326,15.34,14.86,14.2,14.2,-1,-1,2
490,1205740867,3,14,17,15,16,1629,0.7671232876712328,0.23150684931506849,0.8475138121546961,0.15138121546961325,239,0.914923291492329,0.13389121338912133,7.02928870292887,0.4435146443514644,2058,0.8918345705196182,0.021208907741251327,0.967885816235504,0.008028545941123996,3427,0.7271423013325555,0.2214765100671141,3.564925590895827,0.36781441494018097,1178,0.046370967741935484,0.655241935483871,0.10465116279069768,0.376453488372093,3835,0.5687092568448501,0.6915254237288135,3.4284224250325943,0.37503259452411974,15.3,14.86,14.16,14.28,-3,-1,-2
491,1205740868,3,17,18,15,15,1630,0.7674418604651163,0.23119015047879618,0.8475138121546961,0.15138121546961325,240,0.9152777777777776,0.13333333333333333,7.029166666666667,0.4427083333333333,2066,0.8921775898520085,0.021141649048625793,0.9680284191829485,0.007992895204262877,3432,0.7271027583527587,0.22173659673659674,3.566724941724942,0.3677884615384616,1182,0.04618473895582329,0.6546184738955824,0.10434782608695652,0.37681159420289856,3842,0.568844351900052,0.6910463300364393,3.4299843831337844,0.3751301405517958,15.34,14.92,14.18,14.32,-1,2,2
492,1205740869,3,16,18,16,17,1636,0.76775956284153,0.23087431693989072,0.8483516483516483,0.15054945054945054,240,0.9152777777777776,0.13333333333333333,7.029166666666667,0.4427083333333333,2070,0.8922914466737064,0.021119324181626188,0.9681133746678476,0.007971656333038087,3440,0.7267199612403105,0.22151162790697673,3.568313953488372,0.3677325581395349,1186,0.04618473895582329,0.6546184738955824,0.10518731988472622,0.3760806916426513,3849,0.568675846540227,0.6908287866978436,3.4305014289425824,0.37516237983891904,15.32,14.98,14.18,14.36,-2,0,-1
493,1205740870,3,17,14,17,14,1637,0.76775956284153,0.23087431693989072,0.8485181119648738,0.150384193194292,241,0.9135546334716458,0.13692946058091288,7.029045643153527,0.4429460580912863,2073,0.891578947368421,0.021052631578947368,0.9681133746678476,0.007971656333038087,3447,0.7259694420268836,0.22164200754279084,3.5662895271250363,0.3676385262547143,1187,0.04609218436873747,0.655310621242485,0.10518731988472622,0.3760806916426513,3859,0.5690161527165933,0.6908525524747344,3.428867582275201,0.3750971754340501,15.38,14.98,14.24,14.38,3,0,3
494,1205740871,3,16,15,12,15,1640,0.7683923705722071,0.23024523160762944,0.8486842105263158,0.15021929824561403,241,0.9135546334716458,0.13692946058091288,7.029045643153527,0.4429460580912863,2078,0.8916929547844374,0.02103049421661409,0.9682259488084731,0.00794351279788173,3451,0.7262870665507586,0.22167487684729065,3.566212691973341,0.3675021732831064,1188,0.046,0.656,0.10518731988472622,0.3760806916426513,3870,0.5687769164513351,0.6906976744186046,3.429457364341085,0.3751291989664081,15.42,15.0,14.22,14.42,1,4,1
495,1205740872,3,17,17,15,14,1645,0.7690217391304348,0.2296195652173913,0.848087431693989,0.15081967213114755,242,0.9139118457300274,0.13636363636363635,7.028925619834711,0.4431818181818182,2082,0.8918067226890757,0.02100840336134454,0.9683098591549296,0.007922535211267605,3457,0.726617491080899,0.22186867225918427,3.564940700028927,0.3674428695400637,1189,0.04590818363273453,0.656686626746507,0.10518731988472622,0.3760806916426513,3877,0.569125612587052,0.6904823316997679,3.428939901986072,0.37522568996646877,15.42,15.08,14.24,14.44,0,2,3
496,1205740873,3,18,18,17,13,1648,0.7693351424694709,0.22930800542740842,0.8484187568157033,0.1504907306434024,242,0.9139118457300274,0.13636363636363635,7.028925619834711,0.4431818181818182,2087,0.8920335429769392,0.020964360587002098,0.9683933274802459,0.007901668129938543,3465,0.7263347763347767,0.22193362193362193,3.5645021645021644,0.36738816738816743,1191,0.04590818363273453,0.656686626746507,0.10632183908045977,0.3764367816091954,3887,0.5689477746333935,0.691021353228711,3.42809364548495,0.3752894262927706,15.42,15.1,14.32,14.4,0,1,5
497,1205740874,3,14,14,14,14,1652,0.7686062246278755,0.23004059539918809,0.8487486398258978,0.1501632208922742,243,0.9142661179698215,0.13580246913580246,7.02880658436214,0.44238683127572015,2090,0.8922594142259415,0.02092050209205021,0.968421052631579,0.007894736842105263,3471,0.7261836166330553,0.22183808700662633,3.5632382598674734,0.3675453759723423,1192,0.045816733067729085,0.6573705179282868,0.10632183908045977,0.3764367816091954,3896,0.5686601642710474,0.6917351129363449,3.4281314168377826,0.37506416837782325,15.44,15.06,14.32,14.46,0,0,0
498,1205740875,3,14,14,14,14,1655,0.7692307692307693,0.22941970310391363,0.8489130434782609,0.15,243,0.9142661179698215,0.13580246913580246,7.02880658436214,0.44238683127572015,2092,0.8923719958202717,0.02089864158829676,0.9684487291849255,0.007887817703768623,3480,0.7255986590038318,0.22270114942528735,3.560919540229885,0.3674568965517242,1197,0.045454545454545456,0.6541501976284585,0.10616929698708752,0.37589670014347204,3903,0.5686224271927579,0.6920317704330002,3.4294132718421726,0.3752241865231871,15.4,15.02,14.28,14.38,0,0,0
499,1205740876,3,13,13,13,15,1656,0.7692307692307693,0.22941970310391363,0.8490770901194354,0.1498371335504886,243,0.9142661179698215,0.13580246913580246,7.02880658436214,0.44238683127572015,2097,0.8905109489051095,0.020855057351407715,0.9685314685314685,0.007867132867132868,3487,0.725432559028774,0.2231144250071695,3.5618009750501862,0.3675795813019788,1197,0.045454545454545456,0.6541501976284585,0.10616929698708752,0.37589670014347204,3911,0.5688655927725221,0.6918946560981846,3.429301968805932,0.3750958834057784,15.38,14.98,14.3,14.38,0,0,-2
500,1205740877,3,17,17,15,16,1661,0.7698519515477793,0.2288021534320323,0.8484848484848485,0.15043290043290045,244,0.9146174863387977,0.13524590163934427,7.028688524590164,0.4415983606557377,2103,0.8908523908523909,0.02079002079002079,0.9686137750653879,0.007846556233653008,3491,0.7251742576148195,0.2231452305929533,3.5614437124033227,0.3675880836436552,1197,0.045454545454545456,0.6541501976284585,0.10616929698708752,0.37589670014347204,3920,0.5691326530612246,0.6913265306122449,3.428061224489796,0.37525510204081614,15.42,15.02,14.32,14.42,0,2,1
501,1205740878,3,14,15,14,14,1664,0.7688172043010753,0.22983870967741934,0.8488120950323974,0.15010799136069114,245,0.9149659863945576,0.1346938775510204,7.0285714285714285,0.44081632653061226,2107,0.8909657320872274,0.020768431983385256,0.9686956521739131,0.00782608695652174,3497,0.7249308931465069,0.22304832713754646,3.5616242493565915,0.3674578209894196,1200,0.045275590551181105,0.6535433070866141,0.10601719197707736,0.37679083094555876,3928,0.569246435845214,0.6914460285132383,3.430753564154786,0.3751909368635436,15.36,15.02,14.28,14.4,-1,0,0
502,1205740879,3,16,17,16,13,1667,0.7680965147453083,0.23056300268096513,0.8489751887810141,0.1499460625674218,245,0.9149659863945576,0.1346938775510204,7.0285714285714285,0.44081632653061226,2111,0.8900414937759336,0.02074688796680498,0.9670424978317432,0.009540329575021683,3506,0.7249714774671995,0.22304620650313747,3.5601825442099257,0.36751283513976046,1204,0.04518664047151277,0.6522593320235757,0.10556348074179743,0.3751783166904422,3934,0.5696492119979666,0.6919166243009659,3.4318759532282663,0.37499999999999983,15.4,15.0,14.3,14.34,-1,0,3
503,1205740880,3,14,17,13,14,1670,0.7684069611780455,0.23025435073627845,0.8482238966630786,0.15069967707212056,247,0.9156545209176786,0.13765182186234817,7.02834008097166,0.44129554655870445,2118,0.8894628099173554,0.02066115702479339,0.967128027681661,0.009515570934256055,3510,0.7251899335232672,0.22336182336182336,3.5615384615384613,0.3675213675213676,1207,0.04500978473581213,0.6536203522504892,0.10541310541310542,0.37464387464387466,3941,0.5693986297893937,0.6919563562547577,3.432377569144887,0.37496828216188766,15.34,15.0,14.24,14.3,-3,1,0
504,1205740881,3,16,15,14,14,1676,0.7683089214380826,0.2303595206391478,0.8474758324382384,0.1514500537056928,247,0.9156545209176786,0.13765182186234817,7.02834008097166,0.44129554655870445,2124,0.8896907216494845,0.020618556701030927,0.9672413793103448,0.009482758620689655,3513,0.7254246133409246,0.22345573583831482,3.5616282379732422,0.3675633361799033,1209,0.04500978473581213,0.6536203522504892,0.10511363636363637,0.375,3951,0.5694760820045559,0.6917236142748672,3.430777018476335,0.3750105458533703,15.34,15.14,14.2,14.3,1,2,2
505,1205740882,3,16,17,13,14,1679,0.7683089214380826,0.2303595206391478,0.8479657387580299,0.15096359743040685,248,0.9159946236559138,0.13709677419354838,7.028225806451613,0.4425403225806452,2129,0.8899176954732511,0.0205761316872428,0.9673258813413586,0.009458297506448839,3519,0.7250402576489536,0.22335890878090367,3.5609548167092924,0.3675760159136119,1210,0.044921875,0.654296875,0.10511363636363637,0.375,3960,0.5691919191919194,0.6911616161616162,3.430808080808081,0.37523148148148133,15.34,15.16,14.2,14.28,-1,3,2
506,1205740883,3,16,16,18,13,1681,0.7686170212765957,0.2300531914893617,0.8481283422459893,0.15080213903743314,248,0.9159946236559138,0.13709677419354838,7.028225806451613,0.4425403225806452,2133,0.8900308324768756,0.020554984583761562,0.967409948542024,0.009433962264150943,3527,0.7250968717512526,0.22313580946980435,3.5602495038276154,0.3675219733484548,1212,0.044921875,0.654296875,0.1048158640226629,0.37535410764872523,3969,0.5689090450995214,0.691861929957168,3.429579239103049,0.3751364743428234,15.32,15.12,14.32,14.26,0,-2,3
507,1205740884,3,17,16,15,17,1684,0.7689243027888446,0.2297476759628154,0.847385272145144,0.15154749199573106,248,0.9159946236559138,0.13709677419354838,7.028225806451613,0.4425403225806452,2141,0.8903688524590164,0.020491803278688523,0.9675491033304867,0.009393680614859094,3533,0.7254222096424194,0.22332295499575433,3.559298046985565,0.3675582602132277,1214,0.04483430799220273,0.6549707602339181,0.10466760961810467,0.37482319660537483,3976,0.568955399061033,0.6916498993963782,3.4290744466800804,0.3751676727028838,15.36,15.1,14.34,14.26,1,2,0
508,1205740885,3,15,15,12,17,1685,0.7692307692307693,0.22944297082228116,0.847385272145144,0.15154749199573106,248,0.9159946236559138,0.13709677419354838,7.028225806451613,0.4425403225806452,2148,0.8905930470347648,0.02044989775051125,0.967687074829932,0.00935374149659864,3537,0.7255913674488742,0.22363584959004806,3.5592309867119027,0.36749599472245786,1216,0.04474708171206226,0.6556420233463035,0.10451977401129943,0.3742937853107345,3985,0.569301547469678,0.6915934755332497,3.42961104140527,0.37513592639063137,15.36,15.16,14.28,14.32,0,3,-2
509,1205740886,3,15,15,17,16,1689,0.7698412698412699,0.22883597883597884,0.8477103301384451,0.15122470713525027,248,0.9159946236559138,0.13709677419354838,7.028225806451613,0.4425403225806452,2150,0.8896833503575077,0.020429009193054137,0.967714528462192,0.009345794392523364,3547,0.7256601823136927,0.22385114180998025,3.5607555680857064,0.36758763274128375,1218,0.04466019417475728,0.654368932038835,0.10437235543018336,0.3751763046544429,3991,0.5689467969598263,0.6918065647707341,3.430719118015535,0.3750104401570198,15.36,15.16,14.32,14.38,0,-2,-1
510,1205740887,3,16,17,10,14,1694,0.7691292875989446,0.22955145118733508,0.8481953290870489,0.15074309978768577,248,0.9159946236559138,0.13709677419354838,7.028225806451613,0.4425403225806452,2158,0.8882113821138211,0.02032520325203252,0.9677966101694915,0.009322033898305085,3552,0.7257648273273277,0.22438063063063063,3.560810810810811,0.3675628753753754,1222,0.04466019417475728,0.654368932038835,0.10378681626928471,0.37727910238429174,3998,0.5689094547273638,0.6915957978989494,3.431215607803902,0.37510421877605454,15.36,15.2,14.22,14.42,-1,6,2
511,1205740888,3,18,12,14,14,1700,0.7700394218134035,0.22864651773981604,0.8476190476190476,0.15132275132275133,249,0.9163319946452475,0.13654618473895583,7.028112449799197,0.4427710843373494,2166,0.8885511651469098,0.020263424518743668,0.9679324894514768,0.009282700421940928,3553,0.7255605591518908,0.22431747818744724,3.5603715170278636,0.36752978703443107,1223,0.044573643410852716,0.6550387596899225,0.10378681626928471,0.37727910238429174,4006,0.5689382592777501,0.691462805791313,3.4313529705441836,0.37516641704110487,15.46,15.16,14.24,14.42,6,4,4
512,1205740889,3,14,15,15,13,1703,0.7703412073490814,0.2283464566929134,0.8479408658922915,0.15100316789862725,249,0.9163319946452475,0.13654618473895583,7.028112449799197,0.4427710843373494,2168,0.888663967611336,0.020242914979757085,0.9679595278246206,0.00927487352445194,3561,0.725194233829449,0.2243751755124965,3.5607975287840494,0.36740615931854353,1225,0.0444015444015444,0.6563706563706564,0.10378681626928471,0.37727910238429174,4013,0.5689426032062465,0.691253426364316,3.4303513580862197,0.37513497798820483,15.44,15.14,14.3,14.38,-1,-1,1
513,1205740890,3,17,16,15,15,1707,0.7706422018348624,0.22804718217562253,0.848421052631579,0.15052631578947367,250,0.9146666666666665,0.14,7.028,0.443,2176,0.8881048387096774,0.020161290322580645,0.9680672268907563,0.009243697478991597,3565,0.725502571294998,0.2241234221598878,3.5610098176718092,0.36727442730247783,1225,0.0444015444015444,0.6563706563706564,0.10378681626928471,0.37727910238429174,4022,0.5684153820653075,0.6911984087518648,3.429636996519145,0.37541438753522277,15.48,15.16,14.34,14.38,1,2,2
514,1205740891,3,15,16,13,13,1711,0.7709424083769634,0.22774869109947643,0.8467995802728226,0.1521511017838405,251,0.9150066401062416,0.14342629482071714,7.027888446215139,0.44322709163346613,2181,0.886317907444668,0.02012072434607646,0.9681475272422464,0.009220452640402346,3573,0.7250909599776102,0.22390148334732718,3.558354324097397,0.3673850172590727,1226,0.04431599229287091,0.6570327552986512,0.10378681626928471,0.37727910238429174,4031,0.5684693624410817,0.6908955594145373,3.428181592656909,0.37550649135863706,15.54,15.22,14.36,14.44,-1,2,2
515,1205740892,3,10,14,14,15,1713,0.7715404699738904,0.22715404699738903,0.8467995802728226,0.1521511017838405,252,0.9153439153439152,0.14285714285714285,7.027777777777778,0.44246031746031744,2183,0.8864321608040201,0.020100502512562814,0.9673366834170855,0.009212730318257957,3583,0.7247883524048752,0.22439296678760814,3.5654479486463857,0.3676853660805657,1234,0.044061302681992334,0.6551724137931034,0.10306406685236769,0.3774373259052925,4033,0.5684354078849493,0.6908008926357551,3.428961071162906,0.3756922059674352,15.4,15.16,14.32,14.44,-4,-4,-5
516,1205740893,3,17,16,16,14,1720,0.7730220492866408,0.22568093385214008,0.8471204188481676,0.1518324607329843,253,0.9156785243741764,0.1422924901185771,7.027667984189724,0.4426877470355731,2187,0.8867735470941884,0.02004008016032064,0.9673640167364017,0.009205020920502092,3587,0.724816466871109,0.2241427376637859,3.565096180652356,0.3676935229067931,1235,0.04397705544933078,0.655831739961759,0.10306406685236769,0.3774373259052925,4042,0.5688603001814285,0.6909945571499257,3.4280059376546266,0.3757215899719609,15.4,15.16,14.32,14.46,1,1,3
517,1205740894,3,15,16,15,16,1725,0.7710219922380336,0.2276843467011643,0.8465553235908142,0.1524008350730689,253,0.9156785243741764,0.1422924901185771,7.027667984189724,0.4426877470355731,2192,0.8871128871128872,0.01998001998001998,0.9674185463659147,0.009189640768588136,3591,0.7248445187041682,0.22445001392369812,3.5650236702868283,0.36756242457996846,1236,0.04397705544933078,0.655831739961759,0.10292072322670376,0.37830319888734354,4052,0.5695541296479106,0.6902764067127345,3.428183613030602,0.3755964132938465,15.44,15.18,14.32,14.48,-1,0,-1
518,1205740895,3,16,17,15,15,1727,0.7713178294573644,0.22739018087855298,0.8467153284671532,0.15224191866527634,253,0.9156785243741764,0.1422924901185771,7.027667984189724,0.4426877470355731,2196,0.8872255489021956,0.01996007984031936,0.9675,0.009166666666666667,3599,0.7245762711864411,0.22422895248680189,3.5657126979716587,0.36750949337779015,1240,0.04389312977099236,0.6564885496183206,0.10249307479224377,0.3781163434903047,4058,0.5693280762280271,0.6904879250862493,3.4295219319862,0.3755955314604894,15.38,15.28,14.3,14.5,-1,1,1
519,1205740896,3,14,17,15,13,1729,0.7716129032258064,0.2270967741935484,0.846875,0.15208333333333332,253,0.9156785243741764,0.1422924901185771,7.027667984189724,0.4426877470355731,2200,0.8875621890547264,0.01990049751243781,0.9675270607826811,0.009159034138218152,3606,0.7248336106489188,0.22407099278979478,3.5679423183582917,0.3674893695692365,1246,0.043726235741444866,0.655893536121673,0.10192837465564739,0.3787878787878788,4065,0.5690446904469046,0.6905289052890529,3.430258302583026,0.3756252562525624,15.44,15.34,14.32,14.5,-3,-1,1
520,1205740897,3,16,16,13,15,1731,0.7719072164948454,0.2268041237113402,0.8459937565036421,0.1529656607700312,253,0.9156785243741764,0.1422924901185771,7.027667984189724,0.4426877470355731,2202,0.887785501489573,0.019860973187686197,0.9675270607826811,0.009159034138218152,3614,0.7251660210293308,0.2241283895960155,3.568345323741007,0.3675751706327246,1248,0.043726235741444866,0.655893536121673,0.10164835164835165,0.3791208791208791,4073,0.568868156150258,0.6901546771421556,3.4299042474834276,0.3758695474261395,15.48,15.46,14.3,14.54,0,3,1
521,1205740898,3,15,14,13,14,1739,0.7715019255455713,0.22721437740693196,0.8467908902691511,0.15217391304347827,253,0.9156785243741764,0.1422924901185771,7.027667984189724,0.4426877470355731,2203,0.887785501489573,0.019860973187686197,0.9667221297836939,0.009151414309484194,3625,0.7247586206896556,0.224,3.5677241379310343,0.36735632183908046,1251,0.04364326375711575,0.6565464895635673,0.10136986301369863,0.37945205479452054,4078,0.5682932810201081,0.6897989210397254,3.429377145659637,0.3759604381232629,15.46,15.44,14.26,14.5,1,2,1
522,1205740899,3,14,14,17,14,1740,0.7717948717948718,0.22692307692307692,0.8467908902691511,0.15217391304347827,253,0.9156785243741764,0.1422924901185771,7.027667984189724,0.4426877470355731,2207,0.88800792864222,0.019821605550049554,0.9659468438538206,0.009136212624584718,3632,0.7246007709251105,0.22411894273127753,3.565803964757709,0.36740546989721,1255,0.043478260869565216,0.6559546313799622,0.10109289617486339,0.3797814207650273,4086,0.5679148311306904,0.6896720509055311,3.429270680372002,0.37583618861151885,15.42,15.44,14.36,14.52,0,-3,0
523,1205740900,3,16,17,15,12,1745,0.7713920817369093,0.227330779054917,0.8460743801652892,0.15289256198347106,253,0.9156785243741764,0.1422924901185771,7.027667984189724,0.4426877470355731,2211,0.8881188118811881,0.019801980198019802,0.9660314830157415,0.009113504556752278,3641,0.7248237663645523,0.2243889041472123,3.5655039824224115,0.3672525862858189,1260,0.04331450094161959,0.6572504708097928,0.10068027210884353,0.38095238095238093,4090,0.5680929095354526,0.6897310513447433,3.4295843520782396,0.37571312143439267,15.44,15.48,14.36,14.48,-1,1,4
524,1205740901,3,17,14,11,12,1748,0.7719745222929937,0.2267515923566879,0.846233230134159,0.15273477812177502,254,0.9160104986876639,0.14173228346456693,7.02755905511811,0.44291338582677164,2214,0.8882294757665677,0.019782393669634024,0.9660876757650951,0.009098428453267164,3651,0.7244362275175755,0.22486989865790194,3.5669679539852095,0.3674335798411394,1264,0.0450281425891182,0.6566604127579737,0.10040705563093623,0.37991858887381275,4094,0.5678635401400426,0.6897899364924279,3.4284318514899854,0.3757734896596644,15.42,15.46,14.24,14.44,3,6,5
525,1205740902,3,16,13,14,13,1750,0.772264631043257,0.22646310432569974,0.8463917525773196,0.15257731958762888,254,0.9160104986876639,0.14173228346456693,7.02755905511811,0.44291338582677164,2221,0.8884501480750246,0.019743336623889437,0.9662273476112027,0.009060955518945634,3658,0.7243256788773469,0.2244395844723893,3.5661563696008747,0.36759613632221616,1267,0.0449438202247191,0.6573033707865169,0.10013531799729364,0.37889039242219213,4101,0.5675445013411365,0.6895879053889296,3.4279444038039504,0.37598553198406875,15.44,15.46,14.22,14.42,3,2,3
526,1205740903,3,16,14,16,15,1754,0.7731305449936628,0.2256020278833967,0.8465499485066942,0.15242018537590113,254,0.9160104986876639,0.14173228346456693,7.02755905511811,0.44291338582677164,2225,0.8886699507389163,0.019704433497536946,0.9662828947368421,0.009046052631578948,3666,0.7241089288961634,0.22449536279323512,3.5662847790507364,0.3674077104928169,1267,0.0449438202247191,0.6573033707865169,0.10013531799729364,0.37889039242219213,4110,0.5676399026763993,0.6895377128953771,3.4284671532846716,0.37595296025952946,15.46,15.4,14.28,14.44,2,0,1
527,1205740904,3,15,14,16,16,1755,0.7731305449936628,0.2256020278833967,0.8467078189300411,0.1522633744855967,254,0.9160104986876639,0.14173228346456693,7.02755905511811,0.44291338582677164,2229,0.8889980353634578,0.019646365422396856,0.9663105998356615,0.009038619556285949,3676,0.7237033006891553,0.22442872687704027,3.5650163220892273,0.36756438157417487,1270,0.04477611940298507,0.6567164179104478,0.1,0.3783783783783784,4116,0.5678652413346293,0.6895043731778425,3.4290573372206024,0.3759515711046322,15.4,15.32,14.34,14.44,1,-1,-1
528,1205740905,3,16,17,17,14,1761,0.7724399494310998,0.22629582806573956,0.8452868852459017,0.15368852459016394,255,0.9163398692810456,0.1411764705882353,7.027450980392157,0.44313725490196076,2238,0.8895405669599218,0.019550342130987292,0.9664209664209664,0.009009009009009009,3679,0.7237926972909309,0.22451753193802665,3.5659146507203046,0.3676723747395126,1271,0.0446927374301676,0.6573556797020484,0.1,0.3783783783783784,4123,0.5675883256528421,0.6895464467620664,3.427843803056027,0.37628345056188844,15.42,15.38,14.44,14.38,-1,-1,2
529,1205740906,3,17,17,15,14,1763,0.7730138713745272,0.2257250945775536,0.8452868852459017,0.15368852459016394,256,0.9166666666666665,0.140625,7.02734375,0.443359375,2247,0.8900778210116731,0.019455252918287938,0.966530612244898,0.008979591836734694,3683,0.7239569191782066,0.2245452077111051,3.566386098289438,0.3677029595438501,1273,0.04460966542750929,0.6579925650557621,0.09986504723346828,0.37786774628879893,4131,0.5675784717179055,0.6894214475913822,3.427741466957153,0.37628096506092135,15.46,15.42,14.52,14.4,0,2,3
530,1205740907,3,18,16,18,16,1765,0.7732997481108312,0.22544080604534006,0.8454452405322416,0.1535312180143296,256,0.9166666666666665,0.140625,7.02734375,0.443359375,2250,0.8901846452866861,0.019436345966958212,0.9665851670741646,0.008964955175224124,3688,0.7241052060737531,0.2245119305856833,3.565075921908894,0.36781453362255967,1273,0.04460966542750929,0.6579925650557621,0.09986504723346828,0.37786774628879893,4141,0.5669323029863965,0.6896884810432262,3.4267085245109876,0.3761571279079126,15.52,15.5,14.6,14.4,2,0,2
531,1205740908,3,15,17,14,15,1767,0.7732997481108312,0.22544080604534006,0.8457609805924413,0.15321756894790603,257,0.9169909208819713,0.14007782101167315,7.027237354085603,0.44455252918287935,2253,0.8903976721629486,0.019398642095053348,0.9666123778501629,0.008957654723127036,3695,0.723815967523681,0.22435723951285522,3.563464140730717,0.36765899864682,1274,0.04460966542750929,0.6579925650557621,0.09973045822102426,0.37870619946091644,4149,0.5672852896280232,0.6898047722342733,3.425403711737768,0.3760946412790229,15.5,15.54,14.56,14.44,-2,1,0
532,1205740909,3,14,17,14,18,1773,0.7738693467336684,0.22487437185929648,0.8453713123092573,0.1536113936927772,258,0.9173126614987078,0.13953488372093023,7.0271317829457365,0.44573643410852715,2259,0.8907156673114119,0.019342359767891684,0.966693744922827,0.008935824532900082,3701,0.7234531207781685,0.22480410699810863,3.5617400702512834,0.36769341619382145,1278,0.04452690166975881,0.6586270871985158,0.09932885906040269,0.37986577181208053,4154,0.5673246669876427,0.6894559460760713,3.4256138661531055,0.3761835981383404,15.46,15.56,14.58,14.48,-3,0,-4
533,1205740910,3,15,17,14,14,1777,0.7731829573934837,0.22556390977443608,0.8446700507614213,0.15431472081218275,258,0.9173126614987078,0.13953488372093023,7.0271317829457365,0.44573643410852715,2261,0.8907156673114119,0.019342359767891684,0.9667477696674777,0.008921330089213302,3708,0.7236156058971597,0.22491909385113268,3.5617583603020497,0.36794318590435093,1284,0.044444444444444446,0.6574074074074074,0.09866666666666667,0.38,4161,0.567812224625491,0.6890170632059601,3.4251381879355924,0.3762116478410637,15.46,15.62,14.58,14.46,-2,1,1
534,1205740911,3,16,16,15,17,1778,0.7731829573934837,0.22556390977443608,0.8448275862068966,0.15415821501014199,258,0.9173126614987078,0.13953488372093023,7.0271317829457365,0.44573643410852715,2264,0.890926640926641,0.019305019305019305,0.9667747163695299,0.008914100486223663,3716,0.7235378543236458,0.22470398277717976,3.561087190527449,0.36789110154287763,1286,0.04436229205175601,0.6561922365988909,0.0985352862849534,0.3794940079893475,4170,0.567186250999201,0.6894484412470024,3.425179856115108,0.3761990407673859,15.46,15.64,14.62,14.52,0,1,-1
535,1205740912,3,15,15,10,15,1781,0.7734668335419274,0.22528160200250313,0.8451417004048583,0.15384615384615385,258,0.9173126614987078,0.13953488372093023,7.0271317829457365,0.44573643410852715,2265,0.890926640926641,0.019305019305019305,0.9668016194331984,0.008906882591093117,3726,0.7234746824118808,0.22436929683306495,3.562265163714439,0.3682680264805868,1286,0.04436229205175601,0.6561922365988909,0.0985352862849534,0.3794940079893475,4179,0.5672808486878842,0.6898779612347452,3.427374970088538,0.37626625189439245,15.4,15.6,14.56,14.52,0,5,0
536,1205740913,3,14,16,14,14,1786,0.7727840199750312,0.22596754057428214,0.8446014127144299,0.15438950554994954,259,0.9176319176319175,0.138996138996139,7.027027027027027,0.44594594594594594,2268,0.8910318225650916,0.019286403085824494,0.9668552950687146,0.00889248181083266,3733,0.7233235110277707,0.22448432895794268,3.5612108223948566,0.36813554781676927,1290,0.04428044280442804,0.6568265682656826,0.09814323607427056,0.3793103448275862,4187,0.567550354271157,0.689754000477669,3.427513732983043,0.37620412387548746,15.34,15.62,14.56,14.48,-2,0,0
537,1205740914,3,16,15,12,14,1790,0.773067331670823,0.2256857855361596,0.8440643863179075,0.15492957746478872,259,0.9176319176319175,0.138996138996139,7.027027027027027,0.44594594594594594,2270,0.8912415784408084,0.019249278152069296,0.9668552950687146,0.00889248181083266,3737,0.7233520649362237,0.22424404602622425,3.55980733208456,0.3681651948978681,1291,0.04428044280442804,0.6568265682656826,0.09933774834437085,0.37880794701986753,4199,0.567357307295388,0.6896880209573708,3.4279590378661586,0.37614114471699595,15.44,15.64,14.52,14.54,1,4,2
538,1205740915,3,16,14,13,15,1796,0.7723880597014925,0.2263681592039801,0.844689378757515,0.15430861723446893,260,0.9179487179487178,0.13846153846153847,7.026923076923077,0.44519230769230766,2275,0.8915547024952015,0.019193857965451054,0.966908797417272,0.00887812752219532,3744,0.7233351139601143,0.22409188034188035,3.55849358974359,0.3681445868945868,1293,0.04419889502762431,0.6574585635359116,0.0992063492063492,0.3783068783068783,4205,0.5673404676971862,0.6894173602853746,3.428061831153389,0.3761989694807767,15.5,15.64,14.46,14.52,2,3,1
539,1205740916,3,13,15,13,13,1799,0.771712158808933,0.22704714640198512,0.8448448448448449,0.15415415415415415,260,0.9179487179487178,0.13846153846153847,7.026923076923077,0.44519230769230766,2275,0.8915547024952015,0.019193857965451054,0.966908797417272,0.00887812752219532,3753,0.7231992184030557,0.22408739674926725,3.562216893152145,0.3681943334221511,1295,0.04411764705882353,0.6580882352941176,0.09907529722589167,0.37780713342140027,4214,0.5668802404682806,0.6900806834361651,3.429046037019459,0.37610741971207073,15.48,15.64,14.42,14.54,-2,0,0
540,1205740917,3,15,18,16,14,1804,0.7719950433705081,0.22676579925650558,0.8444666001994018,0.15453639082751744,261,0.9182630906768836,0.13793103448275862,7.026819923371647,0.4444444444444444,2279,0.8918660287081339,0.019138755980861243,0.9669354838709677,0.008870967741935484,3759,0.722975968786025,0.22399574354881618,3.561851556264964,0.3680943513345747,1297,0.044036697247706424,0.6587155963302752,0.09894459102902374,0.37730870712401055,4223,0.5665009077275242,0.689793985318494,3.429078853895335,0.37619385902596875,15.5,15.66,14.44,14.5,-3,-1,1
541,1205740918,3,14,15,16,12,1812,0.7716049382716049,0.2271604938271605,0.8432539682539683,0.15575396825396826,261,0.9182630906768836,0.13793103448275862,7.026819923371647,0.4444444444444444,2283,0.892175572519084,0.019083969465648856,0.9669621273166801,0.008863819500402902,3765,0.7232846392208945,0.2239043824701195,3.560690571049137,0.3681053563523682,1300,0.043875685557586835,0.659963436928702,0.09881422924901186,0.37812911725955206,4231,0.566375167415111,0.6899078232096431,3.4282675490427796,0.37619160167021176,15.44,15.6,14.46,14.44,-1,-2,2
542,1205740919,3,13,16,16,15,1819,0.7718865598027127,0.22688039457459927,0.8431952662721893,0.15581854043392504,262,0.9185750636132314,0.13740458015267176,7.026717557251908,0.44561068702290074,2285,0.892278360343184,0.019065776930409915,0.966988727858293,0.008856682769726247,3775,0.7234878587196472,0.22357615894039734,3.560794701986755,0.36812362030905066,1303,0.043795620437956206,0.6605839416058394,0.09855453350854139,0.37844940867279897,4236,0.5659427132514954,0.6902738432483475,3.428706326723324,0.3762197041233867,15.38,15.56,14.46,14.4,-3,-3,-2
543,1205740920,3,16,15,16,13,1823,0.7721674876847291,0.22660098522167488,0.8426745329400197,0.15634218289085547,263,0.9188846641318122,0.13688212927756654,7.026615969581749,0.4448669201520912,2291,0.8925855513307985,0.019011406844106463,0.9670682730923694,0.008835341365461847,3780,0.7234567901234571,0.22380952380952382,3.56031746031746,0.36809964726631383,1305,0.043795620437956206,0.6605839416058394,0.0982961992136304,0.37745740498034075,4244,0.565464970153943,0.689679547596607,3.4278982092365693,0.3762174049638704,15.36,15.58,14.44,14.38,1,0,3
544,1205740921,3,16,15,16,16,1828,0.7720588235294118,0.2267156862745098,0.8418467583497053,0.15717092337917485,264,0.919191919191919,0.13636363636363635,7.026515151515151,0.4441287878787879,2300,0.8931947069943289,0.01890359168241966,0.9671474358974359,0.008814102564102564,3785,0.7232937032144433,0.223778071334214,3.558520475561427,0.3680757375605459,1305,0.043795620437956206,0.6605839416058394,0.0982961992136304,0.37745740498034075,4250,0.5657254901960787,0.6896470588235294,3.428470588235294,0.3762156862745097,15.36,15.58,14.52,14.4,1,0,0
545,1205740922,3,14,14,17,15,1829,0.7720588235294118,0.2267156862745098,0.8420019627085378,0.15701668302257116,264,0.919191919191919,0.13636363636363635,7.026515151515151,0.4441287878787879,2305,0.8932955618508026,0.018885741265344664,0.9672523961661342,0.00878594249201278,3793,0.7232182089814574,0.22436066438175586,3.557342472976536,0.36809034185780815,1310,0.043557168784029036,0.6606170598911071,0.09803921568627451,0.37777777777777777,4257,0.5654999608487983,0.6894526661968522,3.429175475687104,0.37618432385874234,15.3,15.52,14.56,14.42,0,-3,-1
546,1205740923,3,15,13,14,17,1833,0.7723378212974297,0.22643818849449204,0.8424657534246576,0.15655577299412915,264,0.919191919191919,0.13636363636363635,7.026515151515151,0.4441287878787879,2312,0.8929577464788733,0.018779342723004695,0.9672785315243416,0.008778930566640064,3800,0.7230263157894741,0.22447368421052633,3.559473684210526,0.3680701754385964,1311,0.043478260869565216,0.6612318840579711,0.09803921568627451,0.37777777777777777,4267,0.5652292789625813,0.6894773845793297,3.431450667916569,0.37616201859229736,15.24,15.42,14.5,14.5,2,1,-2
547,1205740924,3,17,17,14,14,1839,0.7728937728937729,0.2258852258852259,0.8411306042884991,0.15789473684210525,264,0.919191919191919,0.13636363636363635,7.026515151515151,0.4441287878787879,2318,0.8931583880037488,0.01874414245548266,0.9673826571201273,0.008750994431185362,3805,0.7233902759526942,0.22417871222076216,3.559264126149803,0.36800262812089346,1312,0.043478260869565216,0.6612318840579711,0.09921671018276762,0.3772845953002611,4274,0.5648884729371395,0.6890500701918577,3.43097800655124,0.37613086881921687,15.3,15.48,14.5,14.5,0,3,3
548,1205740925,3,11,11,11,14,1841,0.7719512195121951,0.22682926829268293,0.8412852969814996,0.15774099318403115,268,0.9067164179104477,0.14925373134328357,7.029850746268656,0.4430970149253731,2320,0.8923220973782772,0.018726591760299626,0.9674085850556439,0.008744038155802861,3810,0.7230971128608927,0.22467191601049868,3.56246719160105,0.3679133858267715,1315,0.04332129963898917,0.6588447653429603,0.09908735332464146,0.37809647979139505,4281,0.564431986296037,0.6890913338005139,3.4344779257182902,0.3759830257727944,15.24,15.42,14.44,14.5,0,0,-3
549,1205740926,3,17,16,16,15,1845,0.7722289890377588,0.22655298416565164,0.8398058252427184,0.15922330097087378,269,0.9070631970260222,0.14869888475836432,7.029739776951673,0.4433085501858736,2328,0.8917910447761194,0.018656716417910446,0.9675118858954042,0.008716323296354992,3813,0.7233149750852351,0.22449514817728822,3.5625491738788355,0.3678861788617885,1317,0.043243243243243246,0.6594594594594595,0.10026041666666667,0.3776041666666667,4288,0.564909825870647,0.6886660447761194,3.435167910447761,0.37593283582089543,15.32,15.48,14.5,14.5,1,1,2
550,1205740927,3,14,14,13,15,1847,0.7725060827250608,0.22627737226277372,0.8399612027158099,0.15906886517943744,269,0.9070631970260222,0.14869888475836432,7.029739776951673,0.4433085501858736,2334,0.8911627906976745,0.018604651162790697,0.9675889328063241,0.008695652173913044,3820,0.7236910994764402,0.2243455497382199,3.561780104712042,0.3678010471204187,1322,0.04488330341113106,0.6588868940754039,0.09987029831387809,0.3787289234760052,4295,0.5648040357004271,0.6887077997671711,3.4349243306169965,0.3758440046565773,15.26,15.42,14.46,14.48,0,1,-1
551,1205740928,3,18,14,16,14,1853,0.7721212121212121,0.22666666666666666,0.8404255319148937,0.15860735009671179,269,0.9070631970260222,0.14869888475836432,7.029739776951673,0.4433085501858736,2336,0.8912639405204461,0.01858736059479554,0.9676145339652449,0.008688783570300158,3824,0.7237186192468623,0.2243723849372385,3.5609309623430963,0.36774320083681994,1322,0.04488330341113106,0.6588868940754039,0.09987029831387809,0.3787289234760052,4305,0.5650793650793654,0.6887340301974448,3.434843205574913,0.37584204413472694,15.34,15.4,14.5,14.48,4,2,4
552,1205740929,3,16,16,15,15,1855,0.7726723095525998,0.22611850060459493,0.8404255319148937,0.15860735009671179,269,0.9070631970260222,0.14869888475836432,7.029739776951673,0.4433085501858736,2337,0.8913649025069638,0.018570102135561744,0.9676145339652449,0.008688783570300158,3831,0.7237883929348303,0.2242234403549987,3.5606891151135476,0.36778908901070206,1323,0.04488330341113106,0.6588868940754039,0.09974093264248704,0.3795336787564767,4315,0.5651602935496334,0.6889918887601391,3.4347624565469292,0.3757242178447276,15.34,15.38,14.48,14.52,0,1,1
553,1205740930,3,13,16,15,14,1858,0.7717391304347826,0.22705314009661837,0.8407335907335908,0.1583011583011583,269,0.9070631970260222,0.14869888475836432,7.029739776951673,0.4433085501858736,2339,0.891465677179963,0.01855287569573284,0.9676400947119179,0.008681925808997633,3837,0.7242203110068633,0.22413343758144383,3.5639822778212147,0.3676700547302579,1324,0.04488330341113106,0.6588868940754039,0.09961190168175937,0.38033635187580855,4325,0.565433526011561,0.6892485549132948,3.44,0.375722543352601,15.32,15.36,14.52,14.52,-3,-2,-1
554,1205740931,3,16,17,16,11,1858,0.7717391304347826,0.22705314009661837,0.8407335907335908,0.1583011583011583,270,0.9074074074074073,0.14814814814814814,7.029629629629629,0.4425925925925926,2347,0.8908418131359852,0.01942645698427382,0.9677672955974843,0.008647798742138365,3841,0.7240302004686283,0.22416037490236917,3.5644363447019005,0.36780786253579784,1327,0.044802867383512544,0.6594982078853047,0.09935483870967741,0.38064516129032255,4334,0.5658744808491004,0.6892016612828795,3.4393170281495156,0.37563451776649737,15.32,15.4,14.56,14.46,-1,0,5
555,1205740932,3,16,14,15,15,1861,0.7717391304347826,0.22705314009661837,0.8392685274302214,0.15976900866217517,270,0.9074074074074073,0.14814814814814814,7.029629629629629,0.4425925925925926,2352,0.8909426987060998,0.019408502772643253,0.9678683385579937,0.008620689655172414,3848,0.7242723492723496,0.22375259875259876,3.5647089397089395,0.3677234927234926,1328,0.044802867383512544,0.6594982078853047,0.10051546391752578,0.3801546391752577,4342,0.5662521111622912,0.6895439889451865,3.4385076001842467,0.37571011822508815,15.32,15.34,14.6,14.48,2,1,1
556,1205740933,3,18,14,14,14,1865,0.772289156626506,0.22650602409638554,0.8395773294908742,0.15946205571565802,271,0.9077490774907748,0.14760147601476015,7.029520295202952,0.4418819188191882,2356,0.8911439114391144,0.01937269372693727,0.9679186228482003,0.008607198748043818,3854,0.7240529320186823,0.22366372599896212,3.5638297872340425,0.36760508562532423,1328,0.044802867383512544,0.6594982078853047,0.10051546391752578,0.3801546391752577,4350,0.5662452107279697,0.6894252873563218,3.43816091954023,0.37570881226053626,15.36,15.3,14.52,14.5,4,4,4
557,1205740934,3,18,16,15,18,1866,0.7725631768953068,0.22623345367027678,0.8395773294908742,0.15946205571565802,272,0.9080882352941175,0.14705882352941177,7.029411764705882,0.4420955882352941,2364,0.8912442396313364,0.01935483870967742,0.9680933852140078,0.008560311284046693,3860,0.7240069084628673,0.22409326424870465,3.5642487046632123,0.36787564766839365,1331,0.044642857142857144,0.6589285714285714,0.10038610038610038,0.37966537966537967,4356,0.5662687480869303,0.6889348025711662,3.43801652892562,0.3758226201408018,15.38,15.3,14.52,14.52,2,3,0
558,1205740935,3,14,14,14,12,1868,0.7725631768953068,0.22623345367027678,0.8389261744966443,0.1601150527325024,272,0.9080882352941175,0.14705882352941177,7.029411764705882,0.4420955882352941,2370,0.890625,0.019301470588235295,0.968167701863354,0.008540372670807454,3868,0.7236728714236473,0.22414684591520165,3.564374353671148,0.3676964839710444,1332,0.044642857142857144,0.6589285714285714,0.10025706940874037,0.38046272493573263,4365,0.56594119893089,0.6888888888888889,3.4373424971363113,0.3759641084383351,15.36,15.28,14.56,14.42,0,0,2
559,1205740936,3,16,15,15,14,1874,0.7733812949640287,0.22541966426858512,0.8384321223709369,0.16061185468451242,273,0.9084249084249083,0.14652014652014653,7.029304029304029,0.4413919413919414,2374,0.8908256880733945,0.01926605504587156,0.9682170542635659,0.008527131782945736,3872,0.7233126721763089,0.22417355371900827,3.5640495867768593,0.3677685950413222,1335,0.044563279857397504,0.6595365418894831,0.1,0.382051282051282,4373,0.566354142846254,0.6887720100617425,3.439515206951749,0.3760195136824452,15.38,15.28,14.52,14.38,1,1,2
560,1205740937,3,15,18,15,15,1875,0.7736526946107785,0.2251497005988024,0.8384321223709369,0.16061185468451242,273,0.9084249084249083,0.14652014652014653,7.029304029304029,0.4413919413919414,2379,0.8910256410256411,0.019230769230769232,0.9682907965970611,0.008507347254447023,3879,0.7230815502277222,0.2242846094354215,3.563547306006703,0.36802870155538353,1339,0.044326241134751775,0.6595744680851063,0.0998719590268886,0.382842509603073,4382,0.5666742735432835,0.6887266088544044,3.4386125057051573,0.3761600486840102,15.36,15.3,14.62,14.4,-3,0,0
561,1205740938,3,13,12,13,13,1878,0.7744630071599046,0.2243436754176611,0.8384321223709369,0.16061185468451242,273,0.9084249084249083,0.14652014652014653,7.029304029304029,0.4413919413919414,2380,0.8911253430924062,0.0192131747483989,0.9682907965970611,0.008507347254447023,3890,0.7228363324764355,0.22467866323907454,3.562982005141388,0.36795201371036834,1343,0.044169611307420496,0.6590106007067138,0.09961685823754789,0.384418901660281,4391,0.5667653533743267,0.6889091323161011,3.4383967205647914,0.3760153343961131,15.26,15.3,14.6,14.38,1,0,0
562,1205740939,3,11,16,14,14,1881,0.7728894173602854,0.2259215219976219,0.8384321223709369,0.16061185468451242,273,0.9084249084249083,0.14652014652014653,7.029304029304029,0.4413919413919414,2381,0.8912248628884827,0.019195612431444242,0.9682907965970611,0.008507347254447023,3901,0.7220798085960868,0.2255831837990259,3.567034093822097,0.3680680167478423,1348,0.043936731107205626,0.6572934973637962,0.09936305732484077,0.3834394904458599,4400,0.5667424242424246,0.6888636363636363,3.4411363636363634,0.37609848484848474,15.2,15.32,14.58,14.4,-5,-3,-3
563,1205740940,3,16,14,15,15,1882,0.7728894173602854,0.2259215219976219,0.8385864374403056,0.16045845272206305,274,0.9087591240875912,0.145985401459854,7.029197080291971,0.4425182481751825,2388,0.8915223336371924,0.019143117593436645,0.9683885890516577,0.008481110254433308,3907,0.7219947103489466,0.22600460711543383,3.56693114921935,0.36801467451582615,1351,0.043782837127845885,0.6549912434325744,0.09923664122137404,0.3842239185750636,4408,0.5668481548699338,0.6887477313974592,3.442831215970962,0.3760397761645492,15.18,15.28,14.58,14.4,2,1,1
564,1205740941,3,16,17,16,13,1886,0.7734282325029656,0.22538552787663108,0.8379408960915157,0.16110581506196378,274,0.9087591240875912,0.145985401459854,7.029197080291971,0.4425182481751825,2393,0.89171974522293,0.01910828025477707,0.9684615384615385,0.008461538461538461,3914,0.7222364162834273,0.2256004087889627,3.5666836995401123,0.3682081417135069,1352,0.043782837127845885,0.6549912434325744,0.09911054637865312,0.3850063532401525,4416,0.566727053140097,0.6886322463768116,3.441349637681159,0.3760378925120772,15.2,15.3,14.64,14.4,-1,0,3
565,1205740942,3,16,16,18,14,1891,0.7739644970414201,0.22485207100591717,0.8384030418250951,0.16064638783269963,274,0.9087591240875912,0.145985401459854,7.029197080291971,0.4425182481751825,2396,0.8919164396003633,0.01907356948228883,0.9684857801691007,0.008455034588777863,3918,0.7223923770631278,0.22588055130168452,3.5673813169984685,0.36821507571890405,1355,0.043706293706293704,0.6555944055944056,0.09885931558935361,0.385297845373891,4425,0.5668926553672321,0.687909604519774,3.4413559322033898,0.3761770244821091,15.32,15.34,14.72,14.38,0,-2,2
566,1205740943,3,17,14,17,15,1896,0.7742316784869976,0.22458628841607564,0.8390151515151515,0.16003787878787878,275,0.909090909090909,0.14545454545454545,7.029090909090909,0.44181818181818183,2401,0.8912058023572076,0.019945602901178604,0.968558282208589,0.00843558282208589,3921,0.7223497407124035,0.22596276460086712,3.567202244325427,0.3682521465612512,1357,0.04363001745200698,0.6561954624781849,0.09873417721518987,0.3860759493670886,4434,0.5675462336490757,0.6878664862426703,3.4397834912043304,0.37603367914599295,15.32,15.3,14.74,14.4,3,0,2
567,1205740944,3,14,13,16,12,1900,0.7733175914994097,0.2255017709563164,0.8394711992445704,0.15958451369216242,276,0.9094202898550724,0.14492753623188406,7.028985507246377,0.4420289855072464,2406,0.8914027149321267,0.019909502262443438,0.9686304514154552,0.008416220351951033,3929,0.7225332993976418,0.22575719012471368,3.5675744464240267,0.36822346653092375,1359,0.04355400696864112,0.6567944250871081,0.0986093552465234,0.38558786346396967,4441,0.5671020040531416,0.6881333033100653,3.438189596937627,0.3759476093972828,15.3,15.24,14.76,14.32,1,-2,2
568,1205740945,3,16,15,16,16,1903,0.773851590106007,0.2249705535924617,0.839622641509434,0.15943396226415094,276,0.9094202898550724,0.14492753623188406,7.028985507246377,0.4420289855072464,2409,0.8906955736224029,0.01987353206865402,0.9686544342507645,0.008409785932721712,3939,0.7224760937632227,0.22594567149022596,3.56994160954557,0.3683676059913682,1362,0.043402777777777776,0.65625,0.09848484848484848,0.3851010101010101,4448,0.5672212230215832,0.6881744604316546,3.4370503597122304,0.3758056055155874,15.3,15.2,14.78,14.34,1,0,0
569,1205740946,3,11,10,16,13,1904,0.773851590106007,0.2249705535924617,0.8388312912346843,0.16022620169651272,277,0.9097472924187725,0.1444043321299639,7.028880866425993,0.44223826714801445,2412,0.8907942238267148,0.019855595667870037,0.9687022900763359,0.008396946564885497,3950,0.7217299578059074,0.22582278481012658,3.5744303797468353,0.36841772151898716,1370,0.04310344827586207,0.656896551724138,0.09798994974874371,0.38316582914572866,4452,0.5673854447439357,0.6880053908355795,3.4384546271338725,0.375804881701108,15.24,15.06,14.8,14.34,1,-5,-2
570,1205740947,3,16,17,14,16,1909,0.7746478873239436,0.22417840375586853,0.8381937911571026,0.16086547507055504,277,0.9097472924187725,0.1444043321299639,7.028880866425993,0.44223826714801445,2417,0.8901890189018902,0.019801980198019802,0.96875,0.008384146341463415,3955,0.7217024863042565,0.22579013906447534,3.5739570164348926,0.36839443742098593,1371,0.04310344827586207,0.656896551724138,0.09786700125470514,0.38268506900878296,4461,0.5676978255996418,0.6884106702533064,3.437570051557947,0.3757191959949188,15.24,15.08,14.82,14.36,-1,2,0
571,1205740948,3,15,15,17,13,1912,0.775175644028103,0.22365339578454332,0.8383458646616542,0.16071428571428573,277,0.9097472924187725,0.1444043321299639,7.028880866425993,0.44223826714801445,2420,0.8902877697841727,0.019784172661870502,0.9687975646879756,0.00837138508371385,3962,0.7214369846878683,0.22640080767289247,3.5729429581019687,0.36837455830388677,1376,0.04280821917808219,0.6575342465753424,0.09774436090225563,0.38345864661654133,4469,0.5673528753636164,0.6882971582009398,3.43701051689416,0.3759416722607592,15.24,15.1,14.9,14.34,0,-2,2
572,1205740949,3,17,14,16,15,1916,0.775175644028103,0.22365339578454332,0.8389513108614233,0.1601123595505618,277,0.9097472924187725,0.1444043321299639,7.028880866425993,0.44223826714801445,2424,0.8904847396768402,0.019748653500897665,0.9688449848024316,0.008358662613981762,3970,0.7218723761544923,0.22619647355163727,3.573299748110831,0.3684508816120905,1378,0.042735042735042736,0.6581196581196581,0.09762202753441802,0.3829787234042553,4476,0.5668007149240397,0.6885612153708669,3.4372207327971402,0.37596812630324683,15.3,15.1,14.88,14.36,3,1,2
573,1205740950,3,15,13,17,12,1917,0.775175644028103,0.22365339578454332,0.8381665107577175,0.16089803554724041,278,0.9100719424460431,0.14388489208633093,7.028776978417266,0.4433453237410072,2431,0.8907788719785139,0.019695613249776187,0.968939393939394,0.008333333333333333,3973,0.7218306904941693,0.22627737226277372,3.5726151522778755,0.368361439718097,1379,0.042735042735042736,0.6581196581196581,0.0975,0.38375,4487,0.566971250278583,0.6879875195007801,3.437263204813907,0.37610504420176794,15.28,15.02,14.92,14.36,2,-2,3
574,1205740951,3,16,16,12,13,1920,0.775175644028103,0.22365339578454332,0.8376865671641791,0.16138059701492538,279,0.9103942652329748,0.14336917562724014,7.028673835125448,0.4444444444444444,2438,0.8911685994647636,0.019625334522747548,0.9690098261526833,0.008314436885865457,3978,0.7219289425171781,0.2264957264957265,3.573403720462544,0.3682126696832577,1382,0.04251700680272109,0.6598639455782312,0.0975,0.38375,4496,0.5671708185053385,0.6877224199288257,3.4370551601423487,0.3761306346381968,15.26,15.06,14.94,14.38,0,4,3
575,1205740952,3,17,16,14,16,1924,0.775438596491228,0.22339181286549709,0.838139534883721,0.16093023255813954,282,0.9095744680851063,0.1524822695035461,7.035460992907802,0.4450354609929078,2439,0.8903743315508021,0.0196078431372549,0.9690098261526833,0.008314436885865457,3987,0.721929604548115,0.22698771005768748,3.5753699523451217,0.3683220466516176,1385,0.04406779661016949,0.6576271186440678,0.09737827715355805,0.38451935081148564,4500,0.5671851851851856,0.6875555555555556,3.437333333333333,0.3762407407407406,15.28,15.12,14.94,14.44,1,3,1
576,1205740953,3,17,18,14,15,1929,0.7747957992998833,0.22403733955659277,0.8376623376623377,0.1614100185528757,283,0.9098939929328622,0.1519434628975265,7.035335689045937,0.446113074204947,2441,0.8905693950177936,0.019572953736654804,0.9690098261526833,0.008314436885865457,3992,0.7215263861055446,0.22695390781563127,3.5751503006012024,0.3682364729458916,1385,0.04406779661016949,0.6576271186440678,0.09737827715355805,0.38451935081148564,4512,0.5676713947990547,0.6875,3.436391843971631,0.3763482565011819,15.3,15.2,14.9,14.44,-1,3,2
577,1205740954,3,17,17,18,15,1931,0.7747957992998833,0.22403733955659277,0.8379629629629629,0.16111111111111112,283,0.9098939929328622,0.1519434628975265,7.035335689045937,0.446113074204947,2446,0.8898756660746003,0.019538188277087035,0.969079939668175,0.008295625942684766,4000,0.7214583333333336,0.22725,3.574,0.3681249999999998,1386,0.043993231810490696,0.6582064297800339,0.09737827715355805,0.38451935081148564,4519,0.5676403334070963,0.687541491480416,3.435937154237663,0.3764291509921073,15.34,15.26,14.94,14.42,0,-1,2
578,1205740955,3,16,16,15,15,1932,0.7750582750582751,0.22377622377622378,0.8379629629629629,0.16111111111111112,283,0.9098939929328622,0.1519434628975265,7.035335689045937,0.446113074204947,2448,0.8900709219858156,0.01950354609929078,0.969079939668175,0.008295625942684766,4007,0.7214458031777725,0.22785126029448466,3.5737459445969555,0.36804342400798584,1387,0.04391891891891892,0.6570945945945946,0.09737827715355805,0.38451935081148564,4529,0.5682637815558994,0.6880105983660852,3.4360786045484653,0.3762051961433722,15.34,15.24,14.9,14.44,0,1,1
579,1205740956,3,15,14,16,14,1938,0.7737819025522041,0.22505800464037123,0.8373382624768947,0.16173752310536044,283,0.9098939929328622,0.1519434628975265,7.035335689045937,0.446113074204947,2451,0.8902654867256637,0.019469026548672566,0.9691032403918614,0.008289374529012811,4016,0.7214475431606908,0.22808764940239043,3.572211155378486,0.36796563745019906,1390,0.045531197301854974,0.6559865092748736,0.09713574097135741,0.3848069738480697,4533,0.5685344510625785,0.6882859033752482,3.4359144054709905,0.3761489815427604,15.3,15.18,14.92,14.44,1,-1,1
580,1205740957,3,10,10,11,11,1940,0.7737819025522041,0.22505800464037123,0.8367158671586716,0.16236162361623616,283,0.9098939929328622,0.1519434628975265,7.035335689045937,0.446113074204947,2452,0.8902654867256637,0.019469026548672566,0.9691265060240963,0.008283132530120483,4024,0.7220013253810473,0.2276341948310139,3.5775347912524853,0.36779324055665985,1391,0.045531197301854974,0.6559865092748736,0.09701492537313433,0.3843283582089552,4542,0.5687289006311467,0.6882430647291942,3.438573315719947,0.37600910024952283,15.14,15.06,14.78,14.34,0,-1,-1
581,1205740958,3,13,13,11,13,1945,0.7734104046242775,0.2254335260115607,0.8370165745856354,0.16206261510128914,284,0.9102112676056338,0.15140845070422534,7.035211267605634,0.44630281690140844,2454,0.8902654867256637,0.019469026548672566,0.968421052631579,0.008270676691729323,4034,0.7219467856552638,0.2278135845314824,3.579573624194348,0.3678111056023796,1395,0.045531197301854974,0.6559865092748736,0.09777227722772278,0.38366336633663367,4546,0.568521777386714,0.6885173779146503,3.439067311922569,0.3760082123478515,15.1,14.98,14.72,14.3,0,2,0
582,1205740959,3,16,16,17,14,1949,0.7741935483870968,0.22465437788018433,0.8362465501379944,0.16283348666053357,284,0.9102112676056338,0.15140845070422534,7.035211267605634,0.44630281690140844,2457,0.8904593639575972,0.019434628975265017,0.9684447783621337,0.008264462809917356,4040,0.7218646864686471,0.22797029702970298,3.580940594059406,0.36775990099009886,1395,0.045531197301854974,0.6559865092748736,0.09777227722772278,0.38366336633663367,4557,0.5686855387316221,0.6883914856265086,3.441957428132543,0.3759783483285786,15.14,14.96,14.78,14.22,0,-1,2
583,1205740960,3,15,16,16,14,1953,0.774712643678161,0.22413793103448276,0.8365472910927456,0.162534435261708,284,0.9102112676056338,0.15140845070422534,7.035211267605634,0.44630281690140844,2460,0.8905560458958517,0.019417475728155338,0.9684921230307577,0.008252063015753939,4050,0.721934156378601,0.22790123456790123,3.579506172839506,0.3679012345679011,1399,0.045454545454545456,0.6548821548821548,0.09741060419235512,0.3834771886559803,4562,0.5689390618149939,0.6882946076282332,3.4416922402455064,0.37589507525938903,15.14,14.94,14.82,14.22,-1,-1,1
584,1205740961,3,16,15,16,15,1954,0.7749712973593571,0.22388059701492538,0.8365472910927456,0.162534435261708,284,0.9102112676056338,0.15140845070422534,7.035211267605634,0.44630281690140844,2461,0.890652557319224,0.019400352733686066,0.9684921230307577,0.008252063015753939,4059,0.7221811612055518,0.22764227642276422,3.5784676028578466,0.3678245873367823,1399,0.045454545454545456,0.6548821548821548,0.09741060419235512,0.3834771886559803,4572,0.5687882764654422,0.6881014873140857,3.4400699912510935,0.3758384368620588,15.14,14.92,14.84,14.18,1,0,1
585,1205740962,3,14,16,16,13,1962,0.7754868270332188,0.22336769759450173,0.8356164383561644,0.1634703196347032,284,0.9102112676056338,0.15140845070422534,7.035211267605634,0.44630281690140844,2464,0.8898678414096917,0.02026431718061674,0.9685393258426966,0.008239700374531835,4067,0.7224817637898535,0.2274403737398574,3.5778214900417997,0.3678387017457584,1402,0.0453781512605042,0.6554621848739496,0.0971709717097171,0.3849938499384994,4577,0.5687131308717505,0.6877867598863885,3.4393707668778677,0.3759194523341343,15.12,14.94,14.96,14.14,-2,-2,1
586,1205740963,3,14,10,13,15,1965,0.7757437070938215,0.2231121281464531,0.8359161349134002,0.16317228805834094,284,0.9102112676056338,0.15140845070422534,7.035211267605634,0.44630281690140844,2469,0.8891820580474934,0.020228671943711522,0.968609865470852,0.008221225710014948,4073,0.7221540224240939,0.22735084704149275,3.578934446354039,0.36778787134790064,1404,0.04522613065326633,0.6566164154103853,0.0971709717097171,0.3849938499384994,4586,0.5685782817269956,0.6879633667684256,3.4391626689925863,0.3758358773077481,15.12,14.82,14.94,14.16,4,1,-1
587,1205740964,3,16,14,12,18,1971,0.775626423690205,0.22323462414578588,0.8362147406733395,0.16287534121929026,284,0.9102112676056338,0.15140845070422534,7.035211267605634,0.44630281690140844,2472,0.8892794376098418,0.020210896309314587,0.9686567164179104,0.008208955223880597,4079,0.7224401405573264,0.22726158372150038,3.579308654081883,0.3677576203317805,1406,0.0451505016722408,0.657190635451505,0.09705159705159705,0.3857493857493858,4594,0.5691118850674797,0.6878537222464084,3.4386155855463647,0.3757255840951965,15.12,14.8,14.94,14.24,2,4,-2
588,1205740965,3,15,15,15,16,1977,0.775255391600454,0.22360953461975028,0.8357531760435571,0.16333938294010888,285,0.9105263157894737,0.1543859649122807,7.035087719298246,0.44649122807017544,2477,0.887719298245614,0.02017543859649123,0.9687267311988086,0.008190618019359643,4081,0.7225761659723926,0.22715020828228374,3.579759862778731,0.3677611696479619,1406,0.0451505016722408,0.657190635451505,0.09705159705159705,0.3857493857493858,4605,0.5690915671371701,0.6877307274701412,3.4382193268186754,0.3756967064784653,15.1,14.82,14.98,14.26,0,0,-1
589,1205740966,3,15,15,14,14,1982,0.7755102040816326,0.2233560090702948,0.8345388788426763,0.16455696202531644,285,0.9105263157894737,0.1543859649122807,7.035087719298246,0.44649122807017544,2484,0.8881118881118881,0.020104895104895104,0.9687964338781575,0.008172362555720654,4084,0.7227799542931769,0.22698334965719882,3.5788442703232124,0.3677358798563498,1409,0.045075125208681135,0.657762938230384,0.09681372549019608,0.3872549019607843,4614,0.5689567981505567,0.6876896402254009,3.4388816644993496,0.3757224389539083,15.14,14.82,15.0,14.28,0,1,1
590,1205740967,3,15,13,15,13,1990,0.7762711864406779,0.22259887005649717,0.8334833483348335,0.16561656165616562,286,0.9108391608391608,0.15384615384615385,7.034965034965035,0.4458041958041958,2489,0.8883071553228621,0.02006980802792321,0.9688658265381764,0.00815418828762046,4087,0.7227387651904414,0.22706141424027404,3.5789087350134574,0.3677106271919091,1411,0.045075125208681135,0.657762938230384,0.09657701711491443,0.3863080684596577,4622,0.5697028703303048,0.687797490263955,3.438554738208568,0.3755589211019759,15.14,14.72,14.98,14.26,2,0,2
591,1205740968,3,16,15,16,14,1994,0.7767756482525366,0.22209695603156707,0.8337825696316262,0.16531895777178796,286,0.9108391608391608,0.15384615384615385,7.034965034965035,0.4458041958041958,2493,0.8884045335658239,0.02005231037489102,0.9681952662721893,0.008136094674556213,4095,0.722751322751323,0.2271062271062271,3.578754578754579,0.36772486772486757,1415,0.045075125208681135,0.657762938230384,0.09610705596107055,0.38564476885644766,4630,0.5701223902087836,0.6874730021598272,3.4390928725701944,0.3755579553635708,15.18,14.72,14.98,14.3,1,0,2
592,1205740969,3,17,16,14,16,1999,0.7777777777777778,0.22109988776655443,0.8339317773788151,0.1651705565529623,286,0.9108391608391608,0.15384615384615385,7.034965034965035,0.4458041958041958,2497,0.8885017421602788,0.02003484320557491,0.9682656826568266,0.008118081180811807,4104,0.7231156595191686,0.22709551656920077,3.577972709551657,0.3677103638726444,1418,0.04492512479201331,0.6572379367720466,0.0959902794653706,0.38517618469015796,4635,0.5701546206400578,0.6875943905070119,3.439697950377562,0.3754225098885292,15.26,14.72,14.94,14.32,1,3,1
593,1205740970,3,17,17,16,13,2003,0.7782754759238522,0.2206047032474804,0.8342293906810035,0.16487455197132617,287,0.9111498257839721,0.15331010452961671,7.034843205574913,0.445993031358885,2502,0.8885987815491732,0.020017406440382943,0.9683590875643856,0.008094186902133923,4108,0.723141837065888,0.2271178188899708,3.577653359298929,0.36759574813372264,1420,0.044850498338870434,0.6578073089700996,0.09587378640776699,0.3859223300970874,4645,0.5698959454610696,0.6876210979547901,3.4383207750269107,0.37536777897380685,15.28,14.76,14.94,14.32,0,1,4
594,1205740971,3,16,16,15,15,2004,0.7785234899328859,0.2203579418344519,0.8342293906810035,0.16487455197132617,287,0.9111498257839721,0.15331010452961671,7.034843205574913,0.445993031358885,2509,0.8888888888888888,0.019965277777777776,0.9684519442406456,0.008070432868672046,4113,0.7232352702812225,0.22732798443958183,3.578166788232434,0.3675135748439904,1420,0.044850498338870434,0.6578073089700996,0.09587378640776699,0.3859223300970874,4657,0.5700737241428677,0.6877818337985828,3.4406270130985614,0.3753668312933933,15.28,14.78,14.92,14.3,0,1,1
595,1205740972,3,19,17,14,15,2008,0.7787709497206704,0.2201117318435754,0.8346738159070599,0.1644325290437891,288,0.9114583333333334,0.1527777777777778,7.034722222222222,0.4470486111111111,2512,0.8890814558058926,0.01993067590987868,0.968475073313783,0.008064516129032258,4121,0.7231658982447629,0.22737199708808542,3.5770444066974036,0.3675887729515488,1420,0.044850498338870434,0.6578073089700996,0.09587378640776699,0.3859223300970874,4664,0.5695040022870215,0.6878216123499142,3.4403945111492282,0.37548241852487124,15.38,14.84,14.86,14.3,2,5,4
596,1205740973,3,16,14,11,12,2012,0.7790178571428571,0.21986607142857142,0.8351158645276292,0.16399286987522282,289,0.9117647058823529,0.1522491349480969,7.034602076124568,0.4463667820069204,2515,0.889273356401384,0.019896193771626297,0.9684981684981685,0.00805860805860806,4128,0.7233930878552974,0.22698643410852712,3.5763081395348837,0.36757105943152435,1422,0.044850498338870434,0.6578073089700996,0.09806295399515738,0.38498789346246975,4672,0.5691709474885849,0.6877140410958904,3.4387842465753424,0.3753745719178081,15.4,14.86,14.8,14.2,2,5,4
597,1205740974,3,15,15,17,15,2015,0.7790178571428571,0.21986607142857142,0.8355555555555556,0.16355555555555557,290,0.9109195402298851,0.15517241379310345,7.0344827586206895,0.44741379310344825,2518,0.8886010362694301,0.019861830742659757,0.9685212298682284,0.008052708638360176,4137,0.7235919748610107,0.22673434856175972,3.5740875030215133,0.3676375795665134,1428,0.044481054365733116,0.6589785831960461,0.09794437726723096,0.3845223700120919,4677,0.5689544579858887,0.6876202694034638,3.4393842206542655,0.37540089801154575,15.36,14.82,14.86,14.22,0,-2,0
598,1205740975,3,13,14,15,17,2018,0.77728285077951,0.22160356347438753,0.8357015985790408,0.16341030195381884,290,0.9109195402298851,0.15517241379310345,7.0344827586206895,0.44741379310344825,2525,0.8886971527178602,0.01984469370146678,0.9686588921282799,0.008017492711370262,4144,0.7233349420849424,0.22683397683397682,3.572876447876448,0.36768018018018,1431,0.044407894736842105,0.6578947368421053,0.097708082026538,0.3848009650180941,4685,0.5689434364994668,0.687299893276414,3.439701173959445,0.3753468516542155,15.4,14.88,14.94,14.28,-1,-2,-4
599,1205740976,3,16,15,15,13,2019,0.77728285077951,0.22160356347438753,0.8358473824312334,0.16326530612244897,290,0.9109195402298851,0.15517241379310345,7.0344827586206895,0.44741379310344825,2527,0.8887931034482759,0.019827586206896553,0.9686817188638019,0.008011653313911144,4154,0.723760231102552,0.2262879152623977,3.572460279248917,0.3675774354036268,1434,0.04433497536945813,0.6584564860426929,0.098676293622142,0.3850782190132371,4693,0.5692520775623272,0.6874067760494353,3.4395908800340935,0.3752397187300233,15.38,14.86,14.92,14.24,1,1,3
600,1205740977,3,17,17,14,16,2026,0.7758046614872364,0.22308546059933407,0.8355437665782494,0.16357206012378425,291,0.9112256586483392,0.15463917525773196,7.034364261168385,0.4475945017182131,2534,0.8889845094664371,0.019793459552495698,0.9687953555878084,0.007982583454281567,4157,0.7237190281452974,0.22612460909309598,3.572047149386577,0.36767300136316233,1435,0.04426229508196721,0.659016393442623,0.098676293622142,0.3850782190132371,4700,0.5691489361702131,0.6874468085106383,3.4385106382978723,0.37542553191489353,15.44,14.92,14.94,14.26,0,3,1
601,1205740978,3,14,16,14,13,2029,0.7760532150776053,0.22283813747228381,0.8358340688437775,0.16328331862312445,292,0.9115296803652969,0.15753424657534246,7.034246575342466,0.4477739726027397,2539,0.8883161512027491,0.019759450171821305,0.9688631426502534,0.007965242577842143,4164,0.7239433237271857,0.22574447646493756,3.5715658021133527,0.3677753762407939,1438,0.044189852700491,0.6595744680851063,0.09843937575030012,0.38535414165666265,4710,0.5691790516631285,0.6870488322717622,3.4373673036093417,0.3756369426751591,15.36,14.96,14.9,14.24,-2,0,1
602,1205740979,3,12,16,12,15,2032,0.7754424778761062,0.2234513274336283,0.8359788359788359,0.16313932980599646,293,0.910693970420933,0.15699658703071673,7.034129692832765,0.44880546075085326,2542,0.8884120171673819,0.019742489270386267,0.9689081706435285,0.007953723788864787,4174,0.7236463823670344,0.22664111164350742,3.573550551030187,0.36785257946014993,1442,0.04404567699836868,0.6590538336052202,0.09820359281437126,0.38562874251497004,4716,0.5694091037602492,0.6868108566581849,3.4374469889737065,0.3755477806050324,15.28,14.96,14.84,14.24,-4,0,-3
603,1205740980,3,15,17,15,16,2038,0.7759381898454746,0.2229580573951435,0.835676625659051,0.1634446397188049,293,0.910693970420933,0.15699658703071673,7.034129692832765,0.44880546075085326,2547,0.8887938408896493,0.019674935842600515,0.9689306358381503,0.007947976878612716,4178,0.7236716132120635,0.226663475347056,3.574198180947822,0.3677995851284504,1443,0.04404567699836868,0.6590538336052202,0.09928229665071771,0.38516746411483255,4726,0.5694209338411628,0.6870503597122302,3.4363097757088448,0.37559952038369293,15.32,14.98,14.84,14.28,-2,0,-1
604,1205740981,3,15,19,17,15,2041,0.776431718061674,0.22246696035242292,0.835820895522388,0.16330114135206322,294,0.910997732426304,0.1564625850340136,7.034013605442177,0.4481292517006803,2551,0.8889837745516652,0.01964133219470538,0.9689754689754689,0.007936507936507936,4182,0.7239359158297468,0.2269249163079866,3.5738880918220945,0.36780647218236867,1447,0.04390243902439024,0.6601626016260163,0.09904534606205251,0.38663484486873506,4735,0.5693945793734605,0.6870116156282999,3.4365364308342135,0.3755719816965856,15.3,15.02,14.86,14.36,-4,-2,0
605,1205740982,3,16,15,16,15,2045,0.7766776677667767,0.2222222222222222,0.8362521891418564,0.1628721541155867,295,0.9112994350282487,0.15593220338983052,7.033898305084746,0.44745762711864406,2555,0.8890784982935154,0.01962457337883959,0.9690424766018718,0.007919366450683946,4189,0.7239794700405828,0.2270231558844593,3.5760324659823346,0.3678483329354657,1450,0.04376012965964344,0.6596434359805511,0.09892729439809297,0.3873659117997616,4741,0.5698340715742112,0.6871967939253322,3.43661674752162,0.3755185263305912,15.3,15.04,14.88,14.36,1,0,1
606,1205740983,3,15,15,14,13,2050,0.7760702524698134,0.22283205268935236,0.8366812227074236,0.16244541484716157,296,0.9115990990990992,0.1554054054054054,7.033783783783784,0.44763513513513514,2557,0.8891730605285593,0.0196078431372549,0.9690647482014388,0.007913669064748202,4198,0.7239360012704467,0.22677465459742735,3.5762267746545975,0.3678735905986976,1451,0.04376012965964344,0.6596434359805511,0.0988095238095238,0.3869047619047619,4749,0.5699270021758971,0.6873025900189513,3.4352495262160456,0.3753597248543552,15.24,15.06,14.88,14.34,0,1,2
607,1205740984,3,14,16,16,11,2052,0.7760702524698134,0.22283205268935236,0.8369659982563208,0.16216216216216217,298,0.9105145413870247,0.15436241610738255,7.033557046979865,0.4471476510067114,2559,0.889267461669506,0.019591141396933562,0.9690869877785766,0.007907979870596693,4202,0.7234848484848488,0.2267967634459781,3.5763921941932413,0.3678208789465332,1454,0.04376012965964344,0.6596434359805511,0.09845788849347568,0.3879003558718861,4758,0.5693743869973382,0.6870533837746953,3.4358974358974357,0.37549040212974627,15.16,15.06,14.9,14.2,-2,-2,3
608,1205740985,3,14,16,15,16,2055,0.7763157894736842,0.2225877192982456,0.8363794604003482,0.16275021758050479,298,0.9105145413870247,0.15436241610738255,7.033557046979865,0.4471476510067114,2563,0.8885106382978724,0.01957446808510638,0.9691535150645624,0.007890961262553802,4210,0.723653998416469,0.22684085510688837,3.575771971496437,0.36765637371338067,1459,0.043548387096774194,0.6596774193548387,0.09822485207100591,0.3893491124260355,4764,0.5693919675342853,0.6870277078085643,3.4353484466834594,0.37543730758466265,15.16,15.1,14.92,14.28,-2,-1,-2
609,1205740986,3,17,17,14,17,2062,0.7768052516411379,0.22210065645514224,0.8370883882149047,0.16204506065857885,298,0.9105145413870247,0.15436241610738255,7.033557046979865,0.4471476510067114,2567,0.8886054421768708,0.0195578231292517,0.9692197566213314,0.007874015748031496,4215,0.7237445630684068,0.22680901542111506,3.576037959667853,0.3676354290233292,1461,0.04340836012861737,0.6607717041800643,0.09822485207100591,0.3893491124260355,4772,0.5695550433081871,0.6867141659681475,3.4341994970662197,0.3755413523330538,15.18,15.14,14.9,14.34,0,3,0
610,1205740987,3,15,15,14,13,2069,0.777292576419214,0.22161572052401746,0.8377911993097498,0.16134598792062121,298,0.9105145413870247,0.15436241610738255,7.033557046979865,0.4471476510067114,2568,0.8886054421768708,0.0195578231292517,0.969241773962804,0.007868383404864092,4223,0.723794301049807,0.2263793511721525,3.5754203173099692,0.36759018075617633,1464,0.0432,0.6624,0.09822485207100591,0.3893491124260355,4779,0.5694531631443124,0.6865453023645114,3.4335635070098345,0.3756190276905907,15.18,15.08,14.88,14.3,0,1,2
611,1205740988,3,13,13,15,15,2073,0.777535441657579,0.22137404580152673,0.8382099827882961,0.16092943201376936,299,0.9108138238573023,0.15384615384615385,7.033444816053512,0.44732441471571904,2570,0.8887000849617672,0.01954120645709431,0.9692637598284489,0.007862759113652609,4232,0.7233183679899184,0.22589792060491493,3.574196597353497,0.36761578449905463,1469,0.04313099041533546,0.6629392971246006,0.0977620730270907,0.38869257950530034,4786,0.5697694664995129,0.6865858754701212,3.433347262849979,0.3755920044574452,15.18,15.1,14.92,14.34,0,-2,-2
612,1205740989,3,15,15,14,13,2075,0.777535441657579,0.22137404580152673,0.8384879725085911,0.16065292096219932,299,0.9108138238573023,0.15384615384615385,7.033444816053512,0.44732441471571904,2576,0.8889830508474577,0.019491525423728815,0.9693295292439372,0.007845934379457917,4236,0.7233435631098524,0.22615675165250235,3.574126534466478,0.3676227573182246,1472,0.04292527821939587,0.6645468998410174,0.0977620730270907,0.38869257950530034,4796,0.5693112315818742,0.6866138448707256,3.4324437030859047,0.37553864331387254,15.26,15.08,14.92,14.32,0,1,2
613,1205740990,3,12,15,14,16,2081,0.7766884531590414,0.2222222222222222,0.8374679213002566,0.16167664670658682,301,0.9114064230343302,0.15282392026578073,7.033222591362127,0.44601328903654486,2580,0.88917089678511,0.0194585448392555,0.9686609686609686,0.007834757834757835,4242,0.7231455288385985,0.22607260726072606,3.572607260726073,0.36751532296086736,1474,0.04292527821939587,0.6645468998410174,0.09753231492361927,0.38777908343125733,4804,0.5692998889814048,0.6863030807660283,3.4335970024979185,0.3753816264224256,15.18,15.1,14.9,14.34,-3,-2,-4
614,1205740991,3,13,15,10,14,2086,0.7763300760043431,0.22258414766558088,0.8368915456874466,0.16225448334756618,301,0.9114064230343302,0.15282392026578073,7.033222591362127,0.44601328903654486,2585,0.8870151770657673,0.021079258010118045,0.9686832740213523,0.007829181494661922,4249,0.7230132580214956,0.22617086373264297,3.5723699694045656,0.3675570722522945,1477,0.04285714285714286,0.665079365079365,0.09730363423212192,0.388042203985932,4812,0.5697042116929902,0.686616791354946,3.4328761429758936,0.37527708506511487,15.12,15.06,14.78,14.36,-2,3,-1
615,1205740992,3,13,15,16,13,2088,0.7768147345612134,0.2221018418201517,0.8368915456874466,0.16225448334756618,302,0.9116997792494482,0.152317880794702,7.033112582781457,0.445364238410596,2587,0.8871103622577927,0.02106149957877001,0.9679943100995733,0.007823613086770981,4254,0.7228686726218465,0.22614010343206395,3.5721673718852847,0.3674188998589561,1478,0.04285714285714286,0.665079365079365,0.09718969555035128,0.38875878220140514,4821,0.5699197953398331,0.686994399502178,3.4360091267371913,0.3751987831017077,15.06,15.04,14.74,14.34,-2,-3,0
616,1205740993,3,16,17,15,13,2089,0.7768147345612134,0.2221018418201517,0.8370307167235495,0.1621160409556314,303,0.9103410341034105,0.1551155115511551,7.033003300330033,0.44554455445544555,2594,0.886744966442953,0.02097315436241611,0.9680397727272727,0.0078125,4261,0.7222678557459129,0.2262379723069702,3.570288664632715,0.36753891887663287,1482,0.04272151898734177,0.6645569620253164,0.0969626168224299,0.3878504672897196,4828,0.5698184203258773,0.6866197183098591,3.4359983429991714,0.37517260425296867,15.04,15.1,14.7,14.3,-1,1,3
617,1205740994,3,15,12,14,15,2095,0.7764578833693304,0.2224622030237581,0.8374468085106384,0.16170212765957448,305,0.910928961748634,0.1540983606557377,7.032786885245901,0.4459016393442623,2596,0.886744966442953,0.02097315436241611,0.9673758865248226,0.007801418439716312,4269,0.7223198250956512,0.2260482548606231,3.569688451628016,0.36761146248145526,1487,0.04258675078864353,0.6656151419558359,0.09662398137369034,0.38766006984866125,4832,0.5698641004415015,0.6864652317880795,3.4364652317880795,0.37527593818984534,15.06,15.08,14.66,14.36,3,1,0
618,1205740995,3,16,15,12,14,2099,0.7771797631862217,0.2217438105489774,0.8375850340136054,0.16156462585034015,305,0.910928961748634,0.1540983606557377,7.032786885245901,0.4459016393442623,2599,0.8869346733668342,0.020938023450586266,0.9673990077958894,0.007795889440113395,4274,0.7224107003587588,0.22578380907814694,3.56902199344876,0.36747387303072826,1488,0.04251968503937008,0.6661417322834645,0.09662398137369034,0.38766006984866125,4842,0.569926338978384,0.6866997108632796,3.4351507641470467,0.37517210519069244,15.06,15.08,14.58,14.32,1,4,2
619,1205740996,3,16,17,14,14,2108,0.776824034334764,0.22210300429184548,0.8384094754653131,0.16074450084602368,305,0.910928961748634,0.1540983606557377,7.032786885245901,0.4459016393442623,2602,0.8870292887029289,0.02092050209205021,0.967445152158528,0.00778485491861288,4279,0.7225013632468649,0.22575368076653424,3.568590792241178,0.36757030458829926,1489,0.04245283018867924,0.6666666666666666,0.09662398137369034,0.38766006984866125,4850,0.570223367697595,0.6868041237113403,3.434639175257732,0.3751202749140892,15.16,15.22,14.54,14.34,-1,2,2
620,1205740997,3,15,16,16,15,2111,0.7770632368703109,0.22186495176848875,0.8386824324324325,0.16047297297297297,305,0.910928961748634,0.1540983606557377,7.032786885245901,0.4459016393442623,2610,0.8874061718098415,0.020850708924103418,0.9675370501058574,0.0077628793225123505,4282,0.7225790129223107,0.22559551611396544,3.56865950490425,0.3676047018527166,1492,0.04231974921630094,0.6677115987460815,0.09651162790697675,0.3872093023255814,4858,0.5702106491011394,0.6869081926718814,3.433923425277892,0.3752744613695621,15.14,15.2,14.58,14.32,-1,-1,0
621,1205740998,3,15,15,15,14,2116,0.7773019271948608,0.22162740899357602,0.8383838383838383,0.16077441077441076,305,0.910928961748634,0.1540983606557377,7.032786885245901,0.4459016393442623,2614,0.8876871880199667,0.020798668885191347,0.9675599435825106,0.007757404795486601,4288,0.7229671952736322,0.22527985074626866,3.568330223880597,0.3676733519900496,1495,0.0421875,0.66875,0.09639953542392567,0.3879210220673635,4867,0.5702862817615236,0.6866652968974728,3.4339428806246146,0.37521402643654533,15.14,15.2,14.54,14.34,0,0,1
622,1205740999,3,16,16,14,15,2120,0.7775401069518717,0.22139037433155082,0.8387909319899244,0.16036943744752308,306,0.9101307189542486,0.1568627450980392,7.032679738562091,0.44689542483660133,2619,0.8871369294605809,0.02074688796680498,0.967605633802817,0.007746478873239437,4294,0.7228885266263007,0.22543083372147182,3.568234746157429,0.36762536873156326,1498,0.0421216848673947,0.6692667706708268,0.09617612977983778,0.388180764774044,4873,0.5701997400643003,0.6862302483069977,3.4336137902729327,0.37531636910869404,15.12,15.24,14.5,14.34,0,2,1
623,1205741000,3,14,13,15,14,2126,0.7767094017094017,0.2222222222222222,0.8386287625418061,0.1605351170568562,306,0.9101307189542486,0.1568627450980392,7.032679738562091,0.44689542483660133,2620,0.8872305140961857,0.020729684908789386,0.967605633802817,0.007746478873239437,4303,0.7228871330079792,0.22519172670230073,3.568208226818499,0.3676698427453713,1502,0.04354587869362364,0.6687402799377916,0.09595375722543352,0.3884393063583815,4879,0.5698401311744213,0.6862061897929904,3.433490469358475,0.37536722005875506,15.1,15.24,14.46,14.38,1,-1,0
624,1205741001,3,17,15,15,14,2128,0.7767094017094017,0.2222222222222222,0.83889816360601,0.16026711185308848,307,0.9104234527687298,0.1563517915309446,7.03257328990228,0.44706840390879476,2626,0.8873239436619719,0.020712510356255178,0.9663157894736842,0.0077192982456140355,4307,0.7227962232025389,0.225679127002554,3.568377060599025,0.36761860537110114,1505,0.043478260869565216,0.6692546583850931,0.09573241061130335,0.38985005767012687,4888,0.5693023731587565,0.6857610474631751,3.4351472995090018,0.3753921167484996,15.12,15.22,14.52,14.4,2,2,3
625,1205741002,3,16,15,13,13,2130,0.7769477054429029,0.22198505869797225,0.8390325271059216,0.16013344453711426,308,0.9090909090909093,0.1590909090909091,7.032467532467533,0.4472402597402597,2631,0.8867768595041322,0.02066115702479339,0.9663629992992292,0.007708479327259986,4312,0.7224219233147808,0.2258812615955473,3.5672541743970316,0.3676561533704389,1506,0.043410852713178294,0.6697674418604651,0.09573241061130335,0.38985005767012687,4898,0.5699775418538182,0.6857901184156798,3.435075541037158,0.3751871512181842,15.1,15.2,14.5,14.34,1,3,3
626,1205741003,3,19,17,16,15,2133,0.7763578274760383,0.22257720979765708,0.8391666666666666,0.16,309,0.9093851132686086,0.15857605177993528,7.032362459546926,0.44660194174757284,2634,0.8867768595041322,0.02066115702479339,0.9664335664335665,0.007692307692307693,4320,0.7221257716049386,0.22592592592592592,3.5671296296296298,0.36772762345678994,1508,0.043410852713178294,0.6697674418604651,0.09551208285385501,0.39010356731875717,4906,0.5706787607011826,0.6863024867509172,3.433754586220954,0.3750509580105991,15.14,15.18,14.54,14.34,2,3,4
627,1205741004,3,13,15,12,11,2138,0.7755319148936171,0.22340425531914893,0.8388704318936877,0.16029900332225913,309,0.9093851132686086,0.15857605177993528,7.032362459546926,0.44660194174757284,2635,0.8867768595041322,0.02066115702479339,0.9664570230607966,0.007686932215234102,4330,0.7212278675904545,0.2258660508083141,3.566743648960739,0.3677444187836796,1510,0.043410852713178294,0.6697674418604651,0.09529276693455797,0.39150401836969,4915,0.5709223465581557,0.6866734486266531,3.4333672431332656,0.3749745676500507,15.06,15.14,14.42,14.26,-2,1,2
628,1205741005,3,17,17,17,14,2142,0.7760084925690022,0.2229299363057325,0.8383084577114428,0.16086235489220563,309,0.9093851132686086,0.15857605177993528,7.032362459546926,0.44660194174757284,2639,0.8868703550784476,0.02064409578860446,0.9665271966527197,0.007670850767085077,4338,0.7205893652989093,0.22637159981558322,3.5680036883356387,0.3679883202704778,1512,0.04327666151468315,0.6707882534775889,0.09529276693455797,0.39150401836969,4923,0.5715180445527799,0.6867763558805606,3.4351005484460693,0.3748730448913263,15.08,15.16,14.46,14.24,0,0,3
629,1205741006,3,12,12,14,14,2148,0.7754237288135594,0.22351694915254236,0.8380165289256198,0.16115702479338842,309,0.9093851132686086,0.15857605177993528,7.032362459546926,0.44660194174757284,2640,0.886963696369637,0.020627062706270627,0.9665271966527197,0.007670850767085077,4347,0.7202476803926083,0.2265930526800092,3.5684380032206118,0.36803159266927366,1517,0.043010752688172046,0.6697388632872504,0.09518348623853211,0.3922018348623853,4929,0.5711942922837632,0.6869547575573138,3.4353824305132887,0.37502536011361315,15.02,15.12,14.42,14.24,0,-2,-2
630,1205741007,3,17,16,16,15,2152,0.7758985200845666,0.22304439746300211,0.8382838283828383,0.1608910891089109,309,0.9093851132686086,0.15857605177993528,7.032362459546926,0.44660194174757284,2643,0.8870568837592745,0.020610057708161583,0.9665738161559888,0.00766016713091922,4356,0.7202517600244877,0.2270431588613407,3.567722681359045,0.36807468625650425,1520,0.042879019908116385,0.669218989280245,0.09621993127147767,0.3917525773195876,4934,0.5713248209701396,0.6866639643291447,3.434738548844751,0.3749999999999999,15.16,15.24,14.52,14.32,1,1,2
631,1205741008,3,16,15,13,15,2155,0.7761351636747624,0.22280887011615627,0.8385502471169687,0.16062602965403625,309,0.9093851132686086,0.15857605177993528,7.032362459546926,0.44660194174757284,2645,0.8871499176276771,0.02059308072487644,0.9665970772442589,0.007654836464857342,4365,0.7205994654448267,0.227262313860252,3.5670103092783507,0.36811760213822053,1523,0.042879019908116385,0.669218989280245,0.0958904109589041,0.3904109589041096,4940,0.5715755735492581,0.6870445344129554,3.434412955465587,0.37510121457489864,15.22,15.28,14.56,14.36,1,3,1
632,1205741009,3,14,14,13,15,2157,0.7761351636747624,0.22280887011615627,0.8379934210526315,0.1611842105263158,309,0.9093851132686086,0.15857605177993528,7.032362459546926,0.44660194174757284,2649,0.8872427983539095,0.0205761316872428,0.9659722222222222,0.007638888888888889,4373,0.7208819269761418,0.22684655842670937,3.5671163960667736,0.3681301928500646,1526,0.042879019908116385,0.669218989280245,0.09556313993174062,0.391353811149033,4948,0.5717630018862844,0.6875505254648343,3.433710590137429,0.3749494745351656,15.18,15.24,14.48,14.38,0,1,-1
633,1205741010,3,14,14,16,12,2162,0.7749737118822292,0.22397476340694006,0.838126540673788,0.16105176663927692,309,0.9093851132686086,0.15857605177993528,7.032362459546926,0.44660194174757284,2651,0.8872427983539095,0.0205761316872428,0.9660194174757282,0.0076282940360610264,4381,0.7208209693372902,0.22711709655329834,3.5660808034695277,0.36814273757893917,1532,0.042682926829268296,0.6692073170731707,0.09523809523809523,0.391156462585034,4955,0.5719643457786752,0.6875882946518668,3.4335015136226033,0.3748738647830473,15.16,15.2,14.48,14.34,0,-2,2
634,1205741011,3,16,14,14,15,2165,0.7752100840336135,0.22373949579831934,0.8383921246923708,0.16078753076292043,310,0.9096774193548389,0.16129032258064516,7.032258064516129,0.4467741935483871,2659,0.8867924528301887,0.020508613617719443,0.9661134163208852,0.007607192254495159,4385,0.7208475864690236,0.22690992018244013,3.564880273660205,0.3682630178639299,1536,0.0426179604261796,0.669710806697108,0.09491525423728814,0.3898305084745763,4962,0.5719300013435447,0.6870213623538896,3.4334945586457075,0.3750503829101168,15.16,15.18,14.44,14.34,2,2,1
635,1205741012,3,17,16,16,15,2170,0.7743966421825813,0.22455403987408185,0.8381030253475061,0.16107931316434995,311,0.9099678456591642,0.1607717041800643,7.032154340836013,0.44614147909967844,2664,0.8868852459016393,0.020491803278688523,0.9662068965517241,0.007586206896551724,4390,0.7208238420653003,0.22687927107061504,3.564236902050114,0.3682991647684129,1537,0.0426179604261796,0.669710806697108,0.09480812641083522,0.3893905191873589,4970,0.5721830985915497,0.6865191146881288,3.432394366197183,0.375301810865191,15.22,15.18,14.44,14.38,1,1,2
636,1205741013,3,12,11,16,12,2172,0.774869109947644,0.22408376963350785,0.8381030253475061,0.16107931316434995,313,0.9105431309904155,0.1597444089456869,7.031948881789138,0.44568690095846647,2668,0.8869778869778869,0.020475020475020474,0.9655884377150723,0.007570543702684102,4396,0.7207499241734915,0.2267970882620564,3.566651501364877,0.36825144070366983,1539,0.0426179604261796,0.669710806697108,0.0945945945945946,0.38963963963963966,4974,0.5725271411338966,0.6865701648572577,3.43264977885002,0.3752513067953356,15.18,15.2,14.5,14.32,1,-4,0
637,1205741014,3,18,15,15,12,2176,0.7740585774058577,0.22489539748953974,0.8384991843393148,0.16068515497553018,314,0.9108280254777071,0.1592356687898089,7.031847133757962,0.445859872611465,2674,0.8872549019607843,0.02042483660130719,0.9656593406593407,0.007554945054945055,4403,0.7207396472102359,0.226890756302521,3.5666590960708606,0.3682905594670299,1541,0.0426179604261796,0.669710806697108,0.09438202247191012,0.3887640449438202,4979,0.5727555734083153,0.6864832295641695,3.4320144607350875,0.3754100555667134,15.22,15.22,14.56,14.2,3,3,6
638,1205741015,3,18,16,15,13,2181,0.7731529656607701,0.22580645161290322,0.8384991843393148,0.16068515497553018,315,0.9111111111111113,0.15873015873015872,7.031746031746032,0.44603174603174606,2682,0.8875305623471883,0.020374898125509373,0.9657768651608487,0.007529089664613279,4408,0.7207161222020573,0.22686025408348456,3.565562613430127,0.3683643375680579,1542,0.0426179604261796,0.669710806697108,0.09427609427609428,0.388327721661055,4986,0.5729542719614925,0.6867228239069394,3.4318090653830726,0.37528412889423707,15.28,15.24,14.56,14.14,2,3,5
639,1205741016,3,15,15,14,15,2186,0.7730569948186529,0.22590673575129533,0.8386308068459658,0.16055419722901385,316,0.9113924050632913,0.15822784810126583,7.031645569620253,0.44699367088607594,2687,0.8878048780487805,0.02032520325203252,0.9658236500341764,0.007518796992481203,4414,0.7209824799879176,0.22700498414136838,3.565246941549615,0.3682600815586768,1545,0.0425531914893617,0.6702127659574468,0.0940649496080627,0.3896976483762598,4994,0.5731043919369915,0.6866239487384862,3.432519022827393,0.3753337338139099,15.28,15.24,14.56,14.16,0,1,0
640,1205741017,3,17,17,14,16,2187,0.7730569948186529,0.22590673575129533,0.8387622149837134,0.16042345276872963,317,0.911671924290221,0.15772870662460567,7.031545741324921,0.44637223974763407,2691,0.8878960194963444,0.020308692120227456,0.965893587994543,0.007503410641200546,4421,0.7210849732338087,0.2266455553042298,3.5636733770640125,0.36818593078489015,1548,0.042488619119878605,0.6707132018209409,0.09385474860335195,0.3888268156424581,5001,0.5727687795774182,0.6864627074585083,3.4319136172765448,0.3755082316869958,15.32,15.32,14.54,14.22,0,3,1
641,1205741018,3,18,16,13,15,2194,0.7729618163054696,0.2260061919504644,0.8391551584077985,0.16003249390739235,317,0.911671924290221,0.15772870662460567,7.031545741324921,0.44637223974763407,2694,0.887987012987013,0.020292207792207792,0.9659400544959128,0.007493188010899182,4432,0.7213259626955479,0.226985559566787,3.562951263537906,0.3681746389891695,1548,0.042488619119878605,0.6707132018209409,0.09385474860335195,0.3888268156424581,5005,0.5725108225108229,0.6863136863136863,3.430969030969031,0.37545787545787535,15.36,15.34,14.48,14.24,2,5,3
642,1205741019,3,14,12,14,14,2196,0.7729618163054696,0.2260061919504644,0.8386050283860503,0.16058394160583941,319,0.9122257053291538,0.15673981191222572,7.031347962382445,0.445141065830721,2699,0.8881685575364667,0.02025931928687196,0.9660095173351462,0.007477906186267845,4441,0.7209900172633795,0.2267507318171583,3.5669894167980183,0.3679914433686105,1554,0.04242424242424243,0.6712121212121213,0.09333333333333334,0.3888888888888889,5011,0.5722909598882462,0.6864897226102574,3.431650369187787,0.3754074369719948,15.3,15.26,14.48,14.2,2,0,0
643,1205741020,3,14,15,16,14,2198,0.7731958762886598,0.22577319587628866,0.8387358184764991,0.16045380875202594,319,0.9122257053291538,0.15673981191222572,7.031347962382445,0.445141065830721,2701,0.8883495145631068,0.020226537216828478,0.9660095173351462,0.007477906186267845,4450,0.721104868913858,0.22651685393258428,3.566741573033708,0.3678651685393257,1559,0.042232277526395176,0.6726998491704375,0.09312638580931264,0.38913525498891355,5018,0.5723893981666006,0.686927062574731,3.431845356715823,0.37544838581108,15.24,15.22,14.48,14.22,-1,-2,0
644,1205741021,3,18,17,14,15,2201,0.7734294541709578,0.2255406797116375,0.8381877022653722,0.1610032362459547,320,0.9125000000000002,0.15625,7.03125,0.44453125,2706,0.8885298869143781,0.020193861066235864,0.966078697421981,0.007462686567164179,4456,0.7212559844404552,0.22666068222621186,3.56665170556553,0.3678747755834828,1559,0.042232277526395176,0.6726998491704375,0.09312638580931264,0.38913525498891355,5027,0.5725581857966981,0.686492938134076,3.4320668390690274,0.3754724487766062,15.28,15.24,14.46,14.22,1,4,3
645,1205741022,3,13,17,12,14,2204,0.7728674203494348,0.2261048304213772,0.8375101050929669,0.16168148746968472,321,0.9127725856697821,0.1557632398753894,7.031152647975078,0.4439252336448598,2712,0.8880837359098228,0.020128824476650563,0.9661246612466124,0.007452574525745257,4464,0.7208594683393075,0.22692652329749105,3.564516129032258,0.36773820191158885,1561,0.04216867469879518,0.6731927710843374,0.09302325581395349,0.38981173864894797,5034,0.5727552642034172,0.6865315852205006,3.4318633293603495,0.37539729837107655,15.16,15.24,14.42,14.2,-4,1,-1
646,1205741023,3,13,13,14,14,2209,0.7723076923076924,0.22666666666666666,0.8370967741935483,0.1620967741935484,323,0.9133126934984522,0.15479876160990713,7.030959752321982,0.4434984520123839,2713,0.8880837359098228,0.020128824476650563,0.96614759647935,0.007447528774542992,4471,0.7206627898307615,0.22701856407962426,3.5645269514649964,0.36777752926265544,1565,0.042042042042042045,0.6726726726726727,0.09392265193370165,0.3889502762430939,5039,0.5728153734206526,0.6864457233578091,3.4326255209366936,0.37552093669378833,15.1,15.22,14.48,14.24,0,-1,-1
647,1205741024,3,18,16,13,14,2212,0.7717502558853634,0.22722620266120777,0.8372280419016922,0.16196615632554393,324,0.9135802469135804,0.15432098765432098,7.030864197530864,0.44290123456790126,2720,0.8882636655948553,0.02009646302250804,0.9662618083670715,0.007422402159244264,4475,0.7206890130353821,0.22703910614525138,3.56536312849162,0.3676722532588453,1566,0.042042042042042045,0.6726726726726727,0.09381898454746136,0.38962472406181015,5049,0.5730672740476666,0.6866706278470984,3.43236284412755,0.3755199049316695,15.16,15.24,14.4,14.22,2,5,4
648,1205741025,3,14,16,16,14,2215,0.7709611451942741,0.2280163599182004,0.8374899436846339,0.16170555108608206,325,0.913846153846154,0.15384615384615385,7.030769230769231,0.4423076923076923,2722,0.8883534136546185,0.020080321285140562,0.9662845583277141,0.007417397167902899,4481,0.7206166778248906,0.22673510377147957,3.5643829502343225,0.3676820650152494,1569,0.04185351270553064,0.6741405082212257,0.09381898454746136,0.38962472406181015,5060,0.573303689064559,0.6867588932806324,3.43498023715415,0.3754446640316204,15.18,15.28,14.42,14.16,-2,-2,0
649,1205741026,3,10,13,10,13,2217,0.7701736465781409,0.22880490296220635,0.837620578778135,0.16157556270096463,325,0.913846153846154,0.15384615384615385,7.030769230769231,0.4423076923076923,2725,0.8883534136546185,0.020080321285140562,0.9656796769851952,0.007402422611036339,4490,0.7198960653303641,0.22761692650334076,3.564142538975501,0.36778025241276896,1573,0.041666666666666664,0.6726190476190477,0.09371554575523705,0.38919514884233736,5067,0.5729721728833633,0.6860074995066114,3.4363528715216103,0.37541938030392724,15.06,15.24,14.32,14.16,-3,0,-3
650,1205741027,3,18,15,15,13,2221,0.7708757637474541,0.22810590631364563,0.8377510040160643,0.1614457831325301,325,0.913846153846154,0.15384615384615385,7.030769230769231,0.4423076923076923,2733,0.888532477947073,0.020048115477145148,0.9658176943699732,0.007372654155495978,4493,0.7199718079976263,0.22746494547073226,3.5648787002003117,0.3678685362415608,1573,0.041666666666666664,0.6726190476190477,0.09371554575523705,0.38919514884233736,5077,0.5729269253496163,0.6858380933622218,3.4356903683277524,0.3754185542643292,15.08,15.2,14.34,14.1,3,3,5
651,1205741028,3,15,18,10,16,2225,0.7703252032520326,0.22865853658536586,0.8380112269446672,0.161186848436247,327,0.9143730886850154,0.1529051987767584,7.030581039755352,0.441131498470948,2738,0.88871096877502,0.020016012810248198,0.9652173913043478,0.007357859531772575,4497,0.7198502705507379,0.2274849899933289,3.563931509895486,0.36798606478392987,1574,0.041604754829123326,0.6731054977711739,0.09371554575523705,0.38919514884233736,5086,0.5727978765237911,0.68600078647267,3.4390483680692094,0.3754423908769169,15.1,15.24,14.26,14.16,-3,5,-1
652,1205741029,3,15,15,12,14,2230,0.7700101317122594,0.22897669706180346,0.8382706164931946,0.16092874299439552,327,0.9143730886850154,0.1529051987767584,7.030581039755352,0.441131498470948,2745,0.8889776357827476,0.019968051118210862,0.9653102068045364,0.00733822548365577,4502,0.7199392862431515,0.22723234118169702,3.5637494446912483,0.36791055827039815,1575,0.04154302670623145,0.6735905044510386,0.09371554575523705,0.38919514884233736,5094,0.5729452951184404,0.6861012956419317,3.4383588535531997,0.3754907734589712,15.16,15.22,14.26,14.14,0,3,1
653,1205741030,3,18,18,16,15,2236,0.7707070707070707,0.22828282828282828,0.8378594249201278,0.16134185303514376,327,0.9143730886850154,0.1529051987767584,7.030581039755352,0.441131498470948,2749,0.8890662410215483,0.019952114924181964,0.9653794940079894,0.007323568575233023,4509,0.7201522880165598,0.22710135284985583,3.563317808826791,0.3679492866119611,1575,0.04154302670623145,0.6735905044510386,0.09371554575523705,0.38919514884233736,5103,0.5725226990659094,0.6858710562414266,3.436997844405252,0.37566137566137553,15.22,15.24,14.28,14.12,0,2,3
654,1205741031,3,15,16,17,16,2238,0.7709384460141272,0.22805247225025227,0.8379888268156425,0.16121308858739025,327,0.9143730886850154,0.1529051987767584,7.030581039755352,0.441131498470948,2756,0.8895071542130366,0.01987281399046105,0.9654255319148937,0.007313829787234043,4517,0.7197623791602099,0.2271419083462475,3.561877352224928,0.3677957346321303,1578,0.04142011834319527,0.6745562130177515,0.0947136563876652,0.38876651982378857,5111,0.5723113545946655,0.6861670905889259,3.4374877714732928,0.37570925454901183,15.22,15.18,14.28,14.14,-1,-2,-1
655,1205741032,3,14,14,12,14,2240,0.7709384460141272,0.22805247225025227,0.8382470119521912,0.1609561752988048,327,0.9143730886850154,0.1529051987767584,7.030581039755352,0.441131498470948,2762,0.8895949166004765,0.019857029388403495,0.9648774022531478,0.00728959575878065,4522,0.720072239422085,0.22733303847854933,3.5614772224679347,0.36772077251953394,1581,0.04142011834319527,0.6745562130177515,0.09440175631174534,0.3907793633369923,5122,0.5717655863594954,0.685864896524795,3.4367434595860993,0.375585708707536,15.18,15.16,14.2,14.12,0,2,0
656,1205741033,3,17,16,14,16,2244,0.7711693548387096,0.22782258064516128,0.8386327503974563,0.16057233704292528,328,0.9146341463414636,0.1524390243902439,7.030487804878049,0.4405487804878049,2763,0.8895949166004765,0.019857029388403495,0.9649006622516556,0.00728476821192053,4532,0.7198072962636073,0.22727272727272727,3.561782877316858,0.36762650779641054,1582,0.04142011834319527,0.6745562130177515,0.09429824561403509,0.39144736842105265,5128,0.571876625065003,0.6858424336973479,3.436622464898596,0.3755850234009359,15.22,15.18,14.2,14.18,1,3,1
657,1205741034,3,14,14,15,13,2247,0.7711693548387096,0.22782258064516128,0.8390166534496432,0.16019032513877876,332,0.9121485943775102,0.1566265060240964,7.033132530120482,0.44126506024096385,2767,0.8897700237906423,0.019825535289452814,0.96494708994709,0.007275132275132275,4538,0.7198472161010728,0.22785368003525783,3.5628029969149404,0.3675811664463051,1585,0.04142011834319527,0.6745562130177515,0.09398907103825137,0.3912568306010929,5134,0.5722795740812885,0.6860148032723024,3.4378652123100895,0.3755356447214646,15.22,15.14,14.18,14.22,0,-1,1
658,1205741035,3,16,17,16,15,2253,0.7698492462311558,0.22914572864321608,0.8386075949367089,0.1606012658227848,332,0.9121485943775102,0.1566265060240964,7.033132530120482,0.44126506024096385,2769,0.8898573692551506,0.019809825673534072,0.9649702577660277,0.007270323859881031,4548,0.7191072999120497,0.227792436235708,3.561345646437995,0.36776238639695086,1586,0.0413589364844904,0.6735598227474151,0.09398907103825137,0.3912568306010929,5142,0.5721671204460006,0.6863088292493194,3.4369894982497082,0.3755186049526772,15.26,15.16,14.2,14.2,-1,0,1
659,1205741036,3,18,17,17,13,2256,0.7703109327983951,0.22868605817452356,0.8387351778656127,0.16047430830039525,332,0.9121485943775102,0.1566265060240964,7.033132530120482,0.44126506024096385,2775,0.8900316455696202,0.01977848101265823,0.9650626235992089,0.007251153592617007,4553,0.7191961344168684,0.22820118603118822,3.5618273665714915,0.3677977890035872,1589,0.041237113402061855,0.6730486008836525,0.09388646288209607,0.39192139737991266,5150,0.5721521035598709,0.6866019417475728,3.4374757281553396,0.3754692556634303,15.28,15.16,14.26,14.12,1,1,5
660,1205741037,3,14,13,12,16,2256,0.7703109327983951,0.22868605817452356,0.8387351778656127,0.16047430830039525,334,0.909680638722555,0.15868263473053892,7.032934131736527,0.44011976047904194,2783,0.8902920284135754,0.01973164956590371,0.9651773981603153,0.007227332457293035,4555,0.7193194291986832,0.22810098792535674,3.562019758507135,0.36774606659348685,1591,0.041176470588235294,0.6735294117647059,0.09378407851690294,0.3925845147219193,5157,0.5725389438303927,0.6864456079115765,3.4405662206709327,0.37539590201021256,15.26,15.12,14.22,14.18,1,2,-2
661,1205741038,3,17,14,13,14,2256,0.7703109327983951,0.22868605817452356,0.8387351778656127,0.16047430830039525,335,0.909950248756219,0.1582089552238806,7.032835820895523,0.43955223880597016,2787,0.8905511811023622,0.01968503937007874,0.9652002626395273,0.007222586999343401,4562,0.7195309074967123,0.22862779482683035,3.562691801841298,0.3676201958205464,1594,0.041116005873715125,0.6740088105726872,0.09357997823721437,0.3939064200217628,5167,0.572075995097091,0.6864718405264176,3.4408747822721115,0.3755080317398876,15.34,15.14,14.18,14.16,3,4,3
662,1205741039,3,14,14,16,15,2263,0.7712287712287712,0.22777222777222778,0.8391167192429022,0.16009463722397477,336,0.9102182539682541,0.15773809523809523,7.032738095238095,0.43898809523809523,2788,0.8906372934697089,0.01966955153422502,0.9652002626395273,0.007222586999343401,4570,0.7192560175054709,0.2288840262582057,3.561706783369803,0.3676878191101384,1599,0.04093567251461988,0.672514619883041,0.09337676438653637,0.3941368078175896,5172,0.5721029904614595,0.6861948955916474,3.4408352668213458,0.37548337200309345,15.32,15.12,14.22,14.2,0,-2,-1
663,1205741040,3,16,16,12,15,2264,0.7712287712287712,0.22777222777222778,0.8392434988179669,0.1599684791174153,337,0.9104846686449062,0.1572700296735905,7.032640949554896,0.4391691394658754,2793,0.890894819466248,0.019623233908948195,0.9652459016393443,0.007213114754098361,4575,0.7192349726775961,0.22885245901639345,3.5617486338797812,0.3676684881602913,1600,0.04093567251461988,0.672514619883041,0.09436008676789588,0.39370932754880694,5181,0.571945570353214,0.6863539857170431,3.440262497587338,0.3756031654120825,15.4,15.14,14.18,14.18,0,4,1
664,1205741041,3,15,13,15,16,2266,0.7712287712287712,0.22777222777222778,0.8379228953579858,0.16129032258064516,337,0.9104846686449062,0.1572700296735905,7.032640949554896,0.4391691394658754,2797,0.8910658307210031,0.019592476489028215,0.9652914210870989,0.007203667321545514,4579,0.7192618475649709,0.22887093251801705,3.561039528281284,0.3676748926257551,1604,0.04081632653061224,0.673469387755102,0.09415584415584416,0.39285714285714285,5191,0.5718069736081683,0.6867655557696012,3.4409554999036795,0.3755538431901366,15.44,15.1,14.28,14.22,2,0,-1
665,1205741042,3,14,17,14,16,2270,0.7712287712287712,0.22777222777222778,0.8368627450980393,0.1623529411764706,338,0.9107495069033532,0.15680473372781065,7.0325443786982245,0.4400887573964497,2804,0.88984375,0.0203125,0.965359477124183,0.00718954248366013,4587,0.7194244604316551,0.22847176804011338,3.560497056899935,0.3677966717535061,1607,0.040756914119359534,0.6739446870451238,0.0939524838012959,0.3930885529157667,5198,0.571902654867257,0.6866102347056561,3.4413235859946134,0.3754328587918429,15.46,15.14,14.24,14.28,-3,0,-2
666,1205741043,3,15,15,14,13,2273,0.7706879361914257,0.22831505483549352,0.8369905956112853,0.16222570532915362,338,0.9107495069033532,0.15680473372781065,7.0325443786982245,0.4400887573964497,2808,0.8901013250194856,0.020265003897116135,0.9653821032005225,0.007184846505551927,4595,0.7194776931447229,0.22872687704026115,3.559956474428727,0.3676459920203118,1608,0.040697674418604654,0.6729651162790697,0.0939524838012959,0.3930885529157667,5207,0.5717783752640679,0.6865757633954293,3.4405607835605916,0.37564816593047806,15.44,15.1,14.22,14.28,0,1,2
667,1205741044,3,16,15,13,14,2277,0.7701492537313432,0.22885572139303484,0.837245696400626,0.1619718309859155,339,0.9110127826941987,0.15634218289085547,7.032448377581121,0.44026548672566373,2812,0.8901869158878505,0.020249221183800622,0.9641460234680573,0.007822685788787484,4602,0.7196870925684489,0.2288135593220339,3.5591047370708386,0.3676843401419671,1612,0.040638606676342524,0.6719883889695211,0.09364908503767493,0.39181916038751347,5214,0.5718738013041814,0.6860375911008822,3.441120061373226,0.3755753739930954,15.46,15.16,14.2,14.26,1,3,2
668,1205741045,3,15,15,12,12,2278,0.7693836978131213,0.22962226640159045,0.837245696400626,0.1619718309859155,340,0.9112745098039217,0.15588235294117647,7.0323529411764705,0.4411764705882353,2814,0.890272373540856,0.020233463035019456,0.9641693811074918,0.007817589576547232,4609,0.7195342445939109,0.2288999783033196,3.560208288131916,0.3676683300788311,1613,0.040638606676342524,0.6719883889695211,0.0935483870967742,0.3913978494623656,5224,0.571736217457887,0.6862557427258805,3.4412327718223583,0.37562212863705957,15.44,15.16,14.2,14.22,0,3,3
669,1205741046,3,16,16,16,15,2281,0.7693836978131213,0.22962226640159045,0.8376268540202967,0.16159250585480095,341,0.9115347018572826,0.15542521994134897,7.032258064516129,0.4406158357771261,2819,0.8898370830100854,0.02017067494181536,0.9641927083333334,0.0078125,4616,0.7196346042749859,0.22898613518197575,3.560008665511265,0.3675440496822644,1614,0.040638606676342524,0.6719883889695211,0.09344790547798067,0.3920515574650913,5233,0.5718039365564689,0.6860309573858208,3.4416204853812347,0.3755971717943817,15.44,15.14,14.24,14.24,0,0,1
670,1205741047,3,15,14,13,10,2286,0.7688492063492064,0.23015873015873015,0.838006230529595,0.16121495327102803,341,0.9115347018572826,0.15542521994134897,7.032258064516129,0.4406158357771261,2823,0.889922480620155,0.020155038759689922,0.9636127355425601,0.007797270955165692,4624,0.719903402537486,0.22858996539792387,3.559688581314879,0.3674488177623989,1616,0.040638606676342524,0.6719883889695211,0.0932475884244373,0.3912111468381565,5239,0.5721034548577977,0.6860087803015843,3.441305592670357,0.3754533307883183,15.44,15.1,14.18,14.14,1,2,5
671,1205741048,3,12,14,15,11,2290,0.7683168316831683,0.2306930693069307,0.838258164852255,0.16096423017107309,342,0.9117933723196883,0.15497076023391812,7.0321637426900585,0.44005847953216376,2829,0.8902627511591963,0.02009273570324575,0.963659961064244,0.007787151200519144,4629,0.7200979333189318,0.22855908403542882,3.5582199179088354,0.3675379851659824,1621,0.04046242774566474,0.6719653179190751,0.09304812834224599,0.39037433155080214,5246,0.5719119329012584,0.6858558902020587,3.4428135722455204,0.3753812428516964,15.38,15.08,14.18,14.08,-2,-3,1
672,1205741049,3,13,17,17,14,2292,0.7685459940652819,0.2304648862512364,0.8376068376068376,0.16161616161616163,342,0.9117933723196883,0.15497076023391812,7.0321637426900585,0.44005847953216376,2831,0.8903474903474904,0.020077220077220077,0.9636835278858625,0.007782101167315175,4640,0.7198994252873567,0.22844827586206898,3.5596982758620688,0.3676364942528734,1625,0.04046242774566474,0.6719653179190751,0.09371671991480299,0.3919062832800852,5251,0.5719069383609475,0.6859645781755856,3.4422014854313465,0.37549990478004175,15.32,15.1,14.24,14.06,-4,-4,-1
673,1205741050,3,19,16,13,14,2292,0.7685459940652819,0.2304648862512364,0.8376068376068376,0.16161616161616163,342,0.9117933723196883,0.15497076023391812,7.0321637426900585,0.44005847953216376,2834,0.8904320987654321,0.020061728395061727,0.9637305699481865,0.007772020725388601,4648,0.7195209409064836,0.2289156626506024,3.5589500860585197,0.36764916810097514,1625,0.04046242774566474,0.6719653179190751,0.09371671991480299,0.3919062832800852,5261,0.571865298105557,0.6859912564151303,3.441551035924729,0.3754039156053981,15.42,15.16,14.2,14.06,3,6,5
674,1205741051,3,16,13,16,15,2295,0.7687747035573123,0.23023715415019763,0.8378588052754073,0.1613653995345229,343,0.9120505344995142,0.15451895043731778,7.032069970845481,0.4395043731778426,2837,0.8906009244992296,0.020030816640986132,0.9637540453074434,0.007766990291262136,4655,0.7195130683852493,0.22857142857142856,3.5596133190118153,0.36761546723952726,1629,0.04040404040404041,0.6724386724386724,0.09341825902335456,0.39171974522292996,5269,0.5719459733029674,0.6858986524957298,3.4420193585120518,0.3753558550009488,15.4,15.12,14.22,14.08,3,0,1
675,1205741052,3,14,13,15,12,2296,0.7687747035573123,0.23023715415019763,0.8372093023255814,0.162015503875969,343,0.9120505344995142,0.15451895043731778,7.032069970845481,0.4395043731778426,2843,0.8894009216589862,0.021505376344086023,0.9638009049773756,0.007756948933419522,4662,0.7191834691834696,0.22887172887172888,3.5585585585585586,0.3677069927069926,1631,0.041726618705035974,0.6705035971223021,0.09341825902335456,0.39171974522292996,5278,0.5715390930908176,0.6862447896930656,3.44278135657446,0.3752368321333837,15.36,15.08,14.26,14.06,1,-1,2
676,1205741053,3,14,14,15,13,2299,0.7682445759368837,0.23076923076923078,0.8373353989155693,0.16189000774593337,344,0.9123062015503877,0.15406976744186046,7.031976744186046,0.44040697674418605,2850,0.8889739663093414,0.021439509954058193,0.9638709677419355,0.007741935483870968,4670,0.7187009279086372,0.22955032119914348,3.5584582441113493,0.36761241970021397,1633,0.04160688665710186,0.6700143472022956,0.09341825902335456,0.39171974522292996,5285,0.5715074109113848,0.6862819299905393,3.4438978240302744,0.37530747398297054,15.26,15.02,14.24,14.02,0,-1,1
677,1205741054,3,14,12,13,12,2300,0.7684729064039408,0.23054187192118228,0.8373353989155693,0.16189000774593337,345,0.9125603864734301,0.1536231884057971,7.0318840579710145,0.4405797101449275,2854,0.8883792048929664,0.021406727828746176,0.9639175257731959,0.007731958762886598,4678,0.7186475701866899,0.23001282599401454,3.5583582727661396,0.3675716117999143,1635,0.04154727793696275,0.670487106017192,0.09331919406150584,0.391304347826087,5294,0.5716062208789829,0.6862485833018511,3.442954287873064,0.3753777861730259,15.28,14.96,14.26,14.04,2,1,2
678,1205741055,3,16,15,15,14,2304,0.7689282202556539,0.23008849557522124,0.8375870069605569,0.16163959783449341,345,0.9125603864734301,0.1536231884057971,7.0318840579710145,0.4405797101449275,2859,0.8884644766997708,0.0213903743315508,0.9640102827763496,0.007712082262210797,4682,0.7184607717499648,0.2300299017513883,3.5580948312686886,0.36773814609141375,1637,0.041428571428571426,0.6714285714285714,0.09331919406150584,0.391304347826087,5302,0.5714981767886337,0.6865333836288193,3.4424745379102224,0.3752829121086381,15.26,14.92,14.22,14.04,1,1,2
679,1205741056,3,14,15,14,14,2305,0.7689282202556539,0.23008849557522124,0.8377125193199382,0.1615146831530139,346,0.9128131021194607,0.1531791907514451,7.031791907514451,0.4407514450867052,2864,0.8878718535469108,0.02135774218154081,0.9640795381654907,0.007697241821680564,4691,0.7183614012648338,0.229801748028139,3.5578767853336175,0.36777872521850336,1641,0.04131054131054131,0.6709401709401709,0.09312169312169312,0.3904761904761905,5308,0.5715115548857076,0.6866993217784476,3.4427279577995478,0.3752354935945741,15.3,14.98,14.22,14.04,-1,0,0
680,1205741057,3,13,17,14,14,2306,0.7689282202556539,0.23008849557522124,0.8378378378378378,0.1613899613899614,347,0.9130643611911624,0.15273775216138327,7.031700288184438,0.44020172910662825,2868,0.8880426504188881,0.021325209444021324,0.9628443305573351,0.007687379884689302,4697,0.7176566602796115,0.2299340004258037,3.556951245475836,0.3678056915761832,1642,0.04131054131054131,0.6709401709401709,0.09302325581395349,0.39112050739957716,5320,0.5710996240601509,0.6866541353383459,3.442105263157895,0.37542293233082696,15.22,15.0,14.18,14.02,-4,-1,-1
681,1205741058,3,17,15,15,15,2310,0.7693817468105987,0.2296368989205103,0.8380878951426368,0.16114109483423283,348,0.9133141762452108,0.15229885057471265,7.031609195402299,0.4410919540229885,2874,0.8883826879271071,0.02126044039483675,0.9628918746001279,0.007677543186180422,4702,0.7174252091308667,0.22990216928966398,3.5567843470863463,0.36778675740819494,1642,0.04131054131054131,0.6709401709401709,0.09302325581395349,0.39112050739957716,5329,0.5711671983486588,0.6869956839932445,3.4432351285419402,0.3754613123162568,15.24,15.0,14.22,14.02,2,2,2
682,1205741059,3,18,18,15,14,2314,0.7690802348336595,0.2299412915851272,0.837442218798151,0.1617873651771957,349,0.913562559694365,0.1518624641833811,7.0315186246418335,0.44054441260744986,2879,0.8886363636363637,0.021212121212121213,0.9629392971246007,0.0076677316293929714,4706,0.7175237285734528,0.22991925201869953,3.5571610709732258,0.3678460121830286,1644,0.04131054131054131,0.6709401709401709,0.09282700421940929,0.3924050632911392,5339,0.5715958044577641,0.6870200412062184,3.4439033526877694,0.3753667977773614,15.32,15.08,14.26,14.0,0,3,4
683,1205741060,3,17,17,16,14,2318,0.7693059628543499,0.22971652003910067,0.8362797847809378,0.16295157571099156,349,0.913562559694365,0.1518624641833811,7.0315186246418335,0.44054441260744986,2882,0.8887206661619985,0.021196063588190765,0.9629865985960434,0.007657945118059987,4715,0.7175326970661016,0.2303287380699894,3.558218451749735,0.3678331565924353,1647,0.04113475177304964,0.6695035460992907,0.09282700421940929,0.3924050632911392,5346,0.5717826412270862,0.6866816311260756,3.443509165731388,0.3753429355281206,15.38,15.14,14.26,14.04,0,1,3
684,1205741061,3,17,16,18,15,2324,0.7699805068226121,0.2290448343079922,0.8366564417177914,0.16257668711656442,349,0.913562559694365,0.1518624641833811,7.0315186246418335,0.44054441260744986,2889,0.8890566037735849,0.021132075471698115,0.9630573248407643,0.007643312101910828,4718,0.7175356789600117,0.2301822806273845,3.5584993641373464,0.36797018510668345,1648,0.04107648725212465,0.669971671388102,0.09282700421940929,0.3924050632911392,5354,0.5721423234964518,0.6867762420620097,3.443033246171087,0.37534242311044685,15.4,15.18,14.34,14.04,1,-1,2
685,1205741062,3,16,16,16,14,2327,0.769455252918288,0.22957198443579765,0.8360153256704981,0.1632183908045977,349,0.913562559694365,0.1518624641833811,7.0315186246418335,0.44054441260744986,2897,0.8887218045112782,0.02180451127819549,0.9631277813095995,0.007628734901462174,4721,0.717644566829062,0.2300360093200593,3.5583562804490576,0.36800112970415855,1649,0.04107648725212465,0.669971671388102,0.09272918861959958,0.39199157007376184,5365,0.57255358807083,0.6870456663560112,3.4430568499534018,0.37524075799937856,15.38,15.18,14.34,14.02,0,0,2
686,1205741063,3,15,16,18,14,2331,0.7689320388349514,0.23009708737864076,0.836266258607498,0.16296863045141546,349,0.913562559694365,0.1518624641833811,7.0315186246418335,0.44054441260744986,2901,0.8887218045112782,0.02180451127819549,0.9632213062777425,0.007609384908053266,4726,0.7177316969953453,0.23000423190859076,3.5596699111299195,0.3679820849202989,1653,0.04090267983074753,0.6699576868829337,0.09263157894736843,0.391578947368421,5372,0.5725521221146692,0.6870811615785555,3.4430379746835444,0.37526371308016865,15.44,15.28,14.38,14.06,-1,-3,1
687,1205741064,3,15,16,16,13,2334,0.7681862269641125,0.23084384093113483,0.8365164247517188,0.1627196333078686,350,0.913809523809524,0.15142857142857144,7.031428571428571,0.44,2907,0.8883895131086142,0.02247191011235955,0.9632446134347274,0.0076045627376425855,4733,0.7175153179801398,0.2298753433340376,3.5577857595605322,0.36812451581097244,1655,0.04084507042253521,0.6690140845070423,0.09253417455310199,0.3922187171398528,5380,0.5725681536555147,0.687360594795539,3.4431226765799257,0.37526332094175946,15.38,15.3,14.4,14.08,-1,-1,2
688,1205741065,3,15,15,15,15,2338,0.7674418604651163,0.2315891472868217,0.8353658536585366,0.1638719512195122,350,0.913809523809524,0.15142857142857144,7.031428571428571,0.44,2911,0.8886397608370703,0.02242152466367713,0.9632678910702976,0.007599746675110829,4740,0.7177215189873422,0.22974683544303798,3.5573839662447257,0.36800281293952164,1657,0.04073033707865169,0.6699438202247191,0.09253417455310199,0.3922187171398528,5389,0.5726325230407625,0.6873260345147523,3.442568194470217,0.3752396857796745,15.32,15.28,14.4,14.12,0,0,0
689,1205741066,3,15,16,17,13,2345,0.7661835748792271,0.23285024154589373,0.8358662613981763,0.16337386018237082,350,0.913809523809524,0.15142857142857144,7.031428571428571,0.44,2913,0.888722927557879,0.022404779686333084,0.9632911392405064,0.007594936708860759,4748,0.7178110081437802,0.22999157540016849,3.5566554338668914,0.36806725638865473,1661,0.04055944055944056,0.6713286713286714,0.09243697478991597,0.3918067226890756,5395,0.5725517454433122,0.6873030583873957,3.4420759962928638,0.37519308001235696,15.32,15.3,14.46,14.08,-1,-2,2
690,1205741067,3,10,14,13,13,2348,0.7654440154440154,0.2335907335907336,0.8353566009104704,0.1638846737481032,351,0.9126305792972461,0.15384615384615385,7.031339031339031,0.44017094017094016,2915,0.8881431767337807,0.02237136465324385,0.9632911392405064,0.007594936708860759,4756,0.7173044575273343,0.23023549201009252,3.5586627417998318,0.36813148303896814,1662,0.040502793296089384,0.6703910614525139,0.09243697478991597,0.3918067226890756,5405,0.5725100215849527,0.6871415356151711,3.4436632747456057,0.37514646931853207,15.18,15.24,14.44,14.02,-4,-3,-3
691,1205741068,3,15,14,13,13,2352,0.7658959537572254,0.23314065510597304,0.8348484848484848,0.1643939393939394,352,0.912878787878788,0.1534090909090909,7.03125,0.4403409090909091,2918,0.8883928571428571,0.022321428571428572,0.9632911392405064,0.007594936708860759,4762,0.7171356572868547,0.23036539269214615,3.5573288534229315,0.3681926361472769,1664,0.040446304044630406,0.6708507670850767,0.09233997901364113,0.391395592864638,5415,0.5728070175438601,0.6873499538319483,3.442843951985226,0.37523853493382564,15.12,15.2,14.44,13.98,1,2,2
692,1205741069,3,14,13,13,12,2353,0.766121270452358,0.2329162656400385,0.8348484848484848,0.1643939393939394,353,0.9121813031161474,0.1558073654390935,7.031161473087819,0.4412181303116147,2924,0.8878990348923533,0.022271714922048998,0.9627289955780164,0.007580543272267846,4769,0.7172363178863497,0.230866009645628,3.556720486475152,0.36807157335569984,1665,0.0403899721448468,0.6713091922005571,0.09233997901364113,0.391395592864638,5423,0.5728840125391854,0.6870735755117093,3.4442190669371198,0.3750998832134733,15.12,15.22,14.42,13.94,1,1,2
693,1205741070,3,14,15,15,13,2357,0.765609990393852,0.2334293948126801,0.8350983358547656,0.16414523449319213,353,0.9121813031161474,0.1558073654390935,7.031161473087819,0.4412181303116147,2928,0.8878990348923533,0.022271714922048998,0.962822936357908,0.007561436672967864,4776,0.7174064768285878,0.23073701842546063,3.556532663316583,0.36810790061418186,1672,0.04022191400832178,0.6726768377253814,0.09195402298850575,0.39080459770114945,5428,0.5729704003930244,0.687177597641857,3.4441783345615327,0.37507676246622434,15.12,15.22,14.4,13.92,-1,-1,1
694,1205741071,3,16,13,12,14,2363,0.7651006711409396,0.2339405560882071,0.8355957767722474,0.1636500754147813,354,0.9124293785310736,0.1553672316384181,7.031073446327683,0.4406779661016949,2931,0.8879821958456974,0.02225519287833828,0.9628697293895532,0.007551919446192574,4782,0.7173079604070826,0.23086574654956085,3.5549979088247596,0.3682733863097726,1675,0.040110650069156296,0.6721991701244814,0.0918580375782881,0.3903966597077244,5435,0.57296841459675,0.68721251149954,3.44360625574977,0.3750996626801593,15.08,15.14,14.36,13.9,3,4,2
695,1205741072,3,14,14,14,15,2368,0.7653256704980843,0.23371647509578544,0.8360902255639098,0.1631578947368421,355,0.9126760563380283,0.15492957746478872,7.030985915492958,0.4415492957746479,2935,0.8874074074074074,0.022222222222222223,0.9622878692646134,0.008170961659333752,4791,0.7170388923676343,0.2306407848048424,3.5543727823001463,0.368364294162666,1680,0.04,0.6717241379310345,0.09157127991675339,0.39021852237252863,5440,0.5730851715686279,0.6873161764705882,3.443198529411765,0.3750765931372547,15.1,15.08,14.4,13.92,0,0,-1
696,1205741073,3,16,15,15,17,2371,0.7655502392344498,0.23349282296650717,0.8363363363363363,0.1629129129129129,355,0.9126760563380283,0.15492957746478872,7.030985915492958,0.4415492957746479,2939,0.8868343195266272,0.022928994082840236,0.9623352165725048,0.008160703075957313,4798,0.7168959288592475,0.23092955398082535,3.5543976656940393,0.368504237876893,1682,0.03994490358126722,0.6721763085399449,0.09147609147609148,0.3908523908523909,5448,0.5731002202643177,0.6874082232011748,3.44291483113069,0.3751223690651002,15.16,15.12,14.42,13.98,1,1,-1
697,1205741074,3,13,13,15,14,2374,0.765774378585086,0.2332695984703633,0.8365817091454273,0.16266866566716642,356,0.9129213483146069,0.1544943820224719,7.030898876404494,0.4417134831460674,2942,0.8870014771048744,0.022895125553914326,0.9623588456712673,0.008155583437892095,4806,0.7168469968095441,0.2307532251352476,3.554723262588431,0.36841101401026477,1686,0.039889958734525444,0.672627235213205,0.09119170984455958,0.3917098445595855,5455,0.5729147571035752,0.6876260311640696,3.443446379468378,0.375099297280782,15.06,15.06,14.46,13.98,0,-2,-1
698,1205741075,3,14,15,15,14,2380,0.765490943755958,0.23355576739752146,0.8362004487658938,0.1630516080777861,356,0.9129213483146069,0.1544943820224719,7.030898876404494,0.4417134831460674,2946,0.8864306784660767,0.022861356932153392,0.9624060150375939,0.008145363408521303,4815,0.7169955001730708,0.23115264797507787,3.5543094496365524,0.3684492904119071,1689,0.039780521262002745,0.6707818930041153,0.09213250517598344,0.391304347826087,5461,0.5728346456692919,0.6874198864676799,3.4429591649880975,0.37514496734419817,15.06,15.04,14.44,13.98,-1,-1,0
699,1205741076,3,16,15,12,15,2384,0.7659372026641293,0.23311132254995243,0.8364451082897685,0.16280806572068707,356,0.9129213483146069,0.1544943820224719,7.030898876404494,0.4417134831460674,2950,0.8866813833701251,0.022810890360559236,0.9624295554164057,0.008140262993112084,4822,0.7171989492603351,0.2312318540024886,3.5535047698050604,0.3683810313839346,1690,0.03972602739726028,0.6712328767123288,0.09213250517598344,0.391304347826087,5471,0.5731584719429725,0.6874428806433924,3.442880643392433,0.3752208615122158,15.18,15.08,14.48,14.02,1,4,1
700,1205741077,3,15,14,15,14,2386,0.7652091254752852,0.2338403041825095,0.8365671641791045,0.1626865671641791,357,0.9131652661064428,0.15406162464985995,7.030812324929972,0.4411764705882353,2954,0.8868479059515062,0.022777369581190303,0.9624765478424016,0.008130081300813009,4830,0.7173567977915809,0.23146997929606625,3.553416149068323,0.3684437543133194,1694,0.03961748633879782,0.6707650273224044,0.09194214876033058,0.390495867768595,5479,0.5730516517612708,0.6873517065157876,3.4418689541887204,0.375220539027803,15.12,15.06,14.48,14.04,1,0,1
701,1205741078,3,15,14,15,14,2388,0.7644824311490979,0.2345679012345679,0.8366890380313199,0.16256524981357195,358,0.9134078212290504,0.15363128491620112,7.0307262569832405,0.4420391061452514,2958,0.8870139398385913,0.022743947175348497,0.962523422860712,0.008119925046845722,4837,0.7171800702915034,0.23175522017779615,3.5542691751085385,0.3687375094755701,1699,0.03945578231292517,0.6707482993197279,0.09175257731958762,0.38969072164948454,5486,0.5732318629238066,0.6873860736419978,3.44166970470288,0.3751974723538703,15.12,14.98,14.58,14.0,1,0,1
702,1205741079,3,19,18,14,16,2393,0.7649289099526067,0.23412322274881517,0.8363095238095238,0.16294642857142858,358,0.9134078212290504,0.15363128491620112,7.0307262569832405,0.4420391061452514,2962,0.8873445501097293,0.02267739575713241,0.962523422860712,0.008119925046845722,4843,0.7175304563287224,0.23146809828618625,3.5537889737765846,0.36874526808452046,1702,0.0407055630936228,0.6702849389416553,0.09165808444902163,0.38928939237899074,5492,0.5730608157319743,0.687727603787327,3.4417334304442826,0.3752882981306141,15.2,15.04,14.62,14.04,1,5,3
703,1205741080,3,14,17,16,13,2397,0.7655954631379962,0.2334593572778828,0.8364312267657993,0.16282527881040892,358,0.9134078212290504,0.15363128491620112,7.0307262569832405,0.4420391061452514,2964,0.8874269005847953,0.02266081871345029,0.9625468164794008,0.008114856429463172,4852,0.7175391591096459,0.23124484748557295,3.554616652926628,0.3686280571585599,1705,0.04065040650406504,0.6707317073170732,0.09249743062692703,0.38848920863309355,5500,0.5729545454545459,0.6876363636363636,3.440909090909091,0.3751969696969696,15.12,15.02,14.62,14.0,-3,-2,1
704,1205741081,3,16,14,14,15,2403,0.765315739868049,0.23374175306314798,0.8367952522255193,0.16246290801186944,358,0.9134078212290504,0.15363128491620112,7.0307262569832405,0.4420391061452514,2966,0.8867786705624543,0.022644265887509132,0.9625701809107923,0.008109794135995009,4857,0.7173152151533874,0.23141857113444514,3.5540457072266833,0.3686088806533524,1707,0.041891891891891894,0.6702702702702703,0.09249743062692703,0.38848920863309355,5509,0.5728958673685489,0.6874205844980941,3.4407333454347433,0.37526471833968644,15.14,14.98,14.56,13.98,2,2,1
705,1205741082,3,16,16,16,16,2405,0.7648165569143932,0.23424270931326435,0.8367952522255193,0.16246290801186944,359,0.9136490250696381,0.1532033426183844,7.030640668523677,0.4415041782729805,2971,0.8862144420131292,0.023340627279358133,0.962640099626401,0.00809464508094645,4864,0.7166940789473689,0.2314967105263158,3.553248355263158,0.3686951754385963,1708,0.04183535762483131,0.6707152496626181,0.09249743062692703,0.38848920863309355,5520,0.5727506038647349,0.6871376811594203,3.4389492753623188,0.3753321256038646,15.18,15.02,14.64,14.02,0,0,0
706,1205741083,3,13,15,12,13,2407,0.7650375939849624,0.23402255639097744,0.8369162342475908,0.16234247590808007,359,0.9136490250696381,0.1532033426183844,7.030640668523677,0.4415041782729805,2972,0.8862973760932945,0.023323615160349854,0.962640099626401,0.00809464508094645,4875,0.7166153846153851,0.23138461538461538,3.557128205128205,0.3686324786324785,1709,0.04183535762483131,0.6707152496626181,0.09240246406570841,0.38809034907597534,5530,0.5730711271850517,0.6873417721518987,3.4406871609403256,0.3753013863773356,15.1,15.0,14.6,13.96,-2,1,0
707,1205741084,3,17,15,11,14,2412,0.7645403377110694,0.23452157598499063,0.8365384615384616,0.16272189349112426,359,0.9136490250696381,0.1532033426183844,7.030640668523677,0.4415041782729805,2978,0.8866279069767442,0.023255813953488372,0.9626865671641791,0.00808457711442786,4880,0.716803278688525,0.23135245901639345,3.5567622950819673,0.36871584699453536,1711,0.04172274562584118,0.6702557200538358,0.09240246406570841,0.38809034907597534,5538,0.5730558565065612,0.6874322860238353,3.4400505597688698,0.37539123630672916,15.16,15.02,14.52,13.98,2,6,3
708,1205741085,3,15,10,14,12,2418,0.7647058823529411,0.23436041083099907,0.8366592756836659,0.16260162601626016,359,0.9136490250696381,0.1532033426183844,7.030640668523677,0.4415041782729805,2981,0.8866279069767442,0.023255813953488372,0.9621353196772191,0.008069522036002483,4889,0.7163700824981255,0.23154019226835754,3.5598281857230516,0.3689063884911705,1712,0.04172274562584118,0.6702557200538358,0.09230769230769231,0.38769230769230767,5545,0.5733243162007821,0.6874661857529306,3.4400360685302074,0.3754283137962127,15.14,14.88,14.48,13.92,5,1,3
709,1205741086,3,17,15,15,13,2422,0.7649253731343284,0.23414179104477612,0.8362831858407079,0.16297935103244837,359,0.9136490250696381,0.1532033426183844,7.030640668523677,0.4415041782729805,2984,0.8867924528301887,0.023222060957910014,0.9621588089330024,0.008064516129032258,4897,0.7166972976652377,0.23136614253624668,3.560138860526853,0.3690184466680279,1715,0.041666666666666664,0.6706989247311828,0.09211873080859775,0.3889457523029683,5552,0.5736221181556201,0.6876801152737753,3.439841498559078,0.375450288184438,15.12,14.84,14.44,13.92,2,2,4
710,1205741087,3,15,15,14,16,2424,0.7642124883504194,0.23485554520037277,0.8356669123065585,0.16359616801768606,360,0.9138888888888891,0.1527777777777778,7.030555555555556,0.4409722222222222,2987,0.8869565217391304,0.02318840579710145,0.9615623062616243,0.008059516429014259,4904,0.7166938553561724,0.23123980424143556,3.5587275693311584,0.3689505165851004,1716,0.04161073825503356,0.6711409395973155,0.09211873080859775,0.3889457523029683,5561,0.5735629083498177,0.6878259305880238,3.4391296529401187,0.37542708146016895,15.14,14.88,14.48,13.92,0,1,-1
711,1205741088,3,14,14,16,13,2428,0.7644320297951583,0.2346368715083799,0.8345588235294118,0.16470588235294117,360,0.9138888888888891,0.1527777777777778,7.030555555555556,0.4409722222222222,2988,0.8869565217391304,0.02318840579710145,0.9615861214374225,0.0080545229244114,4916,0.7169446704637923,0.2306753458096013,3.5573637103336044,0.36906699213452654,1721,0.04161073825503356,0.6711409395973155,0.09164969450101833,0.3890020366598778,5567,0.573363870426921,0.6879827555236213,3.438656367882163,0.3754266211604095,15.08,14.88,14.54,13.9,0,-2,1
712,1205741089,3,17,17,16,13,2433,0.7639405204460966,0.23513011152416358,0.83492296404989,0.16434336023477622,360,0.9138888888888891,0.1527777777777778,7.030555555555556,0.4409722222222222,2992,0.8871201157742402,0.023154848046309694,0.9616336633663366,0.008044554455445545,4925,0.7168527918781732,0.23045685279187816,3.557969543147208,0.36906937394247025,1723,0.04289544235924933,0.6702412868632708,0.09155645981688708,0.3886063072227874,5572,0.5732980378080886,0.6880832735104092,3.438083273510409,0.3754486719310839,15.14,14.94,14.54,13.86,0,1,4
713,1205741090,3,15,15,16,14,2435,0.7641597028783659,0.23491179201485607,0.8350439882697948,0.16422287390029325,361,0.9141274238227148,0.1523545706371191,7.030470914127424,0.4404432132963989,3000,0.8876080691642652,0.023054755043227664,0.9616810877626699,0.008034610630407911,4927,0.7167647655774311,0.23036330424193222,3.5585549015628173,0.36907178134091045,1725,0.0427807486631016,0.6711229946524064,0.09155645981688708,0.3886063072227874,5581,0.5731798363495197,0.6882279161440602,3.4384518903422325,0.3755151406557964,15.12,14.92,14.62,13.84,0,-1,1
714,1205741091,3,14,14,12,14,2440,0.7641597028783659,0.23491179201485607,0.8356464572680788,0.16362308254200147,362,0.9143646408839781,0.15469613259668508,7.030386740331492,0.4399171270718232,3004,0.8870503597122302,0.02302158273381295,0.9611111111111111,0.008024691358024692,4933,0.7168051895398343,0.23008311372390025,3.5576728157307924,0.36897763362389335,1729,0.042666666666666665,0.672,0.09137055837563451,0.38781725888324875,5589,0.5727768831633572,0.6883163356593308,3.4376453748434423,0.3756038647342994,15.1,14.94,14.56,13.8,0,2,0
715,1205741092,3,14,16,12,15,2443,0.7634508348794063,0.23562152133580705,0.8358862144420132,0.16338439095550694,363,0.9146005509641875,0.15426997245179064,7.03030303030303,0.44008264462809915,3008,0.886575735821967,0.023689877961234746,0.9611351017890192,0.008019740900678593,4943,0.7164677321464703,0.2300222536920898,3.5571515274125027,0.36904039382291437,1731,0.042666666666666665,0.672,0.0911854103343465,0.38703140830800403,5597,0.5725835268894056,0.6880471681257817,3.4379131677684476,0.3755583348222261,15.1,14.92,14.52,13.78,-2,2,-1
716,1205741093,3,16,13,18,16,2445,0.7636700648748842,0.23540315106580167,0.8360058309037901,0.16326530612244897,363,0.9146005509641875,0.15426997245179064,7.03030303030303,0.44008264462809915,3013,0.8868194842406877,0.02363896848137536,0.9611829944547134,0.008009858287122612,4950,0.7161616161616167,0.2298989898989899,3.557171717171717,0.36892255892255876,1735,0.043882978723404256,0.6702127659574468,0.0910010111223458,0.3862487360970677,5605,0.5728070175438602,0.688314005352364,3.43800178412132,0.37558727326791547,15.12,14.88,14.6,13.84,3,-2,0
717,1205741094,3,13,13,15,15,2446,0.7636700648748842,0.23540315106580167,0.8353969410050983,0.1638747268754552,364,0.914835164835165,0.15384615384615385,7.03021978021978,0.4409340659340659,3013,0.8868194842406877,0.02363896848137536,0.9611829944547134,0.008009858287122612,4959,0.7158701351078852,0.22968340391207906,3.5579753982657794,0.36895879545607296,1736,0.043882978723404256,0.6702127659574468,0.09090909090909091,0.38585858585858585,5614,0.5725121719510753,0.6882793017456359,3.439258995368721,0.3755195344970905,15.06,14.84,14.64,13.86,0,-2,-2
718,1205741095,3,18,17,15,13,2449,0.7638888888888888,0.2351851851851852,0.8356363636363636,0.16363636363636364,364,0.914835164835165,0.15384615384615385,7.03021978021978,0.4409340659340659,3020,0.8870621872766261,0.023588277340957826,0.9612784265519361,0.007990165949600492,4964,0.7159548751007258,0.22945205479452055,3.5580177276390006,0.36899006177813576,1739,0.043882978723404256,0.6702127659574468,0.09063444108761329,0.38469284994964753,5621,0.5725701239399875,0.688133784024195,3.4387119729585485,0.37558560161299875,15.12,14.88,14.7,13.88,1,3,5
719,1205741096,3,16,15,13,15,2452,0.7638888888888888,0.2351851851851852,0.8359941944847605,0.1632801161103048,364,0.914835164835165,0.15384615384615385,7.03021978021978,0.4409340659340659,3026,0.8871428571428571,0.023571428571428573,0.9613970588235294,0.007965686274509803,4968,0.7160829307568444,0.22946859903381642,3.5583735909822867,0.36894457863660746,1739,0.043882978723404256,0.6702127659574468,0.09063444108761329,0.38469284994964753,5631,0.5727076303794477,0.6874445036405612,3.440241520156278,0.37562895874030655,15.12,14.86,14.64,13.88,1,3,1
720,1205741097,3,19,15,14,13,2455,0.7641073080481036,0.23496762257169287,0.836231884057971,0.16304347826086957,365,0.9150684931506851,0.15342465753424658,7.03013698630137,0.4404109589041096,3029,0.8872234118486795,0.023554603854389723,0.9608323133414932,0.00795593635250918,4978,0.7161175840364276,0.22940940136601046,3.558055443953395,0.3690069639748224,1740,0.043824701195219126,0.6706507304116865,0.09063444108761329,0.38469284994964753,5637,0.5722754420199876,0.6877771864466915,3.4395955295369878,0.375539589616226,15.2,14.88,14.66,13.94,4,5,6
721,1205741098,3,12,16,12,15,2460,0.7645429362880887,0.234533702677747,0.8358640636297903,0.16341287057122197,365,0.9150684931506851,0.15342465753424658,7.03013698630137,0.4404109589041096,3032,0.8873038516405135,0.023537803138373753,0.960880195599022,0.007946210268948655,4986,0.7159713865490045,0.2292418772563177,3.5627757721620537,0.36911686054285314,1743,0.043824701195219126,0.6706507304116865,0.09036144578313253,0.38353413654618473,5644,0.5720972123789281,0.6874557051736357,3.4429482636428066,0.37547247814788554,15.2,14.92,14.6,14.02,-4,0,-3
722,1205741099,3,16,14,16,13,2467,0.7649769585253456,0.23410138248847925,0.8364553314121037,0.1628242074927954,365,0.9150684931506851,0.15342465753424658,7.03013698630137,0.4404109589041096,3040,0.887624466571835,0.023470839260312945,0.9609756097560975,0.007926829268292683,4987,0.7160283403515814,0.2291959093643473,3.563465009023461,0.36914310540739237,1744,0.043824701195219126,0.6706507304116865,0.09027081243731194,0.38415245737211634,5654,0.5720581299375079,0.686947293951185,3.441811107180757,0.37569272491451466,15.26,14.86,14.58,14.0,2,0,3
723,1205741100,3,10,15,13,15,2472,0.7642725598526704,0.23480662983425415,0.8347701149425287,0.16451149425287356,365,0.9150684931506851,0.15342465753424658,7.03013698630137,0.4404109589041096,3043,0.8877840909090909,0.0234375,0.9609993906154783,0.007921998781230956,4998,0.7161531279178344,0.22909163665466187,3.563625450180072,0.3691309857276242,1749,0.04370860927152318,0.6688741721854304,0.09,0.385,5659,0.5721711727631508,0.6872238911468457,3.4426577133769216,0.3756258467338162,15.08,14.84,14.58,14.02,-5,-3,-5
724,1205741101,3,16,15,15,15,2476,0.7642725598526704,0.23480662983425415,0.835243553008596,0.16404011461318052,366,0.9153005464480876,0.15300546448087432,7.030054644808743,0.4405737704918033,3050,0.8880226789510985,0.023387668320340185,0.9610942249240122,0.007902735562310031,5003,0.7160370444400033,0.22946232260643615,3.5628622826304217,0.3690618961956158,1751,0.043593130779392336,0.6684280052840158,0.09,0.385,5665,0.572447778758459,0.6868490732568402,3.442188879082083,0.37562518387761096,15.08,14.88,14.56,14.02,1,1,1
725,1205741102,3,16,16,15,16,2479,0.764489420423183,0.23459061637534498,0.8354792560801144,0.16380543633762518,366,0.9153005464480876,0.15300546448087432,7.030054644808743,0.4405737704918033,3055,0.8881811748053786,0.02335456475583864,0.9611650485436893,0.007888349514563107,5008,0.7163205537806182,0.22943290734824281,3.5634984025559104,0.3690428647497336,1752,0.04353562005277045,0.6688654353562006,0.09,0.385,5674,0.5724209846081547,0.6869933027846317,3.443249911878745,0.3756021619081188,15.12,14.94,14.56,14.1,0,1,0
726,1205741103,3,15,16,15,16,2483,0.7642201834862385,0.23486238532110093,0.8355968548963545,0.16368834882058614,366,0.9153005464480876,0.15300546448087432,7.030054644808743,0.4405737704918033,3060,0.8881811748053786,0.02335456475583864,0.9612825166364186,0.007864488808227465,5015,0.716317713526089,0.22911266201395813,3.5627118644067797,0.3690262545696243,1753,0.043478260869565216,0.6693017127799736,0.09,0.385,5682,0.5721430247565418,0.687082013375572,3.4429778247096094,0.3755133169071922,15.14,14.98,14.56,14.16,-1,0,-1
727,1205741104,3,14,14,10,16,2486,0.763519706691109,0.23556370302474794,0.8358315488936474,0.16345467523197715,366,0.9153005464480876,0.15300546448087432,7.030054644808743,0.4405737704918033,3062,0.8882602545968883,0.02333804809052334,0.9613059250302297,0.007859733978234583,5024,0.7166268577494698,0.2289012738853503,3.561902866242038,0.36896231422505293,1758,0.043478260869565216,0.6693017127799736,0.09054726368159204,0.3850746268656716,5688,0.5721548288795131,0.6874120956399438,3.442686357243319,0.3755127754336614,15.14,15.02,14.5,14.24,0,4,-2
728,1205741105,3,16,15,13,11,2488,0.763519706691109,0.23556370302474794,0.8360655737704918,0.1632216678545973,367,0.915531335149864,0.15258855585831063,7.029972752043597,0.44073569482288827,3067,0.8884968242766408,0.02328863796753705,0.961352657004831,0.00785024154589372,5030,0.7167660702451961,0.2286282306163022,3.561431411530815,0.3689198144466532,1761,0.04336399474375821,0.6701708278580815,0.09045725646123261,0.38469184890656066,5696,0.5719657069288395,0.6876755617977528,3.4413623595505616,0.3754242743445692,15.14,15.02,14.46,14.18,1,3,5
729,1205741106,3,13,15,13,14,2491,0.7628205128205128,0.23626373626373626,0.8355871886120997,0.16370106761565836,368,0.9157608695652175,0.15217391304347827,7.029891304347826,0.44089673913043476,3070,0.8885754583921015,0.0232722143864598,0.9613992762364294,0.007840772014475271,5039,0.7162796851227101,0.22861678904544552,3.5630085334391746,0.3689058675663159,1765,0.04325032765399738,0.6697247706422018,0.09126984126984126,0.38392857142857145,5703,0.5719650476357478,0.6877082237418902,3.442574083815536,0.37535799871412695,15.12,15.02,14.44,14.18,-2,0,-1
730,1205741107,3,15,16,14,13,2492,0.7628205128205128,0.23626373626373626,0.8357041251778093,0.16358463726884778,368,0.9157608695652175,0.15217391304347827,7.029891304347826,0.44089673913043476,3072,0.8887323943661972,0.02323943661971831,0.9613992762364294,0.007840772014475271,5047,0.7165312727032567,0.22904695858926094,3.5654844462056667,0.3688164586222837,1766,0.04325032765399738,0.6697247706422018,0.09117938553022795,0.38453914767096137,5712,0.5723476890756309,0.6880252100840336,3.444327731092437,0.37533555088702136,15.16,15.0,14.44,14.16,-1,1,2
731,1205741108,3,15,14,15,14,2499,0.7618613138686131,0.23722627737226276,0.8353442157558553,0.16394606103619588,368,0.9157608695652175,0.15217391304347827,7.029891304347826,0.44089673913043476,3075,0.88881069669247,0.02322308233638283,0.9614457831325302,0.00783132530120482,5057,0.7169929470700684,0.22879177377892032,3.5655526992287916,0.36892755915892145,1768,0.04325032765399738,0.6697247706422018,0.09099901088031652,0.3857566765578635,5718,0.5722426256266766,0.6883525708289612,3.4445610353270375,0.37537892036842707,15.12,14.98,14.44,14.14,1,0,1
732,1205741109,3,15,15,15,16,2507,0.7627272727272727,0.23636363636363636,0.8358103326256192,0.16348195329087048,368,0.9157608695652175,0.15217391304347827,7.029891304347826,0.44089673913043476,3079,0.8890449438202247,0.023174157303370788,0.9608669476219145,0.007826610475617099,5066,0.7169035399394663,0.2287801026450849,3.56494275562574,0.3690288195815237,1770,0.04319371727748691,0.6701570680628273,0.09189723320158102,0.38537549407114624,5723,0.572266876346905,0.6882753800454308,3.444871570854447,0.3753130642436949,15.06,14.92,14.44,14.18,0,0,-1
733,1205741110,3,14,15,15,13,2511,0.7624660018132366,0.23662737987307345,0.8359264497878359,0.16336633663366337,368,0.9157608695652175,0.15217391304347827,7.029891304347826,0.44089673913043476,3088,0.8893557422969187,0.023109243697478993,0.9603841536614646,0.0078031212484993995,5067,0.7169594105650949,0.2287349516479179,3.565225971975528,0.3690053285968027,1771,0.04319371727748691,0.6701570680628273,0.09180651530108588,0.3859822309970385,5733,0.572373393801966,0.688295831152974,3.444793301936159,0.3753561253561252,15.0,14.88,14.42,14.16,-1,-1,1
734,1205741111,3,12,15,13,11,2516,0.7619909502262443,0.23710407239819004,0.8362738179251941,0.16302046577275936,369,0.9159891598915991,0.15176151761517614,7.029810298102981,0.44037940379403795,3090,0.8894331700489853,0.02309307207837649,0.9604079184163168,0.007798440311937612,5076,0.7174612555818235,0.2285263987391647,3.5663908589440503,0.3688928289992118,1775,0.04319371727748691,0.6701570680628273,0.09144542772861357,0.38741396263520156,5739,0.5721234826044033,0.6884474647151072,3.4460707440320615,0.3753121914386942,14.9,14.86,14.32,14.08,-3,-1,1
735,1205741112,3,15,15,15,14,2521,0.7619477006311993,0.23715058611361586,0.8363892806770099,0.16290550070521861,369,0.9159891598915991,0.15176151761517614,7.029810298102981,0.44037940379403795,3097,0.8888888888888888,0.023060796645702306,0.9599282296650717,0.00777511961722488,5082,0.7174668765577863,0.22865013774104684,3.5672963400236126,0.3688508461235732,1777,0.04308093994778068,0.6697127937336814,0.09144542772861357,0.38741396263520156,5748,0.5719235676177228,0.6878914405010439,3.4464161447459984,0.3753769427047088,14.88,14.84,14.3,14.08,0,0,1
736,1205741113,3,13,13,15,13,2522,0.7619477006311993,0.23715058611361586,0.8365045806906272,0.16279069767441862,369,0.9159891598915991,0.15176151761517614,7.029810298102981,0.44037940379403795,3100,0.8890439637124913,0.023028611304954642,0.9599521817095039,0.007770472205618649,5092,0.7177598847865939,0.22839748625294579,3.5667714061272586,0.3689120188531027,1784,0.04296875,0.6692708333333334,0.09295499021526418,0.38649706457925637,5755,0.5714885606718803,0.6879235447437011,3.4463944396177237,0.37531132348682295,14.84,14.78,14.24,14.06,0,-2,0
737,1205741114,3,15,14,15,14,2523,0.7619477006311993,0.23715058611361586,0.8359154929577465,0.16338028169014085,369,0.9159891598915991,0.15176151761517614,7.029810298102981,0.44037940379403795,3106,0.8885017421602788,0.023693379790940768,0.9600477042337507,0.007751937984496124,5098,0.7176997515365509,0.2287171439780306,3.566300510003923,0.36896822283248315,1786,0.04296875,0.6692708333333334,0.0927734375,0.3876953125,5765,0.571884937843308,0.6879444926279271,3.445793581960104,0.3752385082393755,14.84,14.74,14.22,14.08,1,0,1
738,1205741115,3,15,14,16,14,2526,0.7621621621621621,0.23693693693693693,0.8361462728551337,0.1631504922644163,369,0.9159891598915991,0.15176151761517614,7.029810298102981,0.44037940379403795,3110,0.8885793871866295,0.023676880222841225,0.9601190476190476,0.007738095238095238,5104,0.7179336468129577,0.22864420062695925,3.5664184952978055,0.36897531347962365,1788,0.04291287386215865,0.6697009102730819,0.09268292682926829,0.3882926829268293,5775,0.5720202020202027,0.687965367965368,3.4457142857142857,0.3751226551226551,14.84,14.72,14.24,14.06,1,-1,1
739,1205741116,3,15,15,15,13,2527,0.7614761476147615,0.2376237623762376,0.8361462728551337,0.1631504922644163,370,0.9162162162162164,0.15135135135135136,7.02972972972973,0.44054054054054054,3116,0.8887343532684284,0.02364394993045897,0.9602137767220903,0.007719714964370546,5111,0.7178308224091834,0.2285267071023283,3.5650557620817844,0.36904063131807197,1791,0.042801556420233464,0.6679636835278858,0.09259259259259259,0.3888888888888889,5783,0.572093492420313,0.6877053432474495,3.4450977001556287,0.3751657156032047,14.84,14.7,14.2,14.06,0,0,2
740,1205741117,3,12,12,12,13,2529,0.7607913669064749,0.2383093525179856,0.8362614195361912,0.16303583977512298,371,0.9164420485175203,0.1509433962264151,7.0296495956873315,0.44070080862533695,3120,0.8881944444444444,0.02361111111111111,0.9602609727164887,0.00771055753262159,5120,0.7179361979166672,0.2287109375,3.5658203125,0.36907552083333317,1800,0.04247104247104247,0.6666666666666666,0.0923226433430515,0.38872691933916426,5788,0.5721175996314221,0.6876295784381479,3.4450587422252936,0.3750575904169546,14.88,14.66,14.18,14.06,0,0,-1
741,1205741118,3,16,17,13,15,2531,0.7610062893081762,0.23809523809523808,0.836376404494382,0.16292134831460675,371,0.9164420485175203,0.1509433962264151,7.0296495956873315,0.44070080862533695,3122,0.8882720333102012,0.02359472588480222,0.9602845287492591,0.007705986959098993,5128,0.7181812272490905,0.22854914196567863,3.567082683307332,0.36888975559022347,1800,0.04247104247104247,0.6666666666666666,0.0923226433430515,0.38872691933916426,5800,0.5721408045977018,0.6882758620689655,3.447241379310345,0.3749281609195402,14.9,14.72,14.18,14.1,-1,3,1
742,1205741119,3,14,16,15,14,2534,0.7612208258527827,0.2378815080789946,0.8366058906030855,0.16269284712482468,371,0.9164420485175203,0.1509433962264151,7.0296495956873315,0.44070080862533695,3127,0.8885041551246537,0.023545706371191136,0.9603315571343991,0.0076968620485494375,5136,0.7181334371754938,0.2283878504672897,3.5661993769470404,0.3689966251298025,1804,0.042416452442159386,0.6658097686375322,0.09205426356589147,0.38856589147286824,5807,0.5721399460421337,0.6881350094713277,3.446702255898054,0.37494977326215484,14.9,14.78,14.22,14.14,-2,-1,0
743,1205741120,3,17,17,14,15,2538,0.760752688172043,0.23835125448028674,0.8361344537815126,0.16316526610644258,372,0.9166666666666669,0.15053763440860216,7.029569892473118,0.44086021505376344,3135,0.8881987577639752,0.023464458247066944,0.960401891252955,0.0076832151300236405,5141,0.7181806393049348,0.22855475588406926,3.5658432211631976,0.36907540685988444,1807,0.04236200256739409,0.6662387676508345,0.09187620889748549,0.38878143133462284,5813,0.5723235277252143,0.6879408222948563,3.447445381042491,0.37490681805149373,14.96,14.82,14.2,14.18,0,3,2
744,1205741121,3,16,15,11,13,2541,0.7609668755595345,0.23813786929274844,0.8356643356643356,0.16363636363636364,373,0.9168900804289546,0.15013404825737264,7.029490616621984,0.44168900804289546,3139,0.8876636802205375,0.02343211578221916,0.9604486422668241,0.007674144037780401,5151,0.7182424124765424,0.22830518345952241,3.5657153950689184,0.36889277163010403,1810,0.04236200256739409,0.6662387676508345,0.09161041465766634,0.3876567020250723,5817,0.5720159303191801,0.6879834966477566,3.447997249441293,0.37499283708669984,14.96,14.86,14.18,14.16,1,5,3
745,1205741122,3,15,16,17,15,2545,0.7598214285714285,0.2392857142857143,0.8357791754018169,0.16352201257861634,373,0.9168900804289546,0.15013404825737264,7.029490616621984,0.44168900804289546,3144,0.8877410468319559,0.023415977961432508,0.9605418138987044,0.0076560659599528855,5160,0.7182493540051685,0.22887596899224807,3.56531007751938,0.3690729974160205,1813,0.04225352112676056,0.6645326504481434,0.09248554913294797,0.3872832369942196,5823,0.5721134581258236,0.6877897990726429,3.4477073673364247,0.374949911271395,14.98,14.9,14.24,14.16,-1,-2,0
746,1205741123,3,13,13,16,15,2550,0.7595725734639359,0.23953695458593055,0.8353105373342637,0.16399162595952546,374,0.9171122994652408,0.1497326203208556,7.029411764705882,0.4425133689839572,3145,0.8877410468319559,0.023415977961432508,0.9605650382577987,0.007651559741024131,5171,0.7179784696705994,0.22935602397988783,3.567975246567395,0.36891639270289417,1815,0.04225352112676056,0.6645326504481434,0.09326923076923077,0.38653846153846155,5831,0.5718430229234558,0.687875150060024,3.448808094666438,0.3749071056994226,14.92,14.86,14.26,14.12,0,-3,-2
747,1205741124,3,16,16,16,16,2552,0.7595725734639359,0.23953695458593055,0.8348432055749129,0.16445993031358885,374,0.9171122994652408,0.1497326203208556,7.029411764705882,0.4425133689839572,3148,0.8878954607977991,0.023383768913342505,0.9605882352941176,0.007647058823529412,5179,0.7178348458518381,0.22958100019308747,3.5678702452210853,0.3688775181824031,1815,0.04225352112676056,0.6645326504481434,0.09326923076923077,0.38653846153846155,5842,0.5719074517859187,0.687778158165012,3.4484765491270113,0.3749286773935866,14.98,14.92,14.28,14.16,0,0,0
748,1205741125,3,15,13,11,13,2555,0.7591111111111111,0.24,0.834958217270195,0.16434540389972144,374,0.9171122994652408,0.1497326203208556,7.029411764705882,0.4425133689839572,3153,0.8881262868908717,0.023335621139327384,0.9606345475910694,0.00763807285546416,5188,0.7176497044461584,0.2299537393986122,3.5674633770239015,0.3689122333590335,1819,0.0421455938697318,0.6641123882503193,0.09309021113243762,0.3867562380038388,5848,0.5719191746466035,0.6880984952120383,3.448358413132695,0.37488600091199265,15.0,14.88,14.2,14.14,2,4,2
749,1205741126,3,15,18,12,15,2559,0.7591111111111111,0.24,0.8347222222222223,0.16458333333333333,375,0.9173333333333334,0.14933333333333335,7.029333333333334,0.442,3157,0.8877481177275839,0.02327173169062286,0.9606345475910694,0.00763807285546416,5194,0.7173982800667442,0.22968810165575665,3.5660377358490565,0.3689673982800666,1822,0.042091836734693876,0.6645408163265306,0.09291187739463602,0.38697318007662834,5856,0.5718493852459022,0.6881830601092896,3.4479166666666665,0.3749715391621129,14.98,14.94,14.2,14.14,-3,3,0
750,1205741127,3,14,16,14,15,2560,0.7591111111111111,0.24,0.8348369188063844,0.16446911866759195,377,0.9164456233421752,0.14854111405835543,7.029177718832892,0.4423076923076923,3157,0.8877481177275839,0.02327173169062286,0.9606345475910694,0.00763807285546416,5203,0.7174066243833691,0.2296751873918893,3.5702479338842976,0.36885771029534226,1826,0.042091836734693876,0.6645408163265306,0.09255725190839695,0.38549618320610685,5862,0.5715199590583425,0.6881610371886728,3.448140566359604,0.3749289207324007,14.96,14.98,14.18,14.16,-2,0,-1
751,1205741128,3,16,16,14,14,2562,0.7593250444049734,0.23978685612788633,0.8349514563106796,0.16435506241331485,377,0.9164456233421752,0.14854111405835543,7.029177718832892,0.4423076923076923,3160,0.8878248974008208,0.023255813953488372,0.9606807511737089,0.007629107981220657,5210,0.7177863083813185,0.22955854126679462,3.569865642994242,0.3687460012795904,1827,0.042091836734693876,0.6645408163265306,0.09246901811248809,0.38608198284080075,5872,0.5715684604904638,0.6883514986376021,3.448739782016349,0.37492904178019976,14.98,15.02,14.16,14.16,0,2,2
752,1205741129,3,14,16,14,15,2566,0.7595385980479148,0.23957409050576753,0.8352941176470589,0.16401384083044981,377,0.9164456233421752,0.14854111405835543,7.029177718832892,0.4423076923076923,3161,0.8878248974008208,0.023255813953488372,0.9607038123167155,0.007624633431085044,5220,0.7177522349936148,0.2293103448275862,3.5697318007662835,0.36891762452107263,1827,0.042091836734693876,0.6645408163265306,0.09246901811248809,0.38608198284080075,5881,0.5712888964461832,0.6881482741030437,3.4482230913110015,0.3749078954826276,14.88,14.98,14.16,14.14,-2,0,-1
753,1205741130,3,17,17,16,14,2569,0.7597517730496454,0.2393617021276596,0.8355217691776089,0.16378714581893572,378,0.9166666666666669,0.14814814814814814,7.029100529100529,0.44246031746031744,3165,0.8879015721120984,0.02323991797676008,0.9607728337236534,0.007611241217798595,5230,0.7179094964945831,0.2294455066921606,3.569980879541109,0.3688814531548755,1827,0.042091836734693876,0.6645408163265306,0.09246901811248809,0.38608198284080075,5889,0.5712769570385471,0.6877228731533367,3.4484632365427066,0.3748655685741778,14.94,14.98,14.16,14.16,0,1,3
754,1205741131,3,15,15,15,13,2569,0.7597517730496454,0.2393617021276596,0.8355217691776089,0.16378714581893572,379,0.9168865435356202,0.14775725593667546,7.029023746701847,0.4426121372031662,3170,0.888130968622101,0.023192360163710776,0.9608187134502923,0.00760233918128655,5238,0.7178312332951514,0.22947689957999237,3.571401298205422,0.3688907980145092,1831,0.04203821656050955,0.664968152866242,0.09220532319391635,0.3849809885931559,5895,0.5710347752332491,0.6877014418999152,3.450212044105174,0.37478088775798696,14.92,15.0,14.18,14.12,0,0,2
755,1205741132,3,14,14,12,15,2576,0.7579505300353356,0.2411660777385159,0.8358620689655173,0.16344827586206898,380,0.9171052631578949,0.15,7.028947368421052,0.44276315789473686,3174,0.8876021798365122,0.02316076294277929,0.9602803738317757,0.007593457943925234,5246,0.7180709111704162,0.22950819672131148,3.5703393061380098,0.3688048036599312,1835,0.043202033036848796,0.6632782719186785,0.0920303605313093,0.38425047438330173,5901,0.5711037677229854,0.6878495170310117,3.4499237417386883,0.37486584194769246,14.88,14.96,14.1,14.1,0,2,-1
756,1205741133,3,11,16,9,16,2580,0.7566137566137566,0.24250440917107582,0.8353994490358126,0.16391184573002754,381,0.9164479440069994,0.15223097112860892,7.028871391076115,0.4435695538057743,3179,0.8865489130434783,0.02309782608695652,0.9603035610040864,0.007589025102159953,5254,0.7181829717040991,0.22953939855348307,3.571374191092501,0.36886181956604475,1838,0.04314720812182741,0.6624365482233503,0.09185606060606061,0.3835227272727273,5911,0.5703913607398642,0.6873625444087295,3.4486550499069533,0.3749506569672362,14.84,14.98,14.04,14.16,-5,2,-5
757,1205741134,3,12,12,11,13,2581,0.7566137566137566,0.24250440917107582,0.8348245010323468,0.16448726772195457,382,0.9166666666666669,0.1518324607329843,7.028795811518324,0.4430628272251309,3184,0.8861016949152543,0.02305084745762712,0.9597667638483965,0.007580174927113703,5261,0.7178293100171076,0.22999429766204144,3.5709941075841094,0.3688937464360386,1839,0.043092522179974654,0.6615969581749049,0.09185606060606061,0.3835227272727273,5918,0.570561563591304,0.6872254139912133,3.450659006421088,0.3749295933310803,14.74,14.92,14.04,14.14,0,1,-1
758,1205741135,3,15,12,15,16,2582,0.7566137566137566,0.24250440917107582,0.8349381017881705,0.1643741403026135,383,0.915578764142733,0.15404699738903394,7.028720626631854,0.44321148825065276,3190,0.8858108108108108,0.022972972972972974,0.9597902097902098,0.007575757575757576,5265,0.7177904400126628,0.22981956315289648,3.5705603038936373,0.3689458689458688,1840,0.043037974683544304,0.6620253164556962,0.09185606060606061,0.3835227272727273,5928,0.5707799145299152,0.6870782726045884,3.4510796221322537,0.37491565452091763,14.74,14.96,14.06,14.22,3,0,-1
759,1205741136,3,16,16,14,16,2587,0.7568281938325991,0.2422907488986784,0.8347050754458162,0.1646090534979424,384,0.9157986111111113,0.15364583333333334,7.028645833333333,0.4427083333333333,3194,0.8858879135719109,0.022957461174881837,0.9592786503781268,0.0075625363583478765,5273,0.7177444844806884,0.23022947088943677,3.5689360895126114,0.36892344648839986,1840,0.043037974683544304,0.6620253164556962,0.09185606060606061,0.3835227272727273,5937,0.5707287631239129,0.6868788950648476,3.4498905170961764,0.3750210544045814,14.72,14.98,14.04,14.28,0,2,0
760,1205741137,3,13,14,15,15,2589,0.7570422535211268,0.2420774647887324,0.8348183687457162,0.1644962302947224,384,0.9157986111111113,0.15364583333333334,7.028645833333333,0.4427083333333333,3198,0.8861185983827493,0.022911051212938006,0.9593023255813954,0.007558139534883721,5279,0.7177180021468718,0.2305360863799962,3.5692365978405003,0.3690566395150595,1840,0.043037974683544304,0.6620253164556962,0.09185606060606061,0.3835227272727273,5950,0.5704061624649867,0.686890756302521,3.450924369747899,0.3749579831932772,14.68,14.96,14.06,14.26,-1,-2,-2
761,1205741138,3,17,16,17,14,2591,0.7572559366754618,0.2418645558487247,0.834931506849315,0.1643835616438356,385,0.9160173160173162,0.15324675324675324,7.0285714285714285,0.4422077922077922,3204,0.8865010073875084,0.022834116856950974,0.9593259732713538,0.007553747821034283,5285,0.7177861873226117,0.23065279091769159,3.5682119205298015,0.36915799432355706,1840,0.043037974683544304,0.6620253164556962,0.09185606060606061,0.3835227272727273,5959,0.5706354533758468,0.6868602114448733,3.4497398892431614,0.37485316328242985,14.74,15.0,14.08,14.28,1,0,3
762,1205741139,3,13,13,11,13,2592,0.7572559366754618,0.2418645558487247,0.8350444900752909,0.16427104722792607,385,0.9160173160173162,0.15324675324675324,7.0285714285714285,0.4422077922077922,3213,0.8867292225201072,0.022788203753351208,0.9594672843080486,0.007527504342790967,5289,0.7179050860276049,0.23085649461145774,3.5681603327661184,0.3691151446398183,1845,0.04287515762925599,0.6620428751576293,0.09168241965973535,0.3827977315689981,5966,0.570468767460052,0.6863895407308079,3.449715051961113,0.37491619175326846,14.66,14.92,13.98,14.28,0,2,0
763,1205741140,3,15,15,14,14,2594,0.7572559366754618,0.2418645558487247,0.83526999316473,0.16404647983595352,385,0.9160173160173162,0.15324675324675324,7.0285714285714285,0.4422077922077922,3214,0.8868050904219692,0.02277294038847957,0.9594672843080486,0.007527504342790967,5297,0.717575986407401,0.230885406834057,3.5676798187653387,0.3690296394185386,1846,0.04287515762925599,0.6620428751576293,0.09159584513692162,0.38243626062322944,5975,0.5705299860529993,0.6865271966527197,3.449707112970711,0.3750069735006972,14.66,14.92,13.94,14.28,0,1,1
764,1205741141,3,14,14,15,17,2596,0.7574692442882249,0.24165202108963094,0.8353825136612022,0.16393442622950818,385,0.9160173160173162,0.15324675324675324,7.0285714285714285,0.4422077922077922,3215,0.8868808567603749,0.022757697456492636,0.9594672843080486,0.007527504342790967,5309,0.7174923086582538,0.23092861179129778,3.568280278771897,0.3689960444528158,1848,0.042821158690176324,0.6624685138539043,0.09150943396226414,0.38301886792452833,5982,0.5705310375571164,0.6868940153794717,3.450016716817118,0.37490248523347813,14.66,14.92,14.0,14.34,0,-1,-3
765,1205741142,3,18,17,15,17,2599,0.7572304995617879,0.24189307624890447,0.8353825136612022,0.16393442622950818,385,0.9160173160173162,0.15324675324675324,7.0285714285714285,0.4422077922077922,3223,0.8870320855614974,0.022727272727272728,0.9596076168493941,0.0075014425851125215,5314,0.7171935767155945,0.23071132856605195,3.568498306360557,0.3689311253293186,1849,0.042821158690176324,0.6624685138539043,0.09142318567389256,0.3826578699340245,5991,0.5707589161520065,0.6868636287764981,3.4500083458521114,0.37488176709508697,14.74,14.94,14.06,14.38,1,3,1
766,1205741143,3,16,15,14,14,2604,0.7574171029668412,0.24171029668411867,0.8353825136612022,0.16393442622950818,385,0.9160173160173162,0.15324675324675324,7.0285714285714285,0.4422077922077922,3226,0.8871829105473965,0.022696929238985315,0.9596309111880046,0.007497116493656286,5322,0.7175247400726549,0.2307403231867719,3.5685832393836905,0.3689402480270573,1850,0.042821158690176324,0.6624685138539043,0.09227871939736347,0.3822975517890772,6000,0.5711805555555561,0.687,3.45,0.3748472222222221,14.74,14.98,13.98,14.34,1,2,2
767,1205741144,3,14,13,13,12,2607,0.7567567567567568,0.24237140366172624,0.8356070941336972,0.16371077762619374,385,0.9160173160173162,0.15324675324675324,7.0285714285714285,0.4422077922077922,3232,0.8875582168995343,0.02262142381902861,0.9596541786743515,0.007492795389048991,5327,0.7174144296351923,0.23089919279143983,3.5676741130091982,0.3690163318941241,1854,0.042767295597484274,0.6616352201257861,0.09295774647887324,0.38215962441314555,6008,0.5715851087438977,0.6870838881491345,3.449733688415446,0.374805814469596,14.76,14.98,13.94,14.28,1,1,2
768,1205741145,3,16,15,12,14,2613,0.7565217391304347,0.2426086956521739,0.8352620830496936,0.1640571817562968,385,0.9160173160173162,0.15324675324675324,7.0285714285714285,0.4422077922077922,3234,0.8877076411960133,0.022591362126245847,0.9596541786743515,0.007492795389048991,5334,0.7177852768403954,0.23078365204349457,3.5669291338582676,0.3690007499062615,1855,0.04271356783919598,0.6620603015075377,0.09295774647887324,0.38215962441314555,6018,0.5714661570843033,0.6871053506148223,3.448654037886341,0.3748476791846681,14.72,14.94,13.88,14.3,1,4,2
769,1205741146,3,16,16,16,14,2618,0.7560763888888888,0.24305555555555555,0.8355978260869565,0.1637228260869565,385,0.9160173160173162,0.15324675324675324,7.0285714285714285,0.4422077922077922,3237,0.8877076411960133,0.022591362126245847,0.9597238204833142,0.007479861910241657,5342,0.7181143142393616,0.2306252339947585,3.5662673156121305,0.3691033320853611,1856,0.04271356783919598,0.6620603015075377,0.09287054409005628,0.3818011257035647,6024,0.5717269809650294,0.6869189907038512,3.448539176626826,0.37480633023461696,14.72,14.96,13.94,14.28,0,0,2
770,1205741147,3,18,13,12,14,2619,0.7560763888888888,0.24305555555555555,0.8357094365241005,0.16361167684996605,386,0.9162348877374786,0.15284974093264247,7.028497409326425,0.4417098445595855,3240,0.8879310344827587,0.022546419098143235,0.9597238204833142,0.007479861910241657,5352,0.7183607374190338,0.23019431988041852,3.5663303437967113,0.36911434977578456,1856,0.04271356783919598,0.6620603015075377,0.09287054409005628,0.3818011257035647,6035,0.5714305440486059,0.6871582435791218,3.448384424192212,0.37462027064346853,14.7,14.92,13.9,14.3,5,6,4
771,1205741148,3,19,16,15,16,2624,0.7562879444926279,0.24284475281873374,0.8361543669600542,0.16316858496953285,386,0.9162348877374786,0.15284974093264247,7.028497409326425,0.4417098445595855,3246,0.8881535407015222,0.022501654533421574,0.9597932222860425,0.007466973004020678,5357,0.7186236077406514,0.2299794661190965,3.5659884263580364,0.36914317715139056,1857,0.04271356783919598,0.6620603015075377,0.09278350515463918,0.38144329896907214,6042,0.5717063886130427,0.6871896722939425,3.4480304534922213,0.37455864504027353,14.84,14.92,13.96,14.32,3,4,3
772,1205741149,3,17,14,14,14,2630,0.7558441558441559,0.24329004329004328,0.8359216745442268,0.16340310600945307,386,0.9162348877374786,0.15284974093264247,7.028497409326425,0.4417098445595855,3252,0.8876404494382022,0.023132848645076007,0.9598853868194842,0.007449856733524355,5362,0.7188859878154922,0.2297650130548303,3.5660201417381576,0.3691719507646399,1858,0.04271356783919598,0.6620603015075377,0.09269662921348315,0.38202247191011235,6050,0.5715289256198353,0.687107438016529,3.447603305785124,0.3746005509641872,14.86,14.92,13.92,14.34,3,3,3
773,1205741150,3,17,12,15,13,2631,0.7551903114186851,0.24394463667820068,0.8359216745442268,0.16340310600945307,386,0.9162348877374786,0.15284974093264247,7.028497409326425,0.4417098445595855,3259,0.8878627968337731,0.02308707124010554,0.9599771297884505,0.007432818753573471,5367,0.7188994472393023,0.22955095956772872,3.5660517980249673,0.36929383268119975,1861,0.04265997490589712,0.6624843161856964,0.09252336448598131,0.3813084112149533,6058,0.571186860349951,0.6868603499504787,3.4471772862330803,0.3747661494442609,15.0,14.86,13.96,14.3,5,2,4
774,1205741151,3,15,15,15,14,2633,0.7556131260794473,0.24352331606217617,0.8359216745442268,0.16340310600945307,386,0.9162348877374786,0.15284974093264247,7.028497409326425,0.4417098445595855,3266,0.8882314266929652,0.023011176857330704,0.960022844089092,0.0074243289548829245,5372,0.7190680069496157,0.2295234549516009,3.5672002978406554,0.3693689501116901,1863,0.04265997490589712,0.6624843161856964,0.09235074626865672,0.3805970149253731,6066,0.5712578305308281,0.6867787668974613,3.4479063633366303,0.37464281789207593,14.98,14.86,13.96,14.28,0,0,1
775,1205741152,3,12,15,13,14,2637,0.7543103448275862,0.24482758620689654,0.8354686446392448,0.1638570465273095,387,0.9164513350559864,0.1524547803617571,7.028423772609819,0.4412144702842377,3270,0.8883048620236531,0.022996057818659658,0.9600912200684151,0.007411630558722919,5381,0.7193520411323798,0.22932540419996283,3.566437465155176,0.3692622189184165,1867,0.0425,0.66375,0.09226467847157502,0.38024231127679403,6073,0.5713403589659153,0.6866458093199407,3.4473900872715295,0.3746226466875239,14.9,14.84,13.92,14.24,-3,-1,-2
776,1205741153,3,15,15,12,14,2642,0.7549441100601891,0.24419604471195186,0.8356902356902357,0.16363636363636364,388,0.9166666666666669,0.15206185567010308,7.028350515463917,0.4426546391752577,3275,0.8877952755905512,0.022965879265091863,0.9601593625498008,0.007398975526465566,5388,0.7194073249195748,0.22939866369710468,3.5675575352635485,0.36933927245731235,1868,0.0425,0.66375,0.09217877094972067,0.37988826815642457,6082,0.5711251781212326,0.6866162446563631,3.446070371588293,0.3748355804011837,14.9,14.82,13.86,14.2,0,3,1
777,1205741154,3,16,16,16,13,2642,0.7549441100601891,0.24419604471195186,0.8356902356902357,0.16363636363636364,388,0.9166666666666669,0.15206185567010308,7.028350515463917,0.4426546391752577,3278,0.8879423328964613,0.022935779816513763,0.9601820250284414,0.00739476678043231,5394,0.7193486590038319,0.22914349276974416,3.5672969966629586,0.3692992213570632,1868,0.0425,0.66375,0.09217877094972067,0.37988826815642457,6094,0.5710808445465492,0.6870692484410896,3.4471611421069905,0.374835904168034,14.94,14.86,13.98,14.14,0,0,3
778,1205741155,3,15,14,14,15,2642,0.7549441100601891,0.24419604471195186,0.8356902356902357,0.16363636363636364,388,0.9166666666666669,0.15206185567010308,7.028350515463917,0.4426546391752577,3283,0.8875081752779594,0.02289077828646174,0.9602272727272727,0.007386363636363636,5403,0.7192609044358077,0.22894688136220617,3.566166944290209,0.3691004997223763,1872,0.04244694132334582,0.6641697877652933,0.09285051067780872,0.3797585886722377,6102,0.5707145198295648,0.6873156342182891,3.4469026548672566,0.3748770894788592,14.92,14.84,14.0,14.22,1,1,0
779,1205741156,3,15,17,15,16,2645,0.7551546391752577,0.24398625429553264,0.83591123066577,0.16341627437794218,388,0.9166666666666669,0.15206185567010308,7.028350515463917,0.4426546391752577,3285,0.8875816993464052,0.02287581699346405,0.9602498580352072,0.0073821692220329355,5411,0.7195527628904089,0.22879319903899464,3.5668083533542783,0.3690784205014475,1874,0.04244694132334582,0.6641697877652933,0.09360518999073215,0.3799814643188137,6112,0.5704897469458995,0.6876636125654451,3.4466623036649215,0.37483638743455483,14.96,14.88,14.04,14.26,-2,0,-1
780,1205741157,3,14,15,14,15,2646,0.7545064377682403,0.2446351931330472,0.83591123066577,0.16341627437794218,389,0.9168808911739504,0.15167095115681234,7.02827763496144,0.4440874035989717,3294,0.8871493803000652,0.0228310502283105,0.9592529711375212,0.007357102433503113,5419,0.7191978839884363,0.22956264993541245,3.569293227532755,0.369087162453097,1878,0.04228855721393035,0.6629353233830846,0.09351851851851851,0.37962962962962965,6117,0.5705956078687817,0.6874284780120974,3.4472780774889653,0.3747752166094489,14.94,14.86,14.04,14.3,-1,0,-1
781,1205741158,3,13,13,13,13,2647,0.7545064377682403,0.2446351931330472,0.8360215053763441,0.16330645161290322,389,0.9168808911739504,0.15167095115681234,7.02827763496144,0.4440874035989717,3295,0.8871493803000652,0.0228310502283105,0.9592760180995475,0.007352941176470588,5429,0.7193467182415428,0.22969239270583902,3.5682446122674527,0.36888315834714785,1879,0.04228855721393035,0.6629353233830846,0.09343200740055504,0.38020351526364476,6128,0.5700337249782427,0.6875,3.4463120104438643,0.37479601827676223,14.9,14.84,14.0,14.28,0,0,0
782,1205741159,3,18,18,16,14,2651,0.7549271636675235,0.2442159383033419,0.836241610738255,0.16308724832214766,389,0.9168808911739504,0.15167095115681234,7.02827763496144,0.4440874035989717,3301,0.8874430709173715,0.02277163305139883,0.9593220338983051,0.007344632768361582,5435,0.7192885617908622,0.22980680772769088,3.567801287948482,0.36879791475007645,1880,0.0422360248447205,0.662111801242236,0.09343200740055504,0.38020351526364476,6136,0.5700782268578887,0.6874185136897001,3.445730117340287,0.37479628422425015,14.96,14.9,14.02,14.24,0,2,4
783,1205741160,3,15,15,8,15,2656,0.7544910179640718,0.2446535500427716,0.8365706630944407,0.16275954454119224,390,0.9170940170940173,0.15128205128205127,7.028205128205128,0.44358974358974357,3308,0.887012987012987,0.023376623376623377,0.9594137542277339,0.007328072153325817,5441,0.7194755865956018,0.22973718066531887,3.5675427311156036,0.3688507014641914,1883,0.04218362282878412,0.6612903225806451,0.09418282548476455,0.3804247460757156,6141,0.5701025891548616,0.6871844976388211,3.446018563751832,0.3746946751343428,14.98,14.9,13.88,14.28,0,7,0
784,1205741161,3,15,14,15,14,2661,0.7540563620836892,0.24508966695132364,0.8368983957219251,0.16243315508021391,391,0.9173060528559251,0.15089514066496162,7.028132992327365,0.44437340153452687,3312,0.8870863075924724,0.02336145360155743,0.9594822734946539,0.007315700619020821,5447,0.7195092099626711,0.2298512942904351,3.568019093078759,0.3688574750627255,1886,0.04207920792079208,0.6608910891089109,0.0940959409594096,0.3800738007380074,6148,0.5699414443721543,0.686890045543266,3.4450227716330515,0.3748780091086531,15.04,14.88,13.92,14.34,1,0,1
785,1205741162,3,15,17,11,16,2667,0.7540425531914894,0.2451063829787234,0.8371161548731643,0.16221628838451269,391,0.9173060528559251,0.15089514066496162,7.028132992327365,0.44437340153452687,3316,0.8866580310880829,0.023316062176165803,0.9595050618672666,0.007311586051743532,5454,0.7192274783033864,0.23028969563623028,3.5683901723505684,0.3688424397995353,1888,0.042027194066749075,0.6613102595797281,0.09400921658986175,0.38064516129032255,6156,0.5700129954515927,0.6869720597790773,3.4444444444444446,0.3747563352826509,15.04,14.92,13.84,14.38,-2,4,-1
786,1205741163,3,16,13,15,14,2669,0.7544604927782498,0.24468988954970264,0.8371161548731643,0.16221628838451269,392,0.9175170068027213,0.15051020408163265,7.028061224489796,0.444515306122449,3324,0.8870238863783085,0.023240800516462233,0.9595732734418866,0.0072992700729927005,5460,0.719444444444445,0.2304029304029304,3.567582417582418,0.3688034188034186,1889,0.042027194066749075,0.6613102595797281,0.09392265193370165,0.38029465930018413,6165,0.5701540957015417,0.6871046228710462,3.4437956204379563,0.374736415247364,15.1,14.92,13.84,14.4,3,1,2
787,1205741164,3,14,16,15,13,2672,0.7538200339558574,0.24533106960950765,0.8373333333333334,0.162,392,0.9175170068027213,0.15051020408163265,7.028061224489796,0.444515306122449,3329,0.8872422680412371,0.023195876288659795,0.9596186203028604,0.007291082445316881,5467,0.719620754832023,0.23047375160051217,3.5672215108834826,0.36869703066886145,1893,0.04192355117139334,0.6621454993834772,0.09466911764705882,0.3795955882352941,6172,0.5701555411535977,0.6871354504212573,3.4439403758911213,0.3747569669475047,15.08,14.96,13.84,14.38,-2,-1,1
788,1205741165,3,14,15,14,14,2677,0.7542372881355932,0.24491525423728813,0.8376580172987359,0.16167664670658682,392,0.9175170068027213,0.15051020408163265,7.028061224489796,0.444515306122449,3331,0.8873148744365744,0.0231809401159047,0.9596412556053812,0.0072869955156950675,5477,0.7194023492179422,0.23023553039985392,3.5683768486397662,0.3687085387377516,1896,0.041820418204182044,0.6629766297662977,0.0945821854912764,0.379247015610652,6178,0.570330203949499,0.6872774360634509,3.4436710909679507,0.37471673680802836,15.06,14.98,13.8,14.38,-1,0,0
789,1205741166,3,15,15,15,15,2679,0.7544453852667231,0.2447078746824725,0.8377659574468085,0.16156914893617022,392,0.9175170068027213,0.15051020408163265,7.028061224489796,0.444515306122449,3333,0.8873873873873874,0.023166023166023165,0.9596638655462185,0.007282913165266107,5484,0.719395818137613,0.23030634573304157,3.5680160466812545,0.3686026015074153,1896,0.041820418204182044,0.6629766297662977,0.0945821854912764,0.379247015610652,6188,0.5702165481577254,0.6869747899159664,3.4431157078215904,0.3746767937944407,15.06,14.98,13.8,14.42,0,0,0
790,1205741167,3,14,16,14,15,2683,0.754653130287648,0.24450084602368866,0.8380889183808892,0.1612475116124751,392,0.9175170068027213,0.15051020408163265,7.028061224489796,0.444515306122449,3336,0.887459807073955,0.02315112540192926,0.9597090095131505,0.007274762171236709,5492,0.7198045642146158,0.22997086671522213,3.5682811361981064,0.3684298373391598,1903,0.0428921568627451,0.6629901960784313,0.09423604757548033,0.3796889295516926,6193,0.5704020668496698,0.68690456967544,3.443242370418214,0.37457613434522835,15.1,15.06,13.84,14.46,-2,0,-1
791,1205741168,3,13,13,15,15,2685,0.7548605240912933,0.24429416737109044,0.8381962864721485,0.16114058355437666,394,0.9179357021996618,0.1548223350253807,7.027918781725888,0.44352791878172587,3336,0.887459807073955,0.02315112540192926,0.9597090095131505,0.007274762171236709,5503,0.7196377733357568,0.23005633290932218,3.5727784844630204,0.3684202556181475,1907,0.042839657282741736,0.6634026927784578,0.09397810218978102,0.3813868613138686,6199,0.570253266655913,0.6868849814486208,3.444749153089208,0.37453621551863187,15.04,14.98,13.88,14.46,0,-2,-2
792,1205741169,3,16,18,14,16,2690,0.7550675675675675,0.24408783783783783,0.8386243386243386,0.16071428571428573,395,0.918143459915612,0.15443037974683543,7.027848101265823,0.44367088607594934,3343,0.8876765083440308,0.023106546854942234,0.9597989949748744,0.0072585147962032385,5506,0.7197905315413494,0.22993098438067563,3.572648020341446,0.3684465431650319,1909,0.042735042735042736,0.6642246642246642,0.09397810218978102,0.3813868613138686,6207,0.5704043821491871,0.6864830030610601,3.4440148219751894,0.37457709038182685,15.08,15.02,13.86,14.5,-2,2,0
793,1205741170,3,14,15,14,15,2692,0.7550675675675675,0.24408783783783783,0.8381770145310435,0.16116248348745046,395,0.918143459915612,0.15443037974683543,7.027848101265823,0.44367088607594934,3348,0.8871794871794871,0.023076923076923078,0.959866220735786,0.007246376811594203,5512,0.7198234155781331,0.22986211901306242,3.5722060957910013,0.36840832123850975,1912,0.04263093788063337,0.6650426309378806,0.09389243391066546,0.381950774840474,6216,0.5707850707850716,0.6866151866151866,3.4443371943371943,0.37447715572715556,15.02,14.98,13.86,14.5,-1,0,-1
794,1205741171,3,15,16,17,13,2698,0.7548441449031171,0.2443133951137321,0.8384970336189849,0.16084377059986815,395,0.918143459915612,0.15443037974683543,7.027848101265823,0.44367088607594934,3350,0.8872517616912236,0.023062139654067906,0.9598885793871866,0.0072423398328690805,5522,0.7195158758903785,0.22962694675842085,3.5709887721839912,0.36857116986599037,1915,0.04257907542579075,0.6654501216545012,0.09372156505914468,0.3821656050955414,6222,0.5707168113146905,0.686595949855352,3.4437479909996784,0.37443747990999665,15.0,15.0,13.98,14.5,-1,-2,2
795,1205741172,3,17,15,14,14,2702,0.7550505050505051,0.2441077441077441,0.8388157894736842,0.16052631578947368,395,0.918143459915612,0.15443037974683543,7.027848101265823,0.44367088607594934,3355,0.8873960332693538,0.023032629558541268,0.9599555061179088,0.007230255839822024,5527,0.719679150835294,0.22960014474398407,3.5702912972679575,0.36855436945901915,1918,0.0425273390036452,0.6658566221142163,0.09445958219800181,0.3823796548592189,6230,0.5705457463884438,0.6863563402889246,3.443338683788122,0.3744382022471909,15.04,14.98,13.92,14.48,2,3,3
796,1205741173,3,16,16,14,12,2708,0.7554621848739496,0.24369747899159663,0.8385826771653543,0.16076115485564305,395,0.918143459915612,0.15443037974683543,7.027848101265823,0.44367088607594934,3358,0.8875399361022365,0.023003194888178913,0.9599777654252363,0.007226236798221234,5535,0.7199638663053303,0.22962962962962963,3.569647696476965,0.3685185185185183,1923,0.04247572815533981,0.6662621359223301,0.09411764705882353,0.38190045248868776,6238,0.5704285561611635,0.6864379608848991,3.4422891952548893,0.3745190766271239,15.1,15.04,13.88,14.42,0,2,4
797,1205741174,3,17,16,14,16,2711,0.7558724832214765,0.24328859060402686,0.838688524590164,0.16065573770491803,395,0.918143459915612,0.15443037974683543,7.027848101265823,0.44367088607594934,3358,0.8875399361022365,0.023003194888178913,0.9599777654252363,0.007226236798221234,5545,0.7199278629395858,0.2295761947700631,3.567899008115419,0.3684851217312892,1926,0.04242424242424243,0.6666666666666666,0.0939476061427281,0.3821138211382114,6245,0.5706431812116367,0.6864691753402722,3.442273819055244,0.37449959967974367,15.12,15.04,13.84,14.42,1,3,1
798,1205741175,3,13,14,15,15,2716,0.7552388935456832,0.24392288348700755,0.8378024852844996,0.16154349247874428,396,0.9183501683501686,0.15404040404040403,7.027777777777778,0.4438131313131313,3361,0.8877551020408163,0.02295918367346939,0.9599777654252363,0.007226236798221234,5550,0.7200000000000005,0.22972972972972974,3.567927927927928,0.3684234234234232,1928,0.0423728813559322,0.6670702179176755,0.09386281588447654,0.38267148014440433,6255,0.5706901145750074,0.6861710631494804,3.4420463629096725,0.3743405275779375,15.08,15.06,13.92,14.46,-1,-2,-2
799,1205741176,3,19,19,12,16,2721,0.7550167224080268,0.24414715719063546,0.8380143696930111,0.16133246244284782,396,0.9183501683501686,0.15404040404040403,7.027777777777778,0.4438131313131313,3366,0.8878980891719745,0.022929936305732482,0.9600443951165372,0.007214206437291898,5554,0.7198415556355785,0.22974432841195536,3.5678790061217143,0.36833813467770954,1928,0.0423728813559322,0.6670702179176755,0.09386281588447654,0.38267148014440433,6266,0.570752207681669,0.6862432173635493,3.4417491222470478,0.3744813278008297,15.16,15.08,13.92,14.48,0,7,3
800,1205741177,3,15,17,14,15,2722,0.7550167224080268,0.24414715719063546,0.8381201044386423,0.1612271540469974,396,0.9183501683501686,0.15404040404040403,7.027777777777778,0.4438131313131313,3370,0.8879694462126034,0.022915340547422024,0.9601108033240997,0.007202216066481994,5563,0.7196956078854341,0.22991191802984,3.568218587093295,0.36828150278626626,1929,0.0423728813559322,0.6670702179176755,0.09467989179440937,0.3823264201983769,6274,0.5705822973116573,0.6860057379662098,3.4418233981511,0.37448198916161923,15.18,15.1,13.92,14.48,-2,1,0
801,1205741178,3,15,16,15,15,2726,0.7554257095158597,0.24373956594323873,0.8383311603650587,0.16101694915254236,396,0.9183501683501686,0.15404040404040403,7.027777777777778,0.4438131313131313,3373,0.8881118881118881,0.02288620470438652,0.9601328903654485,0.007198228128460687,5570,0.7198683423099945,0.2296229802513465,3.5676840215439856,0.3681777378815079,1932,0.042270531400966184,0.6678743961352657,0.0945945945945946,0.38288288288288286,6283,0.5704546660300289,0.685978035970078,3.4408721948113956,0.3745822059525703,15.16,15.1,13.94,14.5,-1,0,0
802,1205741179,3,17,14,16,12,2731,0.755,0.24416666666666667,0.8386467143786597,0.16070266753415746,397,0.9185558354324099,0.15365239294710328,7.027707808564232,0.4433249370277078,3382,0.8883956880152187,0.022828154724159798,0.9602429596907786,0.00717835450027609,5573,0.7199294216161259,0.2294993719720079,3.5673784317243853,0.3681589808002869,1933,0.042270531400966184,0.6678743961352657,0.09450945094509451,0.38343834383438347,6289,0.5704669528806919,0.6858006042296072,3.440610589918906,0.37462235649546816,15.22,15.06,13.98,14.44,3,1,5
803,1205741180,3,15,16,12,16,2731,0.755,0.24416666666666667,0.8386467143786597,0.16070266753415746,398,0.9187604690117255,0.15326633165829145,7.027638190954774,0.4428391959798995,3385,0.8883956880152187,0.022828154724159798,0.960308710033076,0.007166482910694598,5581,0.7199725258316914,0.22934957892850744,3.56728184913098,0.3680344024368391,1933,0.042270531400966184,0.6678743961352657,0.09450945094509451,0.38343834383438347,6298,0.5705250344024566,0.6859320419180692,3.439980946332169,0.37460304858685284,15.18,15.04,13.9,14.48,-1,3,-1
804,1205741181,3,16,15,13,16,2737,0.7558139534883721,0.24335548172757476,0.8382066276803118,0.16114359974009096,398,0.9187604690117255,0.15326633165829145,7.027638190954774,0.4428391959798995,3390,0.8873417721518987,0.02341772151898734,0.960352422907489,0.007158590308370044,5586,0.7200441580140834,0.22914428929466524,3.566953097028285,0.368018259935553,1934,0.042270531400966184,0.6678743961352657,0.09442446043165467,0.3839928057553957,6307,0.5702658421859318,0.6862216584747106,3.4391945457428252,0.37458379578246376,15.2,15.04,13.86,14.54,1,3,0
805,1205741182,3,18,15,14,15,2739,0.7545605306799337,0.24461028192371476,0.8382066276803118,0.16114359974009096,398,0.9187604690117255,0.15326633165829145,7.027638190954774,0.4428391959798995,3395,0.8874841972187105,0.02338811630847029,0.960417811984607,0.007146783947223749,5594,0.7201763794541777,0.22935287808366106,3.565784769395781,0.36802824454772953,1938,0.04216867469879518,0.6662650602409639,0.09425493716337523,0.38330341113105926,6315,0.570414357350225,0.6861441013460016,3.4394299287410925,0.37474267616785417,15.28,15.06,13.9,14.54,3,4,3
806,1205741183,3,17,17,13,15,2743,0.7533112582781457,0.2458609271523179,0.8384166125892277,0.1609344581440623,399,0.9189640768588139,0.15288220551378445,7.027568922305765,0.4423558897243108,3401,0.8878386893509767,0.023314429741650915,0.9604395604395605,0.007142857142857143,5600,0.7201190476190482,0.2292857142857143,3.565714285714286,0.3679761904761903,1938,0.04216867469879518,0.6662650602409639,0.09425493716337523,0.38330341113105926,6325,0.5702239789196318,0.6863241106719368,3.438735177865613,0.37478260869565205,15.4,15.08,13.98,14.52,0,4,2
807,1205741184,3,17,18,14,16,2748,0.7537190082644628,0.24545454545454545,0.8387305699481865,0.16062176165803108,399,0.9189640768588139,0.15288220551378445,7.027568922305765,0.4423558897243108,3406,0.8879798615481435,0.02328508495909377,0.9605046626439934,0.007131102578167855,5607,0.719844242316153,0.22917781344747637,3.565186374175138,0.3680964270851909,1940,0.042067307692307696,0.6658653846153846,0.09425493716337523,0.38330341113105926,6331,0.5700784499552475,0.6863054809666719,3.4383193808245145,0.37486179118622637,15.5,15.2,14.04,14.58,-1,3,1
808,1205741185,3,18,14,14,14,2756,0.754328112118714,0.2448474855729596,0.8392511297611362,0.16010329244673982,399,0.9189640768588139,0.15288220551378445,7.027568922305765,0.4423558897243108,3409,0.8880503144654088,0.023270440251572325,0.9605479452054795,0.007123287671232876,5613,0.7201437139972688,0.22893283449135934,3.5649385355424905,0.36805926717738563,1943,0.04196642685851319,0.6666666666666666,0.09417040358744394,0.38385650224215245,6336,0.5702598905723913,0.6865530303030303,3.437973484848485,0.37480271464646453,15.56,15.24,14.02,14.54,4,4,4
809,1205741186,3,15,16,16,14,2760,0.7532894736842105,0.24588815789473684,0.8393548387096774,0.16,399,0.9189640768588139,0.15288220551378445,7.027568922305765,0.4423558897243108,3413,0.8881909547738693,0.023241206030150754,0.9605911330049262,0.0071154898741105635,5621,0.7198303979125902,0.22896281800391388,3.564312399928838,0.3680246693945322,1945,0.04196642685851319,0.6666666666666666,0.09400179051029543,0.38495971351835273,6345,0.5703178355660633,0.6865248226950355,3.438140267927502,0.37482269503546084,15.54,15.24,14.06,14.5,-1,-1,1
810,1205741187,3,16,17,17,17,2762,0.7534921939194741,0.2456861133935908,0.839458413926499,0.15989684074790458,400,0.9191666666666669,0.1525,7.0275,0.4425,3417,0.8882611424984307,0.02322661644695543,0.9606557377049181,0.007103825136612022,5627,0.7197737100882654,0.22871867780344765,3.563888395237249,0.36798767845506763,1946,0.04196642685851319,0.6666666666666666,0.09391771019677997,0.38461538461538464,6355,0.570469446629951,0.6865460267505901,3.4366640440597953,0.37495410437975335,15.6,15.3,14.1,14.54,-1,-1,-1
811,1205741188,3,15,16,14,15,2765,0.7534921939194741,0.2456861133935908,0.8397683397683398,0.15958815958815958,401,0.9181213632585206,0.15211970074812967,7.027431421446384,0.442643391521197,3422,0.8884012539184953,0.023197492163009405,0.9607201309328969,0.0070921985815602835,5632,0.7200224905303035,0.228515625,3.5640980113636362,0.3679273200757574,1948,0.041916167664670656,0.667065868263473,0.0938337801608579,0.38427167113494193,6364,0.5706054892101412,0.6865179132620993,3.4384035197988685,0.3748952440812905,15.56,15.3,14.04,14.56,-1,1,0
812,1205741189,3,17,17,13,15,2768,0.7536945812807881,0.24548440065681446,0.8393316195372751,0.16002570694087404,401,0.9181213632585206,0.15211970074812967,7.027431421446384,0.442643391521197,3426,0.8885410144020037,0.023168440826549782,0.9607629427792915,0.007084468664850136,5638,0.72005439281069,0.22844980489535296,3.5631429584959204,0.36802353080288497,1948,0.041916167664670656,0.667065868263473,0.0938337801608579,0.38427167113494193,6372,0.5705691567273496,0.6865976145637163,3.4380100439422474,0.3750130780498011,15.64,15.38,14.08,14.6,0,4,2
813,1205741190,3,15,15,16,16,2770,0.7538966365873667,0.24528301886792453,0.8394348105330764,0.1599229287090559,401,0.9181213632585206,0.15211970074812967,7.027431421446384,0.442643391521197,3430,0.8885410144020037,0.023168440826549782,0.9608482871125612,0.0070690592713431215,5645,0.7200472394449371,0.22869796279893712,3.5635075287865368,0.3680986123413048,1950,0.041866028708133975,0.6674641148325359,0.09375,0.38392857142857145,6379,0.5704133354235259,0.6866279981188274,3.4378429220881017,0.3749542770549197,15.64,15.38,14.12,14.64,0,-1,-1
814,1205741191,3,15,16,15,15,2773,0.7542997542997543,0.24488124488124488,0.8395378690629012,0.15982028241335045,401,0.9181213632585206,0.15211970074812967,7.027431421446384,0.442643391521197,3432,0.8885410144020037,0.023168440826549782,0.9608908202064096,0.007061379684953829,5653,0.7200011793148187,0.2285512117459756,3.5635945515655405,0.36797570611474717,1952,0.041766109785202864,0.6682577565632458,0.09375,0.38392857142857145,6390,0.5701356285863336,0.686697965571205,3.437871674491393,0.374921752738654,15.66,15.42,14.12,14.6,-1,0,0
815,1205741192,3,16,17,15,15,2776,0.7538838920686836,0.24529844644317253,0.8396407953816549,0.1597177677998717,401,0.9181213632585206,0.15211970074812967,7.027431421446384,0.442643391521197,3435,0.8886804252657912,0.023139462163852407,0.9609120521172638,0.007057546145494028,5661,0.719601954896073,0.22858152269916976,3.5626214449743863,0.36811811811811795,1952,0.041766109785202864,0.6682577565632458,0.09375,0.38392857142857145,6399,0.5703495337813208,0.686826066572902,3.437880918893577,0.3747851226754179,15.62,15.42,14.12,14.56,-1,1,1
816,1205741193,3,14,14,14,18,2779,0.7536704730831973,0.24551386623164764,0.8396407953816549,0.1597177677998717,401,0.9181213632585206,0.15211970074812967,7.027431421446384,0.442643391521197,3436,0.888125,0.023125,0.9609120521172638,0.007057546145494028,5670,0.719253380364492,0.22874779541446208,3.563668430335097,0.36801881246325674,1953,0.041766109785202864,0.6682577565632458,0.0936663693131133,0.38447814451382695,6412,0.5700769390725732,0.6866812227074236,3.4391765439800372,0.37480505302557693,15.58,15.4,14.12,14.64,0,0,-4
817,1205741194,3,15,15,14,15,2783,0.7538712306438468,0.24531377343113284,0.8399487836107554,0.15941101152368758,402,0.91832504145937,0.1517412935323383,7.027363184079602,0.4427860696517413,3440,0.8881948782011243,0.0231105559025609,0.9604336043360434,0.007046070460704607,5678,0.7193847598919813,0.2286016202888341,3.563050369848538,0.3680286485851824,1955,0.04290822407628129,0.6674612634088201,0.09358288770053476,0.3850267379679144,6418,0.5702061909213678,0.6866625116858834,3.4393892178248677,0.3748441882206293,15.6,15.44,14.14,14.7,0,1,0
818,1205741195,3,17,17,14,14,2785,0.753257328990228,0.24592833876221498,0.8400511836212412,0.15930902111324377,402,0.91832504145937,0.1517412935323383,7.027363184079602,0.4427860696517413,3441,0.8881948782011243,0.0231105559025609,0.9604550379198267,0.007042253521126761,5683,0.7194556865505314,0.22840049269751891,3.562379025162766,0.368012786673705,1957,0.04290822407628129,0.6674612634088201,0.09341637010676157,0.38434163701067614,6428,0.5701488280439752,0.6866832607342875,3.4397946484131925,0.3749222153080272,15.62,15.48,14.18,14.7,0,3,3
819,1205741196,3,17,16,16,14,2790,0.7528455284552845,0.24634146341463414,0.8403575989782887,0.15900383141762453,403,0.9185277088502897,0.1513647642679901,7.027295285359801,0.44292803970223327,3447,0.8884735202492212,0.023052959501557634,0.9604978354978355,0.007034632034632035,5690,0.7198008201523145,0.2281195079086116,3.5618629173989453,0.3679554774458112,1959,0.04290822407628129,0.6674612634088201,0.0941385435168739,0.3836589698046181,6433,0.5703274781076749,0.6869267837711799,3.4400746152650394,0.3749028447069795,15.64,15.48,14.18,14.7,1,1,3
820,1205741197,3,15,18,14,13,2794,0.7528455284552845,0.24634146341463414,0.8401273885350319,0.1592356687898089,403,0.9185277088502897,0.1513647642679901,7.027295285359801,0.44292803970223327,3451,0.8886123210952085,0.023024268823895456,0.9605405405405405,0.007027027027027027,5698,0.7200772200772205,0.22797472797472798,3.561249561249561,0.3678776178776177,1962,0.04280618311533888,0.6682520808561236,0.0940550133096717,0.3842058562555457,6440,0.5703027950310569,0.687111801242236,3.4408385093167704,0.37492236024844705,15.58,15.58,14.22,14.68,-3,1,2
821,1205741198,3,13,13,13,16,2795,0.7528455284552845,0.24634146341463414,0.8402291534054742,0.15913430935709738,404,0.918729372937294,0.15099009900990099,7.0272277227722775,0.4436881188118812,3456,0.8887507768800498,0.022995649471721565,0.960604425256341,0.007015650296815974,5707,0.7197301559488353,0.22849132644121253,3.5614158051515683,0.36795455872904603,1966,0.04275534441805225,0.667458432304038,0.09469026548672567,0.38495575221238937,6449,0.5700496200961398,0.686928205923399,3.440843541634362,0.3749030857497285,15.46,15.52,14.18,14.68,0,0,-3
822,1205741199,3,16,17,15,14,2797,0.7530463038180342,0.24614134849715677,0.8403307888040712,0.15903307888040713,404,0.918729372937294,0.15099009900990099,7.0272277227722775,0.4436881188118812,3457,0.8887507768800498,0.022995649471721565,0.9606256742179072,0.007011866235167206,5715,0.7198600174978133,0.2285214348206474,3.562029746281715,0.3678769320501602,1966,0.04275534441805225,0.667458432304038,0.09469026548672567,0.38495575221238937,6458,0.570106844224219,0.6870548157324249,3.4413131000309694,0.3748451532982346,15.44,15.58,14.2,14.68,-1,1,2
823,1205741200,3,15,16,12,15,2797,0.7530463038180342,0.24614134849715677,0.8403307888040712,0.15903307888040713,405,0.9189300411522635,0.1506172839506173,7.027160493827161,0.44320987654320987,3461,0.8889578163771712,0.02295285359801489,0.9606469002695418,0.007008086253369272,5723,0.7196400489253892,0.22855145902498689,3.5617683033374106,0.36801793930921994,1968,0.04383886255924171,0.6670616113744076,0.09469026548672567,0.38495575221238937,6466,0.5700201051654818,0.68697803897309,3.439993813795237,0.3747293535416021,15.4,15.66,14.14,14.72,-1,3,0
824,1205741201,3,15,16,13,13,2801,0.7532467532467533,0.24594155844155843,0.84,0.15936507936507938,405,0.9189300411522635,0.1506172839506173,7.027160493827161,0.44320987654320987,3463,0.889026658400496,0.022938623682579044,0.9606681034482759,0.007004310344827586,5732,0.7199930216329383,0.22819260293091417,3.5633286810886253,0.36791986508490326,1973,0.04378698224852071,0.6674556213017752,0.09611992945326278,0.3835978835978836,6472,0.5698006798516696,0.6869592088998764,3.439585908529048,0.3747296044499381,15.4,15.68,14.1,14.7,-1,2,2
825,1205741202,3,14,16,15,14,2804,0.7532467532467533,0.24594155844155843,0.8403041825095057,0.1590621039290241,405,0.9189300411522635,0.1506172839506173,7.027160493827161,0.44320987654320987,3465,0.88909541511772,0.02292441140024783,0.9606892837910609,0.007000538502961767,5742,0.719929176825729,0.22796934865900384,3.5625217694183213,0.3680192731916868,1977,0.043683589138134596,0.667060212514758,0.09595070422535211,0.38380281690140844,6479,0.5698281627823233,0.6871430776354376,3.4388022843031334,0.3748263620929154,15.44,15.7,14.14,14.7,-2,-1,0
826,1205741203,3,18,13,15,14,2805,0.7526358475263585,0.24655312246553124,0.8403041825095057,0.1590621039290241,406,0.919129720853859,0.15024630541871922,7.027093596059113,0.4433497536945813,3473,0.8894379246448425,0.02285361334156887,0.960752688172043,0.006989247311827957,5747,0.7199118380604378,0.2279450147903254,3.562206368540108,0.36800359607911354,1978,0.043683589138134596,0.667060212514758,0.09586631486367635,0.3843447669305189,6488,0.5700395602137288,0.687422934648582,3.438501849568434,0.37469173859432786,15.5,15.66,14.2,14.7,5,3,4
827,1205741204,3,14,14,17,16,2806,0.752836304700162,0.24635332252836303,0.8403041825095057,0.1590621039290241,407,0.9193284193284195,0.14987714987714987,7.027027027027027,0.44348894348894347,3474,0.8895061728395062,0.022839506172839506,0.960752688172043,0.006989247311827957,5756,0.720176048181608,0.22810979847116053,3.564280750521195,0.3678190873291636,1979,0.043683589138134596,0.667060212514758,0.09578207381370826,0.38400702987697716,6499,0.569690208750065,0.6870287736574857,3.4392983535928603,0.3747884289890751,15.46,15.62,14.22,14.76,0,-3,-2
828,1205741205,3,16,19,12,16,2811,0.7530364372469636,0.24615384615384617,0.8407079646017699,0.1586599241466498,408,0.9195261437908498,0.14950980392156862,7.026960784313726,0.4430147058823529,3479,0.8896424167694205,0.02281134401972873,0.9608158883521203,0.006977992485238862,5762,0.7204095800069426,0.2280458174245054,3.563346060395696,0.36782656485016757,1982,0.043580683156654886,0.6666666666666666,0.09569798068481124,0.38366988586479367,6504,0.5698288232882338,0.6869618696186962,3.4388068880688807,0.37480781057810564,15.48,15.72,14.18,14.78,-3,4,0
829,1205741206,3,18,15,12,14,2815,0.7534357316087308,0.24575586095392077,0.8409090909090909,0.15845959595959597,408,0.9195261437908498,0.14950980392156862,7.026960784313726,0.4430147058823529,3486,0.8899138991389914,0.022755227552275523,0.9608788853161844,0.006966773847802787,5768,0.7203536754507633,0.22798196948682387,3.5634535367545075,0.36792071197410986,1984,0.04352941176470588,0.6670588235294118,0.0956140350877193,0.38333333333333336,6512,0.5698966011466021,0.6868857493857494,3.4382678132678133,0.37488482800982786,15.54,15.68,14.12,14.74,3,6,4
830,1205741207,3,14,17,15,17,2817,0.7536348949919225,0.2455573505654281,0.8410094637223975,0.1583596214511041,408,0.9195261437908498,0.14950980392156862,7.026960784313726,0.4430147058823529,3488,0.8893669330055316,0.022741241548862937,0.9608998393144081,0.006963042313872523,5777,0.7200680860885124,0.22797299636489526,3.5636143326986325,0.36792452830188666,1987,0.04342723004694836,0.6678403755868545,0.09553023663453111,0.38299737072743206,6520,0.570040899795502,0.6871165644171779,3.438650306748466,0.3747699386503066,15.54,15.72,14.14,14.78,-3,-1,-3
831,1205741208,3,12,14,15,14,2822,0.7518130539887188,0.24738114423851731,0.8412098298676749,0.1581600504095778,408,0.9195261437908498,0.14950980392156862,7.026960784313726,0.4430147058823529,3493,0.8895027624309392,0.022713321055862493,0.9609625668449198,0.006951871657754011,5785,0.7202823393834634,0.22800345721694038,3.563353500432152,0.3678046672428693,1991,0.04332552693208431,0.667447306791569,0.09536307961504811,0.38320209973753283,6527,0.5700423880292129,0.6869924927225372,3.4389459169603187,0.37478933660180774,15.52,15.74,14.18,14.8,-2,-3,-2
832,1205741209,3,15,17,11,13,2828,0.7520128824476651,0.2471819645732689,0.8417085427135679,0.15766331658291458,408,0.9195261437908498,0.14950980392156862,7.026960784313726,0.4430147058823529,3498,0.8897734231475811,0.0226576852418861,0.9609834313201496,0.00694815606627472,5788,0.7204273208938037,0.2278852798894264,3.5632342778161714,0.36778680027643385,1994,0.04322429906542056,0.6682242990654206,0.09527972027972027,0.38374125874125875,6536,0.5698694410444726,0.6871175030599755,3.4386474908200735,0.37484700122399006,15.46,15.72,14.08,14.78,-2,4,2
833,1205741210,3,13,12,16,11,2830,0.7514078841512469,0.24778761061946902,0.8418079096045198,0.15756434400502198,408,0.9195261437908498,0.14950980392156862,7.026960784313726,0.4430147058823529,3501,0.8899082568807339,0.022629969418960245,0.9610042735042735,0.006944444444444444,5796,0.720381872555786,0.2279158040027605,3.5628019323671496,0.36775362318840565,1997,0.043173862310385065,0.6674445740956826,0.09598603839441536,0.38394415357766143,6544,0.5697585574572137,0.6873471882640587,3.438111246943765,0.37488539119804387,15.42,15.66,14.24,14.7,1,-3,2
834,1205741211,3,17,17,17,14,2835,0.7518072289156627,0.24738955823293174,0.8421052631578947,0.15726817042606517,408,0.9195261437908498,0.14950980392156862,7.026960784313726,0.4430147058823529,3503,0.8899082568807339,0.022629969418960245,0.9610458911419424,0.006937033084311633,5804,0.7205949919595686,0.22794624396967608,3.5623707787732597,0.3677636113025498,1998,0.04312354312354312,0.6678321678321678,0.09598603839441536,0.38394415357766143,6552,0.569520757020758,0.6874236874236874,3.437271062271062,0.37488553113553097,15.46,15.72,14.28,14.7,0,0,3
835,1205741212,3,17,15,17,17,2839,0.7524038461538461,0.2467948717948718,0.8422041327489042,0.15716969317470256,408,0.9195261437908498,0.14950980392156862,7.026960784313726,0.4430147058823529,3508,0.8899755501222494,0.022616136919315404,0.9611288604898829,0.006922257720979766,5812,0.720778848359716,0.22797660013764626,3.5631452167928424,0.3678739389768294,2000,0.04307334109429569,0.6682188591385332,0.0959023539668701,0.38448125544899736,6560,0.5694359756097571,0.6873475609756098,3.43734756097561,0.3748475609756096,15.5,15.68,14.4,14.72,2,0,0
836,1205741213,3,14,14,14,12,2844,0.752,0.2472,0.841875,0.1575,408,0.9195261437908498,0.14950980392156862,7.026960784313726,0.4430147058823529,3513,0.8901098901098901,0.022588522588522588,0.961190855927698,0.006911217437533227,5819,0.7207710374061984,0.22787420518989518,3.563670733803059,0.36790399266769763,2001,0.04302325581395349,0.6674418604651163,0.0959023539668701,0.38448125544899736,6568,0.5694275274056039,0.6874238733252132,3.4363580998781975,0.37477161997563935,15.46,15.7,14.38,14.68,0,0,2
837,1205741214,3,14,13,17,12,2846,0.752,0.2472,0.8414481897627965,0.15792759051186017,409,0.9172779136104321,0.15158924205378974,7.026894865525672,0.44254278728606355,3517,0.8901769371568029,0.022574740695546065,0.9612526539278131,0.006900212314225053,5826,0.7208490673990162,0.22794370065224853,3.5640233436319946,0.3678910630506922,2003,0.0429732868757259,0.667828106852497,0.09668989547038327,0.38414634146341464,6577,0.569307181592419,0.6870913790481983,3.436217120267599,0.3747909381176827,15.46,15.64,14.42,14.66,1,-3,2
838,1205741215,3,18,15,12,14,2849,0.7523961661341853,0.24680511182108625,0.8409232688708671,0.1584529008109794,410,0.9174796747967482,0.15121951219512195,7.0268292682926825,0.4426829268292683,3525,0.8904443091905052,0.02251978088861838,0.9613347457627118,0.006885593220338983,5831,0.720831189618705,0.22809123649459784,3.5631967072543302,0.3678757217172582,2005,0.042923433874709975,0.6682134570765661,0.09747606614447346,0.3838120104438642,6583,0.5693959187806987,0.6869208567522406,3.4364271608689045,0.37471517545192146,15.54,15.64,14.38,14.66,3,6,4
839,1205741216,3,15,15,13,16,2852,0.7523961661341853,0.24680511182108625,0.8412204234122043,0.1581569115815691,410,0.9174796747967482,0.15121951219512195,7.0268292682926825,0.4426829268292683,3529,0.8905775075987842,0.022492401215805473,0.9613756613756613,0.0068783068783068784,5837,0.7209753868996635,0.22785677574096283,3.562617783107761,0.36796870538518633,2008,0.042923433874709975,0.6682134570765661,0.09722222222222222,0.3836805555555556,6591,0.5695645577302392,0.6869974207252314,3.436049157942649,0.37475345167652846,15.54,15.64,14.34,14.68,0,2,-1
840,1205741217,3,18,16,14,16,2856,0.7525937749401437,0.24660814046288906,0.8408949658172779,0.15848353014294592,411,0.9176804541768048,0.15085158150851583,7.02676399026764,0.44282238442822386,3534,0.8908429351121893,0.022437841115827774,0.9613960867265997,0.006874669487043892,5842,0.7208433184982316,0.22783293392673742,3.562649777473468,0.367996120050211,2010,0.04287369640787949,0.6685979142526072,0.09800520381613183,0.383347788378144,6599,0.5698590695559943,0.6873768752841339,3.436126685861494,0.37464009698439144,15.62,15.64,14.34,14.7,2,4,2
841,1205741218,3,16,16,13,13,2857,0.7527910685805422,0.24641148325358853,0.8408949658172779,0.15848353014294592,411,0.9176804541768048,0.15085158150851583,7.02676399026764,0.44282238442822386,3540,0.8909090909090909,0.022424242424242423,0.9614978902953587,0.006856540084388186,5848,0.7207022343821253,0.22777017783857728,3.5629274965800275,0.3680460556315548,2011,0.04287369640787949,0.6685979142526072,0.09792027729636049,0.38388214904679374,6608,0.5696630347054086,0.6873486682808717,3.436138014527845,0.3746595036319611,15.68,15.7,14.3,14.66,0,3,3
842,1205741219,3,16,16,13,14,2863,0.7531847133757962,0.24601910828025478,0.8412895226286423,0.15809051456912585,411,0.9176804541768048,0.15085158150851583,7.02676399026764,0.44282238442822386,3542,0.8909090909090909,0.022424242424242423,0.9615384615384616,0.00684931506849315,5858,0.7209229543644023,0.22738135882553773,3.562478661659269,0.3680579264823033,2014,0.04282407407407408,0.6678240740740741,0.0986159169550173,0.38321799307958476,6613,0.5696859720752064,0.6874338424315741,3.4359594737637984,0.3746030545894449,15.68,15.66,14.28,14.62,0,3,2
843,1205741220,3,15,15,13,15,2864,0.7531847133757962,0.24601910828025478,0.8413878562577447,0.1579925650557621,412,0.9178802588996765,0.15048543689320387,7.026699029126213,0.4429611650485437,3546,0.8910411622276029,0.022397094430992737,0.9610526315789474,0.006842105263157895,5865,0.7205171923842003,0.22762148337595908,3.561466325660699,0.36821540210287,2017,0.042725173210161664,0.6674364896073903,0.09853068280034573,0.3837510803802939,6621,0.5695765997080008,0.6878115088355233,3.4360368524392086,0.3746412928560639,15.7,15.66,14.26,14.62,0,2,0
844,1205741221,3,14,16,15,16,2865,0.7531847133757962,0.24601910828025478,0.8414860681114551,0.15789473684210525,413,0.9180790960451979,0.15012106537530268,7.026634382566586,0.4424939467312349,3554,0.8906344410876132,0.022356495468277945,0.9611548556430446,0.0068241469816272965,5873,0.7201316760315571,0.22782223735739826,3.5596798910267324,0.3681820761677733,2020,0.04262672811059908,0.6658986175115207,0.09844559585492228,0.3842832469775475,6627,0.5696645037975967,0.6877923645691867,3.4357929681605555,0.3745661687037874,15.68,15.66,14.22,14.68,-2,-1,-2
845,1205741222,3,15,15,14,15,2868,0.7533810660302307,0.2458233890214797,0.8410636982065554,0.1583178726035869,414,0.9182769726247989,0.1497584541062802,7.026570048309178,0.4420289855072464,3559,0.8908981314044605,0.02230259192284509,0.9611752360965372,0.006820566631689402,5880,0.7199546485260774,0.22772108843537414,3.5585034013605443,0.36812641723356,2025,0.04243119266055046,0.6674311926605505,0.09836065573770492,0.38481449525452976,6633,0.5696768681843318,0.6876224935926428,3.43630333182572,0.37456656113372516,15.64,15.66,14.22,14.7,0,1,0
846,1205741223,3,15,15,12,12,2869,0.7533810660302307,0.2458233890214797,0.8411619283065513,0.15822002472187885,416,0.918669871794872,0.14903846153846154,7.0264423076923075,0.4411057692307692,3560,0.8909638554216868,0.022289156626506025,0.9611752360965372,0.006820566631689402,5887,0.719608176207463,0.22762018005775436,3.5610667572617634,0.36815582356604937,2025,0.04243119266055046,0.6674311926605505,0.09836065573770492,0.38481449525452976,6645,0.5693002257336354,0.6872836719337848,3.4391271632806624,0.37468021068472523,15.62,15.64,14.18,14.7,0,3,3
847,1205741224,3,13,14,12,14,2874,0.753968253968254,0.24523809523809523,0.8407407407407408,0.15864197530864196,416,0.918669871794872,0.14903846153846154,7.0264423076923075,0.4411057692307692,3564,0.8911605532170775,0.022248947684906796,0.9611955951756685,0.0068169900367068695,5891,0.7197136875459743,0.227635375997284,3.561364793753183,0.3682029083913313,2028,0.042382588774341354,0.6678121420389461,0.09819121447028424,0.3850129198966408,6657,0.5692253767963558,0.687096289619949,3.4381853687847377,0.3746056782334383,15.54,15.6,14.14,14.66,-1,1,-1
848,1205741225,3,17,16,15,16,2879,0.7535657686212361,0.24564183835182252,0.8404189772027111,0.1589648798521257,416,0.918669871794872,0.14903846153846154,7.0264423076923075,0.4411057692307692,3571,0.8913565426170468,0.02220888355342137,0.9607535321821036,0.007326007326007326,5895,0.7198190556969185,0.22782018659881256,3.561153519932146,0.3682499293186315,2031,0.04342857142857143,0.6662857142857143,0.0981067125645439,0.3846815834767642,6663,0.5693131222172205,0.6870778928410626,3.4380909500225125,0.37456851268197494,15.62,15.64,14.14,14.68,1,2,1
849,1205741226,3,16,15,14,14,2881,0.7535657686212361,0.24564183835182252,0.8406153846153847,0.15876923076923077,416,0.918669871794872,0.14903846153846154,7.0264423076923075,0.4411057692307692,3576,0.8914868105515588,0.022182254196642687,0.9608150470219435,0.0073145245559038665,5900,0.7198870056497177,0.22779661016949151,3.5606779661016947,0.3681497175141242,2032,0.04337899543378995,0.6666666666666666,0.0981067125645439,0.3846815834767642,6673,0.568834607123234,0.6866476846995354,3.437584294919826,0.37460662370747777,15.56,15.56,14.18,14.64,1,2,2
850,1205741227,3,17,16,15,12,2886,0.7539556962025317,0.24525316455696203,0.8409090909090909,0.15847665847665848,417,0.9176658673061553,0.1510791366906475,7.026378896882494,0.4412470023980815,3583,0.8910179640718563,0.02215568862275449,0.9609171443460135,0.007295466388744137,5904,0.7199074074074077,0.2279810298102981,3.559789972899729,0.368069670280036,2032,0.04337899543378995,0.6666666666666666,0.0981067125645439,0.3846815834767642,6681,0.5688020755375952,0.6862745098039216,3.437209998503218,0.37475677293818277,15.6,15.54,14.2,14.58,1,2,5
851,1205741228,3,12,12,15,14,2889,0.7535545023696683,0.2456556082148499,0.8410067526089625,0.15837937384898712,417,0.9176658673061553,0.1510791366906475,7.026378896882494,0.4412470023980815,3585,0.891083183722322,0.022142429682824656,0.9604166666666667,0.0078125,5915,0.7198929275852355,0.22806424344885884,3.558748943364328,0.36810369118061415,2039,0.04323094425483504,0.6678043230944255,0.09948542024013722,0.3833619210977702,6687,0.5686655700114661,0.6862569164049649,3.4381636010168983,0.3747569911769103,15.54,15.46,14.2,14.56,0,-3,-2
852,1205741229,3,14,14,14,16,2892,0.7537490134175217,0.24546172059984214,0.8412017167381974,0.15818516247700798,417,0.9176658673061553,0.1510791366906475,7.026378896882494,0.4412470023980815,3590,0.891213389121339,0.02211595935445308,0.9604784191367655,0.0078003120124804995,5919,0.720082221095906,0.22807906741003547,3.559722926169961,0.368023877907304,2041,0.04318181818181818,0.6681818181818182,0.09940017137960583,0.3838903170522708,6695,0.5688075678366951,0.686034353995519,3.438386855862584,0.37475728155339794,15.48,15.46,14.16,14.64,0,0,-2
853,1205741230,3,14,15,11,12,2899,0.7535433070866142,0.24566929133858267,0.8409785932721713,0.1584097859327217,417,0.9176658673061553,0.1510791366906475,7.026378896882494,0.4412470023980815,3591,0.8912783751493429,0.022102747909199524,0.9604784191367655,0.0078003120124804995,5928,0.7199448942869998,0.22790148448043185,3.5595479082321186,0.3680555555555554,2044,0.04318181818181818,0.6681818181818182,0.09914529914529914,0.38461538461538464,6701,0.5688205740436761,0.6861662438442023,3.4384420235785704,0.37475749888076393,15.46,15.44,14.14,14.56,-1,3,2
854,1205741231,3,16,12,14,12,2903,0.7537372147915028,0.24547600314712825,0.8412698412698413,0.1581196581196581,417,0.9176658673061553,0.1510791366906475,7.026378896882494,0.4412470023980815,3595,0.8914728682170543,0.022063208109719738,0.9604989604989606,0.007796257796257797,5934,0.7195539826985734,0.22800808897876643,3.560330299966296,0.3680204471407706,2045,0.043132803632236094,0.6685584562996595,0.09914529914529914,0.38461538461538464,6712,0.5684843067143436,0.6860846245530393,3.4383194278903457,0.37477651966626924,15.46,15.38,14.16,14.48,4,2,4
855,1205741232,3,16,13,14,14,2908,0.7541241162608012,0.24509033778476041,0.8409506398537477,0.15843997562461914,417,0.9176658673061553,0.1510791366906475,7.026378896882494,0.4412470023980815,3601,0.8910714285714286,0.022023809523809525,0.9605604566683965,0.007784120394395433,5938,0.719574491972606,0.22802290333445605,3.5606264735601214,0.3679409453239024,2046,0.043132803632236094,0.6685584562996595,0.0990606319385141,0.3842869342442357,6720,0.568328373015874,0.6860119047619048,3.4385416666666666,0.37470238095238084,15.42,15.34,14.16,14.46,3,2,2
856,1205741233,3,18,18,16,14,2911,0.7545098039215686,0.2447058823529412,0.841047503045067,0.15834348355663824,418,0.9178628389154707,0.1507177033492823,7.026315789473684,0.4407894736842105,3607,0.891136228435455,0.022010707911957167,0.9606625258799172,0.007763975155279503,5944,0.7197313817855543,0.22812920592193808,3.560228802153432,0.3681163077613278,2047,0.043132803632236094,0.6685584562996595,0.09982935153583618,0.3839590443686007,6726,0.56834175835068,0.6856972940826643,3.4381504608980076,0.37477698483496863,15.44,15.36,14.22,14.44,0,2,4
857,1205741234,3,12,16,11,14,2914,0.7547021943573667,0.2445141065830721,0.8412408759124088,0.15815085158150852,420,0.9158730158730161,0.1523809523809524,7.030952380952381,0.4398809523809524,3607,0.891136228435455,0.022010707911957167,0.9606625258799172,0.007763975155279503,5955,0.7198012874335294,0.22804366078925273,3.564735516372796,0.3682339770500978,2056,0.044167610419026046,0.6670441676104191,0.09923664122137404,0.3825275657336726,6727,0.5682572716911958,0.6857440166493236,3.437936673108369,0.37479559982161426,15.34,15.32,14.16,14.4,-4,1,-2
858,1205741235,3,14,14,17,10,2918,0.75390625,0.2453125,0.8412408759124088,0.15815085158150852,421,0.9160728424386383,0.15201900237529692,7.0308788598574825,0.44002375296912116,3611,0.8906714200831848,0.0225787284610814,0.9607032057911065,0.0077559462254395035,5960,0.7195329977628637,0.2278523489932886,3.5635906040268455,0.3681767337807605,2058,0.044167610419026046,0.6670441676104191,0.09906858594411516,0.3827265029635902,6736,0.568462984956454,0.6858669833729216,3.437203087885986,0.37466597387173384,15.26,15.32,14.22,14.32,0,-3,4
859,1205741236,3,16,15,17,12,2920,0.7540983606557377,0.24512099921935987,0.8407294832826747,0.15866261398176293,424,0.9166666666666669,0.1509433962264151,7.03066037735849,0.43985849056603776,3615,0.8907363420427553,0.022565320665083134,0.9602478058853898,0.007743933918430563,5967,0.7197782246801857,0.22792022792022792,3.5664488017429194,0.3682894810345789,2062,0.04411764705882353,0.667420814479638,0.09881756756756757,0.38175675675675674,6742,0.5685503806981124,0.6857015722337585,3.4374072975378227,0.37462919015129026,15.28,15.3,14.24,14.28,1,-1,4
860,1205741237,3,14,13,11,14,2924,0.7538940809968847,0.24532710280373832,0.8402187120291617,0.1591737545565006,424,0.9166666666666669,0.1509433962264151,7.03066037735849,0.43985849056603776,3615,0.8907363420427553,0.022565320665083134,0.9602478058853898,0.007743933918430563,5978,0.7201823352291737,0.22783539645366344,3.5652392104382735,0.3683227389316381,2066,0.04411764705882353,0.667420814479638,0.09932659932659933,0.3813131313131313,6748,0.5686376210235142,0.6858328393598103,3.4374629519857733,0.3746295198577355,15.24,15.22,14.12,14.22,1,3,0
861,1205741238,3,16,14,14,15,2927,0.7538940809968847,0.24532710280373832,0.8405093996361431,0.15888417222559126,424,0.9166666666666669,0.1509433962264151,7.03066037735849,0.43985849056603776,3618,0.8908011869436202,0.022551928783382788,0.9602888086642599,0.007735946364105209,5982,0.7202022734871282,0.22785021731862254,3.5650284185891006,0.3682436197481332,2068,0.04401805869074492,0.6681715575620768,0.09932659932659933,0.3813131313131313,6758,0.5686100424188627,0.6860017756732761,3.437259544243859,0.374593074874223,15.26,15.18,14.12,14.22,2,2,1
862,1205741239,3,15,14,10,15,2932,0.7534992223950233,0.24572317262830481,0.8401937046004843,0.15920096852300242,424,0.9166666666666669,0.1509433962264151,7.03066037735849,0.43985849056603776,3620,0.8908011869436202,0.022551928783382788,0.9603297269448737,0.0077279752704791345,5994,0.7201229006784564,0.22822822822822822,3.5637303970637304,0.3683822711600488,2069,0.04401805869074492,0.6681715575620768,0.0992430613961312,0.3809924306139613,6763,0.5687071812312101,0.6860860564838089,3.437379861008428,0.3746118586426141,15.22,15.12,14.06,14.22,1,5,0
863,1205741240,3,15,16,16,14,2934,0.7534992223950233,0.24572317262830481,0.8403869407496977,0.15900846432889965,424,0.9166666666666669,0.1509433962264151,7.03066037735849,0.43985849056603776,3622,0.8908659549228944,0.022538552787663108,0.9603501544799176,0.007723995880535531,6001,0.7204493695495198,0.22829528411931344,3.5637393767705383,0.3683691606954395,2071,0.04401805869074492,0.6681715575620768,0.09907640638119228,0.382031905961377,6773,0.5688272060632915,0.6861065997342389,3.439539347408829,0.37446478665288635,15.22,15.14,14.06,14.18,-1,-1,1
864,1205741241,3,14,12,12,15,2936,0.7534992223950233,0.24572317262830481,0.8405797101449275,0.15881642512077296,424,0.9166666666666669,0.1509433962264151,7.03066037735849,0.43985849056603776,3625,0.8909952606635071,0.022511848341232227,0.9603705609881626,0.007720020586721565,6007,0.7202291770711949,0.22823372731812885,3.563509239220909,0.3682925475833748,2075,0.043869516310461196,0.6692913385826772,0.09899328859060402,0.3825503355704698,6784,0.5687893081761016,0.6863207547169812,3.4397110849056602,0.3745946344339621,15.2,15.06,14.0,14.18,2,2,-1
865,1205741242,3,13,15,14,15,2938,0.7536907536907537,0.24553224553224554,0.8406759203379601,0.1587205793602897,425,0.9156862745098041,0.15294117647058825,7.030588235294117,0.44,3629,0.8911886457717327,0.02247191011235955,0.9603909465020576,0.007716049382716049,6014,0.7203053985145773,0.22830063185899568,3.5650149650814766,0.368279569892473,2078,0.04377104377104377,0.6689113355780022,0.0989103101424979,0.38222967309304273,6793,0.5687717748662849,0.6862947151479464,3.440306197556308,0.37461357279552465,15.14,15.02,13.98,14.18,-2,-1,-2
866,1205741243,3,17,14,12,14,2941,0.7538819875776398,0.2453416149068323,0.840867992766727,0.15852923447860157,426,0.9158841940532083,0.15258215962441316,7.030516431924883,0.44072769953051644,3632,0.8913171884229178,0.02244536326048435,0.9604113110539846,0.007712082262210797,6020,0.7202519379844963,0.2282392026578073,3.5646179401993354,0.3682862679955702,2081,0.043721973094170405,0.6681614349775785,0.09874476987447699,0.3815899581589958,6801,0.5682497671911004,0.6862226143214233,3.438906043228937,0.3745772680488162,15.2,15.02,13.94,14.1,3,5,3
867,1205741244,3,18,16,17,14,2943,0.7538819875776398,0.2453416149068323,0.8404575556893438,0.15894039735099338,427,0.91608118657299,0.1522248243559719,7.030444964871195,0.4408665105386417,3636,0.8909198113207547,0.02240566037735849,0.960431654676259,0.007708119218910586,6030,0.7204671088999449,0.22819237147595356,3.5633499170812604,0.36833886124930887,2083,0.0436241610738255,0.6677852348993288,0.09874476987447699,0.3815899581589958,6807,0.5681161549385447,0.6863522844131041,3.438666079036286,0.3745776406640222,15.26,15.04,14.0,14.08,2,1,4
868,1205741245,3,16,16,16,16,2943,0.7538819875776398,0.2453416149068323,0.8404575556893438,0.15894039735099338,427,0.91608118657299,0.1522248243559719,7.030444964871195,0.4408665105386417,3641,0.8911124190700412,0.022366097704532076,0.9604722792607803,0.0077002053388090345,6037,0.7202942962840265,0.2284247142620507,3.5636905747888026,0.36825686047153655,2085,0.04357541899441341,0.6681564245810055,0.09866220735785954,0.38210702341137126,6816,0.5682951877934282,0.6863262910798122,3.4388204225352115,0.3745231807511736,15.24,15.02,14.04,14.12,0,0,0
869,1205741246,3,16,16,14,13,2946,0.7527131782945736,0.24651162790697675,0.8405535499398316,0.1588447653429603,427,0.91608118657299,0.1522248243559719,7.030444964871195,0.4408665105386417,3644,0.8912404467960023,0.022339800117577895,0.9604925602873269,0.007696254489481785,6049,0.7199950405025627,0.22863283187303687,3.5647214415605886,0.3685182123767013,2087,0.04352678571428571,0.6674107142857143,0.0985797827903091,0.3817878028404344,6822,0.5681618293755507,0.6864555848724714,3.4393139841688654,0.37446252320922496,15.22,15.02,14.0,14.1,0,2,3
870,1205741247,3,14,14,15,16,2948,0.7529047250193648,0.24632068164213788,0.8406494287432351,0.158749248346362,428,0.9154984423676015,0.1542056074766355,7.030373831775701,0.441588785046729,3646,0.8901937756899589,0.022313564298297124,0.9604925602873269,0.007696254489481785,6057,0.7200346706290246,0.2288261515601783,3.566782235430081,0.3684442243134664,2089,0.043478260869565216,0.6666666666666666,0.09849749582637729,0.3814691151919866,6833,0.5677594028977034,0.6865212937216449,3.4409483389433633,0.37437192058149166,15.2,14.94,14.02,14.16,0,-1,-2
871,1205741248,3,15,14,17,16,2950,0.7523219814241486,0.24690402476780185,0.8407451923076923,0.15865384615384615,429,0.9156954156954159,0.15384615384615385,7.03030303030303,0.44114219114219116,3652,0.8902582159624414,0.022300469483568074,0.9605936540429887,0.007676560900716479,6064,0.7201104881266494,0.22889182058047494,3.5671174142480213,0.36851363236587503,2091,0.04338153503893215,0.6674082313681868,0.09849749582637729,0.3814691151919866,6841,0.5675339862593198,0.6863031720508698,3.4413097500365444,0.37429956634020356,15.24,14.96,14.1,14.16,1,-2,-1
872,1205741249,3,17,17,15,15,2953,0.7525135344160866,0.24671307037896364,0.84093637454982,0.15846338535414164,429,0.9156954156954159,0.15384615384615385,7.03030303030303,0.44114219114219116,3658,0.8903868698710434,0.022274325908558032,0.9606741573033708,0.007660878447395302,6070,0.720222405271829,0.22899505766062603,3.5665568369028007,0.3685612300933552,2095,0.043333333333333335,0.6677777777777778,0.09908409658617819,0.38218151540383016,6848,0.5674649532710291,0.6860397196261683,3.4411507009345796,0.3742455218068535,15.26,14.96,14.1,14.18,0,2,2
873,1205741250,3,17,20,16,14,2959,0.752895752895753,0.24633204633204633,0.8413173652694611,0.15808383233532936,429,0.9156954156954159,0.15384615384615385,7.03030303030303,0.44114219114219116,3661,0.8904510837727007,0.022261277094317515,0.9607142857142857,0.007653061224489796,6074,0.7203243332235763,0.22884425419822194,3.5663483701020744,0.36856547031061343,2096,0.04328523862375139,0.6681465038845728,0.09908409658617819,0.38218151540383016,6856,0.5674591598599777,0.6861143523920653,3.440781796966161,0.3742464021781407,15.3,15.04,14.18,14.16,-3,1,3
874,1205741251,3,17,18,13,14,2963,0.7526964560862865,0.2465331278890601,0.8414123279473369,0.15798922800718132,429,0.9156954156954159,0.15384615384615385,7.03030303030303,0.44114219114219116,3666,0.8906432748538011,0.022222222222222223,0.9607543323139653,0.00764525993883792,6082,0.720363367313384,0.22903650115093718,3.566096678724104,0.36849172421352616,2099,0.044296788482835,0.6677740863787376,0.09900166389351081,0.3826955074875208,6861,0.5676286255647875,0.6863430986736627,3.4414808336977116,0.3741558567750084,15.34,15.08,14.18,14.18,-1,4,3
875,1205741252,3,17,14,10,14,2966,0.75211701308699,0.2471131639722864,0.8416019127316199,0.15780035863717873,430,0.9158914728682173,0.15348837209302327,7.030232558139535,0.44069767441860463,3669,0.8907071887784921,0.022209234365867914,0.9607942973523421,0.007637474541751527,6089,0.720192149778289,0.22910165872885532,3.5654458860239777,0.3683965621065308,2099,0.044296788482835,0.6677740863787376,0.09900166389351081,0.3826955074875208,6870,0.5673216885007288,0.6864628820960699,3.4409024745269288,0.37413876758854914,15.4,15.04,14.08,14.18,3,7,3
876,1205741253,3,14,15,12,15,2968,0.7515384615384615,0.24769230769230768,0.8416965352449224,0.15770609318996415,430,0.9158914728682173,0.15348837209302327,7.030232558139535,0.44069767441860463,3672,0.8907710280373832,0.02219626168224299,0.9608341810783316,0.0076297049847405905,6097,0.72047728391012,0.22896506478596032,3.5653600131212073,0.36828221529714056,2102,0.04535398230088496,0.6670353982300885,0.09883720930232558,0.38289036544850497,6877,0.5672531627163018,0.6863457903155445,3.440162861712956,0.37408511463331867,15.32,15.08,14.02,14.2,-1,2,-1
877,1205741254,3,16,16,17,15,2973,0.7515384615384615,0.24769230769230768,0.8421679571173317,0.15723645026801666,430,0.9158914728682173,0.15348837209302327,7.030232558139535,0.44069767441860463,3674,0.8908347927612376,0.022183304144775248,0.9608540925266904,0.007625826131164209,6105,0.7204340704340707,0.22915642915642917,3.566912366912367,0.3682500682500682,2105,0.045303867403314914,0.6662983425414365,0.09867330016583747,0.38308457711442784,6882,0.5670589944783504,0.6864283638477187,3.4405696018599246,0.3741402693015595,15.36,15.12,14.02,14.18,0,-1,1
878,1205741255,3,15,16,11,15,2978,0.7517294388931591,0.24750192159877019,0.8419489007724302,0.15745692216280452,430,0.9158914728682173,0.15348837209302327,7.030232558139535,0.44069767441860463,3677,0.8908347927612376,0.022183304144775248,0.9609137055837563,0.007614213197969543,6115,0.7203188879803765,0.22910874897792313,3.567130008176615,0.3683428727173616,2108,0.046357615894039736,0.6655629139072847,0.09850993377483444,0.3832781456953642,6887,0.5669377087265873,0.6863656163786844,3.4402497458980688,0.3741953438846134,15.34,15.06,14.0,14.16,-1,4,0
879,1205741256,3,12,17,14,15,2979,0.7519201228878648,0.24731182795698925,0.8419489007724302,0.15745692216280452,430,0.9158914728682173,0.15348837209302327,7.030232558139535,0.44069767441860463,3679,0.8908347927612376,0.022183304144775248,0.9609533468559838,0.007606490872210953,6127,0.720077797725913,0.22898645340297047,3.566182471029868,0.3684783200043522,2110,0.04630650496141125,0.6659316427783903,0.09842845326716294,0.3829611248966088,6897,0.5670098110289509,0.6865303755255908,3.4397564158329708,0.3743052534918562,15.22,15.1,14.04,14.18,-5,-2,-3
880,1205741257,3,15,15,11,11,2981,0.7521105141980046,0.24712202609363007,0.8420427553444181,0.15736342042755344,430,0.9158914728682173,0.15348837209302327,7.030232558139535,0.44069767441860463,3683,0.8910256410256411,0.022144522144522144,0.9609731373542828,0.007602635580334516,6134,0.7202342136724272,0.22888816432996414,3.566677535050538,0.3685061406368872,2111,0.046255506607929514,0.6651982378854625,0.09842845326716294,0.3829611248966088,6905,0.5669080376538751,0.6867487328023172,3.4408399710354813,0.3744146753560221,15.24,15.06,13.96,14.06,0,4,4
881,1205741258,3,17,15,15,16,2989,0.7519142419601837,0.2473200612557427,0.8419182948490231,0.15748963883955003,430,0.9158914728682173,0.15348837209302327,7.030232558139535,0.44069767441860463,3688,0.8911525029103609,0.02211874272409779,0.9610323886639676,0.0075910931174089065,6139,0.7204620730846504,0.22870174295487863,3.566378889069881,0.36853179127979574,2111,0.046255506607929514,0.6651982378854625,0.09842845326716294,0.3829611248966088,6912,0.5671296296296306,0.6870659722222222,3.4406828703703702,0.3743971836419752,15.34,15.08,13.96,14.1,2,2,1
882,1205741259,3,16,15,13,12,2996,0.7519083969465649,0.24732824427480915,0.8421985815602837,0.15721040189125296,431,0.9160866202629546,0.1531322505800464,7.03016241299304,0.4408352668213457,3693,0.8913422428820453,0.022080185938407902,0.961071789686552,0.007583417593528817,6145,0.7205722809872529,0.22864117168429618,3.5664768104149713,0.3684974233794412,2114,0.0462046204620462,0.6655665566556656,0.09826589595375723,0.3823286540049546,6918,0.567215958369472,0.6871928302977739,3.440445215380168,0.37432543124217005,15.36,15.04,14.0,14.08,1,3,4
883,1205741260,3,18,18,18,15,3001,0.7524752475247525,0.24676313785224677,0.8417945690672963,0.1576151121605667,431,0.9160866202629546,0.1531322505800464,7.03016241299304,0.4408352668213457,3697,0.8914053426248548,0.022067363530778164,0.9606259464916709,0.008076728924785462,6150,0.7205013550135504,0.22878048780487806,3.566178861788618,0.368631436314363,2116,0.04610318331503842,0.6663007683863886,0.09826589595375723,0.3823286540049546,6928,0.5673113933795237,0.6869226327944573,3.4400981524249423,0.37447074672825237,15.46,15.16,14.04,14.16,0,0,3
884,1205741261,3,15,15,15,13,3002,0.7524752475247525,0.24676313785224677,0.8418879056047197,0.15752212389380532,431,0.9160866202629546,0.1531322505800464,7.03016241299304,0.4408352668213457,3702,0.8915942028985507,0.022028985507246378,0.9606656580937972,0.008068582955118508,6156,0.7204218106995887,0.22871994801819362,3.5654645873944117,0.36867825427766937,2119,0.04600219058050383,0.6670317634173056,0.09818481848184818,0.38283828382838286,6935,0.5674597452535459,0.687238644556597,3.439942321557318,0.37438115837539043,15.42,15.12,14.0,14.14,0,0,2
885,1205741262,3,15,17,14,13,3004,0.7526636225266362,0.2465753424657534,0.8419811320754716,0.15742924528301888,431,0.9160866202629546,0.1531322505800464,7.03016241299304,0.4408352668213457,3705,0.89171974522293,0.022003474232773594,0.9606854838709677,0.008064516129032258,6166,0.7205508703643639,0.22834901070385988,3.566655854686993,0.36870202184019885,2122,0.045951859956236324,0.6673960612691466,0.09802306425041186,0.38220757825370677,6943,0.5675980603965636,0.6873109606798214,3.4405876422295836,0.3743458639396994,15.38,15.16,13.94,14.06,-2,1,2
886,1205741263,3,16,14,17,13,3004,0.7526636225266362,0.2465753424657534,0.8419811320754716,0.15742924528301888,432,0.9162808641975311,0.1527777777777778,7.030092592592593,0.44039351851851855,3711,0.891907514450867,0.021965317919075144,0.9607448414695521,0.00805234021137393,6170,0.7205699621826042,0.22836304700162074,3.56645056726094,0.36874662344678544,2124,0.04590163934426229,0.66775956284153,0.09794238683127572,0.38271604938271603,6954,0.567491132202091,0.6872303710094909,3.4407535231521424,0.3742210718051959,15.42,15.16,14.0,14.08,2,-1,3
887,1205741264,3,16,14,12,14,3009,0.7522796352583586,0.24696048632218845,0.8416715715126545,0.1577398469688052,433,0.916474210931486,0.15242494226327943,7.030023094688222,0.4405311778290993,3715,0.8919699595609474,0.0219526285384171,0.9608040201005025,0.008040201005025126,6177,0.7204818952026336,0.22842803950137608,3.568075117370892,0.36876045545302455,2125,0.04694323144104803,0.6670305676855895,0.09794238683127572,0.38271604938271603,6963,0.5674757049164643,0.6872037914691943,3.441763607640385,0.37424003063813477,15.46,15.18,13.9,14.12,2,4,2
888,1205741265,3,17,16,15,16,3013,0.7518968133535661,0.2473444613050076,0.8418577307466196,0.157554379776602,433,0.916474210931486,0.15242494226327943,7.030023094688222,0.4405311778290993,3718,0.8920323325635104,0.021939953810623556,0.9608433734939759,0.008032128514056224,6185,0.720520075451361,0.22845594179466452,3.5678253839935326,0.368728105631905,2126,0.04689203925845147,0.6673936750272628,0.09794238683127572,0.38271604938271603,6973,0.567307232659306,0.6873655528466944,3.4411300731392513,0.3742411205124527,15.44,15.2,13.96,14.16,1,2,1
889,1205741266,3,13,13,13,13,3015,0.7520849128127369,0.24715693707354056,0.8413631022326674,0.15804935370152762,433,0.916474210931486,0.15242494226327943,7.030023094688222,0.4405311778290993,3722,0.8921568627450981,0.02191464821222607,0.9608826479438315,0.00802407221664995,6196,0.7202899720249626,0.22837314396384764,3.568269851517108,0.3686787174521195,2133,0.04673913043478261,0.6684782608695652,0.09762100082034454,0.3831009023789992,6980,0.5672397325692465,0.6873925501432665,3.4415472779369627,0.3742239732569244,15.4,15.16,13.96,14.1,0,0,0
890,1205741267,3,13,17,14,15,3017,0.7524602573807722,0.24678274034822104,0.8413631022326674,0.15804935370152762,434,0.9166666666666669,0.15207373271889402,7.029953917050691,0.440668202764977,3726,0.89164265129683,0.02190201729106628,0.9604406609914873,0.00801201802704056,6204,0.7201402321083173,0.22823984526112184,3.5670535138620245,0.3687674618525681,2136,0.046637744034707156,0.6681127982646421,0.09754098360655737,0.38278688524590165,6989,0.5672246864119818,0.6873658606381456,3.4406925168121334,0.37420708732770536,15.3,15.18,13.96,14.08,-4,-1,-2
891,1205741268,3,14,15,13,14,3018,0.7518910741301059,0.24735249621785174,0.8413631022326674,0.15804935370152762,435,0.916858237547893,0.15172413793103448,7.029885057471264,0.44080459770114944,3732,0.8917050691244239,0.021889400921658985,0.9600399600399601,0.008491508491508492,6211,0.7203751408790856,0.228626630172275,3.568507486717115,0.3686738582085546,2139,0.04658721560130011,0.66738894907909,0.09819967266775777,0.3829787234042553,6996,0.5670621307413771,0.6872498570611778,3.441109205260149,0.37419001334095664,15.26,15.16,13.96,14.1,-1,1,0
892,1205741269,3,15,13,15,15,3022,0.7520786092214664,0.2471655328798186,0.8410557184750733,0.15835777126099707,435,0.916858237547893,0.15172413793103448,7.029885057471264,0.44080459770114944,3737,0.8917050691244239,0.021889400921658985,0.9601395117090185,0.008470353761833582,6220,0.7202438370846733,0.2284565916398714,3.5684887459807073,0.3686629153269023,2141,0.04658721560130011,0.66738894907909,0.09803921568627451,0.3839869281045752,7003,0.5670426959874351,0.6874196772811653,3.4415250606882766,0.37417297348755285,15.24,15.1,14.0,14.12,2,0,0
893,1205741270,3,13,15,16,15,3026,0.7522658610271903,0.24697885196374622,0.8413348946135831,0.15807962529274006,435,0.916858237547893,0.15172413793103448,7.029885057471264,0.44080459770114944,3740,0.8912543153049483,0.02186421173762946,0.9601593625498008,0.00846613545816733,6229,0.7199256167389096,0.2281265050569915,3.5679884411623055,0.3686118692138919,2145,0.047619047619047616,0.6666666666666666,0.097799511002445,0.38386308068459657,7011,0.5669661959777503,0.6874910854371702,3.440593353301954,0.37403128417249076,15.2,15.1,14.06,14.12,-2,-3,-2
894,1205741271,3,15,15,12,16,3028,0.7524528301886793,0.2467924528301887,0.8414277355178467,0.15798712697483908,435,0.916858237547893,0.15172413793103448,7.029885057471264,0.44080459770114944,3744,0.8913793103448275,0.021839080459770115,0.9597014925373134,0.00845771144278607,6236,0.7199994654693181,0.22819114817190506,3.567030147530468,0.3685989950823176,2147,0.04756756756756757,0.6659459459459459,0.09771986970684039,0.38355048859934854,7019,0.566818635133211,0.6877048012537399,3.4399487106425415,0.3740323882794319,15.22,15.08,14.0,14.12,0,3,-1
895,1205741272,3,15,13,14,12,3031,0.7522590361445783,0.2469879518072289,0.8414277355178467,0.15798712697483908,435,0.916858237547893,0.15172413793103448,7.029885057471264,0.44080459770114944,3748,0.891566265060241,0.021801491681009755,0.9597215315763302,0.008453505718547987,6243,0.7202600245608417,0.22825564632388276,3.5665545410860164,0.36862619467136515,2153,0.04849137931034483,0.665948275862069,0.09748172217709179,0.3834281072298944,7027,0.5667425643944796,0.6877757222143162,3.4393055357905222,0.3741046439922204,15.22,15.04,14.0,14.06,2,1,3
896,1205741273,3,14,14,16,13,3032,0.7522590361445783,0.2469879518072289,0.8409356725146199,0.1584795321637427,436,0.9170489296636087,0.15137614678899083,7.029816513761468,0.4415137614678899,3751,0.8911174785100286,0.02177650429799427,0.959741550695825,0.008449304174950299,6250,0.7204133333333336,0.22832,3.5672,0.36861333333333324,2155,0.04849137931034483,0.665948275862069,0.09732360097323602,0.3844282238442822,7039,0.566676137708956,0.6877397357579201,3.439835203864185,0.37410617038405064,15.2,15.02,14.08,14.08,0,-2,1
897,1205741274,3,15,15,12,16,3033,0.7524454477050414,0.24680210684725357,0.8409356725146199,0.1584795321637427,436,0.9170489296636087,0.15137614678899083,7.029816513761468,0.4415137614678899,3755,0.8913043478260869,0.021739130434782608,0.9597615499254843,0.008445106805762544,6258,0.7203978906999045,0.22818791946308725,3.566634707574305,0.3686614466815808,2155,0.04849137931034483,0.665948275862069,0.09732360097323602,0.3844282238442822,7052,0.5665532236717727,0.6874645490640953,3.440442427680091,0.37405464170920766,15.24,15.04,14.08,14.12,0,3,-1
898,1205741275,3,15,17,14,15,3035,0.7526315789473684,0.24661654135338346,0.8410286382232612,0.15838690824079485,437,0.9172387490465296,0.15102974828375287,7.02974828375286,0.44107551487414187,3760,0.8914285714285715,0.021714285714285714,0.9598214285714286,0.008432539682539682,6266,0.7202228960527718,0.22821576763485477,3.567347590169167,0.36878923289711657,2159,0.04843918191603875,0.6652314316469322,0.0970873786407767,0.3843042071197411,7057,0.5667186245335611,0.6874025789995749,3.4395635539180955,0.3739667469651881,15.2,15.06,14.06,14.1,-2,1,0
899,1205741276,3,14,16,14,14,3037,0.7526315789473684,0.24661654135338346,0.8412142440163456,0.1582019848219498,438,0.9174277016742772,0.15296803652968036,7.029680365296803,0.4406392694063927,3764,0.8915525114155252,0.021689497716894976,0.9598612487611496,0.00842418235877106,6277,0.7202086984228135,0.22845308268281025,3.567946471244225,0.36885985874356103,2165,0.048283261802575105,0.6630901287553648,0.09685230024213075,0.384180790960452,7062,0.5667421882375164,0.6873406966864911,3.4393939393939394,0.3740205796280562,15.16,15.08,14.06,14.1,-2,0,0
900,1205741277,3,15,15,15,16,3039,0.753003003003003,0.24624624624624625,0.8412142440163456,0.1582019848219498,438,0.9174277016742772,0.15296803652968036,7.029680365296803,0.4406392694063927,3770,0.8917378917378918,0.021652421652421653,0.9599208312716477,0.008411677387431964,6284,0.7200960110333122,0.22819859961807765,3.567950350095481,0.36884680670485875,2167,0.048283261802575105,0.6630901287553648,0.09669621273166801,0.3835616438356164,7072,0.5665771116138775,0.6872171945701357,3.439762443438914,0.3740219645550527,15.12,15.06,14.06,14.18,0,0,-1
901,1205741278,3,15,16,16,17,3039,0.753003003003003,0.24624624624624625,0.8412142440163456,0.1582019848219498,439,0.9176157934700078,0.15261958997722094,7.029612756264237,0.4402050113895216,3773,0.8912919749573136,0.021627774615822423,0.9599406528189911,0.008407517309594461,6290,0.7202040275569689,0.22798092209856916,3.5677265500794912,0.36874668786433484,2170,0.048179871520342615,0.6638115631691649,0.0966183574879227,0.3832528180354267,7083,0.5666854910819343,0.6872794013835946,3.4403501341239586,0.3740411313473574,15.18,15.14,14.08,14.24,-1,-1,-2
902,1205741279,3,17,18,13,14,3040,0.753003003003003,0.24624624624624625,0.8413068844807468,0.15810968494749125,439,0.9176157934700078,0.15261958997722094,7.029612756264237,0.4402050113895216,3778,0.8914155770324048,0.02160318362706083,0.96,0.008395061728395062,6298,0.7201360220175718,0.2280088917116545,3.567799301365513,0.36867524081719055,2173,0.048179871520342615,0.6638115631691649,0.0963855421686747,0.3823293172690763,7091,0.5667512809664844,0.6874911860104358,3.4395712875475954,0.3739364452592487,15.24,15.22,14.06,14.2,-1,4,3
903,1205741280,3,16,17,16,14,3043,0.7528089887640449,0.24644194756554308,0.8413068844807468,0.15810968494749125,439,0.9176157934700078,0.15261958997722094,7.029612756264237,0.4402050113895216,3783,0.8915388983532084,0.021578648495173196,0.9600591715976331,0.008382642998027613,6305,0.7200766587364527,0.22791435368754956,3.5679619349722445,0.3687549563838223,2173,0.048179871520342615,0.6638115631691649,0.0963855421686747,0.3823293172690763,7100,0.5663849765258228,0.6876056338028169,3.439718309859155,0.3739436619718309,15.28,15.26,14.16,14.24,-1,0,2
904,1205741281,3,16,15,14,15,3046,0.7529940119760479,0.24625748502994013,0.8414918414918415,0.15792540792540793,439,0.9176157934700078,0.15261958997722094,7.029612756264237,0.4402050113895216,3786,0.8916004540295119,0.021566401816118047,0.9600985221674877,0.008374384236453201,6312,0.720228664976764,0.22797845373891001,3.567490494296578,0.36870247148288965,2176,0.0481283422459893,0.6631016042780749,0.09703287890938252,0.3817161186848436,7107,0.5663430420711985,0.6876319121992401,3.439707330800619,0.37389193752638233,15.28,15.32,14.16,14.3,1,2,1
905,1205741282,3,13,12,12,13,3049,0.7531787584143605,0.24607329842931938,0.8416763678696159,0.15774155995343422,441,0.9164777021919881,0.15419501133786848,7.029478458049887,0.44047619047619047,3789,0.8917233560090703,0.021541950113378686,0.9601181683899557,0.008370260955194485,6321,0.719967832094078,0.22812846068660023,3.5679481094763488,0.3687312134155987,2181,0.04792332268370607,0.6624068157614483,0.09695512820512821,0.3814102564102564,7111,0.5664463507242311,0.6875263675994937,3.440866263535368,0.37385740402193773,15.22,15.3,14.12,14.28,1,1,0
906,1205741283,3,17,17,12,14,3052,0.7535474234503361,0.24570575056011948,0.8417684700407213,0.15764979639325188,442,0.9166666666666669,0.15384615384615385,7.029411764705882,0.4406108597285068,3798,0.8915254237288136,0.021468926553672316,0.9601769911504425,0.008357915437561455,6326,0.7198730108546739,0.2279481504900411,3.5673411318368635,0.3687822742122457,2183,0.04792332268370607,0.6624068157614483,0.0968,0.3816,7118,0.5664512503512233,0.6874121944366395,3.441416128125878,0.3739463332396739,15.2,15.28,14.04,14.28,0,5,3
907,1205741284,3,15,14,12,16,3053,0.753731343283582,0.2455223880597015,0.8417684700407213,0.15764979639325188,443,0.916854778028593,0.15349887133182843,7.029345372460496,0.44130925507900676,3800,0.891647855530474,0.02144469525959368,0.9601769911504425,0.008357915437561455,6335,0.7200605103920023,0.22794001578531967,3.5673243883188634,0.3687319126545645,2186,0.048884165781083955,0.6609989373007439,0.09752198241406874,0.381294964028777,7127,0.5662270239932662,0.6875263084046583,3.440297460362004,0.3739301248772273,15.26,15.24,14.06,14.32,1,3,-1
908,1205741285,3,16,15,15,16,3058,0.7533532041728763,0.2459016393442623,0.8414634146341463,0.15795586527293845,444,0.9170420420420422,0.15315315315315314,7.0292792792792795,0.44144144144144143,3806,0.8917700112739572,0.02142051860202931,0.9602551521099116,0.008341511285574092,6342,0.720132975927678,0.228161463260801,3.567013560391044,0.3687585409439713,2190,0.04878048780487805,0.6617179215270413,0.09736632083000799,0.38148443735035914,7133,0.566264778727979,0.6875087620916865,3.4413290340670124,0.3739660731809896,15.3,15.26,14.02,14.44,1,1,0
909,1205741286,3,16,13,13,15,3060,0.7533532041728763,0.2459016393442623,0.8416473317865429,0.15777262180974477,444,0.9170420420420422,0.15315315315315314,7.0292792792792795,0.44144144144144143,3808,0.8917700112739572,0.02142051860202931,0.9602941176470589,0.008333333333333333,6350,0.7200131233595801,0.22787401574803148,3.567244094488189,0.3687270341207348,2191,0.048728813559322036,0.6620762711864406,0.09736632083000799,0.38148443735035914,7143,0.5661020112931086,0.6876662466750665,3.4415511689766203,0.3738625227495449,15.3,15.22,13.94,14.5,3,3,1
910,1205741287,3,14,14,15,15,3064,0.753903345724907,0.24535315985130113,0.8417391304347827,0.15768115942028985,445,0.9172284644194758,0.15280898876404495,7.0292134831460675,0.44157303370786516,3809,0.8917700112739572,0.02142051860202931,0.9603135717785399,0.008329250367466928,6359,0.719963830791005,0.22786601666928763,3.5667557792105677,0.3688341982492005,2193,0.048728813559322036,0.6620762711864406,0.09800796812749003,0.3808764940239044,7149,0.5662563528698663,0.687648622184921,3.4409008252902504,0.37386347740942777,15.3,15.24,14.02,14.52,0,-1,-1
911,1205741288,3,16,16,17,11,3072,0.7544510385756676,0.24480712166172106,0.8416184971098266,0.1578034682080925,445,0.9172284644194758,0.15280898876404495,7.0292134831460675,0.44157303370786516,3811,0.8918309859154929,0.02140845070422535,0.9603330068560235,0.00832517140058766,6367,0.7202371603580966,0.2278938275482959,3.566514842154861,0.36884194544788224,2196,0.048728813559322036,0.6620762711864406,0.0985691573926868,0.3815580286168522,7154,0.5661401546920148,0.687447581772435,3.4404528934861616,0.3738817444786132,15.3,15.28,14.08,14.44,0,-1,5
912,1205741289,3,16,16,15,12,3077,0.7549962990377498,0.24426350851221318,0.8412240184757506,0.1581986143187067,445,0.9172284644194758,0.15280898876404495,7.0292134831460675,0.44157303370786516,3814,0.8918918918918919,0.021396396396396396,0.9603718199608611,0.008317025440313111,6373,0.7205005491919035,0.22767927192844814,3.568021340028244,0.3687300591035095,2197,0.048728813559322036,0.6620762711864406,0.09849086576648133,0.38204924543288327,7162,0.5660662757144197,0.6875174532253561,3.4412175370008375,0.373917900027925,15.32,15.32,14.18,14.38,0,1,4
913,1205741290,3,15,15,14,15,3081,0.754619364375462,0.24464153732446414,0.8408304498269896,0.15859284890426759,445,0.9172284644194758,0.15280898876404495,7.0292134831460675,0.44157303370786516,3817,0.8919527293190771,0.021384355655599326,0.9604105571847508,0.008308895405669599,6380,0.7204937304075236,0.2274294670846395,3.5673981191222572,0.3686389759665621,2201,0.04867724867724868,0.6624338624338625,0.098256735340729,0.38193343898573695,7169,0.5659320221323301,0.6875435904589203,3.441065699539685,0.37386664806807074,15.32,15.3,14.14,14.4,0,1,0
914,1205741291,3,12,12,12,13,3086,0.7542435424354244,0.24501845018450186,0.8411053540587219,0.15831894070236038,445,0.9172284644194758,0.15280898876404495,7.0292134831460675,0.44157303370786516,3821,0.8915120854412592,0.021922428330522766,0.96044921875,0.00830078125,6386,0.7204431569057315,0.22737237707485125,3.567647979956154,0.36867105125796,2206,0.04852320675105485,0.6635021097046413,0.0981012658227848,0.38212025316455694,7179,0.5657008868458941,0.6875609416353252,3.4421228583368157,0.373798579189302,15.28,15.3,14.14,14.36,0,0,-1
915,1205741292,3,14,15,14,14,3090,0.7542435424354244,0.24501845018450186,0.8414704192992533,0.15795519816197587,447,0.9153616703952276,0.15212527964205816,7.029082774049217,0.4412751677852349,3823,0.8916339135317237,0.021897810218978103,0.96044921875,0.00830078125,6395,0.7206020328381549,0.22720875684128225,3.5688819390148554,0.36862131873859777,2209,0.04847207586933614,0.6638566912539515,0.09794628751974724,0.3815165876777251,7185,0.5656924147529586,0.6875434933890049,3.442171189979123,0.37379958246346545,15.3,15.3,14.14,14.34,-1,0,0
916,1205741293,3,15,14,13,15,3098,0.7527593818984547,0.246504782928624,0.8412607449856734,0.15816618911174785,449,0.9146250927988123,0.15367483296213807,7.028953229398664,0.44153674832962136,3828,0.8912556053811659,0.021860986547085202,0.9604878048780487,0.008292682926829269,6399,0.7206985466479139,0.2273792780121894,3.5683700578215345,0.3685862374329321,2212,0.04842105263157895,0.6642105263157895,0.09858044164037855,0.38091482649842273,7193,0.5658278882246639,0.6874739329904074,3.441818434589184,0.3738009175587375,15.26,15.3,14.16,14.36,1,2,0
917,1205741294,3,15,15,12,11,3102,0.7531227038941954,0.2461425422483468,0.840870062965083,0.15855752718946767,449,0.9146250927988123,0.15367483296213807,7.028953229398664,0.44153674832962136,3832,0.8914381645215445,0.02182428651371013,0.9605070697220868,0.008288639687957094,6405,0.7205698672911789,0.2273224043715847,3.5692427790788446,0.36863127764767095,2213,0.04842105263157895,0.6642105263157895,0.09929078014184398,0.3806146572104019,7201,0.5661019302874611,0.6874045271490071,3.4416053325926956,0.3736980974864601,15.2,15.28,14.06,14.3,0,3,4
918,1205741295,3,16,18,18,15,3107,0.7527512839325018,0.24651504035216434,0.8394285714285714,0.16,449,0.9146250927988123,0.15367483296213807,7.028953229398664,0.44153674832962136,3838,0.8916806253489671,0.021775544388609715,0.9605455431076474,0.008280565026790063,6412,0.7205630068621336,0.22723019338739864,3.5689332501559576,0.36854075691411925,2214,0.04842105263157895,0.6642105263157895,0.09921259842519685,0.38110236220472443,7209,0.5661210523882195,0.6873352753502566,3.441392703564988,0.37373422111249816,15.2,15.32,14.1,14.28,-2,-2,1
919,1205741296,3,17,17,14,16,3114,0.7523809523809524,0.2468864468864469,0.8398860398860399,0.15954415954415954,450,0.914814814814815,0.15333333333333332,7.028888888888889,0.4411111111111111,3844,0.8919220055710306,0.021727019498607242,0.9605839416058394,0.00827250608272506,6415,0.7205378020265005,0.22712392829306313,3.5691348402182386,0.3684853208625616,2216,0.048370136698212406,0.6635120925341745,0.0991345397324941,0.3808025177025964,7217,0.5663479746893919,0.6874047388111404,3.4404877372869613,0.37383954551752796,15.22,15.34,14.1,14.34,0,3,1
920,1205741297,3,15,16,14,15,3116,0.7525622254758418,0.246705710102489,0.8399772209567198,0.15945330296127563,450,0.914814814814815,0.15333333333333332,7.028888888888889,0.4411111111111111,3844,0.8919220055710306,0.021727019498607242,0.9605839416058394,0.00827250608272506,6425,0.7205058365758756,0.2272373540856031,3.5679377431906616,0.36849546044098563,2219,0.048268625393494226,0.6621196222455404,0.09905660377358491,0.3805031446540881,7226,0.5667497001568421,0.6875172986437863,3.4409078328259066,0.373685303072239,15.24,15.38,14.08,14.32,-1,1,0
921,1205741298,3,13,15,16,12,3124,0.7527432333577176,0.246525237746891,0.840045377197958,0.15938740782756664,450,0.914814814814815,0.15333333333333332,7.028888888888889,0.4411111111111111,3844,0.8919220055710306,0.021727019498607242,0.9605839416058394,0.00827250608272506,6438,0.7206042249145699,0.22693383038210624,3.5680335507921717,0.36852801076938996,2224,0.048167539267015703,0.6607329842931937,0.0996078431372549,0.3811764705882353,7229,0.5666989440678758,0.6875086457324665,3.440448194771061,0.3737377230598975,15.2,15.4,14.06,14.24,-2,-3,1
922,1205741299,3,16,16,14,13,3127,0.7532846715328467,0.245985401459854,0.840045377197958,0.15938740782756664,450,0.914814814814815,0.15333333333333332,7.028888888888889,0.4411111111111111,3848,0.8921023359288098,0.021690767519466074,0.960603112840467,0.008268482490272374,6444,0.7207091868404719,0.22687771570453136,3.569366852886406,0.36843058141940815,2224,0.048167539267015703,0.6607329842931937,0.0996078431372549,0.3811764705882353,7241,0.5667495281498883,0.6876122082585279,3.441513603093495,0.3737398149426874,15.18,15.38,14.04,14.2,0,2,3
923,1205741300,3,17,15,16,15,3130,0.7536443148688047,0.2456268221574344,0.8401360544217688,0.159297052154195,450,0.914814814814815,0.15333333333333332,7.028888888888889,0.4411111111111111,3852,0.8922222222222222,0.021666666666666667,0.9606413994169096,0.00826044703595724,6452,0.7210038231039473,0.22675139491630503,3.5688158710477373,0.3683999793345732,2226,0.048167539267015703,0.6607329842931937,0.09945184025058731,0.38057948316366486,7250,0.5669885057471274,0.6878620689655173,3.4415172413793105,0.37375862068965504,15.18,15.28,14.04,14.22,2,1,2
924,1205741301,3,17,15,15,15,3134,0.7532751091703057,0.24599708879184862,0.840317100792752,0.1591166477916195,450,0.914814814814815,0.15333333333333332,7.028888888888889,0.4411111111111111,3856,0.892282065519156,0.021654636313159357,0.9606986899563319,0.008248423095584668,6459,0.7212029725963773,0.22681529648552406,3.5694379934974454,0.36838777932600497,2229,0.04806687565308255,0.6603970741901777,0.09937402190923318,0.3810641627543036,7258,0.5667080003674118,0.6880683383852301,3.4414439239459904,0.3737599889776797,15.18,15.22,14.08,14.24,2,2,2
925,1205741302,3,16,13,13,14,3138,0.7534545454545455,0.24581818181818182,0.8400226116449971,0.1594120972300735,450,0.914814814814815,0.15333333333333332,7.028888888888889,0.4411111111111111,3859,0.8923418423973363,0.021642619311875694,0.9607367910809501,0.008240426563257392,6469,0.7212732519194107,0.22677384448910187,3.5714948214561755,0.36844952852063684,2230,0.04801670146137787,0.6607515657620042,0.09937402190923318,0.3810641627543036,7267,0.566854731434339,0.6879042245768543,3.441860465116279,0.3738475299298196,15.16,15.2,14.14,14.24,3,3,2
926,1205741303,3,14,14,15,13,3140,0.7538126361655774,0.24546114742193173,0.8400226116449971,0.1594120972300735,450,0.914814814814815,0.15333333333333332,7.028888888888889,0.4411111111111111,3862,0.8924611973392461,0.021618625277161862,0.9607558139534884,0.008236434108527133,6476,0.721265698991147,0.22699197035206917,3.5728844966028412,0.36843730697961696,2232,0.047966631908237745,0.6611053180396246,0.09929632525410477,0.3815480844409695,7275,0.5671248568155796,0.6882474226804124,3.444123711340206,0.3737800687285222,15.16,15.18,14.2,14.2,0,-1,1
927,1205741304,3,17,15,16,13,3140,0.7538126361655774,0.24546114742193173,0.8400226116449971,0.1594120972300735,451,0.9150036954915005,0.15299334811529933,7.028824833702883,0.4406873614190687,3863,0.8925207756232687,0.021606648199445983,0.9607558139534884,0.008236434108527133,6482,0.721060886557647,0.22709040419623572,3.572508485035483,0.3683662449861153,2232,0.047966631908237745,0.6611053180396246,0.09929632525410477,0.3815480844409695,7287,0.5672201637619516,0.6882118841773021,3.4439412652669135,0.3737134623301769,15.18,15.16,14.18,14.16,2,1,4
928,1205741305,3,13,15,12,17,3144,0.7528985507246376,0.2463768115942029,0.8401129943502825,0.15932203389830507,451,0.9150036954915005,0.15299334811529933,7.028824833702883,0.4406873614190687,3868,0.8925207756232687,0.021606648199445983,0.9608506524891252,0.008216529724504592,6491,0.721062496790428,0.2272377137575104,3.572330919735018,0.368279155754121,2232,0.047966631908237745,0.6611053180396246,0.09929632525410477,0.3815480844409695,7295,0.5673520676262291,0.6881425633995888,3.4441398217957504,0.3736806031528443,15.14,15.14,14.2,14.2,-2,1,-4
929,1205741306,3,15,16,13,15,3148,0.7523533671252716,0.24692251991310643,0.8403835307388607,0.15905245346869712,452,0.9151917404129796,0.15265486725663716,7.028761061946903,0.44081858407079644,3871,0.8925802879291251,0.02159468438538206,0.9608884596813134,0.008208594881699663,6499,0.7210211827460636,0.22726573318972149,3.5733189721495613,0.3683258962917371,2236,0.04791666666666667,0.6614583333333334,0.09906396255850235,0.38065522620904835,7301,0.5671597498059637,0.6881249143952883,3.4444596630598547,0.3736132036707299,15.2,15.12,14.18,14.2,-1,2,0
930,1205741307,3,16,17,14,13,3149,0.7523533671252716,0.24692251991310643,0.8404735062006764,0.1589627959413754,453,0.9153789551140546,0.152317880794702,7.02869757174393,0.4409492273730684,3874,0.8926991150442478,0.02157079646017699,0.9609073359073359,0.008204633204633204,6506,0.7209883184752538,0.22732861973562865,3.5743928681217336,0.36835229019366733,2240,0.04781704781704782,0.6621621621621622,0.09968847352024922,0.38006230529595014,7309,0.5672002553928956,0.6877821863456013,3.4449309071008347,0.3737515391982486,15.22,15.16,14.24,14.24,-1,2,3
931,1205741308,3,15,16,13,14,3149,0.7523533671252716,0.24692251991310643,0.8404735062006764,0.1589627959413754,455,0.9146520146520148,0.15384615384615385,7.0285714285714285,0.44175824175824174,3877,0.8923246824958586,0.02153506350082827,0.9609073359073359,0.008204633204633204,6513,0.7211346537693845,0.22708429295255642,3.57653922923384,0.3682634730538921,2243,0.04781704781704782,0.6621621621621622,0.10023310023310024,0.37995337995337997,7316,0.5671815199562612,0.687944231820667,3.446145434663751,0.37380399125205016,15.18,15.18,14.2,14.2,-1,2,1
932,1205741309,3,17,15,15,14,3151,0.7523533671252716,0.24692251991310643,0.8406531531531531,0.15878378378378377,455,0.9146520146520148,0.15384615384615385,7.0285714285714285,0.44175824175824174,3884,0.8924434638720353,0.02151130722559294,0.9610014443909485,0.008184882041405874,6519,0.7212379199263692,0.22687528762080073,3.5761619880349746,0.36826967326277027,2244,0.04781704781704782,0.6621621621621622,0.10015527950310558,0.3796583850931677,7324,0.5670171126888777,0.6878754778809394,3.445794647733479,0.3739077007099944,15.2,15.18,14.24,14.24,2,2,3
933,1205741310,3,16,16,12,15,3156,0.7527114967462039,0.24656543745480838,0.8409218662169758,0.15851602023608768,455,0.9146520146520148,0.15384615384615385,7.0285714285714285,0.44175824175824174,3888,0.8925619834710744,0.021487603305785124,0.961038961038961,0.008177008177008177,6525,0.721315453384419,0.2268199233716475,3.5760919540229885,0.36827586206896545,2249,0.04776739356178609,0.6625129802699896,0.10061919504643962,0.37925696594427244,7330,0.5671668940427477,0.6878581173260573,3.4458390177353344,0.37384038199181435,15.16,15.14,14.12,14.24,0,4,1
934,1205741311,3,13,12,14,12,3163,0.7527036770007209,0.2465753424657534,0.8406285072951739,0.15881032547699214,455,0.9146520146520148,0.15384615384615385,7.0285714285714285,0.44175824175824174,3895,0.8926211453744494,0.021475770925110133,0.9611510791366906,0.00815347721822542,6529,0.7214861898197785,0.22683412467452901,3.575892173380303,0.3682799816204625,2250,0.04771784232365145,0.6628630705394191,0.10061919504643962,0.37925696594427244,7339,0.5670163964209484,0.6874233546804742,3.445019757460144,0.3739269655266384,15.12,15.08,14.1,14.22,1,-1,1
935,1205741312,3,15,13,11,13,3164,0.7527036770007209,0.2465753424657534,0.8401570386988222,0.15928210880538418,456,0.9148391812865498,0.15350877192982457,7.0285087719298245,0.44243421052631576,3903,0.8928571428571429,0.02142857142857143,0.961225466730493,0.008137865007180469,6533,0.721656717179448,0.2270013776213072,3.576917189652533,0.36820756161028617,2254,0.04766839378238342,0.6632124352331606,0.10038610038610038,0.3783783783783784,7346,0.5668390961067256,0.6869044377892731,3.445548597876395,0.3741151647154913,15.12,15.0,14.04,14.22,2,4,2
936,1205741313,3,16,13,17,13,3168,0.7525179856115108,0.24676258992805755,0.8402466367713004,0.1591928251121076,456,0.9148391812865498,0.15350877192982457,7.0285087719298245,0.44243421052631576,3909,0.8930334613274822,0.021393307734503566,0.9603250478011472,0.008604206500956023,6540,0.7217635066258921,0.22706422018348624,3.5762996941896024,0.36823394495412837,2258,0.047569803516028956,0.6628748707342296,0.1002313030069391,0.37779491133384735,7351,0.5669976873894716,0.6868453271663719,3.445653652564277,0.37416678002992776,15.12,14.98,14.04,14.22,3,-1,3
937,1205741314,3,17,16,16,18,3171,0.7526959022286125,0.24658519051042416,0.8404255319148937,0.1590145576707727,456,0.9148391812865498,0.15350877192982457,7.0285087719298245,0.44243421052631576,3917,0.8932676518883416,0.021346469622331693,0.9604007633587787,0.008587786259541985,6546,0.7220185354924128,0.22685609532538956,3.577146348915368,0.36831652917812396,2260,0.047520661157024795,0.6621900826446281,0.10015408320493066,0.37750385208012327,7357,0.5669883557609541,0.686964795432921,3.445562049748539,0.37426940328938413,15.14,15.02,14.12,14.3,1,1,-1
938,1205741315,3,12,16,13,13,3172,0.7526959022286125,0.24658519051042416,0.8405148293228876,0.15892557358701734,457,0.915025528811087,0.15317286652078774,7.030634573304158,0.4425601750547046,3919,0.8933260393873085,0.021334792122538294,0.9604196471149261,0.008583690987124463,6554,0.7219764011799411,0.22703692401586817,3.5790357033872446,0.36843912114739086,2262,0.047471620227038186,0.6615067079463365,0.10007698229407236,0.3772132409545804,7362,0.5668749434030615,0.687041564792176,3.4471610975278457,0.3741850040749795,15.04,15.02,14.08,14.24,-4,-1,-1
939,1205741316,3,15,14,13,11,3174,0.7528735632183908,0.2464080459770115,0.8406040268456376,0.15883668903803133,458,0.9152110625909754,0.15283842794759825,7.03056768558952,0.44268558951965065,3923,0.8933843630399125,0.021323127392017496,0.9604761904761905,0.008571428571428572,6561,0.7222730274856476,0.2267946959304984,3.578570339887212,0.368312757201646,2263,0.047471620227038186,0.6615067079463365,0.1,0.3769230769230769,7370,0.5670737222976037,0.6871099050203527,3.446811397557666,0.3741519674355494,15.08,15.04,14.08,14.2,1,2,4
940,1205741317,3,14,17,14,14,3180,0.7526881720430108,0.24659498207885305,0.8403126744835288,0.15912897822445563,458,0.9152110625909754,0.15283842794759825,7.03056768558952,0.44268558951965065,3926,0.8935008192244676,0.0212998361551065,0.9604950023798191,0.008567348881485007,6569,0.722408281321358,0.22682295630994062,3.577561272644238,0.3682828436596133,2268,0.04737384140061792,0.6622039134912462,0.0997697620874904,0.3768227168073676,7377,0.5670778545931056,0.6874068049342551,3.4465229768198453,0.37406804934255106,15.1,15.04,14.08,14.18,-3,0,0
941,1205741318,3,18,18,15,15,3183,0.752865329512894,0.24641833810888253,0.8404907975460123,0.15895147796988288,459,0.9153957879448077,0.15250544662309368,7.030501089324619,0.44281045751633985,3934,0.8937329700272479,0.02125340599455041,0.9605700712589074,0.00855106888361045,6573,0.722425072265328,0.22698919823520464,3.5782747603833864,0.36822354074750235,2269,0.047325102880658436,0.661522633744856,0.0997697620874904,0.3768227168073676,7387,0.5671449844321114,0.6874238527142277,3.4470014891024774,0.37410315418979273,15.18,15.1,14.12,14.2,0,3,3
942,1205741319,3,18,13,13,15,3186,0.752865329512894,0.24641833810888253,0.8407572383073497,0.15868596881959912,460,0.9155797101449277,0.15217391304347827,7.030434782608696,0.4434782608695652,3938,0.8937908496732027,0.021241830065359478,0.9606261859582542,0.008538899430740038,6583,0.7224669603524231,0.22710010633449795,3.5778520431414247,0.3683097878373588,2275,0.04722792607802875,0.6611909650924025,0.09946442234123948,0.37566947207345064,7388,0.5670682187330816,0.6874661613427179,3.446805630752572,0.37408635625338377,15.24,15.1,14.08,14.2,5,5,3
943,1205741320,3,14,11,14,10,3190,0.7525035765379113,0.24678111587982832,0.8409343715239155,0.1585094549499444,460,0.9155797101449277,0.15217391304347827,7.030434782608696,0.4434782608695652,3938,0.8937908496732027,0.021241830065359478,0.9606261859582542,0.008538899430740038,6594,0.72260135476696,0.227024567788899,3.5774946921443735,0.36822616520068746,2279,0.0471311475409836,0.6608606557377049,0.09931245225362872,0.3758594346829641,7394,0.5669236317735109,0.6875845279956722,3.4468487963213414,0.3741547200432782,15.26,15.02,14.04,14.1,3,0,4
944,1205741321,3,16,16,15,15,3194,0.7519656897784132,0.24731951393852752,0.8411993337034981,0.15824541921154914,461,0.9157628344179322,0.15184381778741865,7.030368763557484,0.4436008676789588,3944,0.8934203371397499,0.021207177814029365,0.9606821411653245,0.008526764566556135,6602,0.722356861557104,0.2269009391093608,3.5766434413813997,0.36834797536100167,2283,0.0471311475409836,0.6608606557377049,0.09900990099009901,0.37547600913937546,7397,0.5669640845387778,0.6875760443423009,3.4474787075841555,0.37417196160605637,15.28,15.04,14.1,14.08,0,1,1
945,1205741322,3,16,15,13,16,3196,0.7519656897784132,0.24731951393852752,0.841375485302274,0.15806988352745424,461,0.9157628344179322,0.15184381778741865,7.030368763557484,0.4436008676789588,3946,0.8934782608695652,0.021195652173913043,0.9607007575757576,0.008522727272727272,6608,0.7222306295399518,0.2266949152542373,3.5759685230024214,0.3683918482647296,2283,0.0471311475409836,0.6608606557377049,0.09900990099009901,0.37547600913937546,7408,0.5667971562275026,0.687365010799136,3.447219222462203,0.37422381209503225,15.3,15.08,14.08,14.16,1,3,0
946,1205741323,3,14,16,18,15,3201,0.7521428571428571,0.24714285714285714,0.8411732152739347,0.15827338129496402,461,0.9157628344179322,0.15184381778741865,7.030368763557484,0.4436008676789588,3952,0.893651654910472,0.021161150298426478,0.9607565011820332,0.00851063829787234,6613,0.7222894299107819,0.22652351429003478,3.576137910176924,0.3683779424366147,2287,0.04703476482617587,0.6605316973415133,0.09961977186311786,0.37566539923954373,7416,0.5667925206760166,0.6871628910463862,3.4467367853290183,0.37420217547644724,15.3,15.12,14.12,14.2,-2,-4,-1
947,1205741324,3,16,15,19,14,3204,0.7523197715917203,0.24696645253390434,0.8413488114980652,0.15809839690436706,462,0.9159451659451661,0.15151515151515152,7.03030303030303,0.4431818181818182,3955,0.8937669376693766,0.02113821138211382,0.9607750472589792,0.008506616257088847,6622,0.722339675828048,0.2265176683781335,3.575354877680459,0.36833031309775494,2292,0.046890927624872576,0.6595310907237513,0.09946848899012908,0.37509491268033407,7423,0.5669765144371106,0.6873231846962145,3.4471238043917554,0.3742197673896447,15.32,15.12,14.26,14.16,1,-3,2
948,1205741325,3,14,15,16,14,3208,0.7526728439059159,0.2466143977191732,0.8409718387631143,0.15847598012147984,462,0.9159451659451661,0.15151515151515152,7.03030303030303,0.4431818181818182,3959,0.8933982683982684,0.021103896103896104,0.9603212092583845,0.008502598016060462,6629,0.7224820234323931,0.2262784733745663,3.5751998793181476,0.36824307336450945,2295,0.04679552390640895,0.6602238046795524,0.09939301972685888,0.37556904400606983,7431,0.5671062665410674,0.6873906607455255,3.4466424438164447,0.37422060736554064,15.3,15.08,14.3,14.14,-1,-2,0
949,1205741326,3,16,16,13,15,3209,0.7528490028490028,0.24643874643874644,0.8409718387631143,0.15847598012147984,463,0.9161267098632111,0.1511879049676026,7.0302375809935205,0.4427645788336933,3962,0.8934559221200649,0.021092482422931314,0.9603586597451628,0.008494572911750826,6637,0.7222891868816234,0.2266084074129878,3.574657224649691,0.36821355029882974,2297,0.046747967479674794,0.6595528455284553,0.09931766489764973,0.3752843062926459,7438,0.5669534821188499,0.6874159720354934,3.445953213229363,0.3742717576409428,15.34,15.08,14.28,14.16,0,3,1
950,1205741327,3,17,18,13,15,3214,0.7533759772565742,0.2459132906894101,0.8405956977385549,0.1588527302813017,463,0.9161267098632111,0.1511879049676026,7.0302375809935205,0.4427645788336933,3966,0.8935135135135135,0.02108108108108108,0.9604147031102733,0.008482563619227144,6642,0.7224229649703905,0.22658837699488105,3.5749774164408312,0.368237478671083,2302,0.046700507614213196,0.6588832487309645,0.09901738473167045,0.3764172335600907,7445,0.5670472352809499,0.687441235728677,3.445668233713902,0.37431161853593004,15.38,15.14,14.24,14.14,-1,4,2
951,1205741328,3,15,16,18,15,3217,0.7533759772565742,0.2459132906894101,0.8403083700440529,0.15914096916299558,463,0.9161267098632111,0.1511879049676026,7.0302375809935205,0.4427645788336933,3973,0.8932038834951457,0.021574973031283712,0.9604705882352941,0.008470588235294117,6646,0.7223643294212059,0.22660246764971412,3.574631357207343,0.36827916541277955,2305,0.046700507614213196,0.6588832487309645,0.09879336349924585,0.37631975867269984,7454,0.5674358286378686,0.6872819962436276,3.4467400053662463,0.37426214113227785,15.38,15.14,14.28,14.1,-1,-3,0
952,1205741329,3,16,16,15,15,3222,0.7531914893617021,0.24609929078014184,0.8399339933993399,0.15951595159515952,463,0.9161267098632111,0.1511879049676026,7.0302375809935205,0.4427645788336933,3977,0.8933189655172413,0.021551724137931036,0.9605077574047954,0.00846262341325811,6654,0.7224226029455968,0.22648031259392845,3.573639915840096,0.3682997695621681,2306,0.046700507614213196,0.6588832487309645,0.0987189148455162,0.37678975131876413,7461,0.5677076352589027,0.6873073314569093,3.4469910199705134,0.37424607961399264,15.36,15.1,14.32,14.12,0,1,1
953,1205741330,3,17,16,16,14,3227,0.7537154989384289,0.24557678697806087,0.8401098901098901,0.15934065934065933,463,0.9161267098632111,0.1511879049676026,7.0302375809935205,0.4427645788336933,3982,0.8933764135702746,0.021540118470651588,0.9605818864382919,0.008446738620366025,6658,0.722439170922199,0.2264944427756083,3.57389606488435,0.3683413437468709,2308,0.04665314401622718,0.6592292089249493,0.09864457831325302,0.3772590361445783,7470,0.5677599286033028,0.6870147255689424,3.4471218206157963,0.37423025435073615,15.38,15.08,14.32,14.12,1,1,3
954,1205741331,3,17,16,16,14,3228,0.7538896746817539,0.2454031117397454,0.8401098901098901,0.15934065934065933,463,0.9161267098632111,0.1511879049676026,7.0302375809935205,0.4427645788336933,3988,0.8935483870967742,0.021505376344086023,0.9606373008434864,0.008434864104967198,6665,0.7221305326331584,0.22655663915978994,3.5735933983495873,0.36829207301825456,2308,0.04665314401622718,0.6592292089249493,0.09864457831325302,0.3772590361445783,7480,0.567736185383245,0.6871657754010695,3.4466577540106953,0.37413101604278065,15.4,15.1,14.36,14.1,1,1,3
955,1205741332,3,12,12,12,15,3230,0.7533568904593639,0.24593639575971732,0.8401976935749588,0.15925315760571115,463,0.9161267098632111,0.1511879049676026,7.0302375809935205,0.4427645788336933,3989,0.893068242880172,0.021493820526598602,0.9606373008434864,0.008434864104967198,6681,0.7217482412812455,0.22646310432569974,3.577009429726089,0.368457815696253,2319,0.047522750252780584,0.6572295247724975,0.09805389221556886,0.3772455089820359,7480,0.567736185383245,0.6871657754010695,3.4466577540106953,0.37413101604278065,15.38,15.1,14.36,14.14,0,0,-3
956,1205741333,3,18,18,16,14,3230,0.7533568904593639,0.24593639575971732,0.8401976935749588,0.15925315760571115,464,0.916307471264368,0.15086206896551724,7.030172413793103,0.4423491379310345,3991,0.89312567132116,0.021482277121374866,0.9606557377049181,0.008430913348946136,6689,0.721782030198834,0.22649125429810135,3.5760203318881745,0.3684282653112074,2321,0.047522750252780584,0.6572295247724975,0.09865470852017937,0.3774289985052317,7489,0.5679218409222423,0.6875417278675391,3.4461209774335693,0.37411536920817184,15.4,15.12,14.44,14.14,0,2,4
957,1205741334,3,14,12,12,13,3236,0.7531734837799718,0.2461212976022567,0.8404605263157895,0.15899122807017543,465,0.9164874551971328,0.15053763440860216,7.030107526881721,0.44193548387096776,3994,0.8932403433476395,0.02145922746781116,0.9606741573033708,0.008426966292134831,6694,0.7216163728712282,0.22647146698536003,3.5766357932476844,0.3684145005477542,2323,0.047474747474747475,0.6575757575757576,0.09858103061986558,0.3771471247199403,7499,0.5676312397208524,0.6876916922256301,3.4453927190292037,0.3740832110948125,15.38,15.08,14.44,14.08,2,2,1
958,1205741335,3,15,16,13,16,3239,0.7526427061310782,0.24665257223396758,0.8400876232201533,0.1593647316538883,466,0.9166666666666669,0.15021459227467812,7.030042918454936,0.44206008583690987,3999,0.8933547695605574,0.021436227224008574,0.9602618045815802,0.008415147265077139,6701,0.7217579465751381,0.22638412177286973,3.5763318907625727,0.3683281102323036,2324,0.047474747474747475,0.6575757575757576,0.09850746268656717,0.376865671641791,7507,0.5675369654988685,0.687491674437192,3.4451844944718264,0.37421739709604357,15.36,15.1,14.4,14.08,-1,2,-1
959,1205741336,3,15,16,14,15,3241,0.7526427061310782,0.24665257223396758,0.8402625820568927,0.15919037199124728,466,0.9166666666666669,0.15021459227467812,7.030042918454936,0.44206008583690987,4003,0.8935828877005347,0.0213903743315508,0.9602618045815802,0.008415147265077139,6706,0.721368923352222,0.22666269012824336,3.576498657918282,0.36831444477582265,2325,0.047474747474747475,0.6575757575757576,0.09843400447427293,0.3773303504847129,7516,0.5675226184140507,0.687466737626397,3.4449175093134645,0.37420170303352834,15.34,15.16,14.42,14.08,-1,1,0
960,1205741337,3,14,17,15,12,3245,0.7528169014084507,0.24647887323943662,0.8399781540141998,0.1594756963407974,466,0.9166666666666669,0.15021459227467812,7.030042918454936,0.44206008583690987,4008,0.8937533368926855,0.021356113187399894,0.9602989257356376,0.008407286314806165,6712,0.721543504171633,0.2267580452920143,3.5768772348033373,0.3682831744139849,2329,0.047379032258064516,0.657258064516129,0.09828741623231571,0.37751303052866714,7524,0.5675615807194762,0.6874003189792663,3.4461722488038276,0.37420255183413065,15.34,15.22,14.42,14.02,-3,-1,2
961,1205741338,3,16,14,14,14,3249,0.752990851513019,0.24630541871921183,0.8396946564885496,0.15976008724100327,467,0.9168451106352606,0.14989293361884368,7.029978586723769,0.4416488222698073,4010,0.8938100320170758,0.021344717182497332,0.9603174603174603,0.008403361344537815,6722,0.7215114549241298,0.22656947337102054,3.5754239809580484,0.3681444014678171,2331,0.047283702213279676,0.6579476861167002,0.09828741623231571,0.37751303052866714,7532,0.567489821207294,0.6872012745618693,3.445432819968136,0.3743361656930429,15.34,15.18,14.36,14.08,2,2,2
962,1205741339,3,17,13,16,16,3255,0.7528089887640449,0.24648876404494383,0.839412084921067,0.16004354926510614,467,0.9168451106352606,0.14989293361884368,7.029978586723769,0.4416488222698073,4015,0.8939797549280767,0.021310602024507193,0.9603544776119403,0.008395522388059701,6727,0.7217184480451911,0.22640107031366136,3.576036866359447,0.3680565878796888,2334,0.047283702213279676,0.6579476861167002,0.09806835066864784,0.3774145616641902,7540,0.5675508399646337,0.6874005305039788,3.4450928381962864,0.3743368700265251,15.36,15.12,14.38,14.16,4,1,1
963,1205741340,3,13,18,15,14,3259,0.7528089887640449,0.24648876404494383,0.8386746333514394,0.16078218359587182,467,0.9168451106352606,0.14989293361884368,7.029978586723769,0.4416488222698073,4017,0.8940926024481107,0.021287919105907396,0.9603544776119403,0.008395522388059701,6735,0.721752041573868,0.22628062360801782,3.575946547884187,0.3679905963870329,2335,0.047283702213279676,0.6579476861167002,0.09799554565701558,0.37787676317743135,7550,0.5673289183222965,0.6874172185430464,3.446092715231788,0.37427152317880785,15.32,15.18,14.4,14.14,-5,-2,-1
964,1205741341,3,14,13,13,15,3263,0.7529824561403509,0.2463157894736842,0.8383947939262473,0.16106290672451193,467,0.9168451106352606,0.14989293361884368,7.029978586723769,0.4416488222698073,4019,0.8936170212765957,0.02127659574468085,0.9603729603729604,0.008391608391608392,6746,0.721835161577231,0.22635635932404388,3.57560035576638,0.3679464373949995,2339,0.04714142427281846,0.6569709127382146,0.09792284866468842,0.3775964391691395,7555,0.5672843591440554,0.6876240900066182,3.4467240238252814,0.3743547319655856,15.36,15.2,14.42,14.18,1,1,-1
965,1205741342,3,16,14,13,17,3266,0.7526278906797477,0.24667133847231956,0.8384823848238483,0.16097560975609757,468,0.9170227920227921,0.14957264957264957,7.02991452991453,0.4412393162393162,4028,0.8938428874734607,0.021231422505307854,0.9604651162790697,0.008372093023255815,6748,0.7218435091879076,0.22628927089508002,3.5761707172495556,0.3679485279589014,2341,0.04809619238476954,0.656312625250501,0.09785025945144551,0.37731653076352856,7564,0.5667746342323292,0.6874669487043892,3.4464569011105235,0.37453728186144886,15.4,15.18,14.4,14.24,2,3,-1
966,1205741343,3,15,14,13,15,3267,0.7528011204481793,0.24649859943977592,0.8384823848238483,0.16097560975609757,468,0.9170227920227921,0.14957264957264957,7.02991452991453,0.4412393162393162,4034,0.8934252386002121,0.021208907741251327,0.9605385329619313,0.008356545961002786,6754,0.7217944921527985,0.22653242522949363,3.577731714539532,0.36799180732405484,2342,0.04804804804804805,0.6556556556556556,0.09785025945144551,0.37731653076352856,7574,0.5668185018924398,0.6872194349088989,3.4487721151307102,0.37460390810668065,15.4,15.18,14.4,14.24,1,2,0
967,1205741344,3,14,16,17,14,3271,0.7529741077676697,0.2463261021693492,0.8387445887445888,0.16071428571428573,468,0.9170227920227921,0.14957264957264957,7.02991452991453,0.4412393162393162,4035,0.8934817170111288,0.021197668256491786,0.9605385329619313,0.008356545961002786,6765,0.7218773096821879,0.22645971914264598,3.5794530672579454,0.36805863513180587,2344,0.04804804804804805,0.6556556556556556,0.09770540340488527,0.3774981495188749,7582,0.5667040358744402,0.6874175679240306,3.4493537325243997,0.374571353204959,15.38,15.2,14.5,14.3,-2,-3,0
968,1205741345,3,15,16,15,15,3277,0.7527932960893855,0.24650837988826815,0.8390059427336575,0.16045380875202594,468,0.9170227920227921,0.14957264957264957,7.02991452991453,0.4412393162393162,4039,0.8935944944415034,0.021175224986765485,0.9601113172541744,0.008348794063079777,6770,0.7217872968980799,0.22644017725258495,3.5791728212703102,0.3680083702609552,2345,0.048,0.656,0.09770540340488527,0.3774981495188749,7591,0.5667566855486768,0.6873929653537083,3.4493479120010537,0.3745883282834935,15.36,15.16,14.44,14.3,-1,0,0
969,1205741346,3,19,13,13,13,3281,0.7531380753138075,0.24616457461645747,0.8386400431732326,0.16082029141932003,469,0.9171997157071785,0.14925373134328357,7.029850746268656,0.44136460554371004,4045,0.8937632135306554,0.021141649048625793,0.9601667438628995,0.008337193144974525,6775,0.7217712177121772,0.22656826568265684,3.5788929889298893,0.36803198031980316,2348,0.04795204795204795,0.6563436563436563,0.0975609756097561,0.376940133037694,7597,0.5668355929972365,0.6873765960247467,3.4484664999341845,0.3745886534158219,15.4,15.08,14.42,14.24,6,6,6
970,1205741347,3,16,17,15,15,3285,0.7533101045296168,0.245993031358885,0.8389008620689655,0.16056034482758622,469,0.9171997157071785,0.14925373134328357,7.029850746268656,0.44136460554371004,4049,0.8938193343898574,0.021130480718436345,0.9602220166512488,0.008325624421831638,6782,0.7215914676103412,0.2267767620171041,3.5785903863167206,0.368020741177627,2350,0.047856430707876374,0.6560319042871385,0.0975609756097561,0.376940133037694,7605,0.5667652859960559,0.6870479947403024,3.4489151873767256,0.3746548323471399,15.42,15.1,14.44,14.24,-1,1,1
971,1205741348,3,14,14,11,15,3291,0.7527855153203342,0.24651810584958217,0.8393336915636754,0.1601289629231596,470,0.9173758865248228,0.14893617021276595,7.029787234042553,0.4409574468085106,4051,0.8938753959873285,0.021119324181626188,0.9602404068423486,0.008321775312066574,6790,0.7215513009327443,0.2268041237113402,3.5783505154639177,0.36791850760922923,2353,0.04776119402985075,0.6557213930348259,0.09748892171344166,0.3766617429837518,7612,0.5666382028376256,0.6870730425643721,3.4495533368365736,0.37454019968470825,15.44,15.08,14.34,14.3,0,3,-1
972,1205741349,3,15,17,15,15,3294,0.7531293463143255,0.24617524339360222,0.8394199785177229,0.16004296455424274,470,0.9173758865248228,0.14893617021276595,7.029787234042553,0.4409574468085106,4056,0.8940432261465472,0.021085925144965736,0.9602771362586605,0.008314087759815243,6798,0.7215847798372071,0.22683142100617829,3.5779641070903208,0.3678900657055997,2356,0.04771371769383698,0.6560636182902585,0.09734513274336283,0.37684365781710916,7620,0.5669181977252851,0.687007874015748,3.4490813648293965,0.37455161854768143,15.42,15.1,14.36,14.34,-2,0,0
973,1205741350,3,17,17,14,16,3295,0.7533009034051424,0.24600416956219598,0.8394199785177229,0.16004296455424274,471,0.9175513092710547,0.14861995753715498,7.029723991507431,0.440552016985138,4062,0.8942105263157895,0.021052631578947368,0.9603321033210332,0.008302583025830259,6802,0.7216749975497404,0.2269920611584828,3.577624228168186,0.36790649808879744,2358,0.047666335650446874,0.6564051638530288,0.09727339719970524,0.3765659543109801,7631,0.5669309395885213,0.6869348709212423,3.4492202856768444,0.3746014065434848,15.42,15.14,14.32,14.36,0,3,1
974,1205741351,3,17,13,15,15,3303,0.752770083102493,0.24653739612188366,0.8396782841823056,0.15978552278820377,471,0.9175513092710547,0.14861995753715498,7.029723991507431,0.440552016985138,4065,0.8942105263157895,0.021052631578947368,0.9603869184707509,0.008291110087517274,6809,0.7217408332109464,0.22719929505066824,3.5776178587164047,0.36796886473784696,2360,0.047619047619047616,0.6557539682539683,0.09720176730486009,0.37628865979381443,7637,0.5670092968443113,0.6869189472305879,3.448867356291738,0.3746671904325432,15.42,15.1,14.32,14.36,4,2,2
975,1205741352,3,13,11,12,11,3309,0.7531120331950207,0.24619640387275243,0.8394863563402889,0.15997859818084537,473,0.9178999295278366,0.14799154334038056,7.029598308668076,0.4397463002114165,4066,0.8942661756970016,0.021041557075223566,0.9603869184707509,0.008291110087517274,6821,0.721350730586913,0.22709280164198797,3.579680398768509,0.3679812344231051,2362,0.04757185332011893,0.6560951437066402,0.09713024282560706,0.376747608535688,7640,0.5671138743455505,0.6870418848167539,3.449607329842932,0.3746509598603838,15.36,15.06,14.3,14.3,2,1,2
976,1205741353,3,17,18,14,13,3314,0.7534530386740331,0.24585635359116023,0.8397435897435898,0.1597222222222222,473,0.9178999295278366,0.14799154334038056,7.029598308668076,0.4397463002114165,4070,0.8943772990015765,0.021019442984760904,0.9604233778186838,0.008283479061205707,6829,0.7214819153609607,0.22711963684287598,3.5798799238541514,0.3680748767511105,2365,0.047524752475247525,0.6554455445544555,0.09698750918442321,0.3761939750183688,7646,0.5670612084750203,0.687156683233063,3.449385299503008,0.3746185369256255,15.42,15.14,14.28,14.3,-1,3,4
977,1205741354,3,18,17,13,14,3317,0.7537931034482759,0.24551724137931036,0.8392952482648158,0.1601708489054992,473,0.9178999295278366,0.14799154334038056,7.029598308668076,0.4397463002114165,4077,0.8944881889763779,0.02099737532808399,0.960514233241506,0.008264462809917356,6836,0.7216208308952605,0.22717963721474546,3.579578700994734,0.3680271113711722,2368,0.04743083003952569,0.6551383399209486,0.09691629955947137,0.37591776798825255,7652,0.5674006795608998,0.6870099320439101,3.449555671719812,0.3745534936400069,15.44,15.18,14.22,14.32,1,5,4
978,1205741355,3,15,14,17,14,3321,0.7543014452856159,0.24501032346868548,0.8393810032017076,0.16008537886872998,473,0.9178999295278366,0.14799154334038056,7.029598308668076,0.4397463002114165,4081,0.8945988463555322,0.02097535395909806,0.9605504587155963,0.008256880733944955,6842,0.7217187956737797,0.22727272727272727,3.580385852090032,0.36799668712851996,2370,0.04738400789733465,0.6544916090819348,0.09684519442406456,0.3763756419662509,7661,0.5676478266544844,0.6872470956794152,3.4499412609319933,0.37452682417438965,15.48,15.16,14.32,14.26,1,-2,1
979,1205741356,3,17,18,15,15,3328,0.7542896362388469,0.24502402196293754,0.8396377197655833,0.15982951518380395,473,0.9178999295278366,0.14799154334038056,7.029598308668076,0.4397463002114165,4087,0.894185437401781,0.021477213200628602,0.9606227106227107,0.008241758241758242,6846,0.7216622845457202,0.22743207712532865,3.5806310254163014,0.3679642613691694,2370,0.04738400789733465,0.6544916090819348,0.09684519442406456,0.3763756419662509,7669,0.5674468639979144,0.6871821619507107,3.44960229495371,0.3745925153214238,15.52,15.2,14.36,14.26,-1,2,2
980,1205741357,3,17,16,18,15,3334,0.7546264564770391,0.2446881425633996,0.8399787347155768,0.1594896331738437,473,0.9178999295278366,0.14799154334038056,7.029598308668076,0.4397463002114165,4090,0.8942408376963351,0.021465968586387434,0.9606587374199451,0.008234217749313814,6854,0.7217683104756348,0.22745841844178583,3.5805369127516777,0.3679846318451513,2372,0.048323471400394474,0.6538461538461539,0.0967741935483871,0.37609970674486803,7676,0.5673202188639924,0.6872068785825951,3.4488014590932776,0.374511464304325,15.54,15.18,14.44,14.3,1,-1,2
981,1205741358,3,15,16,13,13,3340,0.7549623545516769,0.24435318275154005,0.8392572944297082,0.16021220159151195,473,0.9178999295278366,0.14799154334038056,7.029598308668076,0.4397463002114165,4094,0.8942961800104657,0.021454735740450027,0.9607126541799909,0.008222932846048425,6860,0.7218658892128281,0.22740524781341107,3.580612244897959,0.367893586005831,2373,0.048323471400394474,0.6538461538461539,0.0967032967032967,0.37655677655677655,7685,0.5673715029277822,0.6870527000650618,3.4486662329212754,0.3743981782693558,15.54,15.18,14.44,14.28,-1,2,2
982,1205741359,3,13,12,13,11,3341,0.7549623545516769,0.24435318275154005,0.8393425238600212,0.16012725344644752,473,0.9178999295278366,0.14799154334038056,7.029598308668076,0.4397463002114165,4095,0.8943514644351465,0.021443514644351465,0.9607126541799909,0.008222932846048425,6869,0.7217207744941041,0.2272528752365701,3.5805794147619743,0.3678483039743777,2377,0.04827586206896552,0.6532019704433497,0.09649122807017543,0.37719298245614036,7694,0.5671194003985797,0.6872887964647777,3.449181180140369,0.37441512867169213,15.46,15.12,14.4,14.22,1,0,2
983,1205741360,3,18,18,15,14,3343,0.7551299589603283,0.2441860465116279,0.8394276629570747,0.160042395336513,473,0.9178999295278366,0.14799154334038056,7.029598308668076,0.4397463002114165,4101,0.8944618599791013,0.021421107628004178,0.9607843137254902,0.008207934336525308,6873,0.7216402347349533,0.22726611377855377,3.580532518550851,0.367925214607886,2378,0.04822834645669291,0.6535433070866141,0.09649122807017543,0.37719298245614036,7704,0.5671620803046042,0.6875649013499481,3.4485981308411215,0.37441588785046714,15.5,15.16,14.46,14.2,0,3,4
984,1205741361,3,14,14,14,14,3347,0.7542662116040956,0.24505119453924915,0.8395127118644068,0.15995762711864406,474,0.9180731364275669,0.14767932489451477,7.029535864978903,0.439873417721519,4102,0.8944618599791013,0.021421107628004178,0.9608021877848678,0.008204193254329991,6883,0.7218993655867113,0.22751707104460264,3.5804155164899027,0.36792338612039327,2382,0.0481335952848723,0.6542239685658153,0.09635036496350365,0.37737226277372266,7711,0.5670578826784253,0.6875891583452212,3.44793152639087,0.3744974711451172,15.52,15.2,14.46,14.24,0,0,0
985,1205741362,3,15,13,14,14,3349,0.7544338335607094,0.24488403819918145,0.8390682901005824,0.16040232927474854,475,0.9171929824561406,0.14736842105263157,7.029473684210526,0.44,4110,0.8947368421052632,0.02136529442417926,0.9608557123350022,0.008192990441511151,6887,0.7219156865592179,0.22738492812545374,3.5805140119064904,0.36785489569720736,2385,0.04808635917566242,0.6545632973503435,0.09693877551020408,0.37682215743440234,7719,0.5670963423586826,0.687524290711232,3.448244591268299,0.3745303795828474,15.52,15.2,14.52,14.26,2,1,1
986,1205741363,3,15,16,13,15,3353,0.7547683923705722,0.24455040871934605,0.8392384981491274,0.16023268112109995,477,0.9164919636617751,0.1488469601677149,7.029350104821803,0.44025157232704404,4116,0.8942708333333333,0.021354166666666667,0.96094459582198,0.008174386920980926,6894,0.7216178319311479,0.22773426167682043,3.582535538149115,0.367904457982787,2387,0.04803921568627451,0.653921568627451,0.0968681718863802,0.37654770575382374,7723,0.5670615909189007,0.6874271656092192,3.4480124304026933,0.3745629936553152,15.5,15.26,14.44,14.3,-1,2,0
987,1205741364,3,14,18,17,16,3359,0.754421768707483,0.24489795918367346,0.8390501319261213,0.1604221635883905,477,0.9164919636617751,0.1488469601677149,7.029350104821803,0.44025157232704404,4123,0.8933957358294332,0.0218408736349454,0.9610154125113327,0.008159564823209429,6902,0.7215782864870087,0.22747029846421327,3.583309185743263,0.3678764609291993,2389,0.047992164544564155,0.653281096963761,0.09679767103347889,0.37627365356623,7730,0.567194911599828,0.6875808538163001,3.4469598965071153,0.37448253557567907,15.44,15.3,14.46,14.26,-4,-3,-2
988,1205741365,3,14,13,16,14,3365,0.7533967391304348,0.24592391304347827,0.8388625592417062,0.16061084781463927,477,0.9164919636617751,0.1488469601677149,7.029350104821803,0.44025157232704404,4130,0.8935064935064935,0.02181818181818182,0.9611035730438715,0.008141112618724558,6907,0.7217798368804595,0.2275951932821775,3.5830317069639497,0.36780319482650453,2390,0.047992164544564155,0.653281096963761,0.09672727272727273,0.376,7739,0.5673751992074778,0.6871688848688461,3.447215402506784,0.37452082525735436,15.48,15.24,14.52,14.28,1,-2,0
989,1205741366,3,15,16,13,16,3370,0.753731343283582,0.24559023066485752,0.8391167192429022,0.16035751840168244,477,0.9164919636617751,0.1488469601677149,7.029350104821803,0.44025157232704404,4131,0.8935064935064935,0.02181818181818182,0.961121157323689,0.0081374321880651,6917,0.7218206351501133,0.22741072719387018,3.5840682376752926,0.3677413136716303,2394,0.047992164544564155,0.653281096963761,0.09644670050761421,0.3763596809282089,7745,0.5670647729718102,0.6870238863783086,3.447901872175597,0.3745534753604475,15.48,15.28,14.52,14.38,-1,2,-1
990,1205741367,3,16,14,13,14,3375,0.7542315504400813,0.24509140148950576,0.8387605042016807,0.16071428571428573,477,0.9164919636617751,0.1488469601677149,7.029350104821803,0.44025157232704404,4136,0.8935617860851506,0.021806853582554516,0.9611913357400722,0.008122743682310469,6922,0.7218048733506695,0.22753539439468362,3.5862467494943657,0.36769238177790625,2395,0.047992164544564155,0.653281096963761,0.0963768115942029,0.3760869565217391,7752,0.5669827141382874,0.6869195046439629,3.448658410732714,0.37466675266597854,15.52,15.22,14.5,14.38,2,3,2
991,1205741368,3,16,16,13,15,3381,0.754054054054054,0.24527027027027026,0.8390141583639223,0.16046145778710016,477,0.9164919636617751,0.1488469601677149,7.029350104821803,0.44025157232704404,4142,0.8937273198548471,0.02177293934681182,0.9612438035150969,0.00811176205497972,6926,0.7215323900279142,0.22754836846664742,3.5859081721051114,0.36766050630474545,2396,0.047992164544564155,0.653281096963761,0.09630702389572773,0.3765387400434468,7761,0.5670553622814934,0.68689601855431,3.448138126530086,0.37468324528626024,15.48,15.18,14.46,14.38,0,3,1
992,1205741369,3,15,15,14,16,3383,0.7535449020931803,0.24577987846049967,0.839098532494759,0.16037735849056603,478,0.9166666666666669,0.14853556485355648,7.02928870292887,0.4398535564853556,4146,0.893837389953392,0.021750388399792854,0.9612787032868078,0.00810445745159838,6933,0.7215250733208328,0.2276070964950238,3.5854608394634355,0.3675777681619309,2399,0.04794520547945205,0.6526418786692759,0.09616775126536514,0.3767172812725958,7770,0.5672350922350927,0.6866151866151866,3.4485199485199485,0.3746675246675245,15.42,15.22,14.48,14.4,0,1,-1
993,1205741370,3,16,14,11,14,3386,0.7538772757923129,0.2454484153742414,0.8386589837611315,0.1608171817705605,479,0.9168406402226863,0.14822546972860126,7.029227557411273,0.4394572025052192,4153,0.8941115702479339,0.02169421487603306,0.9613135402609086,0.008097165991902834,6939,0.7215496949608494,0.22755440265167892,3.587116299178556,0.36768026132487874,2401,0.04794520547945205,0.6526418786692759,0.09675090252707581,0.376173285198556,7777,0.567431743174318,0.6866400925806866,3.4485019930564484,0.37461960481762446,15.46,15.28,14.42,14.48,2,5,2
994,1205741371,3,18,17,13,16,3390,0.7540431266846361,0.24528301886792453,0.8389121338912134,0.16056485355648537,480,0.917013888888889,0.14791666666666667,7.029166666666667,0.4390625,4157,0.8942208462332302,0.021671826625386997,0.9613483146067415,0.008089887640449439,6945,0.7216702663786898,0.22764578833693305,3.5887688984881208,0.3677585793136549,2402,0.04794520547945205,0.6526418786692759,0.09668109668109669,0.3759018759018759,7783,0.5676367296243956,0.6866246948477451,3.4489271489143003,0.3745877767784486,15.5,15.3,14.38,14.5,1,5,2
995,1205741372,3,17,16,15,14,3391,0.7535353535353535,0.24579124579124578,0.8389121338912134,0.16056485355648537,481,0.9171864171864174,0.14760914760914762,7.029106029106029,0.4391891891891892,4164,0.8944387229660145,0.021627188465499485,0.9614003590664273,0.00807899461400359,6951,0.7219105164724502,0.2278808804488563,3.5878290893396634,0.36765693185632764,2402,0.04794520547945205,0.6526418786692759,0.09668109668109669,0.3759018759018759,7790,0.5677685066324353,0.686777920410783,3.448780487804878,0.3745400085579802,15.52,15.32,14.42,14.46,1,2,3
996,1205741373,3,14,14,15,11,3393,0.7535353535353535,0.24579124579124578,0.8390804597701149,0.16039707419017765,482,0.9173582295988937,0.14730290456431536,7.029045643153527,0.43931535269709543,4169,0.8945473251028807,0.021604938271604937,0.9614522635589422,0.008068130883012102,6955,0.7217828900071892,0.22803738317757008,3.587778576563623,0.3675892643182363,2405,0.047898338220918865,0.6529814271749755,0.09654178674351585,0.3760806916426513,7799,0.5678612642646498,0.6867547121425824,3.4489037056032825,0.37455656708124957,15.52,15.28,14.36,14.38,0,-1,3
997,1205741374,3,16,16,17,12,3397,0.753866845998655,0.24546065904505715,0.8392484342379958,0.16022964509394572,482,0.9173582295988937,0.14730290456431536,7.029045643153527,0.43931535269709543,4174,0.894655704008222,0.02158273381294964,0.9615040286481648,0.008057296329453895,6962,0.7216317150244184,0.22795173800632001,3.5874748635449585,0.3677223977784162,2406,0.047898338220918865,0.6529814271749755,0.0964722822174226,0.37652987760979123,7806,0.5678644632334107,0.6867794004611837,3.44952600563669,0.3746050046972413,15.52,15.3,14.32,14.34,0,-1,4
998,1205741375,3,15,15,13,10,3399,0.7535258562793822,0.2458025520483546,0.8392484342379958,0.16022964509394572,486,0.912894375857339,0.1522633744855967,7.02880658436214,0.43878600823045266,4177,0.8947638603696099,0.021560574948665298,0.9615212527964205,0.008053691275167786,6968,0.7215126291618831,0.22804247990815155,3.5882606199770377,0.3676569077688481,2407,0.0478515625,0.65234375,0.0964722822174226,0.37652987760979123,7815,0.5678716144167204,0.6867562380038388,3.450927703134997,0.374685433994455,15.54,15.3,14.26,14.26,0,2,5
999,1205741376,3,16,15,13,14,3399,0.7535258562793822,0.2458025520483546,0.8392484342379958,0.16022964509394572,486,0.912894375857339,0.1522633744855967,7.02880658436214,0.43878600823045266,4182,0.8949256791389031,0.021527421834956432,0.9615556548949485,0.008046490835940992,6972,0.7213855421686748,0.22805507745266781,3.5886402753872635,0.36762526295658826,2408,0.04780487804878049,0.6526829268292683,0.0964722822174226,0.37652987760979123,7829,0.5680695704006475,0.6865500063865116,3.4529314088644782,0.37462213139183365,15.54,15.28,14.26,14.24,1,3,2
1000,1205741377,3,16,16,14,17,3404,0.7533512064343163,0.24597855227882037,0.8388946819603754,0.16058394160583941,486,0.912894375857339,0.1522633744855967,7.02880658436214,0.43878600823045266,4185,0.8949256791389031,0.021527421834956432,0.9616071428571429,0.008035714285714285,6977,0.7215852085423535,0.2278916439730543,3.5883617600687976,0.3675409679422866,2413,0.048638132295719845,0.6527237354085603,0.09633357296908698,0.3767074047447879,7836,0.5682001871703254,0.6867023991832568,3.4530372639101583,0.3745746128977368,15.52,15.24,14.28,14.28,0,2,-1
