game,seed,teamset,adaptive_persistent,adaptive_reset,full,intentional,p1_resp_obs,p1_p_play_num,p1_p_disc_num,p1_p_play_color,p1_p_disc_color,p1_giving_obs,p1_giving_play_bias,p1_giving_color_bias,p1_giving_conservatism,p1_giving_coverage,p2_resp_obs,p2_p_play_num,p2_p_disc_num,p2_p_play_color,p2_p_disc_color,p2_giving_obs,p2_giving_play_bias,p2_giving_color_bias,p2_giving_conservatism,p2_giving_coverage,p3_resp_obs,p3_p_play_num,p3_p_disc_num,p3_p_play_color,p3_p_disc_color,p3_giving_obs,p3_giving_play_bias,p3_giving_color_bias,p3_giving_conservatism,p3_giving_coverage,ma50_adaptive_persistent,ma50_adaptive_reset,ma50_full,ma50_intentional,diff_persistent_reset,diff_persistent_full,diff_persistent_intentional
1,1205740378,4,15,15,15,15,5,0.5714285714285714,0.14285714285714285,0.5,0.25,7,0.14285714285714285,0.5714285714285714,3.142857142857143,0.35714285714285715,6,0.3333333333333333,0.16666666666666666,0.3333333333333333,0.16666666666666666,6,0.75,0.8333333333333334,4.0,0.3333333333333333,3,0.25,0.5,0.6,0.2,0,0.5,0.5,4.0,0.5,15.0,15.0,15.0,15.0,0,0,0
2,1205740379,4,15,14,14,14,10,0.6,0.1,0.5,0.16666666666666666,15,0.3333333333333333,0.6,3.466666666666667,0.38333333333333336,7,0.3333333333333333,0.16666666666666666,0.2857142857142857,0.2857142857142857,16,0.65625,0.6875,4.0625,0.375,4,0.2,0.4,0.6,0.2,0,0.5,0.5,4.0,0.5,15.0,14.5,14.5,14.5,1,1,1
3,1205740380,4,16,15,15,12,11,0.5454545454545454,0.09090909090909091,0.5,0.16666666666666666,21,0.5,0.5714285714285714,3.7142857142857144,0.40476190476190477,12,0.2,0.1,0.375,0.25,24,0.5625,0.7083333333333334,3.7916666666666665,0.375,7,0.2,0.4,0.625,0.125,0,0.5,0.5,4.0,0.5,15.333333333333334,14.666666666666666,14.666666666666666,13.666666666666666,1,1,4
4,1205740381,4,15,15,14,11,15,0.5333333333333333,0.06666666666666667,0.5,0.16666666666666666,32,0.421875,0.625,3.75,0.3671875,14,0.18181818181818182,0.09090909090909091,0.3333333333333333,0.2222222222222222,32,0.5885416666666667,0.71875,3.96875,0.3828125,9,0.16666666666666666,0.3333333333333333,0.6666666666666666,0.1111111111111111,0,0.5,0.5,4.0,0.5,15.25,14.75,14.5,13.0,0,1,4
5,1205740382,4,16,17,17,14,19,0.5555555555555556,0.05555555555555555,0.5714285714285714,0.14285714285714285,39,0.44871794871794873,0.6153846153846154,3.8974358974358974,0.3717948717948718,15,0.18181818181818182,0.09090909090909091,0.3,0.2,38,0.6140350877192983,0.7105263157894737,4.052631578947368,0.3815789473684211,16,0.1111111111111111,0.3333333333333333,0.6923076923076923,0.07692307692307693,0,0.5,0.5,4.0,0.5,15.4,15.2,15.0,13.2,-1,-1,2
6,1205740383,4,15,15,15,12,22,0.55,0.05,0.625,0.125,43,0.45348837209302323,0.627906976744186,3.9069767441860463,0.37209302325581395,17,0.18181818181818182,0.09090909090909091,0.25,0.16666666666666666,48,0.6736111111111112,0.7291666666666666,4.041666666666667,0.3645833333333333,23,0.1,0.4,0.7894736842105263,0.05263157894736842,0,0.5,0.5,4.0,0.5,15.333333333333334,15.166666666666666,15.0,13.0,0,0,3
7,1205740384,4,14,13,14,14,25,0.5454545454545454,0.09090909090909091,0.6666666666666666,0.1111111111111111,50,0.46,0.6,3.88,0.365,19,0.25,0.08333333333333333,0.23076923076923078,0.15384615384615385,55,0.6606060606060606,0.7272727272727273,3.963636363636364,0.36363636363636365,30,0.08333333333333333,0.4166666666666667,0.7916666666666666,0.041666666666666664,0,0.5,0.5,4.0,0.5,15.142857142857142,14.857142857142858,14.857142857142858,13.142857142857142,1,0,0
8,1205740385,4,13,13,13,11,26,0.5454545454545454,0.09090909090909091,0.6,0.1,60,0.45,0.6333333333333333,3.816666666666667,0.3458333333333333,27,0.23529411764705882,0.058823529411764705,0.3125,0.125,61,0.6530054644808744,0.6885245901639344,3.9508196721311477,0.35655737704918034,32,0.08333333333333333,0.4166666666666667,0.8076923076923077,0.038461538461538464,0,0.5,0.5,4.0,0.5,14.875,14.625,14.625,12.875,0,0,2
9,1205740386,4,13,13,13,14,30,0.5416666666666666,0.08333333333333333,0.5833333333333334,0.08333333333333333,71,0.4507042253521127,0.6197183098591549,3.9014084507042255,0.34507042253521125,30,0.25,0.1,0.3125,0.125,66,0.6565656565656566,0.696969696969697,4.0,0.35984848484848486,34,0.08333333333333333,0.4166666666666667,0.7857142857142857,0.03571428571428571,0,0.5,0.5,4.0,0.5,14.666666666666666,14.444444444444445,14.444444444444445,13.0,0,0,-1
10,1205740387,4,14,13,15,12,33,0.5769230769230769,0.07692307692307693,0.5384615384615384,0.07692307692307693,81,0.4691358024691358,0.6296296296296297,3.876543209876543,0.33641975308641975,35,0.2608695652173913,0.08695652173913043,0.2777777777777778,0.1111111111111111,71,0.6666666666666667,0.676056338028169,3.9859154929577465,0.35563380281690143,37,0.08333333333333333,0.4166666666666667,0.7419354838709677,0.03225806451612903,0,0.5,0.5,4.0,0.5,14.6,14.3,14.5,12.9,1,-1,2
11,1205740388,4,13,13,14,15,37,0.6071428571428571,0.07142857142857142,0.6,0.06666666666666667,90,0.4777777777777778,0.6222222222222222,3.8444444444444446,0.33611111111111114,37,0.25,0.08333333333333333,0.2631578947368421,0.10526315789473684,78,0.6581196581196581,0.6923076923076923,3.9615384615384617,0.3557692307692308,43,0.0625,0.4375,0.7272727272727273,0.030303030303030304,0,0.5,0.5,4.0,0.5,14.454545454545455,14.181818181818182,14.454545454545455,13.090909090909092,0,-1,-2
12,1205740389,4,13,16,16,14,40,0.6,0.06666666666666667,0.5625,0.125,98,0.49489795918367346,0.6224489795918368,3.8877551020408165,0.336734693877551,40,0.24,0.08,0.23809523809523808,0.19047619047619047,87,0.6436781609195402,0.6666666666666666,3.9770114942528734,0.3505747126436782,46,0.058823529411764705,0.4117647058823529,0.7428571428571429,0.02857142857142857,0,0.5,0.5,4.0,0.5,14.333333333333334,14.333333333333334,14.583333333333334,13.166666666666666,-3,-3,-1
13,1205740390,4,16,14,15,14,45,0.6060606060606061,0.09090909090909091,0.5,0.1111111111111111,107,0.49065420560747663,0.616822429906542,3.8878504672897196,0.34735202492211836,40,0.24,0.08,0.23809523809523808,0.19047619047619047,96,0.654513888888889,0.6666666666666666,3.9166666666666665,0.3567708333333333,50,0.1111111111111111,0.3888888888888889,0.7368421052631579,0.02631578947368421,0,0.5,0.5,4.0,0.5,14.461538461538462,14.307692307692308,14.615384615384615,13.23076923076923,2,1,2
14,1205740391,4,15,14,13,12,50,0.6216216216216216,0.08108108108108109,0.47368421052631576,0.10526315789473684,115,0.48985507246376814,0.6173913043478261,3.9043478260869566,0.35144927536231885,42,0.2222222222222222,0.07407407407407407,0.23809523809523808,0.19047619047619047,105,0.6746031746031746,0.6571428571428571,3.9523809523809526,0.3523809523809524,52,0.15,0.4,0.7368421052631579,0.02631578947368421,0,0.5,0.5,4.0,0.5,14.5,14.285714285714286,14.5,13.142857142857142,1,2,3
15,1205740392,4,14,14,12,12,58,0.5853658536585366,0.07317073170731707,0.5217391304347826,0.08695652173913043,121,0.48760330578512395,0.6115702479338843,3.9338842975206614,0.35674931129476584,42,0.2222222222222222,0.07407407407407407,0.23809523809523808,0.19047619047619047,114,0.6652046783625731,0.6578947368421053,3.9298245614035086,0.35526315789473684,56,0.13043478260869565,0.391304347826087,0.717948717948718,0.02564102564102564,0,0.5,0.5,4.0,0.5,14.466666666666667,14.266666666666667,14.333333333333334,13.066666666666666,0,2,2
16,1205740393,4,16,14,15,12,63,0.5777777777777777,0.06666666666666667,0.5416666666666666,0.08333333333333333,128,0.48046875,0.609375,3.984375,0.35807291666666663,45,0.2413793103448276,0.06896551724137931,0.2727272727272727,0.18181818181818182,121,0.6680440771349863,0.6446280991735537,3.9008264462809916,0.35537190082644626,60,0.16666666666666666,0.375,0.7142857142857143,0.023809523809523808,0,0.5,0.5,4.0,0.5,14.5625,14.25,14.375,13.0,2,1,4
17,1205740394,4,13,12,12,13,66,0.5625,0.0625,0.5416666666666666,0.08333333333333333,135,0.4777777777777778,0.6222222222222222,3.962962962962963,0.35432098765432096,50,0.24242424242424243,0.06060606060606061,0.30434782608695654,0.17391304347826086,128,0.6783854166666667,0.625,3.8984375,0.353515625,64,0.16666666666666666,0.375,0.6956521739130435,0.021739130434782608,0,0.5,0.5,4.0,0.5,14.470588235294118,14.117647058823529,14.235294117647058,13.0,1,1,0
18,1205740395,4,13,12,16,13,73,0.5555555555555556,0.05555555555555555,0.56,0.08,141,0.4716312056737589,0.6170212765957447,3.99290780141844,0.3534278959810874,52,0.2857142857142857,0.05714285714285714,0.30434782608695654,0.17391304347826086,134,0.6815920398009951,0.6343283582089553,3.9029850746268657,0.35447761194029853,68,0.16666666666666666,0.375,0.7,0.02,0,0.5,0.5,4.0,0.5,14.38888888888889,14.0,14.333333333333334,13.0,1,-3,0
19,1205740396,4,16,15,13,12,74,0.5555555555555556,0.05555555555555555,0.5769230769230769,0.07692307692307693,151,0.4602649006622517,0.6225165562913907,3.986754966887417,0.3532008830022075,54,0.2857142857142857,0.05714285714285714,0.32,0.16,142,0.6889671361502349,0.6267605633802817,3.887323943661972,0.352112676056338,73,0.16,0.4,0.7037037037037037,0.018518518518518517,0,0.5,0.5,4.0,0.5,14.473684210526315,14.052631578947368,14.263157894736842,12.947368421052632,1,3,4
20,1205740397,4,16,17,14,15,75,0.5454545454545454,0.05454545454545454,0.5769230769230769,0.07692307692307693,161,0.4503105590062112,0.6024844720496895,3.981366459627329,0.3545548654244306,55,0.2857142857142857,0.05714285714285714,0.34615384615384615,0.15384615384615385,150,0.6855555555555556,0.62,3.86,0.35333333333333333,76,0.19230769230769232,0.38461538461538464,0.6964285714285714,0.017857142857142856,0,0.5,0.5,4.0,0.5,14.55,14.2,14.25,13.05,-1,2,1
21,1205740398,4,14,14,16,11,77,0.5454545454545454,0.05454545454545454,0.5714285714285714,0.07142857142857142,169,0.4516765285996055,0.6094674556213018,4.035502958579881,0.35404339250493094,57,0.2777777777777778,0.05555555555555555,0.3333333333333333,0.14814814814814814,159,0.6750524109014676,0.610062893081761,3.8867924528301887,0.35377358490566035,79,0.19230769230769232,0.38461538461538464,0.6949152542372882,0.01694915254237288,0,0.5,0.5,4.0,0.5,14.523809523809524,14.19047619047619,14.333333333333334,12.952380952380953,0,-2,3
22,1205740399,4,14,13,14,14,79,0.5535714285714286,0.05357142857142857,0.5517241379310345,0.06896551724137931,174,0.45498084291187735,0.6091954022988506,4.0344827586206895,0.35536398467432945,62,0.3333333333333333,0.05128205128205128,0.3103448275862069,0.13793103448275862,166,0.676706827309237,0.5903614457831325,3.8795180722891565,0.35542168674698793,87,0.19230769230769232,0.38461538461538464,0.6716417910447762,0.014925373134328358,0,0.5,0.5,4.0,0.5,14.5,14.136363636363637,14.318181818181818,13.0,1,0,0
23,1205740400,4,13,14,14,14,84,0.576271186440678,0.05084745762711865,0.5483870967741935,0.0967741935483871,183,0.4462659380692167,0.6010928961748634,4.021857923497268,0.3529143897996357,63,0.325,0.05,0.3103448275862069,0.13793103448275862,176,0.675189393939394,0.5852272727272727,3.903409090909091,0.35511363636363635,90,0.18518518518518517,0.4074074074074074,0.6811594202898551,0.014492753623188406,0,0.5,0.5,4.0,0.5,14.434782608695652,14.130434782608695,14.304347826086957,13.043478260869565,-1,-1,-1
24,1205740401,4,12,12,13,11,91,0.609375,0.046875,0.5454545454545454,0.12121212121212122,188,0.43971631205673756,0.601063829787234,4.0,0.35416666666666663,66,0.30952380952380953,0.047619047619047616,0.3,0.13333333333333333,185,0.6801801801801802,0.5783783783783784,3.972972972972973,0.35,92,0.17857142857142858,0.42857142857142855,0.6857142857142857,0.014285714285714285,0,0.5,0.5,4.0,0.5,14.333333333333334,14.041666666666666,14.25,12.958333333333334,0,-1,1
25,1205740402,4,15,15,12,14,95,0.6268656716417911,0.04477611940298507,0.5588235294117647,0.11764705882352941,195,0.43931623931623925,0.6102564102564103,4.0,0.3517094017094017,68,0.29545454545454547,0.06818181818181818,0.3,0.13333333333333333,194,0.6898625429553266,0.5773195876288659,3.984536082474227,0.35051546391752575,96,0.16666666666666666,0.43333333333333335,0.6944444444444444,0.013888888888888888,0,0.5,0.5,4.0,0.5,14.36,14.08,14.16,13.0,0,3,1
26,1205740403,4,13,15,15,14,102,0.6056338028169014,0.04225352112676056,0.5945945945945946,0.10810810810810811,201,0.44361525704809285,0.6069651741293532,3.9751243781094527,0.3499170812603648,73,0.2826086956521739,0.06521739130434782,0.30303030303030304,0.18181818181818182,200,0.6958333333333334,0.57,3.98,0.35125,98,0.16666666666666666,0.43333333333333335,0.6891891891891891,0.013513513513513514,0,0.5,0.5,4.0,0.5,14.307692307692308,14.115384615384615,14.192307692307692,13.038461538461538,-2,-2,-1
27,1205740404,4,15,15,14,13,107,0.5945945945945946,0.04054054054054054,0.5897435897435898,0.10256410256410256,207,0.4404186795491143,0.6038647342995169,3.9806763285024154,0.3518518518518518,74,0.2826086956521739,0.06521739130434782,0.29411764705882354,0.20588235294117646,207,0.6964573268921096,0.5748792270531401,4.033816425120773,0.35144927536231885,102,0.15625,0.40625,0.6842105263157895,0.013157894736842105,2,0.25,1.0,7.0,0.5,14.333333333333334,14.148148148148149,14.185185185185185,13.037037037037036,0,1,2
28,1205740405,4,17,12,12,13,113,0.5769230769230769,0.05128205128205128,0.6097560975609756,0.0975609756097561,215,0.4449612403100775,0.6046511627906976,4.004651162790697,0.3527131782945736,76,0.2765957446808511,0.06382978723404255,0.2857142857142857,0.2,214,0.6900311526479752,0.5747663551401869,4.014018691588785,0.352803738317757,104,0.15625,0.40625,0.6794871794871795,0.01282051282051282,2,0.25,1.0,7.0,0.5,14.428571428571429,14.071428571428571,14.107142857142858,13.035714285714286,5,5,4
29,1205740406,4,15,15,15,15,117,0.5925925925925926,0.04938271604938271,0.5952380952380952,0.11904761904761904,221,0.44570135746606326,0.6018099547511312,4.0,0.3567119155354449,79,0.2653061224489796,0.061224489795918366,0.3055555555555556,0.19444444444444445,219,0.6925418569254187,0.5844748858447488,4.0091324200913245,0.3504566210045662,110,0.15151515151515152,0.3939393939393939,0.6867469879518072,0.012048192771084338,2,0.25,1.0,7.0,0.5,14.448275862068966,14.10344827586207,14.137931034482758,13.10344827586207,0,0,0
30,1205740407,4,13,12,15,13,122,0.6,0.058823529411764705,0.6046511627906976,0.11627906976744186,225,0.4511111111111111,0.6044444444444445,4.004444444444444,0.3548148148148148,81,0.2653061224489796,0.061224489795918366,0.34210526315789475,0.18421052631578946,228,0.6849415204678363,0.5964912280701754,4.0131578947368425,0.34978070175438597,110,0.15151515151515152,0.3939393939393939,0.6867469879518072,0.012048192771084338,6,0.5833333333333334,0.3333333333333333,7.333333333333333,0.3333333333333333,14.4,14.033333333333333,14.166666666666666,13.1,1,-2,0
31,1205740408,4,15,15,15,14,127,0.5909090909090909,0.056818181818181816,0.6,0.13333333333333333,234,0.46011396011396005,0.6068376068376068,4.0085470085470085,0.35826210826210825,88,0.24528301886792453,0.05660377358490566,0.3170731707317073,0.17073170731707318,233,0.6845493562231761,0.6008583690987125,4.0,0.3497854077253219,111,0.15151515151515152,0.3939393939393939,0.6904761904761905,0.011904761904761904,6,0.5833333333333334,0.3333333333333333,7.333333333333333,0.3333333333333333,14.419354838709678,14.064516129032258,14.193548387096774,13.129032258064516,0,0,1
32,1205740409,4,16,14,16,14,130,0.5824175824175825,0.054945054945054944,0.6,0.13333333333333333,239,0.4630404463040446,0.6108786610878661,4.00418410041841,0.35808926080892606,91,0.25925925925925924,0.05555555555555555,0.32558139534883723,0.16279069767441862,244,0.6844262295081969,0.5983606557377049,3.9836065573770494,0.35348360655737704,114,0.17647058823529413,0.38235294117647056,0.6976744186046512,0.011627906976744186,6,0.5833333333333334,0.3333333333333333,7.333333333333333,0.3333333333333333,14.46875,14.0625,14.25,13.15625,2,0,2
33,1205740410,4,16,15,16,13,134,0.5806451612903226,0.053763440860215055,0.5957446808510638,0.1276595744680851,246,0.4600271002710027,0.6056910569105691,4.008130081300813,0.36009485094850946,94,0.25,0.05357142857142857,0.3409090909090909,0.1590909090909091,252,0.6884920634920636,0.6031746031746031,3.9722222222222223,0.3531746031746032,117,0.17647058823529413,0.38235294117647056,0.6853932584269663,0.011235955056179775,6,0.5833333333333334,0.3333333333333333,7.333333333333333,0.3333333333333333,14.515151515151516,14.090909090909092,14.303030303030303,13.151515151515152,1,0,3
34,1205740411,4,15,14,13,13,140,0.5656565656565656,0.06060606060606061,0.5957446808510638,0.1276595744680851,251,0.4687915006640106,0.6095617529880478,3.99601593625498,0.3588977423638778,98,0.2542372881355932,0.05084745762711865,0.35555555555555557,0.15555555555555556,260,0.6782051282051283,0.6153846153846154,3.957692307692308,0.3573717948717949,120,0.17647058823529413,0.38235294117647056,0.6956521739130435,0.010869565217391304,6,0.5833333333333334,0.3333333333333333,7.333333333333333,0.3333333333333333,14.529411764705882,14.088235294117647,14.264705882352942,13.147058823529411,1,2,2
35,1205740412,4,13,15,15,12,140,0.5656565656565656,0.06060606060606061,0.5957446808510638,0.1276595744680851,259,0.46589446589446587,0.6023166023166023,3.988416988416988,0.3593951093951094,98,0.2542372881355932,0.05084745762711865,0.35555555555555557,0.15555555555555556,272,0.681372549019608,0.6102941176470589,3.952205882352941,0.3553921568627451,121,0.17647058823529413,0.38235294117647056,0.6989247311827957,0.010752688172043012,6,0.5833333333333334,0.3333333333333333,7.333333333333333,0.3333333333333333,14.485714285714286,14.114285714285714,14.285714285714286,13.114285714285714,-2,-2,1
36,1205740413,4,14,14,13,14,146,0.5728155339805825,0.06796116504854369,0.5918367346938775,0.12244897959183673,267,0.4706616729088639,0.5955056179775281,3.9775280898876404,0.3579900124843945,101,0.25,0.05,0.3404255319148936,0.14893617021276595,277,0.684115523465704,0.6101083032490975,3.953068592057762,0.35800240673886885,125,0.17647058823529413,0.38235294117647056,0.711340206185567,0.010309278350515464,6,0.5833333333333334,0.3333333333333333,7.333333333333333,0.3333333333333333,14.472222222222221,14.11111111111111,14.25,13.13888888888889,0,1,0
37,1205740414,4,16,15,13,13,150,0.5769230769230769,0.0673076923076923,0.5961538461538461,0.11538461538461539,272,0.4730392156862745,0.5992647058823529,3.988970588235294,0.35784313725490197,104,0.27419354838709675,0.04838709677419355,0.3333333333333333,0.16666666666666666,283,0.687279151943463,0.6042402826855123,3.9469964664310955,0.35747938751472325,132,0.17647058823529413,0.38235294117647056,0.7307692307692307,0.009615384615384616,6,0.5833333333333334,0.3333333333333333,7.333333333333333,0.3333333333333333,14.513513513513514,14.135135135135135,14.216216216216216,13.135135135135135,1,3,3
38,1205740415,4,14,14,14,12,153,0.5754716981132075,0.0660377358490566,0.5849056603773585,0.11320754716981132,282,0.47163120567375877,0.599290780141844,3.9858156028368796,0.36288416075650115,109,0.30303030303030304,0.045454545454545456,0.32653061224489793,0.16326530612244897,289,0.6868512110726644,0.6055363321799307,3.944636678200692,0.35697808535178777,136,0.17142857142857143,0.37142857142857144,0.719626168224299,0.009345794392523364,6,0.5833333333333334,0.3333333333333333,7.333333333333333,0.3333333333333333,14.5,14.131578947368421,14.210526315789474,13.105263157894736,0,0,2
39,1205740416,4,15,12,14,13,159,0.5545454545454546,0.07272727272727272,0.5818181818181818,0.10909090909090909,289,0.48096885813148776,0.6020761245674741,3.9792387543252596,0.364475201845444,116,0.3194444444444444,0.041666666666666664,0.32,0.18,293,0.6854379977246873,0.6075085324232082,3.9419795221843,0.3572241183162685,139,0.17142857142857143,0.37142857142857144,0.7181818181818181,0.00909090909090909,6,0.5833333333333334,0.3333333333333333,7.333333333333333,0.3333333333333333,14.512820512820513,14.076923076923077,14.205128205128204,13.102564102564102,3,1,2
40,1205740417,4,17,15,16,14,160,0.5545454545454546,0.07272727272727272,0.5892857142857143,0.10714285714285714,300,0.4872222222222221,0.6033333333333334,3.9833333333333334,0.36527777777777776,117,0.3150684931506849,0.0410958904109589,0.32,0.18,302,0.6848785871964681,0.6026490066225165,3.9304635761589406,0.35816777041942605,142,0.17142857142857143,0.37142857142857144,0.7168141592920354,0.008849557522123894,6,0.5833333333333334,0.3333333333333333,7.333333333333333,0.3333333333333333,14.575,14.1,14.25,13.125,2,1,3
41,1205740418,4,14,14,13,14,161,0.5585585585585585,0.07207207207207207,0.5892857142857143,0.10714285714285714,310,0.4838709677419354,0.6,3.9870967741935486,0.3672043010752688,125,0.3246753246753247,0.03896103896103896,0.3148148148148148,0.18518518518518517,308,0.6818181818181819,0.6038961038961039,3.9285714285714284,0.3601190476190476,145,0.19444444444444445,0.3611111111111111,0.7043478260869566,0.008695652173913044,6,0.5833333333333334,0.3333333333333333,7.333333333333333,0.3333333333333333,14.560975609756097,14.097560975609756,14.21951219512195,13.146341463414634,0,1,0
42,1205740419,4,17,15,16,17,164,0.5575221238938053,0.07079646017699115,0.5964912280701754,0.10526315789473684,314,0.4856687898089171,0.5987261146496815,3.9872611464968153,0.36809978768577495,128,0.31645569620253167,0.0379746835443038,0.32727272727272727,0.18181818181818182,318,0.6871069182389938,0.6037735849056604,3.911949685534591,0.35822851153039836,149,0.1891891891891892,0.3783783783783784,0.6949152542372882,0.00847457627118644,6,0.5833333333333334,0.3333333333333333,7.333333333333333,0.3333333333333333,14.619047619047619,14.119047619047619,14.261904761904763,13.238095238095237,2,1,0
43,1205740420,4,13,13,14,14,167,0.5526315789473685,0.07017543859649122,0.5932203389830508,0.1016949152542373,320,0.48749999999999993,0.6,3.98125,0.36822916666666666,131,0.3048780487804878,0.036585365853658534,0.32727272727272727,0.18181818181818182,327,0.6850152905198778,0.6055045871559633,3.929663608562691,0.35830784913353725,153,0.1794871794871795,0.38461538461538464,0.7,0.008333333333333333,6,0.5833333333333334,0.3333333333333333,7.333333333333333,0.3333333333333333,14.581395348837209,14.093023255813954,14.255813953488373,13.255813953488373,0,-1,-1
44,1205740421,4,14,15,15,13,172,0.5470085470085471,0.06837606837606838,0.5901639344262295,0.09836065573770492,325,0.49384615384615377,0.6,3.9846153846153847,0.3679487179487179,134,0.30952380952380953,0.03571428571428571,0.32142857142857145,0.19642857142857142,334,0.6866267465069862,0.6077844311377245,3.9191616766467066,0.3597804391217565,159,0.1951219512195122,0.36585365853658536,0.7016129032258065,0.008064516129032258,6,0.5833333333333334,0.3333333333333333,7.333333333333333,0.3333333333333333,14.568181818181818,14.113636363636363,14.272727272727273,13.25,-1,-1,1
45,1205740422,4,14,14,12,12,178,0.55,0.06666666666666667,0.59375,0.09375,331,0.4909365558912386,0.6012084592145015,3.996978851963746,0.3688318227593152,134,0.30952380952380953,0.03571428571428571,0.32142857142857145,0.19642857142857142,343,0.6831875607385812,0.6064139941690962,3.938775510204082,0.358357628765792,162,0.18604651162790697,0.37209302325581395,0.704,0.008,6,0.5833333333333334,0.3333333333333333,7.333333333333333,0.3333333333333333,14.555555555555555,14.11111111111111,14.222222222222221,13.222222222222221,0,2,2
46,1205740423,4,14,13,14,11,181,0.5454545454545454,0.0743801652892562,0.5909090909090909,0.10606060606060606,338,0.4911242603550295,0.5976331360946746,4.011834319526627,0.3678500986193294,137,0.313953488372093,0.046511627906976744,0.3333333333333333,0.19298245614035087,352,0.6837121212121213,0.6079545454545454,3.934659090909091,0.35913825757575757,163,0.18604651162790697,0.37209302325581395,0.6984126984126984,0.007936507936507936,6,0.5833333333333334,0.3333333333333333,7.333333333333333,0.3333333333333333,14.543478260869565,14.08695652173913,14.217391304347826,13.173913043478262,1,0,3
47,1205740424,4,11,14,13,13,186,0.5447154471544715,0.07317073170731707,0.5942028985507246,0.10144927536231885,348,0.4899425287356321,0.5919540229885057,4.011494252873563,0.3680555555555555,143,0.3,0.044444444444444446,0.3389830508474576,0.1864406779661017,357,0.6853408029878619,0.6078431372549019,3.9327731092436973,0.357609710550887,167,0.18604651162790697,0.37209302325581395,0.6846153846153846,0.007692307692307693,6,0.5833333333333334,0.3333333333333333,7.333333333333333,0.3333333333333333,14.46808510638298,14.085106382978724,14.191489361702128,13.170212765957446,-3,-2,-2
48,1205740425,4,16,16,13,15,189,0.544,0.072,0.6,0.1,356,0.48876404494382014,0.5898876404494382,4.01685393258427,0.3689138576779026,144,0.3,0.044444444444444446,0.3333333333333333,0.18333333333333332,365,0.6826484018264841,0.6054794520547945,3.926027397260274,0.35730593607305944,173,0.1956521739130435,0.34782608695652173,0.6842105263157895,0.007518796992481203,6,0.5833333333333334,0.3333333333333333,7.333333333333333,0.3333333333333333,14.5,14.125,14.166666666666666,13.208333333333334,0,3,1
49,1205740426,4,15,14,13,16,194,0.5433070866141733,0.07874015748031496,0.589041095890411,0.0958904109589041,365,0.49360730593607294,0.6,4.024657534246575,0.36872146118721455,147,0.3010752688172043,0.043010752688172046,0.3333333333333333,0.18333333333333332,372,0.6818996415770611,0.5967741935483871,3.913978494623656,0.35931899641577064,176,0.1875,0.3333333333333333,0.6791044776119403,0.007462686567164179,6,0.5833333333333334,0.3333333333333333,7.333333333333333,0.3333333333333333,14.510204081632653,14.122448979591837,14.142857142857142,13.26530612244898,1,2,-1
50,1205740427,4,15,14,16,16,203,0.5461538461538461,0.08461538461538462,0.5949367088607594,0.08860759493670886,370,0.4936936936936936,0.6,4.018918918918919,0.36779279279279276,148,0.2978723404255319,0.0425531914893617,0.3333333333333333,0.18333333333333332,381,0.6815398075240597,0.5905511811023622,3.9238845144356955,0.3613298337707787,178,0.1875,0.3333333333333333,0.6838235294117647,0.007352941176470588,6,0.5833333333333334,0.3333333333333333,7.333333333333333,0.3333333333333333,14.52,14.12,14.18,13.32,1,-1,-1
51,1205740428,4,14,15,15,13,207,0.5488721804511278,0.08270676691729323,0.5875,0.0875,377,0.4938107869142351,0.5994694960212201,4.015915119363395,0.36825817860300614,151,0.30526315789473685,0.042105263157894736,0.3387096774193548,0.1774193548387097,388,0.6821305841924401,0.5876288659793815,3.9329896907216493,0.3612542955326461,181,0.1875,0.3333333333333333,0.6834532374100719,0.007194244604316547,6,0.5833333333333334,0.3333333333333333,7.333333333333333,0.3333333333333333,14.5,14.12,14.18,13.28,-1,-1,1
52,1205740429,4,16,16,14,16,211,0.5514705882352942,0.08088235294117647,0.5802469135802469,0.08641975308641975,384,0.49913194444444436,0.6041666666666666,4.0234375,0.3680555555555555,155,0.31958762886597936,0.041237113402061855,0.328125,0.171875,394,0.6831641285956008,0.5888324873096447,3.934010152284264,0.3608291032148901,184,0.1836734693877551,0.32653061224489793,0.6808510638297872,0.0070921985815602835,6,0.5833333333333334,0.3333333333333333,7.333333333333333,0.3333333333333333,14.52,14.16,14.18,13.32,0,2,0
53,1205740430,4,12,14,15,11,215,0.5507246376811594,0.07971014492753623,0.5783132530120482,0.0963855421686747,393,0.49787955894826114,0.6055979643765903,4.017811704834606,0.3678965224766751,159,0.31,0.04,0.3230769230769231,0.18461538461538463,403,0.6803143093465676,0.5880893300248139,3.937965260545906,0.36145574855252277,187,0.18,0.32,0.6853146853146853,0.006993006993006993,6,0.5833333333333334,0.3333333333333333,7.333333333333333,0.3333333333333333,14.44,14.14,14.18,13.3,-2,-3,1
54,1205740431,4,14,17,13,13,221,0.55,0.07857142857142857,0.5632183908045977,0.09195402298850575,397,0.49664147774979,0.6045340050377834,4.015113350125945,0.3673383711167086,166,0.29523809523809524,0.0380952380952381,0.34328358208955223,0.1791044776119403,411,0.6841038118410383,0.5790754257907542,3.9391727493917275,0.3619221411192215,189,0.18,0.32,0.6827586206896552,0.006896551724137931,6,0.5833333333333334,0.3333333333333333,7.333333333333333,0.3333333333333333,14.42,14.18,14.16,13.34,-3,1,1
55,1205740432,4,15,17,14,14,224,0.5524475524475524,0.07692307692307693,0.5632183908045977,0.09195402298850575,401,0.5004156275976724,0.6034912718204489,4.007481296758105,0.3686616791354945,170,0.2897196261682243,0.037383177570093455,0.34782608695652173,0.17391304347826086,420,0.6829365079365082,0.5880952380952381,3.9380952380952383,0.36190476190476195,194,0.17307692307692307,0.3076923076923077,0.6824324324324325,0.006756756756756757,6,0.5833333333333334,0.3333333333333333,7.333333333333333,0.3333333333333333,14.4,14.18,14.1,13.34,-2,1,1
56,1205740433,4,16,15,14,14,229,0.5486111111111112,0.0763888888888889,0.5824175824175825,0.08791208791208792,408,0.5016339869281045,0.6029411764705882,4.009803921568627,0.3696895424836601,171,0.28703703703703703,0.037037037037037035,0.34782608695652173,0.17391304347826086,428,0.6826323987538943,0.5864485981308412,3.9299065420560746,0.36156542056074775,197,0.17307692307692307,0.3076923076923077,0.6821192052980133,0.006622516556291391,6,0.5833333333333334,0.3333333333333333,7.333333333333333,0.3333333333333333,14.42,14.18,14.08,13.38,1,2,2
57,1205740434,4,16,14,13,14,237,0.5608108108108109,0.07432432432432433,0.5789473684210527,0.09473684210526316,412,0.5028317152103559,0.6043689320388349,4.016990291262136,0.36974110032362456,173,0.2909090909090909,0.03636363636363636,0.34782608695652173,0.17391304347826086,436,0.6834862385321102,0.5871559633027523,3.9243119266055047,0.3623853211009175,201,0.16981132075471697,0.32075471698113206,0.6818181818181818,0.006493506493506494,6,0.5833333333333334,0.3333333333333333,7.333333333333333,0.3333333333333333,14.46,14.2,14.06,13.38,2,3,2
58,1205740435,4,17,14,16,14,241,0.5629139072847682,0.07947019867549669,0.5833333333333334,0.09375,417,0.5051958433253396,0.6067146282973621,4.026378896882494,0.3695043964828137,174,0.2882882882882883,0.036036036036036036,0.34782608695652173,0.17391304347826086,445,0.6883895131086143,0.5842696629213483,3.9348314606741575,0.36123595505617984,207,0.16666666666666666,0.3148148148148148,0.6792452830188679,0.006289308176100629,6,0.5833333333333334,0.3333333333333333,7.333333333333333,0.3333333333333333,14.54,14.22,14.12,13.44,3,1,3
59,1205740436,4,12,14,13,11,246,0.5555555555555556,0.0784313725490196,0.5656565656565656,0.09090909090909091,425,0.5086274509803921,0.6023529411764705,4.030588235294117,0.3690196078431372,177,0.2831858407079646,0.04424778761061947,0.34285714285714286,0.17142857142857143,451,0.6914264597191427,0.5875831485587583,3.929046563192905,0.3603104212860311,213,0.16363636363636364,0.32727272727272727,0.676829268292683,0.006097560975609756,6,0.5833333333333334,0.3333333333333333,7.333333333333333,0.3333333333333333,14.52,14.24,14.12,13.38,-2,-1,1
60,1205740437,4,15,14,13,15,251,0.554140127388535,0.07643312101910828,0.56,0.09,433,0.5096227867590454,0.5981524249422633,4.048498845265589,0.3685527328714395,181,0.29310344827586204,0.04310344827586207,0.352112676056338,0.16901408450704225,458,0.6914119359534208,0.5895196506550219,3.923580786026201,0.3615356622998545,216,0.16363636363636364,0.32727272727272727,0.6706586826347305,0.005988023952095809,6,0.5833333333333334,0.3333333333333333,7.333333333333333,0.3333333333333333,14.54,14.26,14.08,13.44,1,2,0
61,1205740438,4,15,15,13,14,252,0.554140127388535,0.07643312101910828,0.5643564356435643,0.0891089108910891,440,0.5102272727272726,0.5954545454545455,4.043181818181818,0.3689393939393939,185,0.2966101694915254,0.0423728813559322,0.3424657534246575,0.1780821917808219,466,0.6924177396280401,0.5858369098712446,3.9163090128755367,0.36140915593705303,222,0.17543859649122806,0.3333333333333333,0.6666666666666666,0.005847953216374269,6,0.5833333333333334,0.3333333333333333,7.333333333333333,0.3333333333333333,14.58,14.3,14.06,13.42,0,2,1
62,1205740439,4,15,15,15,13,258,0.5590062111801242,0.08074534161490683,0.5631067961165048,0.08737864077669903,442,0.5113122171945701,0.5972850678733032,4.047511312217194,0.3689668174962292,187,0.29411764705882354,0.04201680672268908,0.35135135135135137,0.17567567567567569,475,0.6961403508771931,0.5831578947368421,3.909473684210526,0.36035087719298253,229,0.1694915254237288,0.3220338983050847,0.6704545454545454,0.005681818181818182,6,0.5833333333333334,0.3333333333333333,7.333333333333333,0.3333333333333333,14.62,14.28,14.04,13.4,0,0,2
63,1205740440,4,14,14,11,14,262,0.5609756097560976,0.07926829268292683,0.5673076923076923,0.08653846153846154,451,0.5055432372505543,0.5920177383592018,4.046563192904657,0.368810051736881,189,0.3,0.041666666666666664,0.36,0.17333333333333334,482,0.6953665283540803,0.5871369294605809,3.9232365145228214,0.3597856154910098,229,0.1694915254237288,0.3220338983050847,0.6704545454545454,0.005681818181818182,7,0.6428571428571429,0.2857142857142857,7.428571428571429,0.32142857142857145,14.58,14.28,13.96,13.4,0,3,0
64,1205740441,4,14,14,16,17,264,0.5602409638554217,0.0783132530120482,0.5673076923076923,0.08653846153846154,458,0.5054585152838428,0.5917030567685589,4.06113537117904,0.3691775836972343,189,0.3,0.041666666666666664,0.36,0.17333333333333334,493,0.6910074374577416,0.5882352941176471,3.9290060851926976,0.36156186612576074,234,0.20634920634920634,0.31746031746031744,0.6666666666666666,0.005649717514124294,7,0.6428571428571429,0.2857142857142857,7.428571428571429,0.32142857142857145,14.56,14.28,14.02,13.5,0,-2,-3
65,1205740442,4,16,13,14,16,267,0.5568862275449101,0.07784431137724551,0.5754716981132075,0.08490566037735849,465,0.5086021505376344,0.589247311827957,4.06236559139785,0.36899641577060927,191,0.30327868852459017,0.040983606557377046,0.36,0.17333333333333334,500,0.6909999999999998,0.586,3.92,0.3620000000000001,241,0.203125,0.328125,0.6612021857923497,0.00546448087431694,7,0.6428571428571429,0.2857142857142857,7.428571428571429,0.32142857142857145,14.6,14.26,14.06,13.58,3,2,0
66,1205740443,4,15,14,15,15,272,0.5497076023391813,0.08187134502923976,0.5794392523364486,0.08411214953271028,471,0.51380042462845,0.5902335456475584,4.057324840764331,0.3685421089879688,197,0.30952380952380953,0.03968253968253968,0.35064935064935066,0.16883116883116883,507,0.690335305719921,0.5877712031558185,3.9191321499013805,0.3620973044049968,243,0.203125,0.328125,0.6594594594594595,0.005405405405405406,7,0.6428571428571429,0.2857142857142857,7.428571428571429,0.32142857142857145,14.58,14.26,14.06,13.64,1,0,0
67,1205740444,4,16,16,14,16,277,0.5542857142857143,0.08,0.5833333333333334,0.08333333333333333,477,0.5129280223619845,0.5932914046121593,4.058700209643606,0.36914744933612853,198,0.30708661417322836,0.03937007874015748,0.35064935064935066,0.16883116883116883,518,0.6943371943371943,0.581081081081081,3.918918918918919,0.3621299871299873,244,0.203125,0.328125,0.6612903225806451,0.005376344086021506,7,0.6428571428571429,0.2857142857142857,7.428571428571429,0.32142857142857145,14.64,14.34,14.1,13.7,0,2,0
68,1205740445,4,16,16,14,12,283,0.5586592178770949,0.0782122905027933,0.5818181818181818,0.08181818181818182,483,0.5162180814354727,0.598343685300207,4.053830227743271,0.36973775017253274,201,0.3,0.038461538461538464,0.35064935064935066,0.16883116883116883,524,0.694974554707379,0.5820610687022901,3.9255725190839694,0.36323155216285,248,0.19696969696969696,0.3181818181818182,0.6648936170212766,0.005319148936170213,7,0.6428571428571429,0.2857142857142857,7.428571428571429,0.32142857142857145,14.7,14.42,14.06,13.68,0,2,4
69,1205740446,4,14,15,15,15,289,0.5597826086956522,0.08152173913043478,0.5765765765765766,0.09009009009009009,487,0.516084873374401,0.5934291581108829,4.055441478439425,0.3697809719370294,204,0.29545454545454547,0.045454545454545456,0.358974358974359,0.16666666666666666,533,0.6963727329580988,0.5797373358348968,3.9193245778611634,0.3631957473420889,253,0.208955223880597,0.31343283582089554,0.65625,0.005208333333333333,7,0.6428571428571429,0.2857142857142857,7.428571428571429,0.32142857142857145,14.66,14.42,14.1,13.74,-1,-1,-1
70,1205740447,4,14,15,14,14,297,0.5614973262032086,0.08021390374331551,0.5689655172413793,0.08620689655172414,491,0.5169721656483366,0.5926680244399185,4.0610997963340125,0.3703326544467074,206,0.30597014925373134,0.04477611940298507,0.358974358974359,0.16666666666666666,542,0.6977244772447724,0.5756457564575646,3.915129151291513,0.362238622386224,255,0.208955223880597,0.31343283582089554,0.6597938144329897,0.005154639175257732,7,0.6428571428571429,0.2857142857142857,7.428571428571429,0.32142857142857145,14.62,14.38,14.1,13.72,-1,0,0
71,1205740448,4,16,16,14,14,301,0.5585106382978723,0.0797872340425532,0.5714285714285714,0.09243697478991597,497,0.5197853789403084,0.5895372233400402,4.058350100603621,0.3708920187793427,209,0.30656934306569344,0.043795620437956206,0.358974358974359,0.16666666666666666,550,0.6975757575757575,0.5763636363636364,3.903636363636364,0.3616666666666668,258,0.208955223880597,0.31343283582089554,0.6649746192893401,0.005076142131979695,7,0.6428571428571429,0.2857142857142857,7.428571428571429,0.32142857142857145,14.66,14.42,14.06,13.78,0,2,2
72,1205740449,4,13,15,14,13,307,0.5549738219895288,0.07853403141361257,0.5737704918032787,0.09836065573770492,505,0.5214521452145213,0.5861386138613861,4.0574257425742575,0.3709570957095709,211,0.30935251798561153,0.04316546762589928,0.358974358974359,0.16666666666666666,558,0.6980286738351253,0.5770609318996416,3.8978494623655915,0.36245519713261665,262,0.2028985507246377,0.3333333333333333,0.6633165829145728,0.005025125628140704,7,0.6428571428571429,0.2857142857142857,7.428571428571429,0.32142857142857145,14.64,14.46,14.06,13.76,-2,-1,0
73,1205740450,4,15,13,16,14,312,0.5544041450777202,0.07772020725388601,0.576,0.096,512,0.5221354166666665,0.58203125,4.056640625,0.37125651041666663,213,0.30714285714285716,0.04285714285714286,0.3670886075949367,0.16455696202531644,566,0.6978798586572437,0.5759717314487632,3.892226148409894,0.361749116607774,266,0.2028985507246377,0.3333333333333333,0.6600985221674877,0.0049261083743842365,7,0.6428571428571429,0.2857142857142857,7.428571428571429,0.32142857142857145,14.68,14.44,14.1,13.76,2,-1,1
74,1205740451,4,15,16,13,15,316,0.5510204081632653,0.08163265306122448,0.5793650793650794,0.09523809523809523,520,0.523076923076923,0.5788461538461539,4.063461538461539,0.3713141025641025,216,0.30985915492957744,0.04225352112676056,0.375,0.1625,574,0.6994773519163762,0.5749128919860628,3.8902439024390243,0.3606271777003486,268,0.2028985507246377,0.3333333333333333,0.6585365853658537,0.004878048780487805,7,0.6428571428571429,0.2857142857142857,7.428571428571429,0.32142857142857145,14.74,14.52,14.1,13.84,-1,2,0
75,1205740452,4,16,15,15,14,322,0.5527638190954773,0.08542713567839195,0.5813953488372093,0.09302325581395349,525,0.5241269841269841,0.5752380952380952,4.0685714285714285,0.3715873015873016,219,0.3055555555555556,0.041666666666666664,0.37037037037037035,0.16049382716049382,583,0.6981132075471698,0.5728987993138936,3.8987993138936536,0.3606346483704976,271,0.2028985507246377,0.3333333333333333,0.6490384615384616,0.004807692307692308,7,0.6428571428571429,0.2857142857142857,7.428571428571429,0.32142857142857145,14.76,14.52,14.16,13.84,1,1,2
76,1205740453,4,13,15,13,15,326,0.5472636815920398,0.0845771144278607,0.5801526717557252,0.09923664122137404,535,0.5246105919003115,0.5738317757009346,4.091588785046729,0.3710280373831775,223,0.30612244897959184,0.04081632653061224,0.3780487804878049,0.15853658536585366,588,0.699829931972789,0.5697278911564626,3.9030612244897958,0.3601190476190478,274,0.2028985507246377,0.3333333333333333,0.6398104265402843,0.004739336492890996,7,0.6428571428571429,0.2857142857142857,7.428571428571429,0.32142857142857145,14.76,14.52,14.12,13.86,-2,0,-2
77,1205740454,4,14,16,15,12,329,0.5495049504950495,0.08415841584158416,0.5714285714285714,0.09774436090225563,541,0.5261860751694393,0.5767097966728281,4.086876155268023,0.37014787430683915,227,0.31333333333333335,0.04,0.37349397590361444,0.1686746987951807,595,0.7025210084033613,0.5697478991596638,3.9008403361344537,0.36008403361344554,279,0.2112676056338028,0.323943661971831,0.6401869158878505,0.004672897196261682,7,0.6428571428571429,0.2857142857142857,7.428571428571429,0.32142857142857145,14.74,14.54,14.14,13.84,-2,-1,2
78,1205740455,4,15,16,11,15,335,0.5485436893203883,0.0825242718446602,0.5703703703703704,0.1037037037037037,547,0.5240706886045093,0.5758683729433273,4.078610603290676,0.369744058500914,230,0.31125827814569534,0.039735099337748346,0.3764705882352941,0.16470588235294117,604,0.7028145695364237,0.5711920529801324,3.902317880794702,0.35927152317880806,283,0.2191780821917808,0.3150684931506849,0.6388888888888888,0.004629629629629629,7,0.6428571428571429,0.2857142857142857,7.428571428571429,0.32142857142857145,14.7,14.62,14.12,13.88,-1,4,0
79,1205740456,4,16,14,13,12,343,0.5450236966824644,0.08056872037914692,0.572463768115942,0.10144927536231885,551,0.5220810647307924,0.5716878402903811,4.076225045372051,0.3693284936479128,232,0.31125827814569534,0.039735099337748346,0.367816091954023,0.1839080459770115,612,0.7066993464052287,0.5686274509803921,3.9019607843137254,0.35866013071895436,288,0.2191780821917808,0.3150684931506849,0.6380090497737556,0.004524886877828055,7,0.6428571428571429,0.2857142857142857,7.428571428571429,0.32142857142857145,14.72,14.6,14.08,13.82,2,3,4
80,1205740457,4,16,16,14,12,346,0.5424528301886793,0.08018867924528301,0.5642857142857143,0.11428571428571428,558,0.5253882915173237,0.5716845878136201,4.080645161290323,0.37186379928315405,234,0.30718954248366015,0.0392156862745098,0.367816091954023,0.1839080459770115,619,0.7051696284329563,0.568659127625202,3.8966074313408723,0.3598546042003232,293,0.21333333333333335,0.32,0.6383928571428571,0.004464285714285714,7,0.6428571428571429,0.2857142857142857,7.428571428571429,0.32142857142857145,14.78,14.68,14.06,13.8,0,2,4
81,1205740458,4,14,14,14,13,350,0.5441860465116279,0.07906976744186046,0.5673758865248227,0.11347517730496454,566,0.5267962308598351,0.568904593639576,4.093639575971731,0.37146643109540634,237,0.3032258064516129,0.03870967741935484,0.375,0.18181818181818182,629,0.7019077901430841,0.5707472178060413,3.9109697933227343,0.3628775834658189,293,0.21333333333333335,0.32,0.6383928571428571,0.004464285714285714,7,0.6428571428571429,0.2857142857142857,7.428571428571429,0.32142857142857145,14.76,14.66,14.04,13.78,0,0,1
82,1205740459,4,17,14,13,13,356,0.5483870967741935,0.07834101382488479,0.5655172413793104,0.11724137931034483,573,0.5325770796974985,0.5671902268760908,4.0942408376963355,0.3704188481675392,240,0.2974683544303797,0.04430379746835443,0.375,0.18181818181818182,634,0.7011041009463721,0.5678233438485805,3.9037854889589907,0.3623817034700317,299,0.2236842105263158,0.3157894736842105,0.6331877729257642,0.004366812227074236,7,0.6428571428571429,0.2857142857142857,7.428571428571429,0.32142857142857145,14.78,14.66,13.98,13.76,3,4,4
83,1205740460,4,14,12,14,11,361,0.5504587155963303,0.0779816513761468,0.5637583892617449,0.11409395973154363,582,0.533791523482245,0.570446735395189,4.097938144329897,0.36984536082474223,244,0.30434782608695654,0.043478260869565216,0.3707865168539326,0.1797752808988764,640,0.6992187499999999,0.5625,3.9109375,0.3640625000000001,301,0.22077922077922077,0.3116883116883117,0.6304347826086957,0.004347826086956522,7,0.6428571428571429,0.2857142857142857,7.428571428571429,0.32142857142857145,14.74,14.6,13.94,13.72,2,0,3
84,1205740461,4,15,15,15,15,366,0.5515695067264574,0.07623318385650224,0.5637583892617449,0.11409395973154363,591,0.5360970107163,0.5752961082910322,4.096446700507614,0.3692893401015228,245,0.30246913580246915,0.043209876543209874,0.3707865168539326,0.1797752808988764,647,0.7001545595054095,0.5625965996908809,3.918083462132921,0.3643740340030913,303,0.22077922077922077,0.3116883116883117,0.6336206896551724,0.004310344827586207,7,0.6428571428571429,0.2857142857142857,7.428571428571429,0.32142857142857145,14.74,14.62,13.98,13.76,0,0,0
85,1205740462,4,14,16,14,16,369,0.5535714285714286,0.07589285714285714,0.5695364238410596,0.11258278145695365,597,0.5332216638749302,0.5745393634840871,4.100502512562814,0.36934673366834164,246,0.30246913580246915,0.043209876543209874,0.36666666666666664,0.17777777777777778,659,0.6980273141122912,0.5584218512898331,3.9317147192716235,0.3653262518968135,307,0.23076923076923078,0.3076923076923077,0.6297872340425532,0.00425531914893617,7,0.6428571428571429,0.2857142857142857,7.428571428571429,0.32142857142857145,14.76,14.64,13.96,13.84,-2,0,-2
86,1205740463,4,12,16,14,15,371,0.5530973451327433,0.07964601769911504,0.5695364238410596,0.11258278145695365,606,0.5324532453245324,0.5759075907590759,4.1105610561056105,0.370049504950495,249,0.3090909090909091,0.048484848484848485,0.36666666666666664,0.17777777777777778,666,0.6996996996996996,0.56006006006006,3.9279279279279278,0.3652402402402404,312,0.24390243902439024,0.3048780487804878,0.6313559322033898,0.00423728813559322,7,0.6428571428571429,0.2857142857142857,7.428571428571429,0.32142857142857145,14.72,14.68,13.98,13.86,-4,-2,-3
87,1205740464,4,17,17,16,13,375,0.5570175438596491,0.07894736842105263,0.5751633986928104,0.1111111111111111,614,0.532030401737242,0.5732899022801303,4.105863192182411,0.3697068403908794,251,0.3072289156626506,0.05421686746987952,0.3626373626373626,0.17582417582417584,672,0.6994047619047619,0.5610119047619048,3.9270833333333335,0.3656994047619049,315,0.25301204819277107,0.30120481927710846,0.634453781512605,0.004201680672268907,7,0.6428571428571429,0.2857142857142857,7.428571428571429,0.32142857142857145,14.74,14.72,14.04,13.86,0,1,4
88,1205740465,4,14,15,14,11,379,0.5541125541125541,0.07792207792207792,0.577922077922078,0.11038961038961038,622,0.5310825294748124,0.572347266881029,4.106109324758842,0.3697749196141479,253,0.31137724550898205,0.05389221556886228,0.358695652173913,0.17391304347826086,680,0.6992647058823529,0.5617647058823529,3.9411764705882355,0.3647058823529413,317,0.25,0.2976190476190476,0.6359832635983264,0.0041841004184100415,7,0.6428571428571429,0.2857142857142857,7.428571428571429,0.32142857142857145,14.74,14.74,14.04,13.84,-1,0,3
89,1205740466,4,15,15,11,14,382,0.5536480686695279,0.07725321888412018,0.5806451612903226,0.10967741935483871,627,0.531632110579479,0.5709728867623605,4.114832535885167,0.370414673046252,256,0.3076923076923077,0.05325443786982249,0.3655913978494624,0.17204301075268819,689,0.6988388969521044,0.5602322206095791,3.941944847605225,0.36393323657474613,322,0.26436781609195403,0.28735632183908044,0.6348547717842323,0.004149377593360996,7,0.6428571428571429,0.2857142857142857,7.428571428571429,0.32142857142857145,14.74,14.8,13.98,13.86,0,4,1
90,1205740467,4,17,14,14,12,390,0.5611814345991561,0.0759493670886076,0.5849056603773585,0.1069182389937107,630,0.5298941798941799,0.573015873015873,4.111111111111111,0.3702380952380952,257,0.3058823529411765,0.052941176470588235,0.3655913978494624,0.17204301075268819,698,0.6998567335243552,0.5587392550143266,3.944126074498567,0.3649713467048712,326,0.26136363636363635,0.2840909090909091,0.639344262295082,0.004098360655737705,7,0.6428571428571429,0.2857142857142857,7.428571428571429,0.32142857142857145,14.74,14.78,13.94,13.82,3,3,5
91,1205740468,4,14,14,13,13,395,0.5630252100840336,0.07563025210084033,0.588957055214724,0.10429447852760736,638,0.5256008359456635,0.5705329153605015,4.109717868338558,0.36951410658307204,258,0.30994152046783624,0.05263157894736842,0.3655913978494624,0.17204301075268819,710,0.7007042253521126,0.5563380281690141,3.952112676056338,0.3658450704225354,326,0.26136363636363635,0.2840909090909091,0.639344262295082,0.004098360655737705,7,0.6428571428571429,0.2857142857142857,7.428571428571429,0.32142857142857145,14.74,14.78,13.94,13.8,0,1,1
92,1205740469,4,15,14,15,13,397,0.5648535564853556,0.07531380753138076,0.5853658536585366,0.10365853658536585,646,0.5237358101135191,0.5696594427244582,4.108359133126935,0.36996904024767796,258,0.30994152046783624,0.05263157894736842,0.3655913978494624,0.17204301075268819,719,0.6995827538247565,0.5577190542420027,3.9513212795549375,0.3654381084840057,330,0.25274725274725274,0.2857142857142857,0.6408163265306123,0.004081632653061225,7,0.6428571428571429,0.2857142857142857,7.428571428571429,0.32142857142857145,14.7,14.76,13.92,13.72,1,0,2
93,1205740470,4,14,13,15,13,403,0.569672131147541,0.0778688524590164,0.5818181818181818,0.10303030303030303,649,0.5243965074473549,0.5716486902927581,4.103235747303544,0.36979969183359007,261,0.3063583815028902,0.057803468208092484,0.3617021276595745,0.1702127659574468,730,0.7003424657534246,0.5575342465753425,3.9616438356164383,0.3664383561643837,335,0.24731182795698925,0.2903225806451613,0.6370967741935484,0.004032258064516129,7,0.6428571428571429,0.2857142857142857,7.428571428571429,0.32142857142857145,14.72,14.76,13.94,13.7,1,-1,1
94,1205740471,4,14,16,14,13,406,0.5691056910569106,0.07723577235772358,0.5843373493975904,0.10240963855421686,656,0.5279471544715447,0.5716463414634146,4.114329268292683,0.36966463414634143,264,0.3125,0.056818181818181816,0.3617021276595745,0.1702127659574468,736,0.7000679347826086,0.5584239130434783,3.9823369565217392,0.3665081521739132,338,0.24731182795698925,0.2903225806451613,0.6334661354581673,0.00398406374501992,8,0.625,0.375,7.375,0.34375,14.72,14.78,13.92,13.7,-2,0,1
95,1205740472,4,15,15,13,13,409,0.5685483870967742,0.07661290322580645,0.5808383233532934,0.10179640718562874,665,0.5290726817042606,0.5699248120300752,4.112781954887218,0.3710526315789473,266,0.3107344632768362,0.05649717514124294,0.3684210526315789,0.16842105263157894,747,0.7011378848728246,0.5568942436412316,3.9852744310575634,0.3662427487728694,339,0.24731182795698925,0.2903225806451613,0.6309523809523809,0.003968253968253968,8,0.625,0.375,7.375,0.34375,14.74,14.8,13.94,13.72,0,2,2
96,1205740473,4,17,16,15,12,410,0.570281124497992,0.07630522088353414,0.5808383233532934,0.10179640718562874,671,0.5288127173373075,0.5692995529061102,4.113263785394933,0.371833084947839,269,0.3089887640449438,0.056179775280898875,0.38144329896907214,0.16494845360824742,757,0.702443857331572,0.5574636723910171,3.9854689564068693,0.3660281814178777,343,0.24731182795698925,0.2903225806451613,0.63671875,0.00390625,8,0.625,0.375,7.375,0.34375,14.8,14.86,13.96,13.74,1,2,5
97,1205740474,4,18,15,12,12,413,0.5674603174603174,0.07539682539682539,0.5808383233532934,0.10179640718562874,679,0.5284732449680903,0.5714285714285714,4.110456553755522,0.3722385861561119,272,0.3149171270718232,0.055248618784530384,0.38144329896907214,0.16494845360824742,764,0.7014616055846423,0.556282722513089,3.981675392670157,0.3666012216404888,347,0.2553191489361702,0.2872340425531915,0.6332046332046332,0.003861003861003861,8,0.625,0.375,7.375,0.34375,14.94,14.88,13.94,13.72,3,6,6
98,1205740475,4,17,14,14,13,420,0.56640625,0.078125,0.5764705882352941,0.10588235294117647,686,0.5281827016520894,0.5714285714285714,4.107871720116618,0.3724489795918367,273,0.3131868131868132,0.054945054945054944,0.38144329896907214,0.16494845360824742,771,0.7015780371811501,0.5551232166018158,3.979247730220493,0.3661910938175531,351,0.2631578947368421,0.28421052631578947,0.6335877862595419,0.003816793893129771,8,0.625,0.375,7.375,0.34375,14.96,14.84,13.96,13.68,3,3,4
99,1205740476,4,14,15,14,14,425,0.5576923076923077,0.07692307692307693,0.5789473684210527,0.10526315789473684,692,0.5308285163776493,0.5736994219653179,4.106936416184971,0.3719894026974952,277,0.3172043010752688,0.05913978494623656,0.38144329896907214,0.16494845360824742,778,0.7036203941730935,0.5565552699228792,3.974293059125964,0.3657883461868039,356,0.2604166666666667,0.28125,0.6353383458646616,0.0037593984962406013,8,0.625,0.375,7.375,0.34375,14.94,14.86,13.98,13.64,-1,0,0
100,1205740477,4,16,15,13,15,431,0.55893536121673,0.07604562737642585,0.5804597701149425,0.10344827586206896,699,0.5305197901764425,0.5736766809728183,4.101573676680973,0.3720791607057702,278,0.3155080213903743,0.058823529411764705,0.38144329896907214,0.16494845360824742,787,0.7025624735281661,0.5565438373570522,3.9707750952986025,0.36573485811097006,358,0.2604166666666667,0.28125,0.6343283582089553,0.0037313432835820895,8,0.625,0.375,7.375,0.34375,14.96,14.88,13.92,13.62,1,3,1
101,1205740478,4,14,14,15,14,434,0.5639097744360902,0.07518796992481203,0.5804597701149425,0.10344827586206896,707,0.5282885431400283,0.5728429985855729,4.097595473833097,0.3731730315888732,282,0.31413612565445026,0.05759162303664921,0.38144329896907214,0.16494845360824742,797,0.701275616896696,0.5583437892095358,3.973651191969887,0.365223755750732,361,0.2604166666666667,0.28125,0.6346863468634686,0.0036900369003690036,8,0.625,0.375,7.375,0.34375,14.96,14.86,13.92,13.64,0,-1,0
102,1205740479,4,12,14,15,11,437,0.5634328358208955,0.07462686567164178,0.5828571428571429,0.10285714285714286,716,0.5286312849162011,0.5754189944134078,4.099162011173185,0.37162476722532595,284,0.3160621761658031,0.05699481865284974,0.38144329896907214,0.16494845360824742,809,0.6989081170168934,0.5587144622991347,3.972805933250927,0.3650597445405852,361,0.2604166666666667,0.28125,0.6346863468634686,0.0036900369003690036,8,0.625,0.375,7.375,0.34375,14.88,14.82,13.94,13.54,-2,-3,1
103,1205740480,4,15,15,9,13,438,0.5650557620817844,0.07434944237918216,0.5828571428571429,0.10285714285714286,724,0.5303867403314917,0.5773480662983426,4.098066298342541,0.37200736648250465,293,0.32160804020100503,0.06030150753768844,0.37,0.16,815,0.6998977505112476,0.5595092024539877,3.9656441717791413,0.3651329243353784,363,0.2604166666666667,0.28125,0.6336996336996337,0.003663003663003663,8,0.625,0.375,7.375,0.34375,14.94,14.84,13.82,13.58,0,6,2
104,1205740481,4,15,13,15,14,441,0.5608856088560885,0.07380073800738007,0.5852272727272727,0.10227272727272728,735,0.5312925170068027,0.5727891156462585,4.1034013605442174,0.3729024943310658,295,0.32,0.06,0.37623762376237624,0.15841584158415842,822,0.6988037307380374,0.559610705596107,3.9610705596107056,0.3655717761557179,367,0.25773195876288657,0.28865979381443296,0.6304347826086957,0.0036231884057971015,8,0.625,0.375,7.375,0.34375,14.96,14.76,13.86,13.6,2,0,1
105,1205740482,4,15,14,15,14,445,0.5604395604395604,0.07326007326007326,0.5898876404494382,0.10112359550561797,742,0.5296495956873315,0.5754716981132075,4.097035040431267,0.37241689128481587,303,0.31862745098039214,0.058823529411764705,0.37142857142857144,0.1523809523809524,826,0.6994552058111382,0.5581113801452785,3.9648910411622276,0.36592009685230037,369,0.2653061224489796,0.2857142857142857,0.631768953068592,0.0036101083032490976,9,0.6666666666666666,0.3333333333333333,7.333333333333333,0.3333333333333333,14.96,14.7,13.88,13.6,1,0,1
106,1205740483,4,14,14,14,13,451,0.5595667870036101,0.07581227436823104,0.5833333333333334,0.1,750,0.5291111111111111,0.576,4.096,0.3727777777777778,307,0.3188405797101449,0.057971014492753624,0.36792452830188677,0.1509433962264151,831,0.6994584837545128,0.5595667870036101,3.9614921780986765,0.36552346570397126,373,0.26262626262626265,0.29292929292929293,0.6285714285714286,0.0035714285714285713,9,0.6666666666666666,0.3333333333333333,7.333333333333333,0.3333333333333333,14.92,14.68,13.88,13.58,0,0,1
107,1205740484,4,15,16,14,12,459,0.5673758865248227,0.07446808510638298,0.5737704918032787,0.09836065573770492,756,0.5288800705467371,0.5740740740740741,4.097883597883598,0.373126102292769,309,0.32057416267942584,0.06220095693779904,0.36792452830188677,0.1509433962264151,839,0.6965633690901869,0.5613825983313468,3.961859356376639,0.3662097735399286,375,0.26,0.29,0.6298932384341637,0.0035587188612099642,9,0.6666666666666666,0.3333333333333333,7.333333333333333,0.3333333333333333,14.9,14.72,13.9,13.54,-1,1,3
108,1205740485,4,16,15,14,13,464,0.5664335664335665,0.07342657342657342,0.5760869565217391,0.09782608695652174,763,0.5307994757536042,0.5753604193971167,4.094364351245085,0.3742900830056794,310,0.32057416267942584,0.06220095693779904,0.3644859813084112,0.14953271028037382,845,0.6987179487179489,0.5609467455621302,3.965680473372781,0.36538461538461553,381,0.2647058823529412,0.28431372549019607,0.6350877192982456,0.0035087719298245615,9,0.6666666666666666,0.3333333333333333,7.333333333333333,0.3333333333333333,14.88,14.74,13.86,13.52,1,2,3
109,1205740486,4,13,15,15,11,465,0.5664335664335665,0.07342657342657342,0.5783783783783784,0.0972972972972973,770,0.5272727272727272,0.574025974025974,4.097402597402597,0.37510822510822517,311,0.319047619047619,0.06190476190476191,0.3644859813084112,0.14953271028037382,855,0.6975633528265109,0.5625730994152047,3.9649122807017543,0.3663742690058481,385,0.27184466019417475,0.2815533980582524,0.6388888888888888,0.003472222222222222,9,0.6666666666666666,0.3333333333333333,7.333333333333333,0.3333333333333333,14.9,14.76,13.9,13.52,-2,-2,2
110,1205740487,4,15,13,13,13,466,0.5664335664335665,0.07342657342657342,0.5806451612903226,0.0967741935483871,780,0.5273504273504274,0.5756410256410256,4.0948717948717945,0.37510683760683766,313,0.3160377358490566,0.0660377358490566,0.3644859813084112,0.14953271028037382,864,0.6989776234567904,0.5613425925925926,3.962962962962963,0.36660879629629645,387,0.27184466019417475,0.2815533980582524,0.6413793103448275,0.0034482758620689655,9,0.6666666666666666,0.3333333333333333,7.333333333333333,0.3333333333333333,14.9,14.74,13.9,13.48,2,2,2
111,1205740488,4,14,11,14,11,470,0.5659722222222222,0.07291666666666667,0.5797872340425532,0.09574468085106383,784,0.5297619047619048,0.5778061224489796,4.095663265306122,0.37478741496598644,316,0.3145539906103286,0.06572769953051644,0.3669724770642202,0.1559633027522936,873,0.699789996181749,0.561282932416953,3.9564719358533793,0.36655211912943886,392,0.26666666666666666,0.2761904761904762,0.6416382252559727,0.0034129692832764505,9,0.6666666666666666,0.3333333333333333,7.333333333333333,0.3333333333333333,14.88,14.66,13.92,13.42,3,0,3
112,1205740489,4,14,14,12,13,475,0.5684931506849316,0.07191780821917808,0.5767195767195767,0.09523809523809523,793,0.5294241277847835,0.5800756620428752,4.097099621689786,0.37557797393862974,320,0.3087557603686636,0.06451612903225806,0.3669724770642202,0.1559633027522936,880,0.6999053030303033,0.5625,3.9511363636363637,0.36638257575757593,394,0.2641509433962264,0.2830188679245283,0.6394557823129252,0.003401360544217687,9,0.6666666666666666,0.3333333333333333,7.333333333333333,0.3333333333333333,14.86,14.64,13.86,13.42,0,2,1
113,1205740490,4,14,15,15,13,476,0.5699658703071673,0.07167235494880546,0.5767195767195767,0.09523809523809523,801,0.5285060341240116,0.5780274656679151,4.104868913857678,0.37526009155222645,322,0.3073394495412844,0.06422018348623854,0.36363636363636365,0.15454545454545454,888,0.7009196696696699,0.5641891891891891,3.9605855855855854,0.3661786786786788,398,0.2616822429906542,0.2897196261682243,0.6363636363636364,0.003367003367003367,9,0.6666666666666666,0.3333333333333333,7.333333333333333,0.3333333333333333,14.86,14.66,13.94,13.4,-1,-1,1
114,1205740491,4,15,15,17,14,478,0.5694915254237288,0.0711864406779661,0.5767195767195767,0.09523809523809523,810,0.5294238683127572,0.5790123456790124,4.111111111111111,0.3751028806584363,325,0.3090909090909091,0.06363636363636363,0.36036036036036034,0.15315315315315314,894,0.7003169276659211,0.5637583892617449,3.9586129753914987,0.3665175242356452,400,0.2616822429906542,0.2897196261682243,0.6387959866220736,0.0033444816053511705,9,0.6666666666666666,0.3333333333333333,7.333333333333333,0.3333333333333333,14.88,14.68,13.96,13.34,0,-2,1
115,1205740492,4,13,13,13,12,480,0.5723905723905723,0.0707070707070707,0.5767195767195767,0.09523809523809523,820,0.5288617886178861,0.5756097560975609,4.115853658536586,0.3769308943089431,330,0.3094170403587444,0.06278026905829596,0.36283185840707965,0.1504424778761062,902,0.7024205469327423,0.565410199556541,3.956762749445676,0.3663155949741317,402,0.25925925925925924,0.28703703703703703,0.64,0.0033333333333333335,9,0.6666666666666666,0.3333333333333333,7.333333333333333,0.3333333333333333,14.82,14.68,13.94,13.26,0,0,1
116,1205740493,4,16,15,14,14,482,0.5704697986577181,0.07046979865771812,0.5789473684210527,0.09473684210526316,828,0.5267713365539453,0.5760869565217391,4.119565217391305,0.3766103059581321,332,0.3111111111111111,0.06222222222222222,0.36283185840707965,0.1504424778761062,910,0.7033882783882786,0.5648351648351648,3.951648351648352,0.36611721611721626,405,0.25925925925925924,0.28703703703703703,0.6435643564356436,0.0033003300330033004,9,0.6666666666666666,0.3333333333333333,7.333333333333333,0.3333333333333333,14.84,14.7,13.92,13.24,1,2,2
117,1205740494,4,15,14,14,13,484,0.5666666666666667,0.07333333333333333,0.5789473684210527,0.09473684210526316,834,0.5279776179056754,0.5767386091127098,4.119904076738609,0.3771982414068745,334,0.30837004405286345,0.06167400881057269,0.36283185840707965,0.1504424778761062,919,0.7035727239753357,0.5669205658324266,3.9466811751904243,0.36579615524120435,410,0.26605504587155965,0.28440366972477066,0.6482084690553745,0.003257328990228013,9,0.6666666666666666,0.3333333333333333,7.333333333333333,0.3333333333333333,14.82,14.66,13.92,13.18,1,1,2
118,1205740495,4,13,15,11,14,487,0.5629139072847682,0.0728476821192053,0.581151832460733,0.09424083769633508,845,0.5276134122287969,0.5739644970414202,4.120710059171597,0.3761341222879685,339,0.31004366812227074,0.0611353711790393,0.3620689655172414,0.14655172413793102,925,0.7035135135135137,0.5664864864864865,3.945945945945946,0.3661261261261263,413,0.26605504587155965,0.28440366972477066,0.6451612903225806,0.0032258064516129032,9,0.6666666666666666,0.3333333333333333,7.333333333333333,0.3333333333333333,14.76,14.64,13.86,13.22,-2,2,-1
119,1205740496,4,15,15,13,14,490,0.5610561056105611,0.07260726072607261,0.5803108808290155,0.09326424870466321,853,0.5279406017975772,0.5720984759671747,4.118405627198125,0.37641656897225484,342,0.3116883116883117,0.06493506493506493,0.358974358974359,0.1452991452991453,930,0.7036738351254481,0.5645161290322581,3.947311827956989,0.3665770609318998,421,0.26126126126126126,0.27927927927927926,0.6424050632911392,0.0031645569620253164,9,0.6666666666666666,0.3333333333333333,7.333333333333333,0.3333333333333333,14.78,14.64,13.82,13.2,0,2,1
120,1205740497,4,18,18,17,14,495,0.5602605863192183,0.0749185667752443,0.5824742268041238,0.09278350515463918,861,0.5267131242740999,0.5749128919860628,4.120789779326365,0.3764034068912118,343,0.3103448275862069,0.06465517241379311,0.358974358974359,0.1452991452991453,939,0.7027866524671638,0.5654952076677316,3.949946751863685,0.3665246716364929,423,0.26126126126126126,0.27927927927927926,0.6446540880503144,0.0031446540880503146,9,0.6666666666666666,0.3333333333333333,7.333333333333333,0.3333333333333333,14.86,14.7,13.88,13.2,0,1,4
121,1205740498,4,15,16,13,13,500,0.5627009646302251,0.07395498392282958,0.5846153846153846,0.09230769230769231,867,0.5271049596309112,0.5755478662053056,4.125720876585929,0.37581699346405234,346,0.31063829787234043,0.06382978723404255,0.358974358974359,0.1452991452991453,949,0.7053916403231473,0.5669125395152792,3.9494204425711277,0.36582367404285226,424,0.26126126126126126,0.27927927927927926,0.64576802507837,0.003134796238244514,9,0.6666666666666666,0.3333333333333333,7.333333333333333,0.3333333333333333,14.84,14.7,13.86,13.18,-1,2,2
122,1205740499,4,14,14,15,10,504,0.5636942675159236,0.0732484076433121,0.5867346938775511,0.09183673469387756,876,0.5245433789954338,0.5753424657534246,4.1255707762557075,0.37480974124809746,350,0.3080168776371308,0.06329113924050633,0.36134453781512604,0.15126050420168066,959,0.7053354188390686,0.5672575599582899,3.9551616266944736,0.36513729579423027,424,0.26126126126126126,0.27927927927927926,0.64576802507837,0.003134796238244514,9,0.6666666666666666,0.3333333333333333,7.333333333333333,0.3333333333333333,14.86,14.68,13.88,13.12,0,-1,4
123,1205740500,4,14,14,14,14,508,0.5615141955835962,0.07570977917981073,0.5888324873096447,0.09137055837563451,882,0.5255102040816326,0.5782312925170068,4.12358276643991,0.374244142101285,355,0.3029045643153527,0.06639004149377593,0.36666666666666664,0.15,968,0.7080750688705235,0.5681818181818182,3.956611570247934,0.36432506887052357,426,0.26126126126126126,0.27927927927927926,0.6479750778816199,0.003115264797507788,9,0.6666666666666666,0.3333333333333333,7.333333333333333,0.3333333333333333,14.84,14.7,13.84,13.12,0,0,0
124,1205740501,4,15,15,16,13,511,0.5579937304075235,0.07523510971786834,0.5858585858585859,0.09595959595959595,886,0.5265237020316027,0.5790067720090294,4.125282167042889,0.3745297215951844,359,0.3045267489711934,0.06584362139917696,0.36885245901639346,0.1557377049180328,979,0.7100783112019068,0.5689479060265578,3.9509703779366703,0.3651685393258428,429,0.25892857142857145,0.2767857142857143,0.6501547987616099,0.0030959752321981426,9,0.6666666666666666,0.3333333333333333,7.333333333333333,0.3333333333333333,14.84,14.68,13.9,13.08,0,-1,2
125,1205740502,4,13,15,16,13,516,0.557632398753894,0.07476635514018691,0.582089552238806,0.1044776119402985,894,0.5262863534675615,0.5782997762863534,4.120805369127517,0.37509321401938855,364,0.3089430894308943,0.06504065040650407,0.3629032258064516,0.1532258064516129,984,0.7105352303523036,0.568089430894309,3.9491869918699187,0.3653455284552847,433,0.25892857142857145,0.2767857142857143,0.6483180428134556,0.0030581039755351682,9,0.6666666666666666,0.3333333333333333,7.333333333333333,0.3333333333333333,14.78,14.68,13.92,13.06,-2,-3,0
126,1205740503,4,12,16,15,14,522,0.556923076923077,0.07384615384615385,0.5812807881773399,0.10837438423645321,903,0.525655223329642,0.5791805094130675,4.117386489479513,0.3752307124400148,367,0.3092369477911647,0.0642570281124498,0.3629032258064516,0.1532258064516129,992,0.7078293010752689,0.5685483870967742,3.9506048387096775,0.36466733870967755,435,0.25892857142857145,0.2767857142857143,0.6474164133738601,0.00303951367781155,9,0.6666666666666666,0.3333333333333333,7.333333333333333,0.3333333333333333,14.76,14.7,13.96,13.04,-4,-3,-2
127,1205740504,4,17,18,16,15,524,0.558282208588957,0.0736196319018405,0.5833333333333334,0.10784313725490197,912,0.5259502923976609,0.5767543859649122,4.118421052631579,0.37563961988304095,368,0.3092369477911647,0.0642570281124498,0.368,0.152,1003,0.7057161847789963,0.5682951146560319,3.9491525423728815,0.36490528414755746,437,0.25663716814159293,0.2831858407079646,0.6484848484848484,0.0030303030303030303,9,0.6666666666666666,0.3333333333333333,7.333333333333333,0.3333333333333333,14.82,14.74,13.98,13.1,-1,1,2
128,1205740505,4,14,15,13,13,528,0.5562310030395137,0.07598784194528875,0.5804878048780487,0.1073170731707317,919,0.5262966993108451,0.5778019586507073,4.122959738846572,0.3763148349655423,370,0.3107569721115538,0.06374501992031872,0.368,0.152,1011,0.7050774810418727,0.5687438180019783,3.9525222551928785,0.36473788328387746,439,0.2631578947368421,0.2807017543859649,0.649546827794562,0.0030211480362537764,9,0.6666666666666666,0.3333333333333333,7.333333333333333,0.3333333333333333,14.8,14.72,14.02,13.06,-1,1,1
129,1205740506,4,14,14,13,12,531,0.552870090634441,0.0755287009063444,0.5825242718446602,0.10679611650485436,927,0.5255303847536857,0.5771305285868392,4.128371089536138,0.3765731751168645,373,0.3110236220472441,0.06299212598425197,0.368,0.152,1018,0.7031761624099542,0.5697445972495089,3.956777996070727,0.3646856581532418,442,0.25862068965517243,0.28448275862068967,0.6506024096385542,0.0030120481927710845,10,0.65,0.4,7.3,0.35,14.76,14.72,14.02,13.06,0,1,2
130,1205740507,4,16,13,16,14,533,0.5542168674698795,0.07530120481927711,0.5797101449275363,0.10628019323671498,937,0.5277481323372465,0.576307363927428,4.124866595517609,0.37628957666310925,375,0.30980392156862746,0.06274509803921569,0.373015873015873,0.15079365079365079,1025,0.7022764227642276,0.5697560975609756,3.9570731707317073,0.3648780487804879,448,0.2564102564102564,0.28205128205128205,0.6498516320474778,0.005934718100890208,10,0.65,0.4,7.3,0.35,14.76,14.66,14.06,13.1,3,0,2
131,1205740508,4,16,13,17,11,537,0.5555555555555556,0.07507507507507508,0.5761904761904761,0.10952380952380952,941,0.5270988310308182,0.5749202975557917,4.12327311370882,0.3762840949344669,377,0.3125,0.0625,0.3779527559055118,0.14960629921259844,1036,0.7015765765765766,0.5675675675675675,3.9584942084942085,0.36486486486486497,452,0.2564102564102564,0.28205128205128205,0.6539589442815249,0.005865102639296188,10,0.65,0.4,7.3,0.35,14.8,14.64,14.12,13.06,3,-1,5
132,1205740509,4,16,14,14,14,538,0.5568862275449101,0.0748502994011976,0.5761904761904761,0.10952380952380952,947,0.5279831045406547,0.5755015839493136,4.118268215417107,0.3760119676170363,381,0.3127413127413127,0.06177606177606178,0.375,0.1484375,1042,0.7008957133717211,0.5671785028790787,3.956813819577735,0.3651631477927064,459,0.2627118644067797,0.2796610169491525,0.654178674351585,0.005763688760806916,10,0.65,0.4,7.3,0.35,14.78,14.64,14.14,13.08,2,2,2
133,1205740510,4,16,15,11,14,541,0.5565476190476191,0.0744047619047619,0.5781990521327014,0.10900473933649289,955,0.5298429319371728,0.5759162303664922,4.117277486910995,0.37521815008726006,384,0.3103448275862069,0.06130268199233716,0.3798449612403101,0.14728682170542637,1047,0.7008914358484559,0.5673352435530086,3.9522445081184334,0.36485195797516723,465,0.26666666666666666,0.2833333333333333,0.6552706552706553,0.005698005698005698,10,0.65,0.4,7.3,0.35,14.82,14.7,14.08,13.14,1,5,2
134,1205740511,4,14,14,15,12,542,0.5578635014836796,0.07418397626112759,0.5781990521327014,0.10900473933649289,964,0.5264522821576764,0.5736514522821576,4.113070539419087,0.3750864453665284,388,0.30916030534351147,0.061068702290076333,0.38636363636363635,0.14393939393939395,1056,0.6996527777777778,0.5662878787878788,3.949810606060606,0.3645833333333334,468,0.26666666666666666,0.2833333333333333,0.655367231638418,0.005649717514124294,10,0.65,0.4,7.3,0.35,14.8,14.68,14.08,13.08,0,-1,2
135,1205740512,4,14,13,15,13,544,0.5575221238938053,0.07374631268436578,0.5781990521327014,0.10900473933649289,975,0.5280341880341881,0.5743589743589743,4.110769230769231,0.374957264957265,390,0.30798479087452474,0.060836501901140684,0.38345864661654133,0.14285714285714285,1064,0.6990914786967419,0.5676691729323309,3.9464285714285716,0.36395676691729334,470,0.26666666666666666,0.2833333333333333,0.6544943820224719,0.0056179775280898875,10,0.65,0.4,7.3,0.35,14.8,14.62,14.1,13.02,1,-1,1
136,1205740513,4,15,15,13,12,545,0.5588235294117647,0.07352941176470588,0.5781990521327014,0.10900473933649289,983,0.5300101729399797,0.5747711088504578,4.112919633774161,0.37521193624957616,392,0.3068181818181818,0.06060606060606061,0.3805970149253731,0.1417910447761194,1072,0.6985385572139304,0.5680970149253731,3.9458955223880596,0.3633395522388061,474,0.2644628099173554,0.2809917355371901,0.6573816155988857,0.005571030640668524,10,0.65,0.4,7.3,0.35,14.86,14.6,14.08,12.96,0,2,3
137,1205740514,4,13,14,14,12,550,0.5597667638483965,0.07580174927113703,0.5727699530516432,0.107981220657277,991,0.5311133535149681,0.574167507568113,4.108980827447024,0.3749579549276825,395,0.30451127819548873,0.06015037593984962,0.37777777777777777,0.14074074074074075,1078,0.6992888064316636,0.5686456400742115,3.9452690166975883,0.3627087198515771,479,0.25806451612903225,0.29838709677419356,0.6592797783933518,0.00554016620498615,11,0.5909090909090909,0.45454545454545453,7.2727272727272725,0.3409090909090909,14.78,14.54,14.04,12.94,-1,-1,1
138,1205740515,4,16,16,16,16,554,0.5606936416184971,0.07803468208092486,0.5700934579439252,0.10747663551401869,1001,0.5313020313020314,0.5734265734265734,4.101898101898102,0.3757076257076257,399,0.30223880597014924,0.05970149253731343,0.3722627737226277,0.1386861313868613,1085,0.6993855606758833,0.5695852534562212,3.9483870967741934,0.36244239631336417,480,0.264,0.296,0.6592797783933518,0.00554016620498615,11,0.5909090909090909,0.45454545454545453,7.2727272727272725,0.3409090909090909,14.82,14.56,14.08,13.04,0,0,0
139,1205740516,4,15,15,16,13,561,0.5628571428571428,0.07714285714285714,0.5714285714285714,0.11059907834101383,1006,0.5306494367130551,0.5745526838966203,4.098409542743539,0.3750828363154407,402,0.3048327137546468,0.05947955390334572,0.3669064748201439,0.1366906474820144,1093,0.699603537663922,0.5699908508691675,3.94967978042086,0.3629917657822508,484,0.264,0.296,0.663013698630137,0.005479452054794521,11,0.5909090909090909,0.45454545454545453,7.2727272727272725,0.3409090909090909,14.82,14.56,14.18,13.02,0,-1,2
140,1205740517,4,15,16,13,12,565,0.5637393767705382,0.0764872521246459,0.5688073394495413,0.11009174311926606,1015,0.5303776683087028,0.574384236453202,4.092610837438424,0.37495894909688016,404,0.3062730627306273,0.05904059040590406,0.3669064748201439,0.1366906474820144,1100,0.6987878787878788,0.5690909090909091,3.949090909090909,0.36272727272727284,486,0.264,0.296,0.6648501362397821,0.005449591280653951,11,0.5909090909090909,0.45454545454545453,7.2727272727272725,0.3409090909090909,14.78,14.6,14.16,13.02,-1,2,3
141,1205740518,4,13,13,11,12,566,0.5649717514124294,0.07627118644067797,0.5688073394495413,0.11009174311926606,1024,0.5301106770833334,0.5732421875,4.0888671875,0.37434895833333337,404,0.3062730627306273,0.05904059040590406,0.3669064748201439,0.1366906474820144,1108,0.6996089049338148,0.5676895306859205,3.9512635379061374,0.36236462093862826,489,0.2619047619047619,0.30158730158730157,0.6666666666666666,0.005420054200542005,11,0.5909090909090909,0.45454545454545453,7.2727272727272725,0.3409090909090909,14.76,14.58,14.12,13.0,0,2,1
142,1205740519,4,14,14,13,15,573,0.5654596100278552,0.07520891364902507,0.5681818181818182,0.10909090909090909,1031,0.5324927255092143,0.5751697381183317,4.084384093113482,0.37471710313611384,409,0.30656934306569344,0.058394160583941604,0.3617021276595745,0.1347517730496454,1114,0.7012268102932376,0.5682226211849192,3.9506283662477557,0.36220825852782773,491,0.2619047619047619,0.30158730158730157,0.6657681940700808,0.005390835579514825,11,0.5909090909090909,0.45454545454545453,7.2727272727272725,0.3409090909090909,14.74,14.58,14.08,13.04,0,1,-1
143,1205740520,4,13,14,10,13,578,0.5607734806629834,0.07458563535911603,0.5675675675675675,0.10810810810810811,1042,0.533109404990403,0.5777351247600768,4.096928982725528,0.3746001279590531,413,0.30324909747292417,0.05776173285198556,0.3591549295774648,0.13380281690140844,1118,0.700954084675015,0.5670840787119857,3.9481216457960646,0.3620304114490162,493,0.2619047619047619,0.30158730158730157,0.6648793565683646,0.005361930294906166,12,0.625,0.4166666666666667,7.25,0.3541666666666667,14.72,14.6,13.98,13.04,-1,3,0
144,1205740521,4,15,14,14,15,585,0.5601092896174863,0.07377049180327869,0.5688888888888889,0.10666666666666667,1046,0.5339388145315488,0.5764818355640535,4.098470363288719,0.3743626513702996,416,0.3010752688172043,0.05734767025089606,0.35664335664335667,0.13286713286713286,1128,0.7009456264775414,0.5664893617021277,3.952127659574468,0.3619237588652483,496,0.2619047619047619,0.30158730158730157,0.6622340425531915,0.005319148936170213,12,0.625,0.4166666666666667,7.25,0.3541666666666667,14.74,14.56,13.98,13.08,1,1,0
145,1205740522,4,16,16,14,14,589,0.5570652173913043,0.07336956521739131,0.5682819383259912,0.11013215859030837,1053,0.5335549224438114,0.577397910731244,4.097815764482431,0.37448559670781895,417,0.3,0.05714285714285714,0.35664335664335667,0.13286713286713286,1137,0.7005277044854882,0.565523306948109,3.9481090589270007,0.3623570800351804,499,0.25984251968503935,0.2992125984251969,0.6640211640211641,0.005291005291005291,12,0.625,0.4166666666666667,7.25,0.3541666666666667,14.76,14.58,14.0,13.1,0,2,2
146,1205740523,4,16,13,13,16,592,0.5582655826558266,0.07317073170731707,0.5676855895196506,0.1091703056768559,1062,0.5349968612680478,0.5772128060263654,4.0969868173258,0.3746076585059636,421,0.2992957746478873,0.056338028169014086,0.35664335664335667,0.13286713286713286,1143,0.7003499562554681,0.5660542432195975,3.94663167104112,0.36198600174978135,501,0.25984251968503935,0.2992125984251969,0.6631578947368421,0.005263157894736842,12,0.625,0.4166666666666667,7.25,0.3541666666666667,14.74,14.52,13.96,13.18,3,3,0
147,1205740524,4,16,17,13,12,599,0.5588235294117647,0.07219251336898395,0.5714285714285714,0.10822510822510822,1071,0.5353252412075942,0.5779645191409897,4.094304388422035,0.37472766884531594,424,0.2972027972027972,0.055944055944055944,0.3541666666666667,0.13194444444444445,1149,0.7003191180736873,0.566579634464752,3.949521322889469,0.362271540469974,501,0.25984251968503935,0.2992125984251969,0.6631578947368421,0.005263157894736842,12,0.625,0.4166666666666667,7.25,0.3541666666666667,14.7,14.56,13.98,13.18,-1,3,4
148,1205740525,4,13,16,15,13,601,0.56,0.072,0.5732758620689655,0.10775862068965517,1078,0.5355596784168213,0.5760667903525046,4.092764378478664,0.3748453927025356,428,0.2951388888888889,0.05555555555555555,0.363013698630137,0.13013698630136986,1160,0.698132183908046,0.5646551724137931,3.95,0.3620689655172415,503,0.2578125,0.3046875,0.6640419947506562,0.005249343832020997,12,0.625,0.4166666666666667,7.25,0.3541666666666667,14.62,14.6,14.0,13.18,-3,-2,0
149,1205740526,4,16,16,13,15,608,0.5620052770448549,0.0712401055408971,0.574468085106383,0.10638297872340426,1084,0.5358241082410824,0.577490774907749,4.095018450184502,0.3746156211562116,429,0.2951388888888889,0.05555555555555555,0.36054421768707484,0.1292517006802721,1169,0.6987453664100371,0.5654405474764757,3.9520958083832336,0.36184773310521823,506,0.2578125,0.3046875,0.6640625,0.005208333333333333,12,0.625,0.4166666666666667,7.25,0.3541666666666667,14.66,14.62,13.98,13.2,0,3,1
150,1205740527,4,14,13,14,15,614,0.5598958333333334,0.0703125,0.576271186440678,0.1059322033898305,1090,0.5356269113149847,0.5788990825688073,4.093577981651376,0.374388379204893,431,0.29310344827586204,0.05517241379310345,0.36054421768707484,0.1292517006802721,1178,0.6985002829654783,0.565365025466893,3.9516129032258065,0.36184210526315796,510,0.26356589147286824,0.3023255813953488,0.6640826873385013,0.00516795865633075,12,0.625,0.4166666666666667,7.25,0.3541666666666667,14.62,14.58,14.0,13.2,1,0,-1
151,1205740528,4,15,15,13,13,617,0.5633074935400517,0.06976744186046512,0.576271186440678,0.1059322033898305,1096,0.5336070559610706,0.5784671532846716,4.093978102189781,0.37416362530413627,434,0.29553264604810997,0.054982817869415807,0.35570469798657717,0.12751677852348994,1187,0.6991013760179725,0.5669755686604886,3.9519797809604045,0.36183656276326887,515,0.26153846153846155,0.3,0.6675191815856778,0.005115089514066497,12,0.625,0.4166666666666667,7.25,0.3541666666666667,14.64,14.6,13.96,13.18,0,2,2
152,1205740529,4,14,15,15,13,620,0.5644329896907216,0.06958762886597938,0.5756302521008403,0.10504201680672269,1104,0.5342693236714976,0.5769927536231884,4.098731884057971,0.37394323671497587,442,0.2983050847457627,0.05423728813559322,0.35294117647058826,0.12418300653594772,1195,0.699442119944212,0.5665271966527197,3.9514644351464434,0.3617154811715482,515,0.26153846153846155,0.3,0.6675191815856778,0.005115089514066497,12,0.625,0.4166666666666667,7.25,0.3541666666666667,14.68,14.62,13.96,13.22,-1,-1,1
153,1205740530,4,15,12,14,11,620,0.5644329896907216,0.06958762886597938,0.5756302521008403,0.10504201680672269,1113,0.5317460317460317,0.5759209344115005,4.099730458221024,0.37406409104522315,445,0.30303030303030304,0.05387205387205387,0.35064935064935066,0.12987012987012986,1204,0.6983665559246955,0.5664451827242525,3.9493355481727574,0.3617109634551496,520,0.2727272727272727,0.29545454545454547,0.6675126903553299,0.005076142131979695,12,0.625,0.4166666666666667,7.25,0.3541666666666667,14.68,14.56,14.06,13.18,3,1,4
154,1205740531,4,17,17,14,11,625,0.5663265306122449,0.06887755102040816,0.5774058577405857,0.10460251046025104,1119,0.5315758117366697,0.5755138516532619,4.102770330652368,0.3738456955615133,446,0.3053691275167785,0.053691275167785234,0.35064935064935066,0.12987012987012986,1212,0.6995324532453245,0.5668316831683168,3.9455445544554455,0.36097359735973605,525,0.2781954887218045,0.2932330827067669,0.6708542713567839,0.005025125628140704,12,0.625,0.4166666666666667,7.25,0.3541666666666667,14.72,14.64,14.04,13.12,0,3,6
155,1205740532,4,15,15,14,14,630,0.5667506297229219,0.07052896725440806,0.5774058577405857,0.10460251046025104,1124,0.5318801897983393,0.5747330960854092,4.105871886120997,0.3732947805456703,447,0.3053691275167785,0.053691275167785234,0.34838709677419355,0.12903225806451613,1223,0.700190787680567,0.5658217497955846,3.9419460343417825,0.36120196238757163,530,0.27611940298507465,0.291044776119403,0.6716417910447762,0.004975124378109453,12,0.625,0.4166666666666667,7.25,0.3541666666666667,14.72,14.66,14.02,13.12,0,1,1
156,1205740533,4,14,14,13,14,636,0.5675,0.07,0.5785123966942148,0.10743801652892562,1132,0.5331272084805654,0.5750883392226148,4.108657243816254,0.3740429917550059,450,0.31,0.05333333333333334,0.34615384615384615,0.1282051282051282,1231,0.7001083130246413,0.5670186839967506,3.9455727051177902,0.3610885458976443,532,0.27941176470588236,0.2867647058823529,0.6716417910447762,0.004975124378109453,12,0.625,0.4166666666666667,7.25,0.3541666666666667,14.72,14.66,14.0,13.14,0,1,0
157,1205740534,4,15,16,13,13,640,0.56575682382134,0.06947890818858561,0.5761316872427984,0.10699588477366255,1139,0.5351185250219491,0.5759438103599649,4.114135206321334,0.3735001463271876,452,0.31456953642384106,0.052980132450331126,0.34615384615384615,0.1282051282051282,1240,0.6991935483870968,0.5685483870967742,3.945161290322581,0.3618951612903227,536,0.2826086956521739,0.2826086956521739,0.6732673267326733,0.0049504950495049506,12,0.625,0.4166666666666667,7.25,0.3541666666666667,14.72,14.66,13.98,13.16,-1,2,2
158,1205740535,4,15,17,14,12,642,0.5668316831683168,0.06930693069306931,0.5778688524590164,0.10655737704918032,1148,0.5361498257839721,0.5775261324041812,4.122822299651568,0.3734030197444832,458,0.31699346405228757,0.05228758169934641,0.34810126582278483,0.12658227848101267,1246,0.6977661851257356,0.5690208667736758,3.9446227929373996,0.36269395398608895,538,0.2826086956521739,0.2826086956521739,0.6699507389162561,0.0049261083743842365,14,0.6785714285714286,0.35714285714285715,7.285714285714286,0.3392857142857143,14.7,14.7,13.98,13.14,-2,1,3
159,1205740536,4,15,16,17,15,647,0.5665024630541872,0.06896551724137931,0.5789473684210527,0.10931174089068826,1156,0.5358996539792388,0.5769896193771626,4.119377162629758,0.3736303344867359,459,0.31921824104234525,0.05211726384364821,0.34810126582278483,0.12658227848101267,1252,0.698415867944622,0.5694888178913738,3.9440894568690097,0.36295260915867955,543,0.2857142857142857,0.2785714285714286,0.6699266503667481,0.004889975550122249,14,0.6785714285714286,0.35714285714285715,7.285714285714286,0.3392857142857143,14.74,14.72,14.02,13.22,-1,-2,0
160,1205740537,4,14,13,15,14,648,0.5675675675675675,0.0687960687960688,0.5789473684210527,0.10931174089068826,1164,0.5339347079037801,0.5773195876288659,4.115979381443299,0.3734249713631157,463,0.31715210355987056,0.05501618122977346,0.35,0.13125,1261,0.6997753106000528,0.5693893735130848,3.9444885011895323,0.36307163626751265,548,0.29577464788732394,0.2746478873239437,0.6674757281553398,0.0048543689320388345,14,0.6785714285714286,0.35714285714285715,7.285714285714286,0.3392857142857143,14.72,14.72,14.06,13.24,1,-1,0
161,1205740538,4,16,16,19,14,655,0.5669099756690997,0.0705596107055961,0.584,0.108,1166,0.5338765008576329,0.5771869639794168,4.1183533447684395,0.37342767295597484,464,0.3161290322580645,0.054838709677419356,0.35,0.13125,1272,0.7005372117400419,0.5668238993710691,3.9449685534591197,0.36327306079664584,551,0.3006993006993007,0.2727272727272727,0.6690821256038647,0.004830917874396135,14,0.6785714285714286,0.35714285714285715,7.285714285714286,0.3392857142857143,14.76,14.82,14.16,13.3,0,-3,2
162,1205740539,4,16,14,13,14,658,0.5665859564164649,0.07021791767554479,0.5816733067729084,0.10756972111553785,1173,0.5332480818414322,0.5763000852514919,4.115089514066496,0.3731173628871839,465,0.3183279742765273,0.05466237942122187,0.35,0.13125,1280,0.7008463541666666,0.56640625,3.94296875,0.3629557291666668,555,0.3055555555555556,0.2708333333333333,0.6714628297362111,0.004796163069544364,14,0.6785714285714286,0.35714285714285715,7.285714285714286,0.3392857142857143,14.8,14.82,14.18,13.32,2,3,2
163,1205740540,4,15,16,15,16,662,0.565947242206235,0.07194244604316546,0.5816733067729084,0.10756972111553785,1181,0.5340107253739769,0.5774767146486028,4.112616426756985,0.3733418007338414,470,0.31746031746031744,0.05396825396825397,0.34782608695652173,0.13043478260869565,1286,0.701464489372732,0.567651632970451,3.9401244167962677,0.3624287195438052,558,0.3103448275862069,0.2689655172413793,0.6706443914081146,0.00477326968973747,14,0.6785714285714286,0.35714285714285715,7.285714285714286,0.3392857142857143,14.82,14.84,14.18,13.38,-1,0,-1
164,1205740541,4,15,17,16,14,664,0.568019093078759,0.07159904534606205,0.5816733067729084,0.10756972111553785,1190,0.5324929971988795,0.5764705882352941,4.10672268907563,0.3734593837535014,472,0.31545741324921134,0.05362776025236593,0.34782608695652173,0.13043478260869565,1294,0.6994461617722822,0.5687789799072643,3.937403400309119,0.3623132405976302,562,0.3150684931506849,0.2671232876712329,0.6729857819905213,0.004739336492890996,14,0.6785714285714286,0.35714285714285715,7.285714285714286,0.3392857142857143,14.82,14.88,14.16,13.38,-2,-1,1
165,1205740542,4,15,14,13,11,671,0.5673758865248227,0.07092198581560284,0.5826771653543307,0.11023622047244094,1195,0.5344490934449093,0.5765690376569038,4.106276150627615,0.37294281729428175,476,0.3166144200626959,0.05329153605015674,0.3558282208588957,0.12883435582822086,1301,0.7010632846528311,0.568793235972329,3.9346656418139894,0.3622854214706637,566,0.3129251700680272,0.2653061224489796,0.6752941176470588,0.004705882352941176,14,0.6785714285714286,0.35714285714285715,7.285714285714286,0.3392857142857143,14.86,14.9,14.16,13.36,1,2,4
166,1205740543,4,14,17,13,14,677,0.568075117370892,0.07042253521126761,0.5836575875486382,0.10894941634241245,1203,0.5333887503463564,0.5760598503740648,4.111388196176226,0.37316431144361323,478,0.3177570093457944,0.0529595015576324,0.3558282208588957,0.12883435582822086,1309,0.6998344792462439,0.5683728036669213,3.935828877005348,0.3621721415839064,567,0.3129251700680272,0.2653061224489796,0.6737089201877934,0.004694835680751174,14,0.6785714285714286,0.35714285714285715,7.285714285714286,0.3392857142857143,14.82,14.94,14.14,13.36,-3,1,0
167,1205740544,4,16,15,14,15,681,0.5687645687645687,0.06993006993006994,0.5852713178294574,0.10852713178294573,1209,0.5329473393989522,0.576509511993383,4.108354011579818,0.3735869864902123,482,0.3148148148148148,0.05555555555555555,0.35365853658536583,0.12804878048780488,1317,0.7001392052644899,0.5694760820045558,3.93621867881549,0.3616805871931158,569,0.3108108108108108,0.2635135135135135,0.6744730679156908,0.00468384074941452,14,0.6785714285714286,0.35714285714285715,7.285714285714286,0.3392857142857143,14.84,14.96,14.14,13.4,1,2,1
168,1205740545,4,14,17,15,14,685,0.5694444444444444,0.06944444444444445,0.583011583011583,0.10810810810810811,1218,0.5331143951833607,0.5755336617405583,4.109195402298851,0.37349480021893816,488,0.3159509202453988,0.05521472392638037,0.35119047619047616,0.13690476190476192,1323,0.6999874023683547,0.5699168556311414,3.941043083900227,0.3617409926933738,570,0.3108108108108108,0.2635135135135135,0.6728971962616822,0.004672897196261682,14,0.6785714285714286,0.35714285714285715,7.285714285714286,0.3392857142857143,14.86,15.0,14.22,13.4,-3,-1,0
169,1205740546,4,14,12,14,12,689,0.5691244239631337,0.06912442396313365,0.578544061302682,0.1111111111111111,1223,0.5329790133551375,0.5756336876533116,4.1128372853638595,0.37360316162442087,489,0.3149847094801223,0.05504587155963303,0.35119047619047616,0.13690476190476192,1331,0.7009140996744302,0.5679939894815927,3.9436513899323815,0.362008514901077,572,0.3108108108108108,0.2635135135135135,0.672093023255814,0.004651162790697674,15,0.7,0.4,7.266666666666667,0.3333333333333333,14.84,14.94,14.24,13.36,2,0,2
170,1205740547,4,14,16,15,13,695,0.5675057208237986,0.06864988558352403,0.5833333333333334,0.10984848484848485,1231,0.5327646899539669,0.5751421608448416,4.109666937449228,0.3734091524505822,492,0.3130699088145897,0.0547112462006079,0.34911242603550297,0.13609467455621302,1337,0.7015083520319122,0.5676888556469708,3.9424083769633507,0.361879830466218,575,0.31543624161073824,0.26174496644295303,0.6736111111111112,0.004629629629629629,15,0.7,0.4,7.266666666666667,0.3333333333333333,14.76,14.9,14.2,13.34,-2,-1,1
171,1205740548,4,16,16,14,13,697,0.5684931506849316,0.0684931506849315,0.5849056603773585,0.10943396226415095,1236,0.5338457389428263,0.5768608414239482,4.110032362459547,0.37351672060409924,493,0.3151515151515151,0.05454545454545454,0.34911242603550297,0.13609467455621302,1346,0.6986750866765725,0.5698365527488856,3.9427934621099556,0.3618746904408124,581,0.3157894736842105,0.2565789473684211,0.6758620689655173,0.004597701149425287,15,0.7,0.4,7.266666666666667,0.3333333333333333,14.78,14.9,14.22,13.34,0,2,3
172,1205740549,4,15,15,15,13,704,0.5711060948081265,0.06772009029345373,0.5805243445692884,0.10861423220973783,1242,0.5336822329575952,0.5780998389694042,4.107890499194847,0.3733225979602791,494,0.31419939577039274,0.054380664652567974,0.34911242603550297,0.13609467455621302,1355,0.6999384993849939,0.5712177121771218,3.9424354243542434,0.36186961869618706,586,0.3181818181818182,0.2532467532467532,0.6735159817351598,0.0045662100456621,15,0.7,0.4,7.266666666666667,0.3333333333333333,14.8,14.92,14.22,13.4,0,0,2
173,1205740550,4,13,15,14,13,709,0.5717488789237668,0.06726457399103139,0.5799256505576208,0.10780669144981413,1249,0.5330931411796103,0.577261809447558,4.11048839071257,0.37383239925273554,499,0.31626506024096385,0.05421686746987952,0.34104046242774566,0.1329479768786127,1362,0.70001223690651,0.5704845814977973,3.94640234948605,0.36147821830641225,587,0.3225806451612903,0.25161290322580643,0.6735159817351598,0.0045662100456621,15,0.7,0.4,7.266666666666667,0.3333333333333333,14.78,14.94,14.22,13.38,-2,-1,0
174,1205740551,4,13,15,12,13,713,0.5736607142857143,0.06696428571428571,0.5793357933579336,0.11070110701107011,1255,0.5309428950863213,0.5776892430278885,4.10597609561753,0.37363877822045155,502,0.31343283582089554,0.05373134328358209,0.34104046242774566,0.1329479768786127,1370,0.6984793187347932,0.5708029197080292,3.9474452554744524,0.36107055961070567,593,0.31645569620253167,0.25316455696202533,0.6757369614512472,0.0045351473922902496,15,0.7,0.4,7.266666666666667,0.3333333333333333,14.74,14.94,14.14,13.38,-2,1,0
175,1205740552,4,14,14,14,14,714,0.5746102449888641,0.066815144766147,0.5793357933579336,0.11070110701107011,1264,0.5312499999999999,0.5775316455696202,4.108386075949367,0.3739451476793249,507,0.30973451327433627,0.05309734513274336,0.3448275862068966,0.13218390804597702,1375,0.6977575757575757,0.5694545454545454,3.9512727272727273,0.3608484848484849,595,0.31446540880503143,0.25157232704402516,0.6764705882352942,0.004524886877828055,17,0.7352941176470589,0.4117647058823529,7.294117647058823,0.3235294117647059,14.76,14.92,14.1,13.4,0,0,0
176,1205740553,4,14,16,14,13,720,0.5692307692307692,0.06593406593406594,0.5793357933579336,0.11070110701107011,1272,0.532625786163522,0.5794025157232704,4.111635220125786,0.3735587002096436,514,0.3081395348837209,0.05232558139534884,0.3465909090909091,0.13068181818181818,1381,0.6968983828143857,0.5698769007965243,3.947863866763215,0.3614530533429883,595,0.31446540880503143,0.25157232704402516,0.6764705882352942,0.004524886877828055,17,0.7352941176470589,0.4117647058823529,7.294117647058823,0.3235294117647059,14.8,14.92,14.08,13.38,-2,0,1
177,1205740554,4,14,15,13,12,723,0.5711159737417943,0.06564551422319474,0.5772058823529411,0.11029411764705882,1278,0.5332550860719873,0.5790297339593115,4.111111111111111,0.37356546687532605,520,0.3074712643678161,0.05172413793103448,0.34269662921348315,0.12921348314606743,1390,0.6957434052757793,0.5690647482014388,3.947482014388489,0.361990407673861,596,0.31875,0.25,0.6764705882352942,0.004524886877828055,17,0.7352941176470589,0.4117647058823529,7.294117647058823,0.3235294117647059,14.74,14.86,14.02,13.32,-1,1,2
178,1205740555,4,15,13,14,14,726,0.5686274509803921,0.06535947712418301,0.5787545787545788,0.10989010989010989,1283,0.5327357755261106,0.578332034294622,4.109119251753702,0.37405819693426867,520,0.3074712643678161,0.05172413793103448,0.34269662921348315,0.12921348314606743,1399,0.6957946152013342,0.5682630450321658,3.9449606862044315,0.362163450083393,601,0.3167701863354037,0.2546583850931677,0.679372197309417,0.004484304932735426,17,0.7352941176470589,0.4117647058823529,7.294117647058823,0.3235294117647059,14.76,14.82,14.04,13.34,2,1,1
179,1205740556,4,16,16,12,16,730,0.5714285714285714,0.06493506493506493,0.5766423357664233,0.11313868613138686,1291,0.5329202168861347,0.5786212238574748,4.107668474051123,0.3740640330493158,521,0.30945558739255014,0.05157593123209169,0.34269662921348315,0.12921348314606743,1408,0.6969105113636364,0.5696022727272727,3.942471590909091,0.36215672348484856,603,0.32098765432098764,0.25308641975308643,0.680089485458613,0.0044742729306487695,17,0.7352941176470589,0.4117647058823529,7.294117647058823,0.3235294117647059,14.8,14.86,14.02,13.42,0,4,0
180,1205740557,4,14,15,13,12,732,0.5711206896551724,0.06465517241379311,0.5766423357664233,0.11313868613138686,1301,0.5329233922623622,0.5787855495772483,4.1037663335895465,0.37368690750704586,525,0.31054131054131057,0.05128205128205128,0.34444444444444444,0.12777777777777777,1414,0.6960749646393211,0.57001414427157,3.9434229137199432,0.3616808109382368,607,0.32098765432098764,0.25308641975308643,0.6829268292682927,0.004434589800443459,17,0.7352941176470589,0.4117647058823529,7.294117647058823,0.3235294117647059,14.76,14.9,13.96,13.38,-1,1,2
181,1205740558,4,12,12,14,13,737,0.5705128205128205,0.06623931623931624,0.5745454545454546,0.11272727272727273,1307,0.5312420300943637,0.5776587605202754,4.101759755164498,0.37350165774037236,526,0.31054131054131057,0.05128205128205128,0.3425414364640884,0.13259668508287292,1425,0.6945614035087719,0.5691228070175438,3.945263157894737,0.3611695906432749,612,0.3170731707317073,0.25,0.6850220264317181,0.004405286343612335,17,0.7352941176470589,0.4117647058823529,7.294117647058823,0.3235294117647059,14.68,14.88,13.9,13.42,0,-2,-1
182,1205740559,4,15,16,13,11,741,0.5732484076433121,0.06581740976645435,0.572463768115942,0.11231884057971014,1314,0.5319634703196346,0.5791476407914764,4.102739726027397,0.37379502790461694,530,0.3126760563380282,0.05070422535211268,0.3425414364640884,0.13259668508287292,1432,0.6940758845437616,0.5712290502793296,3.94622905027933,0.36114990689013043,615,0.3132530120481928,0.2469879518072289,0.6835164835164835,0.004395604395604396,17,0.7352941176470589,0.4117647058823529,7.294117647058823,0.3235294117647059,14.66,14.92,13.88,13.36,-1,2,4
183,1205740560,4,13,14,13,13,746,0.5738396624472574,0.06540084388185655,0.5755395683453237,0.11151079136690648,1323,0.5313681027966741,0.5789871504157218,4.1035525321239605,0.37370874275636184,536,0.3128491620111732,0.05027932960893855,0.33695652173913043,0.1358695652173913,1438,0.6946569309225776,0.5723226703755215,3.9492350486787204,0.36085999072786284,617,0.30952380952380953,0.25,0.6835164835164835,0.004395604395604396,17,0.7352941176470589,0.4117647058823529,7.294117647058823,0.3235294117647059,14.6,14.9,13.92,13.34,-1,0,0
184,1205740561,4,16,14,14,12,749,0.5747368421052632,0.06526315789473684,0.5785714285714286,0.11071428571428571,1328,0.5318775100401606,0.5798192771084337,4.100903614457831,0.3741842369477912,541,0.31301939058171746,0.04986149584487535,0.3333333333333333,0.13978494623655913,1448,0.6944636279926335,0.5718232044198895,3.9509668508287294,0.3613029465930019,619,0.3076923076923077,0.25443786982248523,0.6842105263157895,0.0043859649122807015,18,0.75,0.3888888888888889,7.277777777777778,0.3194444444444444,14.64,14.9,13.9,13.34,2,2,4
185,1205740562,4,15,15,16,14,755,0.5732217573221757,0.06485355648535565,0.5759717314487632,0.10954063604240283,1337,0.5309149837945649,0.5804038893044129,4.103216155572176,0.37390924956369986,544,0.31129476584022037,0.049586776859504134,0.3315508021390374,0.13903743315508021,1456,0.6951121794871794,0.5714285714285714,3.9498626373626373,0.3610347985347986,619,0.3076923076923077,0.25443786982248523,0.6842105263157895,0.0043859649122807015,20,0.725,0.4,7.3,0.3125,14.66,14.94,13.92,13.36,0,-1,1
186,1205740563,4,14,12,14,15,763,0.5723140495867769,0.06611570247933884,0.5719298245614035,0.10877192982456141,1343,0.5307768677091089,0.5815338793745346,4.10126582278481,0.37391412261106977,549,0.3079019073569482,0.04904632152588556,0.3351063829787234,0.13829787234042554,1462,0.6949954400364796,0.5725034199726402,3.950752393980848,0.3605791153670771,622,0.3076923076923077,0.25443786982248523,0.6862745098039216,0.004357298474945534,20,0.725,0.4,7.3,0.3125,14.64,14.88,13.94,13.42,2,0,-1
187,1205740564,4,14,13,13,13,765,0.5711340206185567,0.06597938144329897,0.5734265734265734,0.10839160839160839,1349,0.5305164319248826,0.5819125277983692,4.099332839140104,0.3741660489251297,551,0.3079019073569482,0.04904632152588556,0.33157894736842103,0.1368421052631579,1469,0.6940662582255502,0.5711368277739959,3.950306330837304,0.3605627410937146,629,0.3058823529411765,0.25882352941176473,0.6838709677419355,0.004301075268817204,20,0.725,0.4,7.3,0.3125,14.66,14.86,13.92,13.44,1,1,1
188,1205740565,4,15,15,13,14,767,0.5728952772073922,0.06570841889117043,0.5734265734265734,0.10839160839160839,1358,0.530559646539028,0.5810014727540501,4.100147275405007,0.3751840942562592,555,0.3081081081081081,0.04864864864864865,0.3298429319371728,0.13612565445026178,1474,0.693407960199005,0.5725915875169606,3.9504748982360924,0.3603573043871552,631,0.30409356725146197,0.2573099415204678,0.6845493562231759,0.004291845493562232,22,0.75,0.4090909090909091,7.318181818181818,0.3068181818181818,14.64,14.84,13.86,13.4,0,2,1
189,1205740566,4,14,17,14,14,772,0.5682281059063137,0.06517311608961303,0.5714285714285714,0.10801393728222997,1364,0.5306695992179863,0.5813782991202346,4.101906158357771,0.375549853372434,559,0.30563002680965146,0.04825737265415549,0.3333333333333333,0.13541666666666666,1483,0.6925713643515397,0.5731625084288604,3.9480782198246795,0.36019330186558784,634,0.3081395348837209,0.2558139534883721,0.6837606837606838,0.004273504273504274,22,0.75,0.4090909090909091,7.318181818181818,0.3068181818181818,14.62,14.88,13.82,13.42,-3,0,0
190,1205740567,4,13,13,15,13,777,0.5676767676767677,0.06464646464646465,0.5694444444444444,0.1076388888888889,1372,0.5302478134110787,0.5801749271137027,4.1020408163265305,0.37591107871720114,560,0.3048128342245989,0.0481283422459893,0.3333333333333333,0.13541666666666666,1492,0.691968275245755,0.5750670241286864,3.9463806970509383,0.3598637176050045,638,0.3081395348837209,0.2558139534883721,0.684322033898305,0.00423728813559322,22,0.75,0.4090909090909091,7.318181818181818,0.3068181818181818,14.58,14.82,13.86,13.44,0,-2,0
191,1205740568,4,16,14,16,15,781,0.5694164989939637,0.06438631790744467,0.5689655172413793,0.10689655172413794,1379,0.5300942712110225,0.5815808556925308,4.09934735315446,0.3758158085569253,562,0.304,0.048,0.3316062176165803,0.13471502590673576,1500,0.6919444444444444,0.5746666666666667,3.9473333333333334,0.3599444444444445,643,0.3142857142857143,0.2571428571428571,0.6835443037974683,0.004219409282700422,22,0.75,0.4090909090909091,7.318181818181818,0.3068181818181818,14.64,14.84,13.96,13.5,2,0,1
192,1205740569,4,13,13,15,13,786,0.5668662674650699,0.06387225548902195,0.570446735395189,0.10652920962199312,1386,0.5295815295815296,0.5815295815295816,4.106060606060606,0.3760822510822511,564,0.30238726790450926,0.04774535809018567,0.3316062176165803,0.13471502590673576,1506,0.6911797255422752,0.5750332005312085,3.948871181938911,0.360170429393537,646,0.3142857142857143,0.2571428571428571,0.6834381551362684,0.0041928721174004195,23,0.7608695652173914,0.43478260869565216,7.3478260869565215,0.30434782608695654,14.62,14.82,14.0,13.46,0,-2,0
193,1205740570,4,15,8,14,14,790,0.5674603174603174,0.06547619047619048,0.5684931506849316,0.1095890410958904,1394,0.5274988043998088,0.5824964131994261,4.10545193687231,0.37571736011477763,566,0.30158730158730157,0.047619047619047616,0.32989690721649484,0.13402061855670103,1515,0.6915841584158414,0.574917491749175,3.955115511551155,0.3606710671067107,649,0.3125,0.2556818181818182,0.6847599164926931,0.0041753653444676405,23,0.7608695652173914,0.43478260869565216,7.3478260869565215,0.30434782608695654,14.66,14.7,14.08,13.48,7,1,1
194,1205740571,4,15,14,14,15,795,0.5669291338582677,0.06496062992125984,0.5699658703071673,0.10921501706484642,1400,0.5273809523809524,0.5821428571428572,4.105,0.37589285714285714,569,0.2992125984251969,0.047244094488188976,0.32989690721649484,0.13402061855670103,1522,0.6930026281208934,0.5749014454664915,3.9533508541392903,0.36081909767849324,655,0.3107344632768362,0.2542372881355932,0.6880165289256198,0.004132231404958678,23,0.7608695652173914,0.43478260869565216,7.3478260869565215,0.30434782608695654,14.66,14.7,14.08,13.48,1,1,0
195,1205740572,4,15,14,15,14,800,0.5653021442495126,0.06432748538011696,0.5699658703071673,0.10921501706484642,1406,0.5269084874348032,0.5825035561877667,4.103129445234709,0.3758890469416785,574,0.2987012987012987,0.04935064935064935,0.3333333333333333,0.13333333333333333,1529,0.6933180728144754,0.5768476128188358,3.952256376716808,0.3608022672770875,658,0.3089887640449438,0.25280898876404495,0.6872427983539094,0.00411522633744856,23,0.7608695652173914,0.43478260869565216,7.3478260869565215,0.30434782608695654,14.64,14.66,14.1,13.48,1,0,1
196,1205740573,4,15,13,11,11,803,0.5650485436893203,0.06407766990291262,0.5680272108843537,0.10884353741496598,1414,0.5278170674210279,0.5834512022630834,4.101838755304102,0.37570721357850073,578,0.2963917525773196,0.04896907216494845,0.336734693877551,0.1326530612244898,1535,0.6938653637350704,0.5765472312703583,3.9504885993485344,0.3603691639522259,662,0.3128491620111732,0.25139664804469275,0.6850715746421268,0.00408997955010225,23,0.7608695652173914,0.43478260869565216,7.3478260869565215,0.30434782608695654,14.62,14.66,14.06,13.38,2,4,4
197,1205740574,4,16,14,16,14,808,0.5664739884393064,0.06358381502890173,0.5694915254237288,0.10847457627118644,1423,0.526587022721949,0.583977512297962,4.099789177793395,0.3759662684469431,578,0.2963917525773196,0.04896907216494845,0.336734693877551,0.1326530612244898,1545,0.6935814455231929,0.5792880258899676,3.9482200647249193,0.35987055016181235,663,0.31666666666666665,0.25,0.6850715746421268,0.00408997955010225,23,0.7608695652173914,0.43478260869565216,7.3478260869565215,0.30434782608695654,14.62,14.6,14.12,13.42,2,0,2
198,1205740575,4,15,14,13,14,813,0.5678776290630975,0.06309751434034416,0.5709459459459459,0.10810810810810811,1427,0.5272132679280542,0.5837421163279608,4.10021023125438,0.37578836720392433,580,0.29743589743589743,0.04871794871794872,0.336734693877551,0.1326530612244898,1556,0.6934982862039415,0.5803341902313625,3.9505141388174807,0.3595758354755785,666,0.3149171270718232,0.24861878453038674,0.6863543788187373,0.004073319755600814,23,0.7608695652173914,0.43478260869565216,7.3478260869565215,0.30434782608695654,14.66,14.56,14.08,13.44,1,2,1
199,1205740576,4,16,14,15,15,818,0.5684410646387833,0.06273764258555133,0.5671140939597316,0.10738255033557047,1430,0.5268065268065268,0.5832167832167832,4.103496503496504,0.3758741258741259,584,0.30025445292620867,0.04834605597964377,0.3350253807106599,0.1319796954314721,1565,0.6944089456869008,0.5808306709265175,3.949520766773163,0.3592651757188499,669,0.3149171270718232,0.24861878453038674,0.6882591093117408,0.004048582995951417,23,0.7608695652173914,0.43478260869565216,7.3478260869565215,0.30434782608695654,14.66,14.52,14.12,13.44,2,1,1
200,1205740577,4,14,11,11,12,823,0.5671077504725898,0.062381852551984876,0.5633333333333334,0.10666666666666667,1437,0.5259800510322431,0.5845511482254697,4.104384133611691,0.3757828810020877,589,0.3022670025188917,0.05037783375314862,0.3383838383838384,0.13131313131313133,1571,0.6945151708041585,0.5811584977721197,3.9490770210057287,0.35964353914704017,670,0.3149171270718232,0.24861878453038674,0.6888888888888889,0.00404040404040404,25,0.78,0.4,7.36,0.31,14.66,14.48,14.06,13.38,3,3,2
201,1205740578,4,16,15,16,13,826,0.5676691729323309,0.06390977443609022,0.5633333333333334,0.10666666666666667,1444,0.525854108956602,0.5837950138504155,4.104570637119114,0.37586565096952906,590,0.3015075376884422,0.05025125628140704,0.3383838383838384,0.13131313131313133,1582,0.6931626632954064,0.5834386852085968,3.9487989886219976,0.3596713021491783,673,0.3131868131868132,0.25274725274725274,0.6901408450704225,0.004024144869215292,25,0.78,0.4,7.36,0.31,14.68,14.48,14.12,13.38,1,0,3
202,1205740579,4,14,14,16,15,830,0.5684803001876173,0.06378986866791744,0.5643564356435643,0.10561056105610561,1447,0.526146049297397,0.5839668279198341,4.105044920525224,0.3756046993780235,594,0.29850746268656714,0.04975124378109453,0.3383838383838384,0.13131313131313133,1592,0.694147822445561,0.5829145728643216,3.948492462311558,0.35945351758793975,678,0.3114754098360656,0.25136612021857924,0.6906187624750499,0.003992015968063872,25,0.78,0.4,7.36,0.31,14.68,14.46,14.14,13.42,0,-2,-1
203,1205740580,4,15,14,16,14,832,0.5700934579439252,0.06355140186915888,0.5643564356435643,0.10561056105610561,1453,0.5274145446203258,0.5836200963523744,4.108052305574673,0.37577426015141085,597,0.3012345679012346,0.04938271604938271,0.3383838383838384,0.13131313131313133,1602,0.6946004993757802,0.5830212234706617,3.9444444444444446,0.35955056179775285,682,0.31521739130434784,0.25,0.6924603174603174,0.003968253968253968,25,0.78,0.4,7.36,0.31,14.68,14.5,14.18,13.48,1,-1,1
204,1205740581,4,15,15,15,13,836,0.5669144981412639,0.06319702602230483,0.5657894736842105,0.10526315789473684,1461,0.5289755874971481,0.5845311430527036,4.107460643394935,0.37525667351129366,598,0.30295566502463056,0.04926108374384237,0.3383838383838384,0.13131313131313133,1609,0.6943753884400247,0.5835922933499068,3.9428216283405844,0.3595400870105656,687,0.3155080213903743,0.25133689839572193,0.6936758893280632,0.003952569169960474,25,0.78,0.4,7.36,0.31,14.64,14.46,14.2,13.52,0,0,2
205,1205740582,4,15,16,13,12,838,0.5658627087198516,0.06307977736549165,0.5639344262295082,0.10491803278688525,1470,0.5277777777777778,0.5843537414965987,4.110884353741497,0.3753401360544218,601,0.3080684596577017,0.0488997555012225,0.3383838383838384,0.13131313131313133,1617,0.6944444444444443,0.5844155844155844,3.9437229437229435,0.3594619666048238,690,0.31216931216931215,0.25925925925925924,0.6942800788954635,0.0039447731755424065,25,0.78,0.4,7.36,0.31,14.64,14.48,14.18,13.48,-1,2,3
206,1205740583,4,16,14,15,13,845,0.5643382352941176,0.0625,0.5667752442996743,0.10423452768729642,1475,0.5289265536723164,0.5850847457627119,4.111186440677966,0.3752542372881356,603,0.3073170731707317,0.04878048780487805,0.3417085427135678,0.1306532663316583,1625,0.6944102564102563,0.5846153846153846,3.940923076923077,0.35938461538461547,694,0.3089005235602094,0.25654450261780104,0.693516699410609,0.003929273084479371,25,0.78,0.4,7.36,0.31,14.68,14.48,14.22,13.46,2,1,3
207,1205740584,4,16,12,15,17,848,0.5641025641025641,0.06227106227106227,0.564935064935065,0.1038961038961039,1483,0.5307934367273545,0.5846257585974376,4.106540795684423,0.3749157113958193,605,0.3106796116504854,0.04854368932038835,0.3417085427135678,0.1306532663316583,1631,0.6945125689760882,0.5849172286940527,3.939914163090129,0.3592887798896383,697,0.3125,0.2552083333333333,0.6947162426614482,0.003913894324853229,25,0.78,0.4,7.36,0.31,14.7,14.4,14.26,13.54,4,1,-1
208,1205740585,4,17,15,12,13,854,0.5636363636363636,0.06181818181818182,0.5645161290322581,0.1032258064516129,1488,0.5310259856630825,0.584005376344086,4.104166666666667,0.3751680107526882,610,0.3115942028985507,0.04830917874396135,0.3415841584158416,0.12871287128712872,1637,0.6944105070250457,0.5864386072083079,3.9413561392791694,0.35919364691508865,701,0.30927835051546393,0.25257731958762886,0.695906432748538,0.003898635477582846,25,0.78,0.4,7.36,0.31,14.74,14.36,14.22,13.56,2,5,4
209,1205740586,4,15,15,14,12,858,0.5641952983725136,0.06148282097649186,0.5659163987138264,0.10289389067524116,1496,0.5301916221033869,0.5835561497326203,4.100935828877005,0.37533422459893045,611,0.3108433734939759,0.04819277108433735,0.3415841584158416,0.12871287128712872,1644,0.6947992700729926,0.5863746958637469,3.9409975669099757,0.35903284671532854,705,0.3163265306122449,0.25,0.6951456310679611,0.003883495145631068,25,0.78,0.4,7.36,0.31,14.74,14.34,14.16,13.5,0,1,3
210,1205740587,4,16,15,15,14,861,0.5657657657657658,0.06126126126126126,0.5641025641025641,0.10256410256410256,1504,0.5301418439716312,0.5831117021276596,4.101063829787234,0.37566489361702127,612,0.31009615384615385,0.04807692307692308,0.3415841584158416,0.12871287128712872,1653,0.6931336963097398,0.5862068965517241,3.940713853599516,0.35879209518048005,708,0.3163265306122449,0.25,0.696911196911197,0.003861003861003861,25,0.78,0.4,7.36,0.31,14.78,14.38,14.16,13.5,1,1,2
211,1205740588,4,15,15,16,14,864,0.5655296229802513,0.06104129263913824,0.5654952076677316,0.10223642172523961,1511,0.5312155305537173,0.5843812045003309,4.097286565188617,0.3754136333553938,615,0.30861244019138756,0.04784688995215311,0.3399014778325123,0.1330049261083744,1660,0.6932228915662649,0.5861445783132531,3.939156626506024,0.35863453815261054,712,0.3181818181818182,0.2474747474747475,0.6961538461538461,0.0038461538461538464,25,0.78,0.4,7.36,0.31,14.76,14.36,14.1,13.5,0,-1,1
212,1205740589,4,14,14,16,14,872,0.5648312611012434,0.06039076376554174,0.5650793650793651,0.10158730158730159,1517,0.5316413974950561,0.5840474620962426,4.096242584047462,0.3755767963085036,618,0.30714285714285716,0.047619047619047616,0.3382352941176471,0.1323529411764706,1667,0.6927114577084582,0.5872825434913017,3.939412117576485,0.35847830433913225,715,0.3165829145728643,0.24623115577889448,0.6973180076628352,0.0038314176245210726,25,0.78,0.4,7.36,0.31,14.72,14.36,14.16,13.5,0,-2,0
213,1205740590,4,16,13,12,14,879,0.5633802816901409,0.061619718309859156,0.5678233438485805,0.10094637223974763,1525,0.5308196721311477,0.5842622950819673,4.102950819672131,0.37519125683060106,621,0.30969267139479906,0.04728132387706856,0.3382352941176471,0.1323529411764706,1674,0.6933990442054957,0.5884109916367981,3.9384707287933094,0.3580246913580248,715,0.3165829145728643,0.24623115577889448,0.6973180076628352,0.0038314176245210726,26,0.7884615384615384,0.4230769230769231,7.346153846153846,0.3076923076923077,14.74,14.3,14.1,13.46,3,4,2
214,1205740591,4,14,17,15,15,883,0.5611888111888111,0.06293706293706294,0.5678233438485805,0.10094637223974763,1531,0.5300457217504899,0.5845852384062704,4.1025473546701505,0.3750272153276725,625,0.3091334894613583,0.0468384074941452,0.3382352941176471,0.1323529411764706,1679,0.6937164979154257,0.5884455032757594,3.936271590232281,0.3581496922771492,723,0.3217821782178218,0.24752475247524752,0.698292220113852,0.003795066413662239,26,0.7884615384615384,0.4230769230769231,7.346153846153846,0.3076923076923077,14.72,14.3,14.08,13.48,-3,-1,-1
215,1205740592,4,16,16,13,14,888,0.5607638888888888,0.0625,0.5660377358490566,0.10062893081761007,1538,0.5306675335934115,0.5838751625487646,4.106631989596879,0.3755960121369744,629,0.3116279069767442,0.046511627906976744,0.33658536585365856,0.13658536585365855,1687,0.6941809918988341,0.5886188500296384,3.933609958506224,0.3582295988934994,725,0.3217821782178218,0.24752475247524752,0.6975425330812854,0.003780718336483932,26,0.7884615384615384,0.4230769230769231,7.346153846153846,0.3076923076923077,14.74,14.34,14.08,13.54,0,3,2
216,1205740593,4,15,14,15,13,892,0.5630397236614854,0.06217616580310881,0.5642633228840125,0.10031347962382445,1545,0.5308522114347357,0.5831715210355987,4.106796116504855,0.3758360302049622,631,0.3101851851851852,0.04861111111111111,0.33658536585365856,0.13658536585365855,1696,0.6933470911949683,0.5890330188679245,3.9345518867924527,0.35878537735849064,729,0.32019704433497537,0.24630541871921183,0.6954887218045113,0.0037593984962406013,26,0.7884615384615384,0.4230769230769231,7.346153846153846,0.3076923076923077,14.76,14.28,14.12,13.52,1,0,2
217,1205740594,4,13,13,12,14,894,0.5637931034482758,0.06206896551724138,0.565625,0.1,1553,0.5317664734921658,0.5846748229233741,4.10495814552479,0.3763146597982399,635,0.30963302752293576,0.0481651376146789,0.33658536585365856,0.13658536585365855,1703,0.693433157173615,0.5889606576629477,3.9330593071051085,0.3586318261890782,733,0.3170731707317073,0.24878048780487805,0.6966292134831461,0.003745318352059925,26,0.7884615384615384,0.4230769230769231,7.346153846153846,0.3076923076923077,14.7,14.24,14.08,13.5,0,1,-1
218,1205740595,4,13,16,15,13,900,0.559931506849315,0.06335616438356165,0.5652173913043478,0.09937888198757763,1559,0.531537310241608,0.5843489416292496,4.106478511866581,0.37646995937566813,641,0.3090909090909091,0.04772727272727273,0.3333333333333333,0.13526570048309178,1709,0.692754047201092,0.5892334698654184,3.9297834991222937,0.3583967232299591,736,0.3155339805825243,0.24757281553398058,0.6977611940298507,0.0037313432835820895,26,0.7884615384615384,0.4230769230769231,7.346153846153846,0.3076923076923077,14.68,14.22,14.08,13.48,-3,-2,0
219,1205740596,4,13,14,14,13,904,0.5587734241908007,0.06473594548551959,0.5634674922600619,0.09907120743034056,1564,0.531756180733163,0.5843989769820972,4.106777493606138,0.3762254901960784,644,0.3076923076923077,0.04751131221719457,0.3317307692307692,0.13942307692307693,1718,0.6926173845556847,0.590221187427241,3.9278230500582074,0.35826542491268926,743,0.319047619047619,0.24285714285714285,0.6975881261595547,0.0037105751391465678,26,0.7884615384615384,0.4230769230769231,7.346153846153846,0.3076923076923077,14.66,14.26,14.08,13.5,-1,-1,0
220,1205740597,4,17,14,14,12,907,0.5587734241908007,0.06473594548551959,0.5674846625766872,0.09815950920245399,1570,0.532271762208068,0.5847133757961783,4.106369426751592,0.3761677282377919,648,0.30786516853932583,0.04943820224719101,0.33014354066985646,0.13875598086124402,1725,0.6929951690821254,0.5884057971014492,3.9257971014492754,0.3589855072463769,749,0.3317757009345794,0.2383177570093458,0.6987060998151571,0.0036968576709796672,26,0.7884615384615384,0.4230769230769231,7.346153846153846,0.3076923076923077,14.72,14.22,14.06,13.48,3,3,5
221,1205740598,4,15,14,16,13,915,0.5574324324324325,0.06587837837837837,0.5714285714285714,0.0972644376899696,1575,0.5321693121693123,0.5847619047619048,4.105396825396825,0.3762433862433862,652,0.30648769574944074,0.049217002237136466,0.33649289099526064,0.13744075829383887,1730,0.6935934489402695,0.5890173410404624,3.9260115606936417,0.35881502890173417,753,0.3287037037037037,0.2361111111111111,0.6998158379373849,0.003683241252302026,26,0.7884615384615384,0.4230769230769231,7.346153846153846,0.3076923076923077,14.7,14.18,14.1,13.48,1,-1,2
222,1205740599,4,15,15,15,15,918,0.5579831932773109,0.06554621848739496,0.5714285714285714,0.0972644376899696,1581,0.5323634830276198,0.5850727387729285,4.104996837444656,0.3760805397427788,652,0.30648769574944074,0.049217002237136466,0.33649289099526064,0.13744075829383887,1741,0.6939019720467162,0.5893164847788627,3.9253302699597934,0.3588454910970707,754,0.3287037037037037,0.2361111111111111,0.7003676470588235,0.003676470588235294,27,0.7592592592592593,0.4444444444444444,7.333333333333333,0.3055555555555556,14.7,14.18,14.1,13.52,0,0,0
223,1205740600,4,14,14,14,14,919,0.5579831932773109,0.06554621848739496,0.5696969696969697,0.09696969696969697,1593,0.531701192718142,0.5850596359070935,4.106716886377903,0.37607240008369947,654,0.30580357142857145,0.049107142857142856,0.33490566037735847,0.13679245283018868,1749,0.6918715456451304,0.5894797026872498,3.925671812464265,0.3590623213264723,756,0.3287037037037037,0.2361111111111111,0.7014652014652014,0.003663003663003663,27,0.7592592592592593,0.4444444444444444,7.333333333333333,0.3055555555555556,14.72,14.16,14.1,13.54,0,0,0
224,1205740601,4,14,15,13,15,921,0.5577889447236181,0.06532663316582915,0.5696969696969697,0.09696969696969697,1602,0.5305867665418229,0.583645443196005,4.107365792759051,0.37614440282979605,654,0.30580357142857145,0.049107142857142856,0.33490566037735847,0.13679245283018868,1760,0.6886837121212119,0.5886363636363636,3.9267045454545455,0.3589488636363637,759,0.3287037037037037,0.2361111111111111,0.7030965391621129,0.0036429872495446266,27,0.7592592592592593,0.4444444444444444,7.333333333333333,0.3055555555555556,14.74,14.16,14.12,13.58,-1,1,-1
225,1205740602,4,13,13,15,11,926,0.5574043261231281,0.064891846921797,0.56797583081571,0.09667673716012085,1606,0.530510585305106,0.5834371108343711,4.113947696139477,0.37583022000830213,656,0.3051224944320713,0.051224944320712694,0.3380281690140845,0.13615023474178403,1770,0.6881826741996232,0.5898305084745763,3.933333333333333,0.359180790960452,760,0.3287037037037037,0.2361111111111111,0.7018181818181818,0.0036363636363636364,28,0.7678571428571429,0.42857142857142855,7.357142857142857,0.30357142857142855,14.72,14.14,14.14,13.52,0,-2,2
226,1205740603,4,12,14,13,15,929,0.5596026490066225,0.06456953642384106,0.56797583081571,0.09667673716012085,1614,0.5305658818669973,0.5830235439900867,4.118339529120198,0.3755163155720776,662,0.30242825607064017,0.05077262693156733,0.3395348837209302,0.13488372093023257,1778,0.6876171728533932,0.5899887514060742,3.9403824521934756,0.3588301462317211,764,0.3271889400921659,0.2350230414746544,0.701627486437613,0.003616636528028933,29,0.7413793103448276,0.4482758620689655,7.344827586206897,0.3017241379310345,14.68,14.1,14.12,13.56,-2,-1,-3
227,1205740604,4,14,15,12,11,930,0.5586776859504132,0.06446280991735537,0.56797583081571,0.09667673716012085,1621,0.529816985399959,0.582356570018507,4.118445404071561,0.37559119884844744,663,0.3039647577092511,0.05066079295154185,0.3395348837209302,0.13488372093023257,1787,0.686952061182615,0.5903749300503638,3.9451594851706773,0.3587017347509794,767,0.3271889400921659,0.2350230414746544,0.7032374100719424,0.0035971223021582736,30,0.75,0.43333333333333335,7.333333333333333,0.3,14.68,14.1,14.1,13.54,-1,2,3
228,1205740605,4,15,15,13,12,940,0.5555555555555556,0.06372549019607843,0.5688622754491018,0.09580838323353294,1627,0.5302192173734892,0.5826674861708666,4.1180086047941,0.37604998975619747,664,0.3032967032967033,0.05054945054945055,0.3395348837209302,0.13488372093023257,1795,0.6876973073351901,0.5905292479108635,3.943175487465181,0.3590529247910864,769,0.3256880733944954,0.23394495412844038,0.7019748653500898,0.003590664272890485,30,0.75,0.43333333333333335,7.333333333333333,0.3,14.68,14.14,14.08,13.5,0,2,3
229,1205740606,4,15,14,15,12,942,0.5553745928338762,0.06351791530944625,0.5688622754491018,0.09580838323353294,1633,0.5312308634415188,0.5835884874464177,4.1169626454378445,0.37619922433149616,670,0.30501089324618735,0.05010893246187364,0.34101382488479265,0.1336405529953917,1800,0.6877314814814812,0.59,3.941666666666667,0.35916666666666675,773,0.3242009132420091,0.2374429223744292,0.7017857142857142,0.0035714285714285713,30,0.75,0.43333333333333335,7.333333333333333,0.3,14.66,14.1,14.14,13.42,1,0,3
230,1205740607,4,15,13,16,12,944,0.5544715447154471,0.06341463414634146,0.5701492537313433,0.0955223880597015,1644,0.5307177615571778,0.583941605839416,4.118004866180049,0.3759630981346309,671,0.3065217391304348,0.05,0.34101382488479265,0.1336405529953917,1807,0.6883877513373914,0.5893746541228556,3.941339236303265,0.35929717764250146,777,0.3212669683257919,0.2398190045248869,0.702846975088968,0.0035587188612099642,30,0.75,0.43333333333333335,7.333333333333333,0.3,14.68,14.06,14.2,13.42,2,-1,3
231,1205740608,4,15,16,14,13,951,0.5564516129032258,0.06290322580645161,0.56973293768546,0.09792284866468842,1649,0.5308267636951689,0.5839902971497878,4.118253486961795,0.37603598140287037,674,0.30735930735930733,0.05194805194805195,0.3394495412844037,0.13302752293577982,1815,0.6897612488521577,0.5895316804407713,3.941046831955923,0.3589531680440772,781,0.3212669683257919,0.2398190045248869,0.7049469964664311,0.0035335689045936395,30,0.75,0.43333333333333335,7.333333333333333,0.3,14.74,14.14,14.2,13.42,-1,1,2
232,1205740609,4,15,14,13,12,955,0.5562700964630225,0.06270096463022508,0.5693215339233039,0.10029498525073746,1657,0.5309796821565079,0.584188292094146,4.116475558237779,0.3760309796821565,681,0.30620985010706636,0.05139186295503212,0.3409090909090909,0.13636363636363635,1821,0.6899597290865822,0.5892366831411312,3.940142778693026,0.3588229910305693,783,0.31981981981981983,0.23873873873873874,0.7054673721340388,0.003527336860670194,30,0.75,0.43333333333333335,7.333333333333333,0.3,14.74,14.1,14.2,13.44,1,2,3
233,1205740610,4,15,14,14,15,960,0.5584,0.0624,0.5659824046920822,0.09970674486803519,1666,0.5311124449779914,0.5852340936374549,4.115246098439376,0.37565026010404157,682,0.3055555555555556,0.05128205128205128,0.3409090909090909,0.13636363636363635,1830,0.69011839708561,0.5885245901639344,3.939344262295082,0.358424408014572,784,0.31981981981981983,0.23873873873873874,0.704225352112676,0.0035211267605633804,30,0.75,0.43333333333333335,7.333333333333333,0.3,14.78,14.1,14.22,13.48,1,1,0
234,1205740611,4,11,12,13,14,963,0.5557324840764332,0.06210191082802548,0.5659824046920822,0.09970674486803519,1679,0.5305737542187812,0.5836807623585467,4.120309708159619,0.375124081794719,683,0.3049040511727079,0.0511727078891258,0.3409090909090909,0.13636363636363635,1839,0.6902755120536521,0.588363240891789,3.940184883088635,0.35816566974805153,785,0.31981981981981983,0.23873873873873874,0.7047451669595782,0.0035149384885764497,30,0.75,0.43333333333333335,7.333333333333333,0.3,14.68,14.06,14.2,13.52,-1,-2,-3
235,1205740612,4,14,12,14,15,967,0.554675118858954,0.061806656101426306,0.5672514619883041,0.09941520467836257,1689,0.5318729030984806,0.5849615156897573,4.118413262285376,0.37497533057035715,691,0.30462184873949577,0.05042016806722689,0.3393665158371041,0.13574660633484162,1840,0.6901721014492752,0.5880434782608696,3.939673913043478,0.35824275362318847,788,0.3183856502242152,0.242152466367713,0.7040280210157618,0.0035026269702276708,30,0.75,0.43333333333333335,7.333333333333333,0.3,14.66,14.0,14.16,13.54,2,0,-1
236,1205740613,4,16,15,14,15,968,0.555379746835443,0.061708860759493674,0.5672514619883041,0.09941520467836257,1697,0.5320172854056179,0.5851502651738362,4.118444313494402,0.37512276566489877,696,0.302713987473904,0.05010438413361169,0.34080717488789236,0.13452914798206278,1848,0.6904310966810965,0.5887445887445888,3.9372294372294374,0.3584505772005772,792,0.31555555555555553,0.24,0.7050610820244329,0.0034904013961605585,30,0.75,0.43333333333333335,7.333333333333333,0.3,14.7,14.06,14.16,13.54,1,2,1
237,1205740614,4,15,15,15,12,977,0.5564263322884012,0.061128526645768025,0.5652173913043478,0.09855072463768116,1700,0.5316666666666668,0.5852941176470589,4.119411764705882,0.3750490196078431,698,0.3020833333333333,0.05,0.3392857142857143,0.13392857142857142,1860,0.6900985663082435,0.589247311827957,3.9370967741935483,0.35887096774193555,793,0.3141592920353982,0.23893805309734514,0.7050610820244329,0.0034904013961605585,30,0.75,0.43333333333333335,7.333333333333333,0.3,14.72,14.1,14.2,13.52,0,0,3
238,1205740615,4,16,17,14,14,984,0.5536547433903577,0.060653188180404355,0.5619596541786743,0.09798270893371758,1707,0.5324155438390941,0.5852372583479789,4.120679554774458,0.3749755907049404,700,0.30353430353430355,0.0498960498960499,0.3422222222222222,0.13333333333333333,1867,0.6901892519192999,0.5886448848419925,3.937868237814676,0.3589983931440815,796,0.3141592920353982,0.23893805309734514,0.7048611111111112,0.003472222222222222,30,0.75,0.43333333333333335,7.333333333333333,0.3,14.74,14.14,14.22,13.52,-1,2,2
239,1205740616,4,18,15,13,14,986,0.5527950310559007,0.06055900621118013,0.5603448275862069,0.09770114942528736,1712,0.5329049844236762,0.5858644859813084,4.120911214953271,0.375048676012461,704,0.3037190082644628,0.049586776859504134,0.3407079646017699,0.13274336283185842,1875,0.6899111111111109,0.5893333333333334,3.936,0.3589333333333334,801,0.3157894736842105,0.23684210526315788,0.7063903281519862,0.0034542314335060447,30,0.75,0.43333333333333335,7.333333333333333,0.3,14.82,14.1,14.2,13.52,3,5,4
240,1205740617,4,13,11,12,11,990,0.5548686244204019,0.06027820710973725,0.5587392550143266,0.09742120343839542,1721,0.5323455355413521,0.5857059848925044,4.1214410226612435,0.3755568467944993,709,0.3059548254620123,0.049281314168377825,0.33771929824561403,0.13157894736842105,1882,0.6902674459794543,0.589798087141339,3.9357066950053134,0.3586609989373008,803,0.314410480349345,0.23580786026200873,0.7068965517241379,0.0034482758620689655,30,0.75,0.43333333333333335,7.333333333333333,0.3,14.82,14.06,14.14,13.48,2,1,2
241,1205740618,4,16,14,11,15,997,0.553680981595092,0.06134969325153374,0.5584045584045584,0.09686609686609686,1728,0.5322145061728397,0.5850694444444444,4.122106481481482,0.37577160493827155,711,0.3067484662576687,0.049079754601226995,0.33771929824561403,0.13157894736842105,1889,0.6894741485794951,0.5902593965060878,3.934356802541027,0.358920063525675,806,0.31601731601731603,0.23376623376623376,0.7074010327022375,0.0034423407917383822,30,0.75,0.43333333333333335,7.333333333333333,0.3,14.82,14.06,14.04,13.48,2,5,1
242,1205740619,4,17,15,14,14,1000,0.554364471669219,0.06125574272588055,0.5552407932011332,0.09631728045325778,1734,0.5312379853902347,0.5853517877739332,4.120530565167243,0.3756247597078046,713,0.30612244897959184,0.04897959183673469,0.3406113537117904,0.13100436681222707,1899,0.6897928734421623,0.5903106898367562,3.933649289099526,0.35847814639283837,809,0.3146551724137931,0.23275862068965517,0.7066895368782161,0.003430531732418525,30,0.75,0.43333333333333335,7.333333333333333,0.3,14.9,14.1,14.02,13.5,2,3,3
243,1205740620,4,14,15,12,13,1004,0.5548780487804879,0.06097560975609756,0.556497175141243,0.096045197740113,1739,0.5317232125742766,0.5848188614146062,4.123059229442208,0.37555108299789147,715,0.30691056910569103,0.04878048780487805,0.3406113537117904,0.13100436681222707,1908,0.6897711390635918,0.5917190775681341,3.930817610062893,0.3586215932914047,814,0.3191489361702128,0.2297872340425532,0.7076923076923077,0.003418803418803419,30,0.75,0.43333333333333335,7.333333333333333,0.3,14.88,14.24,13.98,13.48,-1,2,1
244,1205740621,4,15,13,13,14,1008,0.556060606060606,0.06060606060606061,0.556497175141243,0.096045197740113,1746,0.532359679266896,0.5859106529209622,4.124284077892325,0.3756204658266514,716,0.30628803245436104,0.0486815415821501,0.3406113537117904,0.13100436681222707,1918,0.6895637817170662,0.591762252346194,3.93274244004171,0.35844629822732016,817,0.3177966101694915,0.2288135593220339,0.706984667802385,0.0034071550255536627,30,0.75,0.43333333333333335,7.333333333333333,0.3,14.88,14.22,13.96,13.46,2,2,1
245,1205740622,4,14,13,11,12,1012,0.555052790346908,0.06033182503770739,0.5577464788732395,0.09577464788732394,1752,0.5325342465753427,0.5861872146118722,4.125,0.37547564687975643,717,0.305668016194332,0.048582995951417005,0.3406113537117904,0.13100436681222707,1925,0.6899134199134197,0.5911688311688311,3.929350649350649,0.3584415584415585,823,0.3235294117647059,0.226890756302521,0.7021996615905245,0.005076142131979695,30,0.75,0.43333333333333335,7.333333333333333,0.3,14.86,14.2,13.88,13.42,1,3,2
246,1205740623,4,16,17,13,13,1016,0.5533834586466165,0.061654135338345864,0.5602240896358543,0.09523809523809523,1757,0.532726237905521,0.585088218554354,4.123505976095617,0.3754031493075317,718,0.30505050505050507,0.048484848484848485,0.3406113537117904,0.13100436681222707,1934,0.689805239572561,0.5915201654601862,3.927094105480869,0.3580661840744571,827,0.32916666666666666,0.225,0.7032040472175379,0.00505902192242833,30,0.75,0.43333333333333335,7.333333333333333,0.3,14.88,14.28,13.92,13.46,-1,3,3
247,1205740624,4,14,14,13,13,1019,0.5540540540540541,0.06156156156156156,0.5571030640668524,0.09749303621169916,1768,0.5337481146304678,0.5854072398190046,4.127262443438914,0.3753299396681749,722,0.30522088353413657,0.04819277108433735,0.34347826086956523,0.13043478260869565,1941,0.6888631289713205,0.5904173106646059,3.925296239052035,0.357805255023184,827,0.32916666666666666,0.225,0.7032040472175379,0.00505902192242833,30,0.75,0.43333333333333335,7.333333333333333,0.3,14.84,14.28,13.86,13.44,0,1,1
248,1205740625,4,13,14,13,13,1024,0.5522388059701493,0.06119402985074627,0.5583333333333333,0.09722222222222222,1777,0.5327330707184394,0.5852560495216658,4.12549240292628,0.37497655224160564,725,0.304,0.048,0.3463203463203463,0.12987012987012986,1948,0.6883555783709786,0.5908624229979466,3.9245379876796713,0.358145106091718,830,0.3278008298755187,0.22406639004149378,0.7025210084033613,0.005042016806722689,30,0.75,0.43333333333333335,7.333333333333333,0.3,14.8,14.28,13.86,13.42,-1,0,0
249,1205740626,4,14,14,14,14,1030,0.5519287833827893,0.06083086053412463,0.5607734806629834,0.09668508287292818,1783,0.532622920171995,0.5844083006169377,4.125070106561974,0.37497663114600854,727,0.304,0.048,0.34763948497854075,0.12875536480686695,1956,0.6880964553510563,0.5899795501022495,3.9248466257668713,0.3583418541240628,833,0.3305785123966942,0.2231404958677686,0.7018425460636516,0.005025125628140704,30,0.75,0.43333333333333335,7.333333333333333,0.3,14.76,14.28,13.84,13.4,0,0,0
250,1205740627,4,15,15,14,14,1034,0.5539143279172821,0.060561299852289516,0.559228650137741,0.09641873278236915,1792,0.533482142857143,0.5842633928571429,4.124441964285714,0.3750465029761904,730,0.30218687872763417,0.05168986083499006,0.34763948497854075,0.12875536480686695,1963,0.6882747495330275,0.5899133978604177,3.923076923076923,0.3583800305654611,834,0.3305785123966942,0.2231404958677686,0.7023411371237458,0.005016722408026756,31,0.7419354838709677,0.45161290322580644,7.32258064516129,0.3064516129032258,14.78,14.36,13.9,13.44,0,1,1
251,1205740628,4,13,16,14,16,1039,0.5544117647058824,0.061764705882352944,0.5589041095890411,0.0958904109589041,1798,0.5333704115684096,0.5845383759733037,4.121802002224694,0.3749073044123099,735,0.30118110236220474,0.051181102362204724,0.34763948497854075,0.12875536480686695,1970,0.6888747884940777,0.5898477157360406,3.9233502538071066,0.3582487309644671,839,0.3333333333333333,0.2222222222222222,0.7026578073089701,0.0049833887043189366,31,0.7419354838709677,0.45161290322580644,7.32258064516129,0.3064516129032258,14.72,14.38,13.86,13.5,-3,-1,-3
252,1205740629,4,14,15,13,14,1045,0.5555555555555556,0.06140350877192982,0.55858310626703,0.09536784741144415,1804,0.5338137472283816,0.585920177383592,4.119179600886918,0.37449186991869915,739,0.302734375,0.05078125,0.34763948497854075,0.12875536480686695,1977,0.6888804586073173,0.590288315629742,3.9241274658573597,0.35841342100826173,843,0.3319672131147541,0.22131147540983606,0.7041322314049587,0.0049586776859504135,31,0.7419354838709677,0.45161290322580644,7.32258064516129,0.3064516129032258,14.72,14.4,13.8,13.48,-1,1,0
253,1205740630,4,13,16,15,13,1047,0.5539358600583091,0.061224489795918366,0.55858310626703,0.09536784741144415,1810,0.534254143646409,0.585635359116022,4.120441988950276,0.3742173112338858,741,0.3035019455252918,0.05058365758754864,0.34763948497854075,0.12875536480686695,1986,0.6877727425310505,0.5911379657603223,3.9229607250755287,0.3584256461899967,847,0.3333333333333333,0.22357723577235772,0.7051070840197694,0.004942339373970346,31,0.7419354838709677,0.45161290322580644,7.32258064516129,0.3064516129032258,14.68,14.44,13.78,13.46,-3,-2,0
254,1205740631,4,14,14,13,14,1051,0.5544267053701016,0.06095791001451379,0.5570652173913043,0.09510869565217392,1815,0.5341597796143253,0.5856749311294766,4.120661157024793,0.37415059687786956,742,0.3029126213592233,0.05048543689320388,0.34763948497854075,0.12875536480686695,1994,0.686434302908726,0.5912738214643932,3.925777331995988,0.35886827148111006,852,0.33064516129032256,0.22580645161290322,0.7049180327868853,0.004918032786885246,31,0.7419354838709677,0.45161290322580644,7.32258064516129,0.3064516129032258,14.66,14.42,13.74,13.48,0,1,0
255,1205740632,4,13,13,12,14,1057,0.5549132947976878,0.06069364161849711,0.5606469002695418,0.09433962264150944,1822,0.5333424807903405,0.5850713501646543,4.118551042810099,0.3744968898646176,745,0.3036750483558994,0.05029013539651837,0.34615384615384615,0.1282051282051282,2001,0.6865317341329333,0.5907046476761619,3.927536231884058,0.3588622355488923,856,0.3293172690763052,0.2248995983935743,0.7047308319738989,0.004893964110929853,31,0.7419354838709677,0.45161290322580644,7.32258064516129,0.3064516129032258,14.62,14.36,13.72,13.52,0,1,-1
256,1205740633,4,16,15,15,14,1062,0.5539568345323741,0.060431654676258995,0.5576407506702413,0.0938337801608579,1829,0.5330326225624205,0.5850191361399671,4.117550574084199,0.37484053216694,746,0.3030888030888031,0.05019305019305019,0.34615384615384615,0.1282051282051282,2008,0.686379482071713,0.5916334661354582,3.9262948207171315,0.35860723771580355,862,0.3333333333333333,0.2222222222222222,0.702922077922078,0.00487012987012987,31,0.7419354838709677,0.45161290322580644,7.32258064516129,0.3064516129032258,14.62,14.38,13.72,13.54,1,1,2
257,1205740634,4,17,17,12,14,1063,0.5531609195402298,0.0603448275862069,0.5576407506702413,0.0938337801608579,1839,0.5331248867137939,0.5851005981511691,4.118542686242523,0.3744335689686423,748,0.3057692307692308,0.05,0.34615384615384615,0.1282051282051282,2017,0.6857957362419432,0.5924640555280118,3.924640555280119,0.35837051726987285,862,0.3333333333333333,0.2222222222222222,0.702922077922078,0.00487012987012987,31,0.7419354838709677,0.45161290322580644,7.32258064516129,0.3064516129032258,14.64,14.48,13.66,13.48,0,5,3
258,1205740635,4,15,15,16,11,1068,0.5515759312320917,0.06160458452722063,0.5558510638297872,0.09308510638297872,1847,0.5325302292005055,0.5852734163508392,4.116946399566865,0.3747067316368886,749,0.30518234165067176,0.05182341650671785,0.34615384615384615,0.1282051282051282,2024,0.6866353754940709,0.592391304347826,3.9229249011857705,0.35836627140974975,867,0.33725490196078434,0.2196078431372549,0.7022653721682848,0.0048543689320388345,31,0.7419354838709677,0.45161290322580644,7.32258064516129,0.3064516129032258,14.6,14.48,13.74,13.44,0,-1,4
259,1205740636,4,16,15,15,15,1074,0.5533428165007113,0.06116642958748222,0.5570291777188329,0.09283819628647215,1854,0.5325871988493349,0.5857605177993528,4.118662351672061,0.37477526069759076,755,0.3041825095057034,0.051330798479087454,0.34893617021276596,0.1276595744680851,2030,0.6863300492610835,0.5926108374384237,3.922167487684729,0.35841543513957314,871,0.33976833976833976,0.21621621621621623,0.7022653721682848,0.0048543689320388345,31,0.7419354838709677,0.45161290322580644,7.32258064516129,0.3064516129032258,14.62,14.48,13.76,13.5,1,1,1
260,1205740637,4,14,15,16,13,1083,0.5535211267605634,0.06056338028169014,0.5567282321899736,0.09234828496042216,1861,0.5321959519971343,0.5862439548629769,4.1209027404621175,0.37470893784703563,757,0.30492424242424243,0.05303030303030303,0.34893617021276596,0.1276595744680851,2038,0.6875613346418055,0.5937193326790972,3.9229636898920512,0.3582351979064443,873,0.33976833976833976,0.21621621621621623,0.7032258064516129,0.004838709677419355,31,0.7419354838709677,0.45161290322580644,7.32258064516129,0.3064516129032258,14.58,14.48,13.78,13.48,-1,-2,1
261,1205740638,4,13,14,14,13,1086,0.5525946704067322,0.06030855539971949,0.5567282321899736,0.09234828496042216,1866,0.5318417291889962,0.5862808145766345,4.126473740621651,0.3745087531261164,758,0.30623818525519847,0.052930056710775046,0.34893617021276596,0.1276595744680851,2051,0.6873476352998535,0.5933690882496343,3.933203315455875,0.35783357711685365,874,0.3384615384615385,0.2153846153846154,0.7032258064516129,0.004838709677419355,31,0.7419354838709677,0.45161290322580644,7.32258064516129,0.3064516129032258,14.54,14.46,13.74,13.46,-1,-1,0
262,1205740639,4,14,13,14,14,1089,0.553072625698324,0.06005586592178771,0.5567282321899736,0.09234828496042216,1874,0.5319726076129493,0.5864461045891142,4.123265741728922,0.3743774457488438,762,0.3082706766917293,0.05263157894736842,0.3474576271186441,0.1271186440677966,2057,0.6871252633284717,0.5930967428293632,3.935342732134176,0.3577621131097068,879,0.3371647509578544,0.21455938697318008,0.7035256410256411,0.004807692307692308,31,0.7419354838709677,0.45161290322580644,7.32258064516129,0.3064516129032258,14.54,14.44,13.7,13.46,1,0,0
263,1205740640,4,15,15,14,12,1090,0.5536959553695955,0.0599721059972106,0.5567282321899736,0.09234828496042216,1884,0.5310067232837935,0.5859872611464968,4.126326963906582,0.37384996461429576,764,0.3089887640449438,0.052434456928838954,0.3474576271186441,0.1271186440677966,2067,0.6869456539267859,0.5931301402999516,3.934204160619255,0.3577245605547493,880,0.3371647509578544,0.21455938697318008,0.704,0.0048,31,0.7419354838709677,0.45161290322580644,7.32258064516129,0.3064516129032258,14.52,14.48,13.74,13.42,0,1,3
264,1205740641,4,14,15,14,12,1097,0.5526315789473685,0.05955678670360111,0.5590551181102362,0.09186351706036745,1891,0.5314207650273226,0.5859333685880487,4.127445795875198,0.3739203243433809,767,0.3102803738317757,0.052336448598130844,0.3487394957983193,0.12605042016806722,2073,0.6868065605402796,0.5938253738543174,3.9353593825373854,0.35801575816047604,882,0.33587786259541985,0.21374045801526717,0.7044728434504792,0.004792332268370607,31,0.7419354838709677,0.45161290322580644,7.32258064516129,0.3064516129032258,14.52,14.44,13.72,13.36,-1,0,2
265,1205740642,4,16,15,15,14,1104,0.5529573590096286,0.059147180192572216,0.5613577023498695,0.09138381201044386,1899,0.5310251009303144,0.5850447604002106,4.126382306477093,0.37392487274003855,768,0.31156716417910446,0.05223880597014925,0.3487394957983193,0.12605042016806722,2081,0.6863286881307061,0.5939452186448823,3.9356078808265256,0.35772064712477986,884,0.33587786259541985,0.21374045801526717,0.7054140127388535,0.004777070063694267,31,0.7419354838709677,0.45161290322580644,7.32258064516129,0.3064516129032258,14.52,14.42,13.76,13.36,1,1,2
266,1205740643,4,16,12,13,15,1110,0.5546448087431693,0.05874316939890711,0.5625,0.09114583333333333,1905,0.5308398950131236,0.5847769028871391,4.12755905511811,0.373928258967629,773,0.31226765799256506,0.05204460966542751,0.34439834024896265,0.12448132780082988,2087,0.6865117393387635,0.5946334451365597,3.9333972208912313,0.35753074588723854,887,0.33587786259541985,0.21374045801526717,0.705229793977813,0.004754358161648178,31,0.7419354838709677,0.45161290322580644,7.32258064516129,0.3064516129032258,14.54,14.38,13.72,13.4,4,3,1
267,1205740644,4,14,14,12,13,1115,0.5549525101763908,0.05834464043419267,0.5625,0.09114583333333333,1912,0.530726987447699,0.5847280334728033,4.127615062761507,0.37399755927475586,778,0.3118081180811808,0.05166051660516605,0.34710743801652894,0.12396694214876033,2093,0.6862159579550882,0.5957955088389871,3.9350215002388915,0.35746137920050974,891,0.3333333333333333,0.21212121212121213,0.7061611374407583,0.004739336492890996,31,0.7419354838709677,0.45161290322580644,7.32258064516129,0.3064516129032258,14.56,14.4,13.72,13.38,0,2,1
268,1205740645,4,13,14,15,12,1117,0.55420054200542,0.058265582655826556,0.5636363636363636,0.09090909090909091,1922,0.5303069719042666,0.5848074921956296,4.125910509885536,0.3740027748872702,779,0.31307550644567217,0.05156537753222836,0.34710743801652894,0.12396694214876033,2102,0.6849429115128447,0.5956232159847764,3.9314938154138916,0.3577148747224866,892,0.3333333333333333,0.21212121212121213,0.7066246056782335,0.00473186119873817,31,0.7419354838709677,0.45161290322580644,7.32258064516129,0.3064516129032258,14.56,14.36,13.72,13.36,-1,-2,1
269,1205740646,4,13,13,15,10,1120,0.5534506089309879,0.058186738836265225,0.5607235142118863,0.09302325581395349,1932,0.5309265010351969,0.5854037267080745,4.130952380952381,0.37387853692201517,785,0.31444241316270566,0.051188299817184646,0.3442622950819672,0.12704918032786885,2106,0.6845916429249761,0.5954415954415955,3.932098765432099,0.3576289965178855,894,0.3333333333333333,0.21212121212121213,0.7044025157232704,0.0047169811320754715,31,0.7419354838709677,0.45161290322580644,7.32258064516129,0.3064516129032258,14.56,14.34,13.74,13.3,0,-2,3
270,1205740647,4,14,14,13,15,1121,0.5527027027027027,0.05945945945945946,0.5607235142118863,0.09302325581395349,1941,0.5317276318049118,0.5857805255023184,4.127769191138588,0.37394813669929583,793,0.31645569620253167,0.05063291139240506,0.34146341463414637,0.12601626016260162,2110,0.6847156398104264,0.595260663507109,3.932227488151659,0.3575434439178516,897,0.3320754716981132,0.21132075471698114,0.7037617554858934,0.004702194357366771,31,0.7419354838709677,0.45161290322580644,7.32258064516129,0.3064516129032258,14.5,14.34,13.72,13.36,0,1,-1
271,1205740648,4,15,14,15,12,1124,0.553306342780027,0.059379217273954114,0.5578406169665809,0.09254498714652956,1951,0.5305398940714166,0.5853408508457202,4.128139415684265,0.3738681018281223,797,0.31654676258992803,0.050359712230215826,0.340080971659919,0.12550607287449392,2117,0.6843410486537551,0.5951818611242324,3.932451582427964,0.3575421193512833,899,0.3320754716981132,0.21132075471698114,0.7046875,0.0046875,31,0.7419354838709677,0.45161290322580644,7.32258064516129,0.3064516129032258,14.5,14.34,13.7,13.34,1,0,3
272,1205740649,4,15,15,12,14,1126,0.5539083557951483,0.05929919137466307,0.5564102564102564,0.09487179487179487,1960,0.5301445578231294,0.5862244897959183,4.128061224489796,0.3738095238095238,799,0.3154121863799283,0.05017921146953405,0.340080971659919,0.12550607287449392,2125,0.6834117647058822,0.5943529411764706,3.936470588235294,0.3573725490196079,903,0.3333333333333333,0.20973782771535582,0.7040498442367601,0.004672897196261682,31,0.7419354838709677,0.45161290322580644,7.32258064516129,0.3064516129032258,14.5,14.34,13.64,13.32,0,3,1
273,1205740650,4,15,15,13,14,1129,0.5543624161073826,0.05906040268456376,0.5564102564102564,0.09487179487179487,1967,0.5307998644297579,0.5856634468734113,4.128113879003559,0.3737502118285036,804,0.3172905525846702,0.049910873440285206,0.3413654618473896,0.12449799196787148,2132,0.6835131332082549,0.5952157598499062,3.9338649155722325,0.35702001250781745,905,0.3333333333333333,0.20973782771535582,0.703416149068323,0.004658385093167702,31,0.7419354838709677,0.45161290322580644,7.32258064516129,0.3064516129032258,14.52,14.36,13.62,13.32,0,2,1
274,1205740651,4,13,14,14,13,1132,0.5549597855227882,0.058981233243967826,0.5535714285714286,0.09693877551020408,1975,0.5301687763713082,0.5868354430379746,4.127594936708861,0.3737552742616034,806,0.3167259786476868,0.0498220640569395,0.344,0.124,2140,0.6834501557632396,0.5953271028037384,3.932710280373832,0.3570872274143303,909,0.3308550185873606,0.20817843866171004,0.7027863777089783,0.0046439628482972135,31,0.7419354838709677,0.45161290322580644,7.32258064516129,0.3064516129032258,14.5,14.34,13.64,13.28,-1,-1,0
275,1205740652,4,15,14,14,13,1136,0.5548128342245989,0.058823529411764705,0.5532994923857868,0.09644670050761421,1980,0.5300925925925928,0.5873737373737373,4.126262626262626,0.3736952861952862,808,0.31560283687943264,0.04964539007092199,0.344,0.124,2148,0.6836980136561139,0.5940409683426443,3.9320297951582868,0.35715394165114844,917,0.33210332103321033,0.2066420664206642,0.700920245398773,0.004601226993865031,31,0.7419354838709677,0.45161290322580644,7.32258064516129,0.3064516129032258,14.54,14.36,13.62,13.32,1,1,2
276,1205740653,4,16,14,14,12,1139,0.5540720961281709,0.05874499332443257,0.5555555555555556,0.09595959595959595,1985,0.5303526448362723,0.5874055415617129,4.126448362720403,0.373887489504618,809,0.31560283687943264,0.04964539007092199,0.3426294820717131,0.12350597609561753,2155,0.6840293890177879,0.5939675174013921,3.931786542923434,0.35692188708430017,927,0.3333333333333333,0.2028985507246377,0.7031963470319634,0.0045662100456621,31,0.7419354838709677,0.45161290322580644,7.32258064516129,0.3064516129032258,14.62,14.36,13.64,13.26,2,2,4
277,1205740654,4,15,15,14,14,1142,0.5539280958721704,0.05858854860186418,0.5566750629722922,0.09571788413098237,1987,0.5298188223452444,0.5868142929038752,4.125314544539507,0.3738886092937426,815,0.31569664902998235,0.04938271604938271,0.3425196850393701,0.1220472440944882,2164,0.6832640172520023,0.594731977818854,3.9357670979667283,0.3569393099199015,929,0.33212996389891697,0.20216606498194944,0.7036474164133738,0.004559270516717325,34,0.7647058823529411,0.4117647058823529,7.323529411764706,0.3088235294117647,14.64,14.36,13.68,13.32,0,1,1
278,1205740655,4,15,15,16,14,1142,0.5539280958721704,0.05858854860186418,0.5566750629722922,0.09571788413098237,2000,0.5296250000000002,0.586,4.1275,0.37395833333333334,818,0.3163444639718805,0.0492091388400703,0.34509803921568627,0.12156862745098039,2171,0.6831337325349299,0.5951174573929064,3.935052970981115,0.35693996622140345,932,0.33093525179856115,0.2014388489208633,0.703030303030303,0.004545454545454545,34,0.7647058823529411,0.4117647058823529,7.323529411764706,0.3088235294117647,14.64,14.36,13.74,13.36,0,-1,1
279,1205740656,4,14,14,13,12,1146,0.5543766578249337,0.058355437665782495,0.5552763819095478,0.09547738693467336,2009,0.5287456445993034,0.5863613738178198,4.124440019910403,0.37390077982412473,821,0.3169877408056042,0.04903677758318739,0.34765625,0.12109375,2180,0.6828363914373087,0.5954128440366973,3.93348623853211,0.3567278287461775,934,0.33093525179856115,0.2014388489208633,0.7039274924471299,0.004531722054380665,34,0.7647058823529411,0.4117647058823529,7.323529411764706,0.3088235294117647,14.62,14.36,13.7,13.36,0,1,2
280,1205740657,4,15,15,14,14,1148,0.5529100529100529,0.0582010582010582,0.5552763819095478,0.09547738693467336,2016,0.5291418650793653,0.5858134920634921,4.125,0.37409060846560843,823,0.31643356643356646,0.04895104895104895,0.3463035019455253,0.12062256809338522,2190,0.6830669710806695,0.5963470319634703,3.9315068493150687,0.3570776255707764,939,0.3309608540925267,0.199288256227758,0.7048192771084337,0.004518072289156626,34,0.7647058823529411,0.4117647058823529,7.323529411764706,0.3088235294117647,14.62,14.4,13.66,13.4,0,1,1
281,1205740658,4,17,15,15,12,1152,0.554089709762533,0.05804749340369393,0.5575,0.095,2022,0.5293026706231456,0.586053412462908,4.124134520276954,0.3740933069568084,828,0.3165217391304348,0.04869565217391304,0.3474903474903475,0.12355212355212356,2197,0.6830147170383855,0.5967228038233955,3.9317250796540737,0.357532999544834,942,0.32978723404255317,0.19858156028368795,0.7042042042042042,0.0045045045045045045,34,0.7647058823529411,0.4117647058823529,7.323529411764706,0.3088235294117647,14.66,14.38,13.68,13.38,2,2,5
282,1205740659,4,16,13,12,12,1157,0.5538057742782152,0.05774278215223097,0.5561097256857855,0.09476309226932668,2027,0.5292303897385301,0.5865811544153922,4.124321657622102,0.37403387600723564,829,0.3165217391304348,0.04869565217391304,0.34615384615384615,0.12692307692307692,2205,0.6832577475434616,0.5963718820861678,3.9324263038548755,0.35759637188208626,950,0.3263157894736842,0.19649122807017544,0.7019374068554396,0.004470938897168405,34,0.7647058823529411,0.4117647058823529,7.323529411764706,0.3088235294117647,14.68,14.36,13.66,13.38,3,4,4
283,1205740660,4,15,13,15,14,1163,0.5528031290743155,0.05736636245110821,0.5572139303482587,0.0945273631840796,2032,0.5289124015748033,0.5861220472440944,4.123523622047244,0.3740977690288714,833,0.3166089965397924,0.04844290657439446,0.3448275862068966,0.12643678160919541,2213,0.6836496460310285,0.596023497514686,3.931314957071848,0.3577345985841242,954,0.32867132867132864,0.1958041958041958,0.7002967359050445,0.004451038575667656,34,0.7647058823529411,0.4117647058823529,7.323529411764706,0.3088235294117647,14.68,14.34,13.68,13.36,2,0,1
284,1205740661,4,12,14,12,13,1168,0.5525291828793775,0.058365758754863814,0.5558312655086849,0.09429280397022333,2039,0.5290583619421287,0.5870524767042667,4.122609122118686,0.3737943436324996,839,0.3178694158075601,0.048109965635738834,0.34600760456273766,0.12547528517110265,2220,0.6839714714714712,0.5963963963963964,3.9324324324324325,0.3577327327327328,959,0.32752613240418116,0.1951219512195122,0.700589970501475,0.004424778761061947,34,0.7647058823529411,0.4117647058823529,7.323529411764706,0.3088235294117647,14.7,14.38,13.66,13.34,-2,0,-1
285,1205740662,4,14,13,14,15,1173,0.5516795865633075,0.059431524547803614,0.5580246913580247,0.09382716049382717,2045,0.5293806030969846,0.58679706601467,4.1222493887530565,0.37404237978810106,843,0.31794871794871793,0.04786324786324787,0.3446969696969697,0.125,2229,0.6841259159563329,0.5962314939434724,3.930462090623598,0.3576342156422911,961,0.32752613240418116,0.1951219512195122,0.7,0.004411764705882353,34,0.7647058823529411,0.4117647058823529,7.323529411764706,0.3088235294117647,14.7,14.4,13.66,13.34,1,0,-1
286,1205740663,4,17,15,15,16,1182,0.5507060333761232,0.059050064184852376,0.5599022004889975,0.09290953545232274,2048,0.5292561848958335,0.5869140625,4.12353515625,0.3742268880208333,846,0.3197278911564626,0.04931972789115646,0.3446969696969697,0.125,2236,0.684220333929636,0.5966010733452594,3.927996422182469,0.35774448419797267,963,0.32752613240418116,0.1951219512195122,0.6994134897360704,0.004398826979472141,34,0.7647058823529411,0.4117647058823529,7.323529411764706,0.3088235294117647,14.72,14.4,13.68,13.36,2,2,1
287,1205740664,4,17,15,14,12,1188,0.5498721227621484,0.058823529411764705,0.5606796116504854,0.09223300970873786,2053,0.5299155707095309,0.5869459327812957,4.123234291281052,0.3739243383666179,847,0.31918505942275044,0.04923599320882852,0.3446969696969697,0.125,2244,0.6846776589423645,0.5967023172905526,3.92602495543672,0.3576945929887107,967,0.3263888888888889,0.19444444444444445,0.7007299270072993,0.004379562043795621,34,0.7647058823529411,0.4117647058823529,7.323529411764706,0.3088235294117647,14.76,14.4,13.66,13.36,2,3,5
288,1205740665,4,17,16,16,15,1188,0.5498721227621484,0.058823529411764705,0.5606796116504854,0.09223300970873786,2064,0.5291101421188632,0.5872093023255814,4.121608527131783,0.37386950904392763,849,0.32033898305084746,0.04915254237288136,0.3433962264150943,0.12452830188679245,2253,0.6856413670661338,0.596537949400799,3.9258766089658232,0.3575972777038024,970,0.328719723183391,0.19377162629757785,0.7016011644832606,0.004366812227074236,34,0.7647058823529411,0.4117647058823529,7.323529411764706,0.3088235294117647,14.78,14.38,13.7,13.38,1,1,2
289,1205740666,4,13,15,15,14,1191,0.5497448979591837,0.058673469387755105,0.5617433414043583,0.09200968523002422,2074,0.5289697846351658,0.5872709739633558,4.122468659594985,0.37435711989713916,850,0.3197969543147208,0.049069373942470386,0.3433962264150943,0.12452830188679245,2260,0.6855088495575218,0.5969026548672567,3.9278761061946903,0.35748525073746323,972,0.3310344827586207,0.19310344827586207,0.7020348837209303,0.00436046511627907,34,0.7647058823529411,0.4117647058823529,7.323529411764706,0.3088235294117647,14.68,14.38,13.74,13.38,-2,-2,-1
290,1205740667,4,16,15,14,13,1194,0.5501905972045743,0.05972045743329098,0.5617433414043583,0.09200968523002422,2081,0.5283917988146726,0.5872176838058626,4.121095627102354,0.3744193496716322,851,0.31925675675675674,0.048986486486486486,0.3433962264150943,0.12452830188679245,2267,0.6860388178209084,0.5972651080723423,3.928981032201147,0.35748419350095584,980,0.32764505119453924,0.19112627986348124,0.7027417027417028,0.004329004329004329,34,0.7647058823529411,0.4117647058823529,7.323529411764706,0.3088235294117647,14.74,14.46,13.78,13.42,1,2,3
291,1205740668,4,15,12,15,15,1198,0.550063371356147,0.060836501901140684,0.5614457831325301,0.09397590361445783,2089,0.5278043721078668,0.5873623743417903,4.122546673049306,0.37454124780596776,852,0.31871838111298484,0.050590219224283306,0.3433962264150943,0.12452830188679245,2280,0.6847587719298243,0.5973684210526315,3.932894736842105,0.35741959064327494,982,0.32764505119453924,0.19112627986348124,0.702158273381295,0.004316546762589928,34,0.7647058823529411,0.4117647058823529,7.323529411764706,0.3088235294117647,14.72,14.42,13.86,13.42,3,0,0
292,1205740669,4,16,15,14,14,1206,0.5503778337531486,0.060453400503778336,0.5598086124401914,0.09330143540669857,2096,0.5273139312977101,0.5877862595419847,4.122614503816794,0.37472169211195927,855,0.3176470588235294,0.05042016806722689,0.3458646616541353,0.12406015037593984,2289,0.6844692005242461,0.5980777632153779,3.9331585845347314,0.35743410514052726,982,0.32764505119453924,0.19112627986348124,0.702158273381295,0.004316546762589928,34,0.7647058823529411,0.4117647058823529,7.323529411764706,0.3088235294117647,14.7,14.42,13.86,13.42,1,2,2
293,1205740670,4,18,17,15,16,1212,0.5526315789473685,0.06015037593984962,0.5619047619047619,0.09285714285714286,2101,0.52724892908139,0.5882912898619705,4.1237505949547835,0.37466285895605267,857,0.31711409395973156,0.050335570469798654,0.3445692883895131,0.12359550561797752,2298,0.6849071656512907,0.5974760661444735,3.9369016536118364,0.35766608645198733,985,0.32764505119453924,0.19112627986348124,0.7034383954154728,0.004297994269340974,34,0.7647058823529411,0.4117647058823529,7.323529411764706,0.3088235294117647,14.78,14.46,13.92,13.48,1,3,2
294,1205740671,4,14,14,14,12,1213,0.5519399249061326,0.060075093867334166,0.5619047619047619,0.09285714285714286,2110,0.5278436018957348,0.5886255924170616,4.123222748815166,0.37468404423380725,861,0.31666666666666665,0.051666666666666666,0.3445692883895131,0.12359550561797752,2307,0.6844025429851175,0.5981794538361509,3.9349804941482445,0.3574989163415692,989,0.3299319727891156,0.19047619047619047,0.703281027104137,0.0042796005706134095,34,0.7647058823529411,0.4117647058823529,7.323529411764706,0.3088235294117647,14.76,14.48,13.94,13.44,0,0,2
295,1205740672,4,14,15,14,14,1217,0.5523690773067331,0.059850374064837904,0.5629453681710214,0.09263657957244656,2119,0.5271747679723142,0.5884851344974045,4.120811703633789,0.3748623564574484,867,0.31735537190082647,0.0512396694214876,0.34328358208955223,0.12313432835820895,2313,0.6841403660469806,0.598357111975789,3.936446173800259,0.3574362300043235,991,0.3288135593220339,0.19322033898305085,0.7022792022792023,0.004273504273504274,34,0.7647058823529411,0.4117647058823529,7.323529411764706,0.3088235294117647,14.76,14.52,14.0,13.48,-1,0,0
296,1205740673,4,16,15,15,14,1219,0.5509950248756219,0.05970149253731343,0.5629453681710214,0.09263657957244656,2123,0.5272413251687865,0.5887894488930758,4.119642016015073,0.3750981315748155,870,0.31683168316831684,0.05115511551155116,0.34444444444444444,0.12222222222222222,2322,0.684718633362044,0.5981912144702842,3.934539190353144,0.35723514211886315,997,0.3277027027027027,0.19256756756756757,0.7029702970297029,0.004243281471004243,34,0.7647058823529411,0.4117647058823529,7.323529411764706,0.3088235294117647,14.76,14.48,14.04,13.5,1,1,2
297,1205740674,4,14,12,13,13,1224,0.551980198019802,0.0594059405940594,0.5639810426540285,0.0924170616113744,2133,0.5259415533677139,0.5888420065635256,4.1218940459446785,0.37486325988435687,871,0.31795716639209226,0.051070840197693576,0.34444444444444444,0.12222222222222222,2330,0.685157367668097,0.5978540772532189,3.9339055793991418,0.3570815450643778,999,0.3277027027027027,0.19256756756756757,0.7023977433004231,0.004231311706629055,34,0.7647058823529411,0.4117647058823529,7.323529411764706,0.3088235294117647,14.76,14.44,14.04,13.5,2,1,1
298,1205740675,4,14,16,14,13,1229,0.5504926108374384,0.059113300492610835,0.5626477541371159,0.09219858156028368,2138,0.526114748986592,0.5884003741814781,4.122076707202994,0.37492204552541314,874,0.3185550082101806,0.05090311986863711,0.34317343173431736,0.12177121771217712,2336,0.6857519977168948,0.598458904109589,3.9315068493150687,0.3570205479452056,1004,0.33221476510067116,0.1912751677852349,0.702247191011236,0.004213483146067416,34,0.7647058823529411,0.4117647058823529,7.323529411764706,0.3088235294117647,14.78,14.48,14.06,13.5,-2,0,1
299,1205740676,4,14,14,16,15,1233,0.5502450980392157,0.06004901960784314,0.5626477541371159,0.09219858156028368,2145,0.5263403263403266,0.5883449883449884,4.124475524475525,0.3753302253302253,876,0.3191489361702128,0.05073649754500818,0.34317343173431736,0.12177121771217712,2344,0.6853313424345845,0.5989761092150171,3.9304607508532423,0.3572952218430035,1006,0.33444816053511706,0.19063545150501673,0.7026647966339411,0.004207573632538569,35,0.7714285714285715,0.4,7.314285714285714,0.30714285714285716,14.78,14.48,14.1,13.52,0,-2,-1
300,1205740677,4,13,12,15,12,1239,0.5523114355231143,0.05961070559610705,0.5626477541371159,0.09219858156028368,2150,0.5266666666666668,0.5883720930232558,4.123255813953488,0.37527131782945733,878,0.3181076672104405,0.05057096247960848,0.34317343173431736,0.12177121771217712,2354,0.684898045879354,0.5989804587935429,3.9337298215802887,0.3572642310960069,1008,0.3333333333333333,0.19333333333333333,0.7030812324929971,0.004201680672268907,35,0.7714285714285715,0.4,7.314285714285714,0.30714285714285716,14.74,14.42,14.12,13.48,1,-2,1
301,1205740678,4,15,14,13,14,1241,0.551640340218712,0.05953827460510328,0.5613207547169812,0.09433962264150944,2159,0.5270186814883435,0.5891616489115331,4.123205187586846,0.3753280839895013,882,0.3181818181818182,0.05032467532467533,0.34558823529411764,0.1213235294117647,2361,0.684773401101228,0.5993223210504024,3.9322321050402373,0.35715798390512504,1013,0.33222591362126247,0.19269102990033224,0.7019498607242339,0.004178272980501393,35,0.7714285714285715,0.4,7.314285714285714,0.30714285714285716,14.78,14.38,14.1,13.44,1,2,1
302,1205740679,4,14,14,12,14,1244,0.5515151515151515,0.059393939393939395,0.5623529411764706,0.09411764705882353,2167,0.5276111367481927,0.5897554222427319,4.126442085832949,0.3752115059221658,886,0.317741935483871,0.05,0.34558823529411764,0.1213235294117647,2367,0.6847275031685676,0.5994930291508238,3.933671313899451,0.3572032108153782,1015,0.33112582781456956,0.19536423841059603,0.7023643949930459,0.004172461752433936,35,0.7714285714285715,0.4,7.314285714285714,0.30714285714285716,14.78,14.36,14.08,13.44,0,2,0
303,1205740680,4,14,14,14,14,1246,0.5508474576271186,0.059322033898305086,0.5610328638497653,0.09624413145539906,2180,0.5271406727828749,0.5894495412844036,4.128899082568807,0.3752675840978593,888,0.3167202572347267,0.04983922829581994,0.34558823529411764,0.1213235294117647,2375,0.6847368421052629,0.5983157894736842,3.9326315789473685,0.3571578947368422,1016,0.33112582781456956,0.19536423841059603,0.7027777777777777,0.004166666666666667,35,0.7714285714285715,0.4,7.314285714285714,0.30714285714285716,14.8,14.32,14.06,13.46,0,0,0
304,1205740681,4,12,12,13,13,1249,0.5500603136308806,0.06031363088057901,0.5610328638497653,0.09624413145539906,2186,0.5267612076852701,0.5896614821591949,4.128087831655993,0.3752668496492833,891,0.3168,0.0496,0.34558823529411764,0.1213235294117647,2385,0.683333333333333,0.5987421383647799,3.9324947589098533,0.35681341719077575,1019,0.33223684210526316,0.19407894736842105,0.7031900138696255,0.004160887656033287,35,0.7714285714285715,0.4,7.314285714285714,0.30714285714285716,14.76,14.28,14.06,13.44,0,-1,-1
305,1205740682,4,15,14,16,13,1252,0.5504807692307693,0.06129807692307692,0.5610328638497653,0.09624413145539906,2195,0.5268792710706153,0.5895216400911162,4.12756264236902,0.3756643887623386,892,0.3168,0.0496,0.34798534798534797,0.12087912087912088,2393,0.6823721966847748,0.5988299206017551,3.9331383201002925,0.35718763058921865,1025,0.32792207792207795,0.2012987012987013,0.7026279391424619,0.004149377593360996,35,0.7714285714285715,0.4,7.314285714285714,0.30714285714285716,14.8,14.3,14.14,13.42,1,-1,2
306,1205740683,4,14,15,15,13,1255,0.5498199279711885,0.061224489795918366,0.5584112149532711,0.09579439252336448,2206,0.5265185856754309,0.5888485947416138,4.127379873073436,0.37549108491991534,895,0.3184713375796178,0.04936305732484077,0.34798534798534797,0.12087912087912088,2398,0.6824089519043645,0.5992493744787323,3.9324437030859047,0.35706839032527116,1030,0.32792207792207795,0.2012987012987013,0.7046703296703297,0.004120879120879121,35,0.7714285714285715,0.4,7.314285714285714,0.30714285714285716,14.76,14.3,14.14,13.4,-1,-1,1
307,1205740684,4,13,15,16,13,1261,0.5490430622009569,0.061004784688995214,0.5568445475638051,0.0951276102088167,2211,0.5262324739936682,0.5893260967887833,4.125734961555857,0.3752072968490879,896,0.3179650238473768,0.0492845786963434,0.34798534798534797,0.12087912087912088,2409,0.683028919330289,0.5994188459941885,3.936488169364882,0.3569946035699461,1031,0.32792207792207795,0.2012987012987013,0.7050754458161865,0.00411522633744856,35,0.7714285714285715,0.4,7.314285714285714,0.30714285714285716,14.68,14.26,14.22,13.38,-2,-3,0
308,1205740685,4,13,12,15,13,1264,0.5470798569725864,0.060786650774731825,0.5568445475638051,0.0951276102088167,2218,0.5256988277727684,0.5892696122633003,4.125338142470694,0.37515028554253077,899,0.3212025316455696,0.0490506329113924,0.34798534798534797,0.12087912087912088,2418,0.6825544527157428,0.5992555831265509,3.934656741108354,0.35700992555831274,1034,0.3268608414239482,0.20064724919093851,0.7058823529411765,0.004103967168262654,35,0.7714285714285715,0.4,7.314285714285714,0.30714285714285716,14.64,14.2,14.2,13.42,1,-2,0
309,1205740686,4,17,16,13,15,1266,0.5457788347205708,0.06064209274673008,0.5568445475638051,0.0951276102088167,2224,0.5263039568345326,0.5890287769784173,4.12544964028777,0.3751498800959232,905,0.32334384858044163,0.04889589905362776,0.35379061371841153,0.11913357400722022,2423,0.6824528821020771,0.599669830788279,3.933140734626496,0.35709863805200176,1039,0.3269230769230769,0.1987179487179487,0.7053206002728513,0.004092769440654843,35,0.7714285714285715,0.4,7.314285714285714,0.30714285714285716,14.66,14.22,14.16,13.42,1,4,2
310,1205740687,4,16,14,14,12,1270,0.5462085308056872,0.06042654028436019,0.5555555555555556,0.09490740740740741,2229,0.5269179004037687,0.588604755495738,4.12561686855092,0.3752056228503065,909,0.32339089481946626,0.04866562009419152,0.35611510791366907,0.11870503597122302,2431,0.6822638146167556,0.5997531879884821,3.9313039901275197,0.35705470999588657,1044,0.3269230769230769,0.1987179487179487,0.7046070460704607,0.0040650406504065045,35,0.7714285714285715,0.4,7.314285714285714,0.30714285714285716,14.7,14.2,14.12,13.4,2,2,4
311,1205740688,4,14,16,14,14,1280,0.5469483568075117,0.05985915492957746,0.5576036866359447,0.0944700460829493,2234,0.5270814682184425,0.5895255147717099,4.12354521038496,0.37514920919128614,911,0.323943661971831,0.048513302034428794,0.35611510791366907,0.11870503597122302,2440,0.6822745901639342,0.6,3.9315573770491805,0.3571721311475411,1045,0.3269230769230769,0.1987179487179487,0.7050067658998647,0.0040595399188092015,35,0.7714285714285715,0.4,7.314285714285714,0.30714285714285716,14.72,14.24,14.12,13.42,-2,0,0
312,1205740689,4,16,14,15,15,1285,0.5490654205607477,0.05957943925233645,0.5563218390804597,0.09655172413793103,2239,0.5267976775346138,0.5904421616793212,4.125502456453774,0.37498139050171203,912,0.3234375,0.0484375,0.35611510791366907,0.11870503597122302,2450,0.6825850340136053,0.6004081632653061,3.9391836734693877,0.3574489795918368,1048,0.3248407643312102,0.19745222929936307,0.7054054054054054,0.004054054054054054,37,0.7837837837837838,0.3783783783783784,7.297297297297297,0.30405405405405406,14.76,14.26,14.14,13.44,2,1,1
313,1205740690,4,14,12,13,13,1287,0.548951048951049,0.05944055944055944,0.5563218390804597,0.09655172413793103,2248,0.5265421115065245,0.5903024911032029,4.124110320284697,0.3752594899169632,919,0.3209302325581395,0.04961240310077519,0.35714285714285715,0.12142857142857143,2455,0.682416836388323,0.6012219959266802,3.9380855397148675,0.35723014256619157,1051,0.326984126984127,0.19682539682539682,0.7035040431266847,0.004043126684636119,37,0.7837837837837838,0.3783783783783784,7.297297297297297,0.30405405405405406,14.74,14.2,14.12,13.46,2,1,1
314,1205740691,4,13,13,13,13,1292,0.5488372093023256,0.05930232558139535,0.5547945205479452,0.0958904109589041,2253,0.5264832075750853,0.5907678650687972,4.126054150022193,0.37542535878088473,921,0.321483771251932,0.04945904173106646,0.35714285714285715,0.12142857142857143,2466,0.6823465801567989,0.6001622060016221,3.9416058394160585,0.3575966477426333,1053,0.3259493670886076,0.1962025316455696,0.7039030955585465,0.004037685060565276,37,0.7837837837837838,0.3783783783783784,7.297297297297297,0.30405405405405406,14.72,14.16,14.1,13.48,0,0,0
315,1205740692,4,16,12,14,14,1293,0.5493612078977933,0.059233449477351915,0.5547945205479452,0.0958904109589041,2262,0.5258620689655175,0.5910698496905393,4.125994694960212,0.3754789272030651,923,0.3220338983050847,0.04930662557781202,0.35714285714285715,0.12142857142857143,2472,0.6819039913700106,0.6003236245954693,3.940129449838188,0.3573354908306366,1058,0.3238993710691824,0.1949685534591195,0.7050938337801609,0.004021447721179625,37,0.7837837837837838,0.3783783783783784,7.297297297297297,0.30405405405405406,14.72,14.1,14.08,13.48,4,2,2
316,1205740693,4,15,14,14,14,1298,0.5497685185185185,0.059027777777777776,0.5568181818181818,0.09545454545454546,2269,0.5251211987659764,0.5905685323931247,4.126487439400617,0.3755325400323196,925,0.32153846153846155,0.04923076923076923,0.3594306049822064,0.12099644128113879,2480,0.6825268817204299,0.6,3.9399193548387097,0.35739247311827965,1063,0.328125,0.19375,0.7062750333778371,0.004005340453938585,37,0.7837837837837838,0.3783783783783784,7.297297297297297,0.30405405405405406,14.7,14.14,14.1,13.46,1,1,1
317,1205740694,4,14,14,9,13,1302,0.5484988452655889,0.05889145496535797,0.5565610859728507,0.09728506787330317,2277,0.5248133509003077,0.5902503293807642,4.126482213438735,0.37553066900892984,929,0.3231240428790199,0.05053598774885146,0.35815602836879434,0.12056737588652482,2488,0.6833467309753481,0.5996784565916399,3.940514469453376,0.3571476420150055,1065,0.328125,0.19375,0.7043941411451398,0.0039946737683089215,37,0.7837837837837838,0.3783783783783784,7.297297297297297,0.30405405405405406,14.7,14.14,14.04,13.46,0,5,1
318,1205740695,4,14,15,15,14,1308,0.5482758620689655,0.05862068965517241,0.5563063063063063,0.0990990990990991,2284,0.5249562171628723,0.590630472854641,4.123905429071804,0.37536485697606536,933,0.3236641221374046,0.050381679389312976,0.3591549295774648,0.11971830985915492,2496,0.6827590811965809,0.5989583333333334,3.9395032051282053,0.35730502136752146,1066,0.328125,0.19375,0.7047872340425532,0.003989361702127659,37,0.7837837837837838,0.3783783783783784,7.297297297297297,0.30405405405405406,14.72,14.16,14.04,13.5,-1,-1,0
319,1205740696,4,12,13,12,12,1311,0.5470183486238532,0.06077981651376147,0.5573033707865168,0.09887640449438202,2294,0.5246294681778555,0.5911072362685266,4.122057541412381,0.37547224643998833,937,0.3226788432267884,0.0502283105022831,0.35664335664335667,0.11888111888111888,2502,0.6823208100186515,0.5987210231814548,3.939248601119105,0.3573474553690382,1070,0.32507739938080493,0.19195046439628483,0.7051792828685259,0.00398406374501992,37,0.7837837837837838,0.3783783783783784,7.297297297297297,0.30405405405405406,14.7,14.16,13.98,13.54,-1,0,0
320,1205740697,4,13,12,13,12,1315,0.5474285714285714,0.061714285714285715,0.5582959641255605,0.09865470852017937,2299,0.5247933884297523,0.5915615484993475,4.121792083514571,0.37530810497317674,941,0.3212121212121212,0.05,0.3554006968641115,0.11846689895470383,2510,0.6810756972111551,0.5984063745019921,3.9394422310756974,0.3574037184594955,1071,0.32507739938080493,0.19195046439628483,0.7055702917771883,0.003978779840848806,37,0.7837837837837838,0.3783783783783784,7.297297297297297,0.30405405405405406,14.68,14.12,13.98,13.48,1,0,1
321,1205740698,4,14,14,16,13,1322,0.5478359908883826,0.06150341685649203,0.5577777777777778,0.09777777777777778,2306,0.5249349522983523,0.5915004336513443,4.1201214223764095,0.37536137612026593,944,0.32326283987915405,0.04984894259818731,0.3541666666666667,0.11805555555555555,2515,0.6813121272365803,0.5984095427435387,3.939165009940358,0.3574884029158384,1075,0.32407407407407407,0.19135802469135801,0.7040951122853368,0.003963011889035667,37,0.7837837837837838,0.3783783783783784,7.297297297297297,0.30405405405405406,14.66,14.12,14.0,13.5,0,-2,1
322,1205740699,4,17,13,14,13,1326,0.5493757094211124,0.06129398410896708,0.5587583148558758,0.0975609756097561,2311,0.5250973604500219,0.5915188230203375,4.118996105581999,0.37519832684263665,948,0.32379518072289154,0.04969879518072289,0.35517241379310344,0.1206896551724138,2522,0.681800158604282,0.598731165741475,3.9385408406026965,0.35748744382765013,1080,0.3261538461538461,0.19076923076923077,0.7043363994743759,0.003942181340341655,37,0.7837837837837838,0.3783783783783784,7.297297297297297,0.30405405405405406,14.7,14.08,14.04,13.48,4,3,4
323,1205740700,4,16,13,13,15,1327,0.5498866213151927,0.061224489795918366,0.5587583148558758,0.0975609756097561,2316,0.525043177892919,0.5906735751295337,4.117875647668394,0.37514392630972937,951,0.3233082706766917,0.05112781954887218,0.3527397260273973,0.1232876712328767,2531,0.6825365468194386,0.5989727380482023,3.937178980640063,0.3574015540629528,1085,0.32926829268292684,0.18902439024390244,0.7051114023591087,0.003931847968545216,37,0.7837837837837838,0.3783783783783784,7.297297297297297,0.30405405405405406,14.72,14.04,14.04,13.5,3,3,1
324,1205740701,4,15,16,13,14,1333,0.5496613995485328,0.060948081264108354,0.5607064017660044,0.09713024282560706,2325,0.5254480286738353,0.5905376344086022,4.117849462365592,0.37530465949820785,954,0.32335329341317365,0.05089820359281437,0.3527397260273973,0.1232876712328767,2537,0.6821048482459595,0.5995270003941663,3.9392983839180133,0.3571475495992643,1087,0.3282674772036474,0.1884498480243161,0.7041884816753927,0.003926701570680628,37,0.7837837837837838,0.3783783783783784,7.297297297297297,0.30405405405405406,14.76,14.08,14.02,13.52,-1,2,1
325,1205740702,4,15,14,14,14,1337,0.5516853932584269,0.060674157303370786,0.5607064017660044,0.09713024282560706,2331,0.5255255255255257,0.5907335907335908,4.11969111969112,0.37530387530387527,956,0.3238805970149254,0.050746268656716415,0.3527397260273973,0.1232876712328767,2545,0.6823182711198426,0.6007858546168958,3.9398821218074658,0.35700720366732164,1092,0.32727272727272727,0.18787878787878787,0.7057291666666666,0.00390625,37,0.7837837837837838,0.3783783783783784,7.297297297297297,0.30405405405405406,14.76,14.08,14.02,13.54,1,1,1
326,1205740703,4,15,14,16,15,1342,0.5514541387024608,0.06040268456375839,0.5616740088105727,0.09691629955947137,2340,0.5258547008547011,0.5905982905982906,4.118376068376068,0.37535612535612534,960,0.3229166666666667,0.050595238095238096,0.35374149659863946,0.12244897959183673,2553,0.6827262044653346,0.6012534273403839,3.938895417156287,0.35686773730252,1094,0.32727272727272727,0.18787878787878787,0.7051948051948052,0.003896103896103896,37,0.7837837837837838,0.3783783783783784,7.297297297297297,0.30405405405405406,14.74,14.08,14.06,13.6,1,-1,0
327,1205740704,4,16,14,14,14,1347,0.5523385300668151,0.061247216035634745,0.5626373626373626,0.0967032967032967,2346,0.5260017050298382,0.5907928388746803,4.120204603580563,0.37524865018471154,963,0.32344213649851633,0.050445103857566766,0.3525423728813559,0.12203389830508475,2559,0.6826885502149275,0.6017975771785854,3.938257131692067,0.3570079458121663,1098,0.32831325301204817,0.18674698795180722,0.7046632124352331,0.0038860103626943004,37,0.7837837837837838,0.3783783783783784,7.297297297297297,0.30405405405405406,14.76,14.06,14.06,13.6,2,2,2
328,1205740705,4,16,16,16,15,1354,0.5532150776053215,0.06097560975609756,0.5633187772925764,0.09606986899563319,2351,0.526300864880193,0.5908124202467036,4.120799659719268,0.3754076279597334,966,0.32200886262924666,0.051698670605613,0.3525423728813559,0.12203389830508475,2566,0.6833593141075601,0.6013250194855807,3.9392049883086515,0.3570083138477528,1100,0.3303303303303303,0.18618618618618618,0.703751617076326,0.0038809831824062097,37,0.7837837837837838,0.3783783783783784,7.297297297297297,0.30405405405405406,14.78,14.08,14.06,13.62,0,0,1
329,1205740706,4,15,14,12,13,1360,0.5507726269315674,0.06070640176600441,0.5630434782608695,0.09782608695652174,2358,0.5268589199886912,0.5920271416454622,4.1212892281594575,0.37545942889454337,969,0.3205882352941177,0.051470588235294115,0.3525423728813559,0.12203389830508475,2572,0.6833203732503885,0.6014774494556765,3.93701399688958,0.35727708657335416,1105,0.3273809523809524,0.18452380952380953,0.7032258064516129,0.003870967741935484,37,0.7837837837837838,0.3783783783783784,7.297297297297297,0.30405405405405406,14.8,14.08,14.04,13.64,1,3,2
330,1205740707,4,16,14,12,11,1363,0.5500550055005501,0.0627062706270627,0.5630434782608695,0.09782608695652174,2367,0.5265455569638081,0.5914659907055344,4.1233629066328685,0.3754048725531615,972,0.3196480938416422,0.051319648093841645,0.35135135135135137,0.12162162162162163,2580,0.6832687338501289,0.6007751937984496,3.938372093023256,0.3574289405684756,1109,0.3254437869822485,0.1834319526627219,0.7014157014157014,0.003861003861003861,37,0.7837837837837838,0.3783783783783784,7.297297297297297,0.30405405405405406,14.82,14.06,14.0,13.58,2,4,5
331,1205740708,4,15,12,14,14,1366,0.5499451152579583,0.06256860592755215,0.5639913232104121,0.09761388286334056,2372,0.5263490725126477,0.5919055649241147,4.12141652613828,0.37545671725688584,977,0.3197080291970803,0.051094890510948905,0.3523489932885906,0.12416107382550336,2587,0.683094961989434,0.6006957866254349,3.938152299961345,0.3576214405360135,1114,0.3255131964809384,0.18181818181818182,0.7008985879332478,0.0038510911424903724,37,0.7837837837837838,0.3783783783783784,7.297297297297297,0.30405405405405406,14.78,14.0,13.98,13.62,3,1,1
332,1205740709,4,16,15,14,12,1372,0.5492341356673961,0.06236323851203501,0.5646551724137931,0.09698275862068965,2378,0.5271937202130644,0.5916736753574432,4.125315391084945,0.37566582562377343,980,0.3226744186046512,0.050872093023255814,0.3523489932885906,0.12416107382550336,2593,0.6835711531045118,0.6008484381025839,3.937524103355187,0.3577902043964521,1117,0.3255131964809384,0.18181818181818182,0.7020460358056266,0.0038363171355498722,37,0.7837837837837838,0.3783783783783784,7.297297297297297,0.30405405405405406,14.78,14.04,14.02,13.62,1,2,4
333,1205740710,4,15,15,11,15,1378,0.5478260869565217,0.06195652173913044,0.5646551724137931,0.09698275862068965,2384,0.5272651006711412,0.5914429530201343,4.123741610738255,0.37576901565995524,984,0.3217391304347826,0.050724637681159424,0.35333333333333333,0.12333333333333334,2601,0.6838395488914517,0.6016916570549788,3.938485198000769,0.3580353710111497,1121,0.3255131964809384,0.18181818181818182,0.7010178117048346,0.003816793893129771,37,0.7837837837837838,0.3783783783783784,7.297297297297297,0.30405405405405406,14.78,14.08,13.94,13.64,0,4,0
334,1205740711,4,13,13,13,14,1380,0.5477223427331888,0.06182212581344902,0.5646551724137931,0.09698275862068965,2392,0.526964882943144,0.5919732441471572,4.123327759197324,0.3759754738015607,987,0.3208092485549133,0.05057803468208093,0.3554817275747508,0.12292358803986711,2611,0.6831992850759604,0.6009191880505553,3.9375718115664498,0.3580045959402529,1125,0.32558139534883723,0.18023255813953487,0.7001270648030495,0.0038119440914866584,37,0.7837837837837838,0.3783783783783784,7.297297297297297,0.30405405405405406,14.8,14.06,13.96,13.66,0,0,-1
335,1205740712,4,15,12,14,13,1383,0.5481081081081081,0.0627027027027027,0.5646551724137931,0.09698275862068965,2399,0.5268167291927194,0.5927469779074614,4.123384743643185,0.3761289426149784,992,0.3199426111908178,0.05021520803443329,0.3554817275747508,0.12292358803986711,2618,0.683473389355742,0.6012223071046601,3.93659281894576,0.3578113063407182,1130,0.3265895953757225,0.1791907514450867,0.7,0.0037974683544303796,37,0.7837837837837838,0.3783783783783784,7.297297297297297,0.30405405405405406,14.82,14.04,13.96,13.62,3,1,2
336,1205740713,4,15,15,15,13,1391,0.5494623655913978,0.06236559139784946,0.5653104925053534,0.09635974304068523,2405,0.5263340263340265,0.5916839916839917,4.121829521829522,0.3762300762300762,996,0.3190271816881259,0.05007153075822604,0.3564356435643564,0.12211221122112212,2627,0.6837964725288667,0.6014465169394747,3.9371907118385994,0.3578860550691538,1130,0.3265895953757225,0.1791907514450867,0.7,0.0037974683544303796,37,0.7837837837837838,0.3783783783783784,7.297297297297297,0.30405405405405406,14.78,14.04,13.96,13.56,0,0,2
337,1205740714,4,15,15,13,14,1398,0.5502136752136753,0.06196581196581197,0.5662393162393162,0.09615384615384616,2412,0.5264648977335546,0.5924543946932007,4.12106135986733,0.3758637368711995,1000,0.3176638176638177,0.04985754985754986,0.35526315789473684,0.12171052631578948,2633,0.6845170274718316,0.6015951386251425,3.9373338397265476,0.3578301050765921,1132,0.3265895953757225,0.1791907514450867,0.6994949494949495,0.003787878787878788,37,0.7837837837837838,0.3783783783783784,7.297297297297297,0.30405405405405406,14.74,14.04,13.94,13.6,0,2,1
338,1205740715,4,14,15,16,14,1402,0.548936170212766,0.06170212765957447,0.5662393162393162,0.09615384615384616,2419,0.5270773046713519,0.5932203389830508,4.119884249689955,0.37611960865371363,1007,0.31683168316831684,0.04950495049504951,0.3562091503267974,0.12091503267973856,2639,0.6844764430971325,0.6021220159151194,3.9370973853732476,0.35758494379184047,1135,0.3256484149855908,0.1786743515850144,0.7002518891687658,0.003778337531486146,37,0.7837837837837838,0.3783783783783784,7.297297297297297,0.30405405405405406,14.68,14.02,13.94,13.58,-1,-2,0
339,1205740716,4,13,13,12,11,1406,0.548728813559322,0.0614406779661017,0.5662393162393162,0.09615384615384616,2428,0.5265650741350907,0.592668863261944,4.120675453047776,0.37585804503020315,1010,0.31734837799717913,0.04936530324400564,0.3550488599348534,0.12052117263843648,2643,0.6843864295623657,0.6027241770715096,3.940219447597427,0.3575167108084249,1141,0.3247863247863248,0.1794871794871795,0.7010050251256281,0.0037688442211055275,39,0.782051282051282,0.38461538461538464,7.282051282051282,0.3076923076923077,14.68,13.98,13.88,13.52,0,1,2
340,1205740717,4,14,14,13,16,1408,0.5492063492063493,0.061375661375661375,0.5650319829424307,0.09594882729211088,2436,0.5266830870279147,0.5923645320197044,4.119047619047619,0.3757525998905309,1014,0.3178621659634318,0.04922644163150492,0.3559870550161812,0.11974110032362459,2651,0.6834527851125358,0.6027913994718974,3.939268200678989,0.3575380359612726,1145,0.32670454545454547,0.17897727272727273,0.7008760951188986,0.0037546933667083854,39,0.782051282051282,0.38461538461538464,7.282051282051282,0.3076923076923077,14.64,13.96,13.86,13.58,0,1,-2
341,1205740718,4,15,16,16,14,1417,0.5509989484752892,0.060988433228180865,0.565677966101695,0.09533898305084745,2441,0.526423596886522,0.5919705038918476,4.118394100778369,0.3756998497883381,1017,0.3169705469845722,0.04908835904628331,0.3548387096774194,0.11935483870967742,2659,0.68321424094271,0.6032342986084994,3.9386987589319293,0.35787263382223905,1147,0.32670454545454547,0.17897727272727273,0.7016229712858927,0.003745318352059925,39,0.782051282051282,0.38461538461538464,7.282051282051282,0.3076923076923077,14.64,14.04,13.88,13.56,-1,-1,1
342,1205740719,4,16,13,15,13,1417,0.5509989484752892,0.060988433228180865,0.565677966101695,0.09533898305084745,2451,0.5269277845777235,0.5907792737658099,4.119543043655651,0.3757989936080511,1019,0.3174825174825175,0.04895104895104895,0.3548387096774194,0.11935483870967742,2667,0.6827896512935879,0.6029246344206974,3.9373828271466067,0.35792400949881276,1148,0.32670454545454547,0.17897727272727273,0.7019950124688279,0.003740648379052369,39,0.782051282051282,0.38461538461538464,7.282051282051282,0.3076923076923077,14.64,14.0,13.9,13.54,3,1,3
343,1205740720,4,12,15,13,12,1420,0.5513626834381551,0.06079664570230608,0.565677966101695,0.09533898305084745,2457,0.526862026862027,0.5917785917785918,4.118844118844119,0.3754917921584588,1022,0.31754874651810583,0.04874651810584958,0.3548387096774194,0.11935483870967742,2675,0.6829906542056071,0.6026168224299066,3.937943925233645,0.3578816199376948,1154,0.323943661971831,0.18028169014084508,0.7018633540372671,0.0037267080745341614,39,0.782051282051282,0.38461538461538464,7.282051282051282,0.3076923076923077,14.52,13.96,13.86,13.46,-3,-1,0
344,1205740721,4,14,15,12,15,1425,0.5517241379310345,0.06165099268547544,0.5632911392405063,0.0949367088607595,2467,0.5266180245912716,0.5910012160518848,4.1195784353465745,0.37569247399000133,1026,0.3171745152354571,0.04847645429362881,0.3548387096774194,0.11935483870967742,2680,0.6830223880597012,0.6029850746268657,3.937313432835821,0.35777363184079614,1158,0.323943661971831,0.18028169014084508,0.6983930778739185,0.003708281829419036,39,0.782051282051282,0.38461538461538464,7.282051282051282,0.3076923076923077,14.52,13.98,13.82,13.52,-1,2,-1
345,1205740722,4,14,14,16,15,1432,0.5498960498960499,0.062370062370062374,0.5609243697478992,0.09453781512605042,2477,0.5277217063652269,0.5914412595882116,4.11869196608801,0.3754878212891939,1031,0.3158620689655172,0.0496551724137931,0.3525641025641026,0.11858974358974358,2684,0.6833705911574761,0.6020864381520119,3.9385245901639343,0.3578924490809738,1159,0.323943661971831,0.18028169014084508,0.6987654320987654,0.003703703703703704,39,0.782051282051282,0.38461538461538464,7.282051282051282,0.3076923076923077,14.52,13.96,13.86,13.54,0,-2,-1
346,1205740723,4,15,16,14,13,1439,0.5496894409937888,0.062111801242236024,0.5636743215031316,0.09394572025052192,2482,0.527665860864894,0.5914585012087027,4.119661563255439,0.3755372011818426,1032,0.3154269972451791,0.049586776859504134,0.3525641025641026,0.11858974358974358,2691,0.6840084231388576,0.600891861761427,3.936826458565589,0.3578904991948471,1165,0.3268156424581006,0.1787709497206704,0.6961869618696187,0.0036900369003690036,39,0.782051282051282,0.38461538461538464,7.282051282051282,0.3076923076923077,14.5,13.98,13.84,13.52,-1,1,2
347,1205740724,4,15,16,12,13,1440,0.5501551189245087,0.06204756980351603,0.5636743215031316,0.09394572025052192,2494,0.5279337075648224,0.590617481956696,4.118684843624699,0.3753341352579524,1033,0.3154269972451791,0.049586776859504134,0.3514376996805112,0.1182108626198083,2699,0.6842040261825364,0.5998517969618378,3.9377547239718416,0.35766333209830814,1167,0.3268156424581006,0.1787709497206704,0.694478527607362,0.0036809815950920245,39,0.782051282051282,0.38461538461538464,7.282051282051282,0.3076923076923077,14.52,14.06,13.82,13.52,-1,3,2
348,1205740725,4,11,11,10,10,1441,0.5495867768595041,0.06301652892561983,0.5636743215031316,0.09394572025052192,2499,0.5272775776977459,0.5906362545018007,4.118047218887555,0.3750833666800053,1037,0.31636863823933975,0.04951856946354883,0.3512658227848101,0.11708860759493671,2706,0.6840970682434094,0.6001478196600147,3.936807095343681,0.35775437299827556,1171,0.3277777777777778,0.17777777777777778,0.6940024479804161,0.0036719706242350062,41,0.7804878048780488,0.36585365853658536,7.2926829268292686,0.31097560975609756,14.46,13.96,13.74,13.46,0,1,1
349,1205740726,4,13,13,13,14,1444,0.5495867768595041,0.06301652892561983,0.5601659751037344,0.0975103734439834,2508,0.527312599681021,0.5917065390749602,4.118022328548644,0.3751329080276448,1042,0.3146374829001368,0.049247606019151846,0.35331230283911674,0.1167192429022082,2711,0.6843723103405874,0.599409811877536,3.9354481741054963,0.35783228820853324,1176,0.3259668508287293,0.17679558011049723,0.6951219512195121,0.003658536585365854,41,0.7804878048780488,0.36585365853658536,7.2926829268292686,0.31097560975609756,14.44,13.94,13.68,13.44,0,0,-1
350,1205740727,4,16,14,13,13,1450,0.5478887744593203,0.06282183316168898,0.5608247422680412,0.09690721649484536,2514,0.526650755767701,0.5918854415274463,4.1201272871917265,0.3750331477061787,1043,0.3155737704918033,0.04918032786885246,0.35331230283911674,0.1167192429022082,2721,0.6843072399852993,0.5994119808893789,3.936420433664094,0.35798725958593663,1176,0.3259668508287293,0.17679558011049723,0.6951219512195121,0.003658536585365854,41,0.7804878048780488,0.36585365853658536,7.2926829268292686,0.31097560975609756,14.5,13.98,13.64,13.46,2,3,3
351,1205740728,4,13,13,13,14,1456,0.5497435897435897,0.06256410256410257,0.5605749486652978,0.09650924024640657,2522,0.5261697065820778,0.591197462331483,4.1193497224425055,0.37483478720592117,1045,0.3151432469304229,0.04911323328785812,0.3522012578616352,0.11949685534591195,2729,0.6834005130084277,0.599120556980579,3.936240381091975,0.3577623060950288,1179,0.325068870523416,0.1763085399449036,0.6958637469586375,0.0036496350364963502,41,0.7804878048780488,0.36585365853658536,7.2926829268292686,0.31097560975609756,14.46,13.96,13.64,13.46,0,0,-1
352,1205740729,4,13,14,12,14,1460,0.549079754601227,0.06237218813905931,0.5594262295081968,0.09631147540983606,2529,0.5266903914590749,0.5919335705812574,4.121787267694741,0.37478581784631604,1047,0.31607629427792916,0.04904632152588556,0.3510971786833856,0.11912225705329153,2737,0.6830471318962366,0.598830836682499,3.939715016441359,0.3576300085251493,1182,0.3232876712328767,0.17534246575342466,0.6950182260024301,0.0036452004860267314,42,0.7619047619047619,0.38095238095238093,7.285714285714286,0.31547619047619047,14.44,13.96,13.64,13.46,-1,1,-1
353,1205740730,4,15,14,14,13,1462,0.5485188968335035,0.06230847803881512,0.558282208588957,0.09611451942740286,2535,0.5262327416173572,0.5913214990138067,4.12189349112426,0.37498356344510186,1051,0.31614654002713705,0.048846675712347354,0.353125,0.11875,2743,0.683193583667517,0.5982500911410864,3.939482318629238,0.35766800340260063,1188,0.32697547683923706,0.17438692098092642,0.6964933494558646,0.0036275695284159614,42,0.7619047619047619,0.38095238095238093,7.285714285714286,0.31547619047619047,14.46,13.96,13.64,13.44,1,1,2
354,1205740731,4,15,12,14,12,1467,0.5494393476044852,0.06218144750254842,0.556910569105691,0.09552845528455285,2540,0.5262467191601052,0.5905511811023622,4.124409448818898,0.3750328083989501,1055,0.31799729364005414,0.04871447902571042,0.35403726708074534,0.11801242236024845,2751,0.6833878589603778,0.5972373682297346,3.941839331152308,0.3579001575184782,1192,0.32697547683923706,0.17438692098092642,0.6955475330926595,0.0036101083032490976,43,0.7674418604651163,0.37209302325581395,7.27906976744186,0.313953488372093,14.52,13.96,13.66,13.42,3,1,3
355,1205740732,4,15,14,14,10,1473,0.5492385786802031,0.06192893401015229,0.5566801619433198,0.0951417004048583,2546,0.5267740246137734,0.5903377847604084,4.124509033778476,0.3751309243257397,1056,0.31756756756756754,0.04864864864864865,0.35403726708074534,0.11801242236024845,2758,0.6837684312303599,0.59680928208847,3.9405366207396666,0.35817017162194836,1200,0.32608695652173914,0.17391304347826086,0.6945107398568019,0.003579952267303103,43,0.7674418604651163,0.37209302325581395,7.27906976744186,0.313953488372093,14.52,13.96,13.62,13.36,1,1,5
356,1205740733,4,17,13,15,16,1477,0.5491388044579534,0.06180344478216818,0.5544354838709677,0.09475806451612903,2555,0.5268754076973257,0.590215264187867,4.124070450097848,0.37527723418134373,1060,0.3185483870967742,0.04838709677419355,0.35403726708074534,0.11801242236024845,2763,0.6831945952467122,0.5968150560984438,3.938834600072385,0.35833634937869474,1204,0.32791327913279134,0.17344173441734417,0.6944114149821641,0.0035671819262782403,43,0.7674418604651163,0.37209302325581395,7.27906976744186,0.313953488372093,14.58,13.92,13.62,13.42,4,2,1
357,1205740734,4,13,14,13,14,1480,0.5484848484848485,0.06161616161616162,0.5544354838709677,0.09475806451612903,2558,0.5270393536617151,0.5906958561376076,4.123534010946051,0.3752280427417253,1066,0.31684491978609625,0.0481283422459893,0.3549382716049383,0.11728395061728394,2773,0.6827142685418918,0.5982690227190768,3.9368914532996753,0.35803582161317477,1208,0.33153638814016173,0.1725067385444744,0.6951364175563464,0.0035587188612099642,43,0.7674418604651163,0.37209302325581395,7.27906976744186,0.313953488372093,14.58,13.9,13.56,13.44,-1,0,-1
358,1205740735,4,14,14,13,14,1482,0.5483870967741935,0.06149193548387097,0.5544354838709677,0.09475806451612903,2567,0.5265549928580706,0.5909622126996494,4.121932216595248,0.375081158291131,1068,0.3164218958611482,0.04806408544726302,0.3569230769230769,0.11692307692307692,2782,0.6826623532231005,0.5988497483824586,3.936017253774263,0.3580457704289481,1211,0.3333333333333333,0.17204301075268819,0.6946745562130178,0.0035502958579881655,43,0.7674418604651163,0.37209302325581395,7.27906976744186,0.313953488372093,14.6,13.94,13.52,13.46,0,1,0
359,1205740736,4,16,15,12,13,1483,0.5483870967741935,0.06149193548387097,0.5533199195171026,0.09456740442655935,2576,0.5271092132505178,0.5912267080745341,4.1230590062111805,0.37532349896480327,1072,0.3191489361702128,0.047872340425531915,0.3558282208588957,0.1165644171779141,2789,0.6822038962591129,0.5984223736106131,3.9354607386159914,0.3579538663798256,1214,0.3324396782841823,0.1742627345844504,0.6942148760330579,0.0035419126328217238,43,0.7674418604651163,0.37209302325581395,7.27906976744186,0.313953488372093,14.58,13.92,13.5,13.42,1,4,3
360,1205740737,4,17,14,13,11,1485,0.5482897384305835,0.0613682092555332,0.5533199195171026,0.09456740442655935,2586,0.5279711265790155,0.5904872389791184,4.122583139984532,0.37551559680329977,1073,0.3200531208499336,0.04780876494023904,0.3558282208588957,0.1165644171779141,2797,0.6823978071743532,0.5984983911333571,3.9349302824454773,0.358181384817066,1216,0.3342245989304813,0.17379679144385027,0.6945754716981132,0.003537735849056604,43,0.7674418604651163,0.37209302325581395,7.27906976744186,0.313953488372093,14.6,13.92,13.48,13.4,3,4,6
361,1205740738,4,15,12,14,11,1487,0.5481927710843374,0.06224899598393574,0.5533199195171026,0.09456740442655935,2594,0.527306604985865,0.5909791827293754,4.122590593677717,0.3756103829349781,1079,0.32189973614775724,0.047493403693931395,0.3547400611620795,0.1162079510703364,2804,0.6817641464574414,0.5987874465049928,3.932596291012839,0.3579113171659535,1220,0.3342245989304813,0.17379679144385027,0.6960093896713615,0.0035211267605633804,43,0.7674418604651163,0.37209302325581395,7.27906976744186,0.313953488372093,14.62,13.84,13.48,13.34,3,1,4
362,1205740739,4,13,12,14,13,1492,0.549,0.062,0.5542168674698795,0.09437751004016064,2600,0.5274358974358977,0.5911538461538461,4.121153846153846,0.37560897435897433,1083,0.3223684210526316,0.04736842105263158,0.3525835866261398,0.11550151975683891,2811,0.6817265504565395,0.5994308075418001,3.9324083955887583,0.35799833985533036,1223,0.3333333333333333,0.17333333333333334,0.6967213114754098,0.00351288056206089,43,0.7674418604651163,0.37209302325581395,7.27906976744186,0.313953488372093,14.56,13.8,13.46,13.3,1,-1,0
363,1205740740,4,14,15,14,12,1496,0.5483549351944168,0.06281156530408774,0.5551102204408818,0.09418837675350701,2606,0.526797134817089,0.5909439754412893,4.120874904067536,0.37541570734203117,1085,0.3219448094612352,0.04730617608409987,0.3515151515151515,0.11515151515151516,2819,0.6819203027078158,0.5991486342674708,3.931181269953884,0.3580761499349652,1229,0.3386243386243386,0.17195767195767195,0.6977829638273045,0.003500583430571762,43,0.7674418604651163,0.37209302325581395,7.27906976744186,0.313953488372093,14.56,13.86,13.48,13.28,-1,0,2
364,1205740741,4,15,13,13,13,1505,0.5475247524752476,0.06336633663366337,0.5568862275449101,0.09381237524950099,2610,0.5271392081736912,0.5904214559386973,4.1210727969348655,0.3754150702426564,1085,0.3219448094612352,0.04730617608409987,0.3515151515151515,0.11515151515151516,2828,0.6819896275341817,0.5997171145685997,3.92998585572843,0.3583804809052335,1235,0.33773087071240104,0.17150395778364116,0.6983758700696056,0.0034802784222737818,43,0.7674418604651163,0.37209302325581395,7.27906976744186,0.313953488372093,14.6,13.86,13.48,13.28,2,2,2
365,1205740742,4,15,14,13,14,1511,0.5478775913129319,0.0631786771964462,0.5595238095238095,0.09325396825396826,2614,0.5273527161438412,0.5910482019892884,4.12088752869166,0.37541443509308847,1087,0.3224115334207077,0.047182175622542594,0.3515151515151515,0.11515151515151516,2838,0.681642001409443,0.6000704721634954,3.9298801973220576,0.3583509513742073,1241,0.3342036553524804,0.17232375979112272,0.6990740740740741,0.003472222222222222,43,0.7674418604651163,0.37209302325581395,7.27906976744186,0.313953488372093,14.58,13.9,13.46,13.28,1,2,1
366,1205740743,4,12,15,17,15,1514,0.5473372781065089,0.0631163708086785,0.5592885375494071,0.09486166007905138,2624,0.5274390243902441,0.5910823170731707,4.119664634146342,0.37541285569105687,1091,0.32114882506527415,0.04699738903394256,0.35347432024169184,0.1148036253776435,2843,0.6816742877242347,0.5993668659866338,3.928596552937038,0.35833626450932127,1246,0.33246753246753247,0.17402597402597403,0.698961937716263,0.0034602076124567475,43,0.7674418604651163,0.37209302325581395,7.27906976744186,0.313953488372093,14.52,13.92,13.52,13.3,-3,-5,-3
367,1205740744,4,15,16,12,12,1521,0.5471512770137524,0.06286836935166994,0.5618860510805501,0.09430255402750491,2629,0.5279573982502855,0.5914796500570559,4.119437048307341,0.37536452390008873,1094,0.3203125,0.048177083333333336,0.35240963855421686,0.11746987951807229,2850,0.6819298245614032,0.5996491228070175,3.9273684210526314,0.35815789473684223,1250,0.3316062176165803,0.17357512953367876,0.6977011494252874,0.0034482758620689655,43,0.7674418604651163,0.37209302325581395,7.27906976744186,0.313953488372093,14.54,13.96,13.58,13.28,-1,3,3
368,1205740745,4,15,14,13,15,1525,0.5465230166503428,0.06268364348677767,0.5607843137254902,0.09411764705882353,2635,0.5278937381404177,0.5912713472485769,4.117647058823529,0.37517394054395947,1098,0.3216601815823606,0.04798962386511025,0.35435435435435436,0.11711711711711711,2857,0.6823591179558974,0.599929996499825,3.927546377318866,0.35806790339516986,1254,0.3333333333333333,0.1731266149870801,0.6987399770904925,0.003436426116838488,43,0.7674418604651163,0.37209302325581395,7.27906976744186,0.313953488372093,14.56,13.94,13.54,13.3,1,2,0
369,1205740746,4,16,16,14,15,1533,0.5472249269717624,0.062317429406037,0.560546875,0.09375,2639,0.5274725274725277,0.5915119363395226,4.115953012504737,0.3751736768978148,1101,0.3221216041397154,0.047865459249676584,0.3532934131736527,0.11676646706586827,2865,0.6825479930191969,0.6003490401396161,3.9298429319371726,0.35785340314136144,1256,0.3324742268041237,0.17268041237113402,0.6990846681922197,0.003432494279176201,43,0.7674418604651163,0.37209302325581395,7.27906976744186,0.313953488372093,14.64,14.0,13.58,13.36,0,2,1
370,1205740747,4,14,14,14,12,1537,0.5466019417475728,0.06310679611650485,0.5594541910331384,0.0935672514619883,2645,0.527599243856333,0.591304347826087,4.114933837429112,0.3749842470069313,1107,0.3225806451612903,0.04774193548387097,0.35502958579881655,0.11538461538461539,2874,0.6824982602644395,0.5995128740431455,3.928670842032011,0.3579505915100906,1259,0.3341902313624679,0.17223650385604114,0.6974885844748858,0.003424657534246575,43,0.7674418604651163,0.37209302325581395,7.27906976744186,0.313953488372093,14.66,14.04,13.6,13.36,0,0,2
371,1205740748,4,15,14,13,12,1541,0.547918683446273,0.06292352371732816,0.5583657587548638,0.0933852140077821,2651,0.5271595624292722,0.5918521312712184,4.115050924179555,0.37470137055199293,1109,0.3234536082474227,0.04768041237113402,0.35398230088495575,0.11504424778761062,2886,0.6830676830676827,0.5990990990990991,3.9320859320859323,0.35828135828135843,1261,0.3333333333333333,0.1717948717948718,0.6978335233751425,0.0034207525655644243,43,0.7674418604651163,0.37209302325581395,7.27906976744186,0.313953488372093,14.68,14.04,13.54,13.34,1,2,3
372,1205740749,4,15,14,14,13,1547,0.5482625482625483,0.06274131274131274,0.5609284332688588,0.09284332688588008,2656,0.5269201807228918,0.5914909638554217,4.115210843373494,0.3745607429718875,1110,0.323037323037323,0.047619047619047616,0.35398230088495575,0.11504424778761062,2894,0.6829071642478688,0.5991706979958535,3.93054595715273,0.3581548030407742,1267,0.33248081841432225,0.17391304347826086,0.699546485260771,0.003401360544217687,43,0.7674418604651163,0.37209302325581395,7.27906976744186,0.313953488372093,14.64,14.06,13.54,13.34,1,1,2
373,1205740750,4,16,16,13,15,1549,0.5477338476374156,0.0626808100289296,0.5598455598455598,0.09266409266409266,2666,0.527194298574644,0.59152288072018,4.118904726181546,0.3746249062265566,1114,0.32564102564102565,0.047435897435897434,0.35294117647058826,0.11470588235294117,2900,0.6822988505747123,0.5989655172413794,3.931379310344828,0.35818965517241397,1270,0.33078880407124683,0.17302798982188294,0.6998867497168743,0.0033975084937712344,43,0.7674418604651163,0.37209302325581395,7.27906976744186,0.313953488372093,14.64,14.12,13.54,13.34,0,3,1
374,1205740751,4,13,12,13,13,1552,0.5476419634263715,0.06256015399422522,0.558766859344894,0.09441233140655106,2674,0.5274869109947646,0.5919970082273747,4.118922961854899,0.37481301421091995,1117,0.32608695652173914,0.04731457800511509,0.3519061583577713,0.11436950146627566,2908,0.6819692801467213,0.5993810178817056,3.9301925722145805,0.35814993122420924,1274,0.3291139240506329,0.17215189873417722,0.7005649717514124,0.003389830508474576,43,0.7674418604651163,0.37209302325581395,7.27906976744186,0.313953488372093,14.6,14.04,13.54,13.32,1,0,0
375,1205740752,4,15,16,14,13,1557,0.5460652591170825,0.06238003838771593,0.5604606525911708,0.09404990403071017,2685,0.5276846679081318,0.5932960893854748,4.1191806331471135,0.3747672253258845,1120,0.3273885350318471,0.04713375796178344,0.3519061583577713,0.11436950146627566,2913,0.6814852958004345,0.5990387916237556,3.9292825266048745,0.3583648014646987,1277,0.3282828282828283,0.1717171717171717,0.6989853438556933,0.0033821871476888386,43,0.7674418604651163,0.37209302325581395,7.27906976744186,0.313953488372093,14.6,14.08,13.54,13.3,-1,1,2
376,1205740753,4,16,16,14,15,1561,0.5459770114942529,0.06321839080459771,0.5602294455066922,0.09369024856596558,2694,0.5285201682751797,0.5935412026726058,4.118040089086859,0.37481440237564956,1125,0.32953105196451205,0.046894803548795945,0.3508771929824561,0.11403508771929824,2916,0.6814700502972104,0.5984224965706447,3.928326474622771,0.35833904892546886,1282,0.32997481108312343,0.1712846347607053,0.6980920314253648,0.003367003367003367,43,0.7674418604651163,0.37209302325581395,7.27906976744186,0.313953488372093,14.62,14.12,13.5,13.3,0,2,1
377,1205740754,4,16,16,15,12,1569,0.5471877979027645,0.06291706387035272,0.55893536121673,0.09315589353612168,2699,0.5286525873780414,0.593182660244535,4.117450907743609,0.3745831789551685,1126,0.32953105196451205,0.046894803548795945,0.3498542274052478,0.11370262390670553,2927,0.6816991231067073,0.599248377177998,3.929620772121626,0.3584443685229475,1283,0.3316582914572864,0.1708542713567839,0.6980920314253648,0.003367003367003367,43,0.7674418604651163,0.37209302325581395,7.27906976744186,0.313953488372093,14.62,14.16,13.52,13.26,0,1,4
378,1205740755,4,15,14,14,13,1577,0.5493358633776091,0.06261859582542695,0.5595463137996219,0.09262759924385633,2704,0.5287845167652863,0.5928254437869822,4.117973372781065,0.3746301775147929,1127,0.3291139240506329,0.04683544303797468,0.3498542274052478,0.11370262390670553,2935,0.681714934696195,0.5993185689948892,3.9304940374787054,0.35854628052243065,1287,0.3316582914572864,0.1708542713567839,0.6972067039106146,0.0033519553072625698,43,0.7674418604651163,0.37209302325581395,7.27906976744186,0.313953488372093,14.6,14.12,13.48,13.22,1,1,2
379,1205740756,4,15,14,13,12,1579,0.5501893939393939,0.0625,0.5595463137996219,0.09262759924385633,2716,0.5280436917034858,0.5942562592047128,4.114874815905743,0.37444771723122233,1135,0.32914572864321606,0.04773869346733668,0.3507246376811594,0.11304347826086956,2939,0.6821481229443118,0.5991833957128275,3.9312691391629806,0.3584836112056257,1288,0.3316582914572864,0.1708542713567839,0.6975446428571429,0.0033482142857142855,43,0.7674418604651163,0.37209302325581395,7.27906976744186,0.313953488372093,14.6,14.12,13.5,13.2,1,2,3
380,1205740757,4,17,16,15,15,1580,0.5506149479659413,0.06244087038789026,0.5595463137996219,0.09262759924385633,2724,0.528144884973079,0.5943465491923642,4.116372980910426,0.3742657856093979,1138,0.32957393483709274,0.047619047619047616,0.35260115606936415,0.11271676300578035,2948,0.6818747173224782,0.5997286295793759,3.9308005427408412,0.3584916327453643,1292,0.3308270676691729,0.17042606516290726,0.6974416017797553,0.0033370411568409346,43,0.7674418604651163,0.37209302325581395,7.27906976744186,0.313953488372093,14.62,14.16,13.56,13.28,1,2,2
381,1205740758,4,14,18,13,12,1585,0.5509433962264151,0.062264150943396226,0.559322033898305,0.09227871939736347,2732,0.5271473889702296,0.5940702781844802,4.116032210834553,0.37445095168374815,1140,0.3304130162703379,0.04755944931163955,0.3515850144092219,0.11239193083573487,2957,0.6818284297148007,0.5992560027054447,3.933040243490024,0.3585841506030889,1294,0.33,0.1725,0.6977777777777778,0.0033333333333333335,43,0.7674418604651163,0.37209302325581395,7.27906976744186,0.313953488372093,14.6,14.28,13.54,13.24,-4,1,2
382,1205740759,4,14,15,15,12,1586,0.5513666352497644,0.06220546654099906,0.559322033898305,0.09227871939736347,2741,0.5259637601848476,0.5928493250638454,4.116380882889456,0.3746807734403502,1140,0.3304130162703379,0.04755944931163955,0.3515850144092219,0.11239193083573487,2968,0.6817722371967652,0.5993935309973046,3.9339622641509435,0.35851864330637934,1295,0.33,0.1725,0.6981132075471698,0.003329633740288568,43,0.7674418604651163,0.37209302325581395,7.27906976744186,0.313953488372093,14.56,14.28,13.56,13.24,-1,-1,2
383,1205740760,4,15,15,14,14,1592,0.5510777881911902,0.06279287722586692,0.559322033898305,0.09227871939736347,2745,0.5264723740133578,0.5930783242258653,4.1151183970856104,0.37459016393442623,1145,0.3300124533001245,0.047322540473225407,0.35344827586206895,0.11206896551724138,2977,0.682286418094278,0.599261001007726,3.9338259993281826,0.35861045795543633,1298,0.33,0.1725,0.6969026548672567,0.00331858407079646,43,0.7674418604651163,0.37209302325581395,7.27906976744186,0.313953488372093,14.56,14.28,13.62,13.22,0,1,1
384,1205740761,4,18,15,13,14,1594,0.5509822263797942,0.0626753975678204,0.559322033898305,0.09227871939736347,2750,0.5262424242424244,0.5930909090909091,4.116,0.37454545454545457,1147,0.33043478260869563,0.04720496894409938,0.35344827586206895,0.11206896551724138,2988,0.6821173583221772,0.6000669344042838,3.931057563587684,0.35837795626952273,1304,0.3283582089552239,0.17164179104477612,0.698237885462555,0.003303964757709251,43,0.7674418604651163,0.37209302325581395,7.27906976744186,0.313953488372093,14.66,14.32,13.62,13.22,3,5,4
385,1205740762,4,15,17,14,15,1602,0.5502793296089385,0.06238361266294227,0.5599250936329588,0.09176029962546817,2757,0.5256317253052837,0.5930359085963003,4.114617337685891,0.3744105912223431,1149,0.33126550868486354,0.04714640198511166,0.3524355300859599,0.11461318051575932,2995,0.6820255982192539,0.6006677796327212,3.9315525876460766,0.35829159710628844,1306,0.3283582089552239,0.17164179104477612,0.6989010989010989,0.0032967032967032967,43,0.7674418604651163,0.37209302325581395,7.27906976744186,0.313953488372093,14.66,14.42,13.62,13.26,-2,1,0
386,1205740763,4,13,13,14,13,1607,0.549165120593692,0.06215213358070501,0.5588785046728972,0.09158878504672897,2764,0.5257477086348289,0.5926193921852387,4.113965267727931,0.3743668596237337,1154,0.33250927070457353,0.04697156983930779,0.3504273504273504,0.11396011396011396,2999,0.6822829832166274,0.600866955651884,3.930643547849283,0.3582305212848729,1312,0.32839506172839505,0.1728395061728395,0.6987951807228916,0.0032858707557502738,43,0.7674418604651163,0.37209302325581395,7.27906976744186,0.313953488372093,14.62,14.38,13.6,13.26,0,-1,0
387,1205740764,4,12,14,14,12,1610,0.549074074074074,0.062037037037037036,0.5597014925373134,0.0914179104477612,2772,0.5248917748917751,0.5934343434343434,4.111832611832612,0.37445887445887444,1164,0.3317013463892289,0.046511627906976744,0.35410764872521244,0.11331444759206799,3003,0.6827061827061823,0.6007326007326007,3.9314019314019313,0.35816960816960836,1315,0.32678132678132676,0.171990171990172,0.6991247264770241,0.0032822757111597373,43,0.7674418604651163,0.37209302325581395,7.27906976744186,0.313953488372093,14.56,14.36,13.62,13.22,-2,-2,0
388,1205740765,4,14,13,15,13,1614,0.5480591497227357,0.06192236598890943,0.5613382899628253,0.09107806691449814,2779,0.5246491543720765,0.5940985966174883,4.111910759265923,0.3741453760345448,1166,0.33251833740831294,0.04645476772616137,0.3531073446327684,0.11299435028248588,3012,0.6829902611775118,0.600265604249668,3.9302788844621515,0.35809539619300595,1320,0.3276283618581907,0.17114914425427874,0.7001090512540894,0.003271537622682661,43,0.7674418604651163,0.37209302325581395,7.27906976744186,0.313953488372093,14.56,14.32,13.6,13.2,1,-1,1
389,1205740766,4,15,13,12,15,1617,0.5479704797047971,0.061808118081180814,0.562152133580705,0.09090909090909091,2791,0.5245431744894304,0.5926191329272662,4.111429595127195,0.37396990326048013,1167,0.3333333333333333,0.0463980463980464,0.3531073446327684,0.11299435028248588,3019,0.6830628243347683,0.6005299768135144,3.928453130175555,0.3578447609583749,1322,0.3276283618581907,0.17114914425427874,0.7007616974972797,0.003264417845484222,43,0.7674418604651163,0.37209302325581395,7.27906976744186,0.313953488372093,14.6,14.32,13.6,13.28,2,3,0
390,1205740767,4,15,16,15,13,1620,0.5478821362799263,0.061694290976058934,0.5611111111111111,0.09259259259259259,2801,0.5246340592645485,0.5930024991074616,4.112816851124598,0.37406283470189217,1171,0.3337393422655298,0.04628501827040195,0.35674157303370785,0.11235955056179775,3029,0.6825685044569162,0.6008583690987125,3.927038626609442,0.35798393309122944,1323,0.3276283618581907,0.17114914425427874,0.7,0.003260869565217391,43,0.7674418604651163,0.37209302325581395,7.27906976744186,0.313953488372093,14.62,14.36,13.64,13.22,-1,0,2
391,1205740768,4,11,12,14,13,1625,0.5463728191000918,0.06152433425160698,0.5627306273062731,0.09225092250922509,2810,0.5250889679715304,0.5935943060498221,4.11459074733096,0.37384341637010676,1174,0.3337378640776699,0.04611650485436893,0.35674157303370785,0.11235955056179775,3033,0.6826574348829538,0.6003956478733927,3.927134849983515,0.35808880096713946,1324,0.3276283618581907,0.17114914425427874,0.7003257328990228,0.003257328990228013,43,0.7674418604651163,0.37209302325581395,7.27906976744186,0.313953488372093,14.54,14.28,13.6,13.2,-1,-3,-2
392,1205740769,4,15,13,15,14,1630,0.5457875457875457,0.06135531135531135,0.5625,0.09191176470588236,2816,0.5248579545454547,0.59375,4.115056818181818,0.3738458806818182,1177,0.3341404358353511,0.04600484261501211,0.3557422969187675,0.11204481792717087,3041,0.6826701742847745,0.6004603748766854,3.927326537323249,0.3581332894881072,1325,0.32682926829268294,0.17073170731707318,0.7003257328990228,0.003257328990228013,45,0.7666666666666667,0.37777777777777777,7.266666666666667,0.31666666666666665,14.52,14.28,13.6,13.22,2,0,1
393,1205740770,4,15,16,16,14,1638,0.5465328467153284,0.06113138686131387,0.5620437956204379,0.09124087591240876,2821,0.5244594115561859,0.5930521091811415,4.114498404820986,0.3738036157390996,1178,0.33373639661426846,0.045949214026602174,0.3557422969187675,0.11204481792717087,3050,0.6831147540983603,0.6,3.9278688524590164,0.3582240437158472,1327,0.32682926829268294,0.17073170731707318,0.6998916576381365,0.0032502708559046588,45,0.7666666666666667,0.37777777777777777,7.266666666666667,0.31666666666666665,14.58,14.3,13.66,13.26,-1,-1,1
394,1205740771,4,16,14,15,15,1642,0.5450409463148317,0.06187443130118289,0.5610200364298725,0.09107468123861566,2826,0.5240622788393491,0.5927105449398443,4.1142958244869074,0.373761500353857,1178,0.33373639661426846,0.045949214026602174,0.3557422969187675,0.11204481792717087,3059,0.6837201699901926,0.5998692383131743,3.9261196469434454,0.35823253786640535,1332,0.3260340632603406,0.170316301703163,0.7001078748651565,0.003236245954692557,45,0.7666666666666667,0.37777777777777777,7.266666666666667,0.31666666666666665,14.62,14.28,13.72,13.26,2,1,1
395,1205740772,4,13,13,14,12,1644,0.5440508628519528,0.06267029972752043,0.5610200364298725,0.09107468123861566,2833,0.5236498411577835,0.5930109424638192,4.1133074479350515,0.3737204376985528,1180,0.33454106280193235,0.04589371980676329,0.3547486033519553,0.11173184357541899,3068,0.6833441981747064,0.6007170795306388,3.92503259452412,0.3580780095610606,1335,0.3268765133171913,0.1694915254237288,0.6993534482758621,0.004310344827586207,45,0.7666666666666667,0.37777777777777777,7.266666666666667,0.31666666666666665,14.6,14.26,13.68,13.2,0,-1,1
396,1205740773,4,13,14,14,14,1648,0.543970988213962,0.06255666364460562,0.5607985480943739,0.0925589836660617,2841,0.5234072509679691,0.5938049982400563,4.113340373108061,0.3736360436466033,1184,0.33413461538461536,0.046875,0.3547486033519553,0.11173184357541899,3074,0.6832032097158964,0.6001951854261548,3.9261548471047494,0.3580297115593149,1341,0.3253012048192771,0.1710843373493976,0.6984978540772532,0.004291845493562232,45,0.7666666666666667,0.37777777777777777,7.266666666666667,0.31666666666666665,14.56,14.22,13.68,13.22,-1,-1,-1
397,1205740774,4,14,17,13,13,1656,0.5433212996389891,0.0631768953068592,0.5613718411552346,0.09205776173285199,2846,0.5242445537596628,0.5941672522839072,4.113492621222769,0.37350667603654253,1188,0.3341317365269461,0.046706586826347304,0.3565459610027855,0.11142061281337047,3079,0.6837176572480239,0.6001948684637869,3.9249756414420265,0.3579354768864352,1345,0.3245192307692308,0.17067307692307693,0.6994652406417112,0.0042780748663101605,45,0.7666666666666667,0.37777777777777777,7.266666666666667,0.31666666666666665,14.54,14.24,13.7,13.22,-3,1,1
398,1205740775,4,14,14,14,12,1661,0.5445544554455446,0.063006300630063,0.5611510791366906,0.09172661870503597,2851,0.52390973927277,0.5941774815854086,4.11364433532094,0.37355313924938616,1193,0.3329355608591885,0.0477326968973747,0.3601108033240997,0.11080332409972299,3088,0.6831822107081171,0.5994170984455959,3.9248704663212437,0.3577828151986185,1346,0.3245192307692308,0.17067307692307693,0.6997863247863247,0.004273504273504274,45,0.7666666666666667,0.37777777777777777,7.266666666666667,0.31666666666666665,14.6,14.3,13.78,13.26,0,0,2
399,1205740776,4,16,16,16,12,1666,0.5439856373429084,0.06283662477558348,0.5627240143369175,0.0913978494623656,2860,0.5233100233100235,0.5944055944055944,4.111888111888112,0.37377622377622377,1197,0.3329369797859691,0.04875148632580262,0.35911602209944754,0.11049723756906077,3094,0.6833117862529624,0.599224305106658,3.925662572721396,0.35789700495582866,1349,0.3237410071942446,0.17026378896882494,0.7004264392324094,0.0042643923240938165,45,0.7666666666666667,0.37777777777777777,7.266666666666667,0.31666666666666665,14.66,14.36,13.84,13.22,0,0,4
400,1205740777,4,14,14,14,12,1669,0.543010752688172,0.06362007168458782,0.5617173524150268,0.09123434704830054,2867,0.5230205790024417,0.5946982908964074,4.11056853854203,0.37391001046389954,1200,0.33293838862559244,0.0485781990521327,0.35911602209944754,0.11049723756906077,3101,0.6829786090508435,0.5991615607868429,3.924862947436311,0.35805654090078487,1356,0.3254156769596199,0.16864608076009502,0.7003188097768331,0.004250797024442083,45,0.7666666666666667,0.37777777777777777,7.266666666666667,0.31666666666666665,14.62,14.36,13.86,13.2,0,0,2
401,1205740778,4,12,12,15,14,1670,0.5434198746642793,0.06356311548791406,0.5617173524150268,0.09123434704830054,2876,0.5217895224849329,0.5945757997218358,4.111265646731572,0.37404381084840055,1207,0.3313679245283019,0.04834905660377359,0.36164383561643837,0.1095890410958904,3110,0.6818060021436224,0.5987138263665595,3.9257234726688104,0.3580117899249734,1360,0.3246445497630332,0.16824644549763032,0.6991525423728814,0.00423728813559322,46,0.7717391304347826,0.3695652173913043,7.260869565217392,0.31521739130434784,14.6,14.34,13.9,13.2,0,-3,-2
402,1205740779,4,15,14,14,13,1674,0.54375,0.06428571428571428,0.5607142857142857,0.09107142857142857,2883,0.5213319458896983,0.5941727367325702,4.110995490808186,0.3743496357960458,1209,0.3309776207302709,0.048292108362779744,0.3633879781420765,0.1092896174863388,3121,0.6810584214461173,0.5985261134251842,3.9256648510092917,0.3581918188614762,1361,0.3246445497630332,0.16824644549763032,0.6994708994708995,0.004232804232804233,46,0.7717391304347826,0.3695652173913043,7.260869565217392,0.31521739130434784,14.64,14.34,13.94,13.18,1,1,2
403,1205740780,4,16,13,12,13,1679,0.5431878895814782,0.06411398040961709,0.5622775800711743,0.09074733096085409,2891,0.5213305661247551,0.5928744379107576,4.108612936700104,0.3745243860255967,1212,0.33137485311398357,0.0481786133960047,0.3651226158038147,0.10899182561307902,3129,0.6805955044210074,0.5985937999360819,3.9248961329498244,0.3580749973367425,1363,0.3246445497630332,0.16824644549763032,0.6990496304118268,0.004223864836325237,46,0.7717391304347826,0.3695652173913043,7.260869565217392,0.31521739130434784,14.66,14.32,13.9,13.18,3,4,3
404,1205740781,4,14,14,15,15,1680,0.5431878895814782,0.06411398040961709,0.5612788632326821,0.0905861456483126,2901,0.5212570378030565,0.5932437090658393,4.109272664598414,0.3745260255084454,1217,0.3309941520467836,0.047953216374269005,0.3641304347826087,0.10869565217391304,3136,0.6803518282312921,0.5982142857142857,3.923150510204082,0.3579931972789117,1366,0.3262411347517731,0.16784869976359337,0.6986301369863014,0.004214963119072708,46,0.7717391304347826,0.3695652173913043,7.260869565217392,0.31521739130434784,14.64,14.36,13.92,13.24,0,-1,-1
405,1205740782,4,14,14,14,15,1682,0.5431878895814782,0.06411398040961709,0.5610619469026549,0.0920353982300885,2908,0.5208619899128841,0.59353507565337,4.108321870701513,0.37457015130674004,1218,0.33060747663551404,0.04906542056074766,0.3641304347826087,0.10869565217391304,3144,0.680476039016115,0.5982824427480916,3.9227099236641223,0.3581159881255303,1372,0.3255269320843091,0.17096018735362997,0.6992639327024185,0.004206098843322818,46,0.7717391304347826,0.3695652173913043,7.260869565217392,0.31521739130434784,14.62,14.36,13.92,13.34,0,0,-1
406,1205740783,4,14,16,15,14,1688,0.5430346051464063,0.06388642413487133,0.562610229276896,0.09171075837742504,2916,0.5202903520804757,0.5925925925925926,4.1063100137174215,0.37439986282578874,1220,0.3313885647607935,0.049008168028004666,0.36314363143631434,0.10840108401084012,3152,0.6801766074450081,0.5983502538071066,3.9229060913705585,0.3580002115059223,1374,0.3255269320843091,0.17096018735362997,0.6998950682056663,0.004197271773347324,46,0.7717391304347826,0.3695652173913043,7.260869565217392,0.31521739130434784,14.56,14.42,13.92,13.3,-2,-1,0
407,1205740784,4,16,17,14,12,1691,0.5438441098317095,0.0637732506643047,0.5616197183098591,0.09154929577464789,2922,0.5207620351357519,0.5927446954140999,4.104722792607803,0.374315537303217,1223,0.3302325581395349,0.04883720930232558,0.36314363143631434,0.10840108401084012,3160,0.6795622362869195,0.5981012658227848,3.9221518987341772,0.35812236286919846,1379,0.3255269320843091,0.17096018735362997,0.7004175365344467,0.0041753653444676405,46,0.7717391304347826,0.3695652173913043,7.260869565217392,0.31521739130434784,14.62,14.48,13.94,13.26,-1,2,4
408,1205740785,4,15,15,17,14,1698,0.5418502202643172,0.06343612334801763,0.562390158172232,0.0913884007029877,2929,0.5207124160691933,0.593035165585524,4.103106862410379,0.37435984977808123,1225,0.32984901277584205,0.04878048780487805,0.36486486486486486,0.10810810810810811,3167,0.6801126197242392,0.5989895800442059,3.9213766971897694,0.3581465108935903,1382,0.32634032634032634,0.17016317016317017,0.6996871741397289,0.004171011470281543,46,0.7717391304347826,0.3695652173913043,7.260869565217392,0.31521739130434784,14.64,14.5,14.02,13.26,0,-2,1
409,1205740786,4,14,14,14,14,1700,0.5408970976253298,0.0633245382585752,0.562390158172232,0.0913884007029877,2939,0.5206419417035274,0.5930588635590337,4.102756039469207,0.374276964954066,1231,0.32909930715935337,0.049653579676674366,0.3638814016172507,0.1078167115902965,3172,0.679828709541824,0.5993064312736444,3.920239596469105,0.3582912988650695,1386,0.32634032634032634,0.17016317016317017,0.6998961578400831,0.004153686396677051,46,0.7717391304347826,0.3695652173913043,7.260869565217392,0.31521739130434784,14.6,14.48,14.06,13.28,0,0,0
410,1205740787,4,17,16,15,15,1706,0.5412280701754386,0.06403508771929825,0.5629370629370629,0.09090909090909091,2942,0.5211307500566509,0.5934738273283481,4.103670972127804,0.37415023793337865,1233,0.328719723183391,0.049596309111880045,0.3655913978494624,0.10752688172043011,3181,0.6794771036361728,0.5988682804149639,3.9201508959446714,0.35861364350833086,1392,0.32790697674418606,0.1697674418604651,0.7014462809917356,0.004132231404958678,46,0.7717391304347826,0.3695652173913043,7.260869565217392,0.31521739130434784,14.6,14.52,14.1,13.36,1,2,2
411,1205740788,4,15,15,14,14,1711,0.5415573053368329,0.06386701662292213,0.5627177700348432,0.09059233449477352,2951,0.5214051733875523,0.5940359200271095,4.102338190443917,0.37408223201174745,1237,0.32721010332950634,0.04936854190585534,0.3655913978494624,0.10752688172043011,3187,0.6794529860893209,0.5986821462190147,3.920928773140885,0.3585660495764043,1395,0.32790697674418606,0.1697674418604651,0.7013388259526262,0.004119464469618949,46,0.7717391304347826,0.3695652173913043,7.260869565217392,0.31521739130434784,14.6,14.58,14.1,13.42,0,1,1
412,1205740789,4,13,15,14,14,1712,0.541958041958042,0.06381118881118882,0.5627177700348432,0.09059233449477352,2961,0.5203197118090737,0.5937183383991894,4.101992570077677,0.37416976246763484,1240,0.3268348623853211,0.04931192660550459,0.36363636363636365,0.10695187165775401,3197,0.679777916796997,0.5980606818892712,3.920863309352518,0.35890418100302385,1397,0.32790697674418606,0.1697674418604651,0.7009249743062693,0.0041109969167523125,46,0.7717391304347826,0.3695652173913043,7.260869565217392,0.31521739130434784,14.6,14.64,14.1,13.44,-2,-1,-1
413,1205740790,4,13,13,13,13,1715,0.5431560592850916,0.06364428945074106,0.5627177700348432,0.09059233449477352,2969,0.5202088245200406,0.5931289996631862,4.1017177500842035,0.3745088132929157,1244,0.32608695652173914,0.04919908466819222,0.36436170212765956,0.10638297872340426,3206,0.6798970679975044,0.5988771054273238,3.922021210230817,0.3586764400083179,1399,0.3271461716937355,0.16937354988399073,0.7002053388090349,0.004106776180698152,46,0.7717391304347826,0.3695652173913043,7.260869565217392,0.31521739130434784,14.58,14.6,14.08,13.46,0,0,0
414,1205740791,4,17,17,16,13,1721,0.5434027777777778,0.06336805555555555,0.5634782608695652,0.09043478260869565,2973,0.5201816347124119,0.5936764211234443,4.101917255297679,0.37434129386702547,1246,0.32571428571428573,0.04914285714285714,0.3660477453580902,0.10610079575596817,3215,0.6804821150855362,0.5990668740279937,3.9228615863141525,0.3583722135821671,1402,0.3287037037037037,0.16898148148148148,0.7008196721311475,0.004098360655737705,46,0.7717391304347826,0.3695652173913043,7.260869565217392,0.31521739130434784,14.62,14.68,14.14,13.46,0,1,4
415,1205740792,4,16,15,15,13,1726,0.5423875432525952,0.06314878892733564,0.5642361111111112,0.09027777777777778,2980,0.5201901565995527,0.5939597315436241,4.103691275167785,0.3743008948545862,1248,0.3249714937286203,0.04903078677309008,0.3660477453580902,0.10610079575596817,3225,0.6802325581395346,0.6003100775193798,3.9224806201550386,0.3581912144702844,1404,0.3294930875576037,0.16820276497695852,0.7008196721311475,0.004098360655737705,46,0.7717391304347826,0.3695652173913043,7.260869565217392,0.31521739130434784,14.64,14.7,14.18,13.44,1,1,3
416,1205740793,4,14,15,15,13,1731,0.5427830596369922,0.06309420916162489,0.5637931034482758,0.09137931034482759,2986,0.5205961152042868,0.5944407233757535,4.105492297387809,0.37430229962045103,1251,0.325,0.048863636363636366,0.3660477453580902,0.10610079575596817,3235,0.6808088614116432,0.6,3.921792890262751,0.35834621329211763,1406,0.3294930875576037,0.16820276497695852,0.7014314928425358,0.00408997955010225,46,0.7717391304347826,0.3695652173913043,7.260869565217392,0.31521739130434784,14.68,14.7,14.14,13.4,-1,-1,1
417,1205740794,4,16,16,14,14,1734,0.542709232096635,0.06298533218291631,0.5645438898450946,0.09122203098106713,2994,0.5208750835003342,0.594188376753507,4.1088844355377425,0.37438766421732356,1256,0.32653061224489793,0.048752834467120185,0.36578947368421055,0.10526315789473684,3241,0.6809369536151391,0.5995063252082691,3.9207034865782164,0.35829990743597667,1409,0.3294930875576037,0.16820276497695852,0.7013251783893986,0.004077471967380225,47,0.776595744680851,0.3617021276595745,7.25531914893617,0.32978723404255317,14.7,14.7,14.18,13.44,0,2,2
418,1205740795,4,14,15,14,12,1737,0.5426356589147286,0.06287683031869079,0.5652920962199313,0.09106529209621993,3001,0.5208263912029325,0.5944685104965012,4.1079640119960015,0.3741808286126847,1259,0.3269230769230769,0.048642533936651584,0.3648293963254593,0.10761154855643044,3248,0.6807009441707714,0.5997536945812808,3.919642857142857,0.35822044334975384,1415,0.32723112128146453,0.16933638443935928,0.7022357723577236,0.0040650406504065045,47,0.776595744680851,0.3617021276595745,7.25531914893617,0.32978723404255317,14.68,14.72,14.2,13.38,-1,0,2
419,1205740796,4,16,18,14,13,1744,0.5445969125214408,0.06260720411663807,0.565068493150685,0.09075342465753425,3004,0.5203062583222372,0.594207723035952,4.107190412782956,0.3741400355082113,1260,0.32655367231638416,0.04971751412429379,0.3648293963254593,0.10761154855643044,3259,0.681011557737547,0.5995704203743479,3.9193003988953667,0.3580085915925132,1417,0.32723112128146453,0.16933638443935928,0.7018255578093306,0.004056795131845842,47,0.776595744680851,0.3617021276595745,7.25531914893617,0.32978723404255317,14.68,14.76,14.2,13.34,-2,2,3
420,1205740797,4,12,17,12,12,1749,0.5449101796407185,0.06244653550042772,0.5648464163822525,0.09215017064846416,3013,0.5197477597079324,0.5940922668436774,4.106870229007634,0.37393516981967034,1263,0.3269447576099211,0.0496054114994363,0.36387434554973824,0.10732984293193717,3266,0.6810318432333127,0.5995101041028781,3.9188609920391917,0.3580067360685856,1421,0.32574031890660593,0.16856492027334852,0.701417004048583,0.004048582995951417,47,0.776595744680851,0.3617021276595745,7.25531914893617,0.32978723404255317,14.64,14.82,14.16,13.34,-5,0,0
421,1205740798,4,16,14,15,13,1750,0.5449101796407185,0.06244653550042772,0.5638841567291312,0.09369676320272573,3019,0.5195428949983439,0.5942365021530308,4.106657833719774,0.37385447719995585,1265,0.32657657657657657,0.04954954954954955,0.36553524804177545,0.10704960835509138,3277,0.6816956565964802,0.599023497101007,3.9173024107415317,0.3580256332010987,1426,0.32653061224489793,0.17006802721088435,0.7003027245206862,0.004036326942482341,47,0.776595744680851,0.3617021276595745,7.25531914893617,0.32978723404255317,14.66,14.82,14.2,13.36,2,1,3
422,1205740799,4,14,14,14,13,1754,0.545609548167093,0.06223358908780904,0.5638841567291312,0.09369676320272573,3023,0.5191862388355939,0.5941118094608006,4.106516705259676,0.3739386922483185,1268,0.3258426966292135,0.04943820224719101,0.3645833333333333,0.109375,3289,0.6813367791628658,0.5986622073578596,3.9163879598662206,0.3578595317725754,1432,0.3257918552036199,0.16968325791855204,0.6997991967871486,0.004016064257028112,47,0.776595744680851,0.3617021276595745,7.25531914893617,0.32978723404255317,14.64,14.82,14.2,13.36,0,0,1
423,1205740800,4,16,16,14,17,1758,0.5459183673469388,0.06207482993197279,0.564625850340136,0.0935374149659864,3030,0.5184268426842685,0.5937293729372938,4.108250825082508,0.37414741474147417,1270,0.3251121076233184,0.04932735426008968,0.3645833333333333,0.109375,3299,0.6813933515206625,0.5983631403455593,3.9199757502273416,0.3576841467111247,1433,0.3257918552036199,0.16968325791855204,0.7001003009027081,0.004012036108324975,47,0.776595744680851,0.3617021276595745,7.25531914893617,0.32978723404255317,14.64,14.82,14.22,13.4,0,2,-1
424,1205740801,4,15,14,15,14,1764,0.5466101694915254,0.06186440677966102,0.5644067796610169,0.09322033898305085,3037,0.517890462078806,0.5936779716825815,4.108330589397432,0.37435517506311056,1270,0.3251121076233184,0.04932735426008968,0.3645833333333333,0.109375,3310,0.6814954682779454,0.5984894259818732,3.919939577039275,0.3577794561933536,1435,0.3257918552036199,0.16968325791855204,0.6996996996996997,0.004004004004004004,47,0.776595744680851,0.3617021276595745,7.25531914893617,0.32978723404255317,14.68,14.86,14.26,13.42,1,0,1
425,1205740802,4,15,14,14,12,1770,0.5473773265651438,0.06175972927241963,0.563973063973064,0.09427609427609428,3041,0.5185246081332896,0.5942124301216705,4.107201578428149,0.3741916036391538,1274,0.3240223463687151,0.049162011173184354,0.36363636363636365,0.10909090909090909,3318,0.6818615631906768,0.5982519590114527,3.919831223628692,0.3577456298975288,1441,0.3273542600896861,0.1681614349775785,0.6993006993006993,0.003996003996003996,47,0.776595744680851,0.3617021276595745,7.25531914893617,0.32978723404255317,14.68,14.82,14.26,13.4,1,1,3
426,1205740803,4,15,14,13,13,1772,0.547759932375317,0.06170752324598478,0.5647058823529412,0.09411764705882353,3049,0.5184760030611131,0.5939652345031158,4.105936372581174,0.37402973652563687,1276,0.3236607142857143,0.05022321428571429,0.3626943005181347,0.10880829015544041,3328,0.6814653445512817,0.5979567307692307,3.9203725961538463,0.35757211538461553,1442,0.3273542600896861,0.1681614349775785,0.6986027944111777,0.003992015968063872,47,0.776595744680851,0.3617021276595745,7.25531914893617,0.32978723404255317,14.66,14.78,14.24,13.36,1,2,2
427,1205740804,4,13,13,15,14,1774,0.5476793248945148,0.06244725738396625,0.5647058823529412,0.09411764705882353,3058,0.5182581207761066,0.5935251798561151,4.104643557880968,0.37399171571833445,1278,0.32293986636971045,0.05011135857461024,0.3626943005181347,0.10880829015544041,3336,0.6813299360511588,0.5977218225419664,3.9199640287769784,0.3574640287769785,1448,0.32662192393736017,0.17002237136465326,0.6971201588877854,0.003972194637537239,47,0.776595744680851,0.3617021276595745,7.25531914893617,0.32978723404255317,14.6,14.72,14.24,13.4,0,-2,-1
428,1205740805,4,14,16,18,14,1777,0.5467565290648694,0.062342038753159225,0.5654362416107382,0.09395973154362416,3066,0.5185366383996522,0.5932811480756687,4.104044357469015,0.37407588606218745,1280,0.3225806451612903,0.05005561735261402,0.36175710594315247,0.10852713178294573,3344,0.6817932615629981,0.597188995215311,3.9186602870813396,0.35750598086124413,1453,0.32516703786191536,0.16926503340757237,0.696039603960396,0.0039603960396039604,47,0.776595744680851,0.3617021276595745,7.25531914893617,0.32978723404255317,14.58,14.76,14.32,13.42,-2,-4,0
429,1205740806,4,10,12,12,12,1777,0.5467565290648694,0.062342038753159225,0.5654362416107382,0.09395973154362416,3074,0.5186510518325744,0.5933636955107352,4.1063760572543915,0.373915636521362,1283,0.3215077605321508,0.04988913525498891,0.36175710594315247,0.10852713178294573,3350,0.6819154228855718,0.597313432835821,3.919402985074627,0.3574626865671643,1457,0.3244444444444444,0.1711111111111111,0.6959526159921027,0.003948667324777887,47,0.776595744680851,0.3617021276595745,7.25531914893617,0.32978723404255317,14.48,14.72,14.3,13.42,-2,-2,-2
430,1205740807,4,15,11,12,11,1782,0.5465994962216625,0.06213266162888329,0.5661641541038526,0.09380234505862646,3082,0.5195760328790829,0.5934458144062297,4.106099935107073,0.3738373350638114,1286,0.3211517165005537,0.04983388704318937,0.35989717223650386,0.10796915167095116,3355,0.6814952806756083,0.5976154992548435,3.9195230998509687,0.3576005961251864,1461,0.3237250554323725,0.1729490022172949,0.6968503937007874,0.003937007874015748,48,0.78125,0.3541666666666667,7.25,0.3333333333333333,14.44,14.62,14.24,13.34,4,3,4
431,1205740808,4,16,16,15,13,1788,0.5456066945606695,0.06276150627615062,0.5676126878130217,0.09348914858096828,3090,0.5192017259978426,0.5925566343042071,4.104854368932039,0.37384034519956855,1287,0.3211517165005537,0.04983388704318937,0.358974358974359,0.1076923076923077,3361,0.681171278389368,0.5977387682237429,3.9187741743528712,0.3577060398690867,1465,0.3237250554323725,0.1729490022172949,0.6980392156862745,0.00392156862745098,48,0.78125,0.3541666666666667,7.25,0.3333333333333333,14.48,14.58,14.28,13.36,0,1,3
432,1205740809,4,15,15,14,14,1790,0.545530492898914,0.06265664160401002,0.5676126878130217,0.09348914858096828,3097,0.5186739855774407,0.5921859864384889,4.1049402647723605,0.3735604348294048,1288,0.3219026548672566,0.049778761061946904,0.358974358974359,0.1076923076923077,3373,0.6806749678822015,0.597687518529499,3.9232137563000298,0.35776756596501647,1467,0.3237250554323725,0.1729490022172949,0.6986301369863014,0.003913894324853229,48,0.78125,0.3541666666666667,7.25,0.3333333333333333,14.5,14.58,14.26,13.4,0,1,1
433,1205740810,4,15,15,14,12,1793,0.545,0.0625,0.5676126878130217,0.09348914858096828,3110,0.5192390139335478,0.5929260450160772,4.102893890675241,0.3733922829581994,1291,0.32229580573951433,0.05077262693156733,0.35805626598465473,0.10741687979539642,3380,0.6803007889546347,0.5973372781065088,3.922189349112426,0.3579142011834321,1468,0.3230088495575221,0.17256637168141592,0.6986301369863014,0.003913894324853229,48,0.78125,0.3541666666666667,7.25,0.3333333333333333,14.5,14.58,14.26,13.36,0,1,3
434,1205740811,4,16,15,15,16,1798,0.5456810631229236,0.06229235880398671,0.5683333333333334,0.09333333333333334,3115,0.5193686463349386,0.5932584269662922,4.103370786516854,0.37327447833065813,1297,0.3230769230769231,0.05054945054945055,0.361323155216285,0.10687022900763359,3388,0.6801702085792992,0.5979929161747344,3.9235537190082646,0.35788075560802846,1468,0.3230088495575221,0.17256637168141592,0.6986301369863014,0.003913894324853229,48,0.78125,0.3541666666666667,7.25,0.3333333333333333,14.46,14.58,14.3,13.4,1,1,0
435,1205740812,4,16,15,15,15,1803,0.5447019867549668,0.062086092715231786,0.56738768718802,0.09317803660565724,3121,0.5193314108725837,0.5930791413008651,4.102210829862224,0.3735715048595536,1301,0.3238512035010941,0.05032822757111598,0.361323155216285,0.10687022900763359,3393,0.6806415168484131,0.5979958738579428,3.9233716475095783,0.35779546124373723,1474,0.32450331125827814,0.17218543046357615,0.6991236611489776,0.0038948393378773127,48,0.78125,0.3541666666666667,7.25,0.3333333333333333,14.48,14.54,14.32,13.4,1,1,1
436,1205740813,4,13,16,14,11,1803,0.5447019867549668,0.062086092715231786,0.56738768718802,0.09317803660565724,3130,0.5199148029818957,0.5932907348242812,4.103514376996805,0.3735356762513312,1304,0.324235807860262,0.05021834061135371,0.3604060913705584,0.10913705583756345,3401,0.6799225717926097,0.5980593942957954,3.923551896501029,0.3576889150249928,1476,0.3237885462555066,0.17400881057268722,0.6994163424124513,0.0038910505836575876,48,0.78125,0.3541666666666667,7.25,0.3333333333333333,14.48,14.6,14.32,13.36,-3,-1,2
437,1205740814,4,15,15,13,14,1808,0.543801652892562,0.06198347107438017,0.5695364238410596,0.09271523178807947,3137,0.520029752417384,0.5926043991074275,4.105196047178834,0.3737381787270216,1305,0.324235807860262,0.05021834061135371,0.3620253164556962,0.10886075949367088,3410,0.6806207233626586,0.5979472140762463,3.92316715542522,0.35791788856305,1480,0.3230769230769231,0.17362637362637362,0.7002909796314258,0.0038797284190106693,48,0.78125,0.3541666666666667,7.25,0.3333333333333333,14.54,14.62,14.3,13.4,0,2,1
438,1205740815,4,13,13,10,13,1813,0.5429042904290429,0.0627062706270627,0.5700164744645799,0.09225700164744646,3146,0.5202903157448613,0.5928162746344564,4.106484424666243,0.3737020555202374,1306,0.3238822246455834,0.05016357688113413,0.3620253164556962,0.10886075949367088,3418,0.6806368246537934,0.5971328262141603,3.922761849034523,0.3579578700994735,1483,0.3231441048034934,0.17248908296943233,0.7002909796314258,0.0038797284190106693,48,0.78125,0.3541666666666667,7.25,0.3333333333333333,14.52,14.62,14.2,13.4,0,3,0
439,1205740816,4,14,13,11,14,1816,0.5429042904290429,0.0627062706270627,0.5672131147540984,0.09344262295081968,3152,0.5212034686971236,0.5932741116751269,4.105329949238579,0.3737045262267344,1311,0.32247557003257327,0.0499457111834962,0.3611111111111111,0.10858585858585859,3425,0.6808515815085155,0.5967883211678832,3.9226277372262772,0.35795620437956216,1488,0.3224400871459695,0.1721132897603486,0.7014492753623188,0.003864734299516908,48,0.78125,0.3541666666666667,7.25,0.3333333333333333,14.5,14.62,14.18,13.38,1,3,0
440,1205740817,4,14,14,14,14,1817,0.5432811211871393,0.06265457543281121,0.5672131147540984,0.09344262295081968,3161,0.5206685648001689,0.5928503638089212,4.103764631445745,0.37351049246019197,1312,0.3232104121475054,0.049891540130151846,0.3611111111111111,0.10858585858585859,3434,0.6815424189477768,0.5972626674432149,3.9216656959813627,0.3578916715200933,1490,0.3239130434782609,0.17173913043478262,0.7017374517374517,0.003861003861003861,48,0.78125,0.3541666666666667,7.25,0.3333333333333333,14.48,14.58,14.16,13.4,0,0,0
441,1205740818,4,14,14,14,11,1825,0.5435139573070608,0.06239737274220033,0.566068515497553,0.0929853181076672,3165,0.5210110584518169,0.5927330173775671,4.10521327014218,0.3735913638757241,1315,0.3225108225108225,0.049783549783549784,0.36272040302267,0.10831234256926953,3441,0.6814637217863021,0.5972101133391456,3.920081371694275,0.35789014821272896,1495,0.3239130434782609,0.17173913043478262,0.7022094140249759,0.0038424591738712775,48,0.78125,0.3541666666666667,7.25,0.3333333333333333,14.54,14.62,14.16,13.36,0,0,3
442,1205740819,4,15,15,13,13,1826,0.5438884331419196,0.062346185397867106,0.566068515497553,0.0929853181076672,3173,0.5204853450992752,0.592814371257485,4.10557831705011,0.3734373358546066,1315,0.3225108225108225,0.049783549783549784,0.36272040302267,0.10831234256926953,3453,0.6814122984844094,0.5968722849695917,3.922965537214017,0.35785307462110255,1496,0.3239130434782609,0.17173913043478262,0.7024952015355086,0.003838771593090211,48,0.78125,0.3541666666666667,7.25,0.3333333333333333,14.54,14.66,14.12,13.34,0,2,2
443,1205740820,4,13,15,15,14,1828,0.542997542997543,0.06306306306306306,0.566068515497553,0.0929853181076672,3181,0.5205910091166301,0.5932096824897831,4.105627161270041,0.37344126584931364,1318,0.3225458468176915,0.04962243797195254,0.36272040302267,0.10831234256926953,3462,0.6807962642018098,0.5967648757943386,3.921432697862507,0.35778933179279815,1501,0.32537960954446854,0.17136659436008678,0.7007648183556405,0.0038240917782026767,48,0.78125,0.3541666666666667,7.25,0.3333333333333333,14.5,14.64,14.1,13.34,-2,-2,-1
444,1205740821,4,15,16,16,12,1831,0.5437448896156991,0.06295993458708095,0.5651465798045603,0.09283387622149837,3187,0.520552243489175,0.5933479761531221,4.1076247254471285,0.3732873130425688,1321,0.3225806451612903,0.04946236559139785,0.36272040302267,0.10831234256926953,3469,0.681007975401172,0.596425482848083,3.919573364081868,0.35778802728932463,1507,0.3246753246753247,0.17316017316017315,0.7021883920076119,0.003805899143672693,48,0.78125,0.3541666666666667,7.25,0.3333333333333333,14.48,14.68,14.12,13.28,-1,-1,3
445,1205740822,4,16,14,15,14,1834,0.5441176470588235,0.06290849673202614,0.564935064935065,0.09253246753246754,3193,0.5214531788286879,0.5931725649859066,4.108988412151581,0.37313393882451196,1325,0.3218884120171674,0.04935622317596566,0.3634085213032581,0.10776942355889724,3476,0.6809311469121593,0.5957997698504027,3.919735327963176,0.35764288454161886,1511,0.326133909287257,0.17278617710583152,0.7030360531309298,0.003795066413662239,48,0.78125,0.3541666666666667,7.25,0.3333333333333333,14.54,14.7,14.14,13.32,2,1,2
446,1205740823,4,15,15,13,12,1841,0.5447882736156352,0.06270358306188925,0.5654281098546042,0.09208400646203554,3197,0.5214263371911169,0.5930559899906162,4.107913669064748,0.3731362735898238,1328,0.3222698072805139,0.04925053533190578,0.3625,0.1075,3485,0.6811812529890001,0.5959827833572453,3.9193687230989958,0.35758010521281697,1515,0.3247311827956989,0.17204301075268819,0.7026515151515151,0.003787878787878788,48,0.78125,0.3541666666666667,7.25,0.3333333333333333,14.58,14.72,14.12,13.28,0,2,3
447,1205740824,4,15,16,14,13,1843,0.5455284552845528,0.06260162601626017,0.5654281098546042,0.09208400646203554,3205,0.5207488299531983,0.5931357254290172,4.108268330733229,0.3732189287571503,1329,0.3229946524064171,0.04919786096256684,0.3625,0.1075,3495,0.6810920362422506,0.5959942775393419,3.9195994277539343,0.35755841678588474,1518,0.3240343347639485,0.17381974248927037,0.7022684310018904,0.003780718336483932,48,0.78125,0.3541666666666667,7.25,0.3333333333333333,14.6,14.7,14.14,13.28,-1,1,2
448,1205740825,4,12,15,16,14,1845,0.5454545454545454,0.0625,0.5654281098546042,0.09208400646203554,3215,0.5208398133748058,0.5931570762052877,4.108553654743391,0.37299118714359775,1330,0.32264957264957267,0.049145299145299144,0.3625,0.1075,3504,0.6810549847792996,0.5956050228310502,3.918664383561644,0.3574486301369864,1523,0.3247863247863248,0.1752136752136752,0.702167766258247,0.003770028275212064,48,0.78125,0.3541666666666667,7.25,0.3333333333333333,14.56,14.72,14.18,13.32,-3,-4,-2
449,1205740826,4,15,11,12,13,1847,0.5450121654501217,0.062449310624493104,0.5661290322580645,0.09193548387096774,3224,0.520936724565757,0.5933622828784119,4.109491315136476,0.37280293631100087,1335,0.32340425531914896,0.05106382978723404,0.3640897755610973,0.10723192019950124,3512,0.6809272968868638,0.5956719817767654,3.919134396355353,0.3572750569476083,1524,0.3247863247863248,0.1752136752136752,0.7024482109227872,0.003766478342749529,49,0.7857142857142857,0.3469387755102041,7.26530612244898,0.33163265306122447,14.54,14.62,14.1,13.34,4,3,2
450,1205740827,4,14,15,14,13,1850,0.5444983818770227,0.06229773462783172,0.5661290322580645,0.09193548387096774,3232,0.5210396039603962,0.5928217821782178,4.111695544554456,0.3730404290429043,1337,0.3241232731137088,0.05100956429330499,0.36318407960199006,0.10696517412935323,3519,0.6804253102207063,0.5953395851094061,3.919579425973288,0.35734583688547894,1529,0.326226012793177,0.17484008528784648,0.701688555347092,0.00375234521575985,49,0.7857142857142857,0.3469387755102041,7.26530612244898,0.33163265306122447,14.54,14.64,14.1,13.36,-1,0,1
451,1205740828,4,14,14,13,13,1856,0.5447941888619855,0.062146892655367235,0.5682182985553772,0.09149277688603531,3239,0.5208912215704438,0.5924668107440568,4.111762889780796,0.37316044046516417,1341,0.32486772486772486,0.050793650793650794,0.36318407960199006,0.10696517412935323,3526,0.6810597466439777,0.5950085082246171,3.9194554736245037,0.3572036301758368,1531,0.326226012793177,0.17484008528784648,0.700374531835206,0.0046816479400749065,49,0.7857142857142857,0.3469387755102041,7.26530612244898,0.33163265306122447,14.58,14.68,14.06,13.34,0,1,1
452,1205740829,4,13,13,15,14,1860,0.5451612903225806,0.062096774193548386,0.5686900958466453,0.0926517571884984,3245,0.5203903441191579,0.5929121725731895,4.110939907550077,0.37308680020544427,1344,0.32489451476793246,0.05168776371308017,0.36318407960199006,0.10696517412935323,3534,0.6809328428598375,0.5953593661573288,3.920769666100736,0.3574561403508773,1539,0.3227848101265823,0.1751054852320675,0.7002801120448179,0.004668534080298786,49,0.7857142857142857,0.3469387755102041,7.26530612244898,0.33163265306122447,14.54,14.66,14.08,13.36,0,-2,-1
453,1205740830,4,14,14,14,13,1867,0.5453815261044177,0.061847389558232935,0.5700636942675159,0.09235668789808917,3254,0.5205388240114732,0.5921942224953903,4.111555009219423,0.37336099160008196,1348,0.3249211356466877,0.05152471083070452,0.36228287841191065,0.10918114143920596,3540,0.680908662900188,0.5951977401129943,3.9217514124293786,0.3575564971751414,1540,0.3227848101265823,0.1751054852320675,0.6996268656716418,0.0046641791044776115,49,0.7857142857142857,0.3469387755102041,7.26530612244898,0.33163265306122447,14.5,14.68,14.12,13.36,0,0,1
454,1205740831,4,14,14,12,13,1868,0.5449438202247191,0.06179775280898876,0.5700636942675159,0.09235668789808917,3262,0.5204884528918865,0.5919681177191907,4.110668301655426,0.3732883711424484,1349,0.3245798319327731,0.051470588235294115,0.36228287841191065,0.10918114143920596,3550,0.6813849765258213,0.5957746478873239,3.9208450704225353,0.35739436619718323,1544,0.3249475890985325,0.1761006289308176,0.6989748369058714,0.004659832246039142,49,0.7857142857142857,0.3469387755102041,7.26530612244898,0.33163265306122447,14.5,14.68,14.06,13.32,0,2,1
455,1205740832,4,17,15,14,12,1873,0.5452361889511609,0.06164931945556445,0.5698412698412698,0.09206349206349207,3271,0.5206358911647816,0.5921736472026903,4.112198104555182,0.37325486599408947,1351,0.3245798319327731,0.051470588235294115,0.362962962962963,0.10864197530864197,3555,0.6817393342709795,0.5952180028129396,3.922081575246132,0.3574542897327709,1544,0.3249475890985325,0.1761006289308176,0.6989748369058714,0.004659832246039142,51,0.7941176470588235,0.3333333333333333,7.254901960784314,0.3284313725490196,14.56,14.7,14.06,13.26,2,3,5
456,1205740833,4,15,16,13,12,1878,0.5459632294164668,0.06155075939248601,0.5703001579778831,0.09162717219589257,3280,0.5205792682926831,0.5917682926829269,4.111585365853658,0.37322154471544716,1352,0.3252885624344176,0.05141657922350472,0.362962962962963,0.10864197530864197,3559,0.6820970310012172,0.5951109862320877,3.9224501264400113,0.35733352065186863,1549,0.3249475890985325,0.1761006289308176,0.6985157699443414,0.00463821892393321,51,0.7941176470588235,0.3333333333333333,7.254901960784314,0.3284313725490196,14.58,14.7,14.02,13.22,-1,2,3
457,1205740834,4,13,15,16,13,1886,0.546613545816733,0.06135458167330677,0.5698587127158555,0.09105180533751962,3284,0.5204019488428747,0.5913520097442144,4.1105359317904995,0.373375964271214,1356,0.32460732984293195,0.05130890052356021,0.36363636363636365,0.10810810810810811,3567,0.6824362209139329,0.5943369778525371,3.9243061396131202,0.35744322960471,1551,0.3249475890985325,0.1761006289308176,0.6981481481481482,0.004629629629629629,51,0.7941176470588235,0.3333333333333333,7.254901960784314,0.3284313725490196,14.52,14.66,14.06,13.24,-2,-3,0
458,1205740835,4,14,14,14,14,1891,0.5464654487688642,0.06115965051628276,0.5689655172413793,0.09090909090909091,3293,0.5203968012956779,0.5909505010628606,4.109626480412997,0.3736461180281405,1358,0.3253138075313807,0.051255230125523014,0.36519607843137253,0.10784313725490197,3571,0.682511901428171,0.5947913749649958,3.924670960515262,0.3574628955474658,1555,0.3235908141962422,0.17536534446764093,0.6987060998151571,0.0046210720887245845,51,0.7941176470588235,0.3333333333333333,7.254901960784314,0.3284313725490196,14.5,14.64,14.0,13.24,0,0,0
459,1205740836,4,15,15,15,12,1893,0.5468253968253968,0.06111111111111111,0.5696400625978091,0.09076682316118936,3298,0.5206185567010312,0.5912674348089751,4.110976349302607,0.3737618758843744,1363,0.3260416666666667,0.051041666666666666,0.3643031784841076,0.10757946210268948,3578,0.6825740637227498,0.5944661822247065,3.925377305757406,0.35725265511458926,1562,0.3215767634854772,0.17427385892116182,0.6998158379373849,0.004604051565377533,51,0.7941176470588235,0.3333333333333333,7.254901960784314,0.3284313725490196,14.52,14.66,14.02,13.2,0,0,3
460,1205740837,4,14,16,15,17,1895,0.5467511885895404,0.061014263074484945,0.5696400625978091,0.09076682316118936,3308,0.5202539298669894,0.590689238210399,4.110036275695284,0.37376561870213626,1368,0.32502596053997923,0.05088265835929388,0.36253041362530414,0.1070559610705596,3585,0.682775453277545,0.5944211994421199,3.925801952580195,0.3571129707112972,1562,0.3215767634854772,0.17427385892116182,0.6998158379373849,0.004604051565377533,52,0.7980769230769231,0.3269230769230769,7.25,0.3317307692307692,14.46,14.66,14.02,13.24,-2,-1,-3
461,1205740838,4,13,15,14,12,1900,0.5458860759493671,0.06091772151898734,0.5716510903426791,0.09034267912772585,3313,0.5203742831270753,0.5904014488379112,4.109266525807425,0.37388067209980885,1371,0.3243523316062176,0.05077720207253886,0.3640776699029126,0.10679611650485436,3593,0.682716392986362,0.5944892847202895,3.926523796270526,0.3572223768438632,1565,0.3215767634854772,0.17427385892116182,0.7006427915518825,0.004591368227731864,52,0.7980769230769231,0.3269230769230769,7.25,0.3317307692307692,14.42,14.66,14.02,13.2,-2,-1,1
462,1205740839,4,16,15,14,13,1907,0.5465299684542587,0.061514195583596214,0.5720930232558139,0.09147286821705426,3319,0.5204880988249475,0.5902380235010546,4.1084664055438385,0.3738826955910415,1373,0.32401656314699795,0.050724637681159424,0.36319612590799033,0.1089588377723971,3600,0.6828472222222218,0.5947222222222223,3.9272222222222224,0.35722222222222233,1566,0.3215767634854772,0.17427385892116182,0.7009174311926606,0.0045871559633027525,52,0.7980769230769231,0.3269230769230769,7.25,0.3317307692307692,14.48,14.66,14.02,13.18,1,2,3
463,1205740840,4,14,13,14,12,1908,0.5468873128447597,0.061465721040189124,0.5720930232558139,0.09147286821705426,3326,0.5202946482260976,0.5901984365604329,4.108238123872519,0.3740729605131289,1375,0.32401656314699795,0.050724637681159424,0.363855421686747,0.10843373493975904,3609,0.6825297866444995,0.5946245497367691,3.9271266278747574,0.35737046273205886,1571,0.3216494845360825,0.1731958762886598,0.7014652014652014,0.004578754578754579,52,0.7980769230769231,0.3269230769230769,7.25,0.3317307692307692,14.5,14.66,14.04,13.16,1,0,2
464,1205740841,4,13,12,13,14,1909,0.547244094488189,0.06141732283464567,0.5720930232558139,0.09147286821705426,3334,0.5195960807838435,0.590881823635273,4.109178164367127,0.3740751849630074,1381,0.32440782698249226,0.05046343975283213,0.3629807692307692,0.11057692307692307,3617,0.682817251866187,0.5941387890517003,3.929499585291678,0.35727121924246624,1574,0.32238193018480493,0.17248459958932238,0.7008234217749314,0.004574565416285453,52,0.7980769230769231,0.3269230769230769,7.25,0.3317307692307692,14.42,14.56,13.98,13.18,1,0,-1
465,1205740842,4,16,15,14,14,1914,0.5459544383346425,0.062058130400628436,0.5734157650695518,0.09119010819165378,3342,0.5193995611410335,0.5909634949132256,4.1077199281867145,0.37407739876321566,1384,0.32476875642343267,0.050359712230215826,0.3645083932853717,0.11031175059952038,3624,0.6830160044150106,0.5943708609271523,3.9288079470198674,0.35713300220750566,1576,0.32238193018480493,0.17248459958932238,0.7013698630136986,0.0045662100456621,52,0.7980769230769231,0.3269230769230769,7.25,0.3317307692307692,14.42,14.56,13.96,13.2,1,2,2
466,1205740843,4,15,16,14,14,1917,0.5463108320251178,0.06200941915227629,0.5747303543913713,0.09090909090909091,3349,0.5186125211505924,0.5906240668856375,4.108390564347566,0.37396735343883747,1388,0.32479508196721313,0.05122950819672131,0.36363636363636365,0.11004784688995216,3632,0.6830258810572684,0.5941629955947136,3.927863436123348,0.35703469162995605,1580,0.32238193018480493,0.17248459958932238,0.7024567788898999,0.004549590536851683,52,0.7980769230769231,0.3269230769230769,7.25,0.3317307692307692,14.44,14.58,13.94,13.22,-1,1,1
467,1205740844,4,15,14,14,13,1918,0.5466666666666666,0.06196078431372549,0.5747303543913713,0.09090909090909091,3358,0.5178677784395475,0.5908278737343657,4.108100059559262,0.37423069287274174,1390,0.32413087934560325,0.05112474437627812,0.36363636363636365,0.11004784688995216,3642,0.6826606260296537,0.5941790225151016,3.928061504667765,0.35694673256452514,1581,0.32238193018480493,0.17248459958932238,0.7018181818181818,0.004545454545454545,52,0.7980769230769231,0.3269230769230769,7.25,0.3317307692307692,14.42,14.54,13.94,13.2,1,1,2
468,1205740845,4,13,13,16,15,1918,0.5466666666666666,0.06196078431372549,0.5747303543913713,0.09090909090909091,3368,0.5181116389548694,0.5905581947743468,4.10688836104513,0.37423297703879654,1393,0.32448979591836735,0.05102040816326531,0.36515513126491644,0.10978520286396182,3650,0.6829452054794517,0.5939726027397261,3.9273972602739726,0.35684931506849327,1583,0.3210633946830266,0.17177914110429449,0.7018181818181818,0.004545454545454545,52,0.7980769230769231,0.3269230769230769,7.25,0.3317307692307692,14.4,14.5,13.98,13.26,0,-3,-2
469,1205740846,4,14,13,11,12,1922,0.5470219435736677,0.06191222570532915,0.5736196319018405,0.09202453987730061,3376,0.5179206161137442,0.5906398104265402,4.109004739336493,0.37430884676145343,1397,0.3241869918699187,0.0508130081300813,0.36515513126491644,0.10978520286396182,3656,0.6825082056892775,0.5938183807439825,3.925875273522976,0.3567423413566741,1587,0.32040816326530613,0.17142857142857143,0.7017225747960109,0.004533091568449683,52,0.7980769230769231,0.3269230769230769,7.25,0.3317307692307692,14.36,14.4,13.92,13.24,1,3,2
470,1205740847,4,15,14,14,14,1924,0.5470219435736677,0.06191222570532915,0.573394495412844,0.09327217125382263,3383,0.5172923440733078,0.590600059119125,4.109961572568726,0.37419942851512467,1402,0.32388663967611336,0.05060728744939271,0.36666666666666664,0.10952380952380952,3667,0.682778838287428,0.593127897463867,3.9271884374147805,0.35683119716389433,1588,0.32040816326530613,0.17142857142857143,0.7010869565217391,0.004528985507246377,52,0.7980769230769231,0.3269230769230769,7.25,0.3317307692307692,14.42,14.34,13.96,13.28,1,1,1
471,1205740848,4,16,17,17,13,1927,0.5473766640563822,0.06186374314800313,0.573170731707317,0.09451219512195122,3389,0.5175568014163472,0.5907347300088521,4.109176748303335,0.37412707780072785,1404,0.32457027300303337,0.05055611729019211,0.3657957244655582,0.10926365795724466,3677,0.6828256731030727,0.5928746260538482,3.927114495512646,0.35674462877345675,1591,0.319755600814664,0.1710794297352342,0.701627486437613,0.0045207956600361665,52,0.7980769230769231,0.3269230769230769,7.25,0.3317307692307692,14.42,14.4,14.0,13.28,-1,-1,3
472,1205740849,4,15,14,14,12,1931,0.546875,0.06171875,0.573820395738204,0.0943683409436834,3398,0.5176083970963313,0.5912301353737492,4.108298999411418,0.37423974887188544,1405,0.3242424242424242,0.050505050505050504,0.3657957244655582,0.10926365795724466,3682,0.6829847908745244,0.5931558935361216,3.9263986963606734,0.3566675719717546,1599,0.31983805668016196,0.1720647773279352,0.7020702070207021,0.004500450045004501,52,0.7980769230769231,0.3269230769230769,7.25,0.3317307692307692,14.44,14.4,14.0,13.26,1,1,3
473,1205740850,4,14,15,14,14,1938,0.5470817120622569,0.0622568093385214,0.5720789074355084,0.09559939301972686,3405,0.5176211453744495,0.5911894273127754,4.107782672540382,0.3742046010768478,1407,0.3239152371342079,0.050454086781029264,0.36492890995260663,0.11137440758293839,3690,0.6832655826558262,0.5929539295392954,3.92710027100271,0.3566395663956641,1601,0.31983805668016196,0.1720647773279352,0.701707097933513,0.004492362982929021,52,0.7980769230769231,0.3269230769230769,7.25,0.3317307692307692,14.4,14.38,14.0,13.2,-1,0,0
474,1205740851,4,15,16,15,14,1943,0.5461598138091543,0.062063615205585725,0.5712121212121212,0.09545454545454546,3412,0.5177803829620947,0.5905627198124267,4.106975381008207,0.3745359515435717,1409,0.324269889224572,0.050352467270896276,0.36492890995260663,0.11137440758293839,3698,0.6839507842076794,0.5932936722552731,3.9261763115197406,0.35647647376960534,1605,0.31983805668016196,0.1720647773279352,0.7000895255147717,0.004476275738585497,52,0.7980769230769231,0.3269230769230769,7.25,0.3317307692307692,14.4,14.42,14.0,13.2,-1,0,1
475,1205740852,4,15,12,13,12,1946,0.546862896979086,0.061967467079783116,0.5703479576399395,0.09531013615733737,3419,0.5174514965389492,0.5899385785317344,4.107341327873647,0.3744759676318612,1411,0.324269889224572,0.050352467270896276,0.36556603773584906,0.11084905660377359,3706,0.6834187803561788,0.5930922827846735,3.9284943335132216,0.35644900161899634,1611,0.321285140562249,0.17269076305220885,0.7006255585344057,0.004468275245755138,52,0.7980769230769231,0.3269230769230769,7.25,0.3317307692307692,14.4,14.38,13.98,13.2,3,2,3
476,1205740853,4,13,17,14,13,1947,0.5464396284829721,0.06191950464396285,0.5703479576399395,0.09531013615733737,3427,0.5177998249197551,0.5897286256200759,4.109133352786694,0.3746230911389943,1417,0.3259779338014042,0.05015045135406219,0.36384976525821594,0.11267605633802817,3714,0.6832480703643867,0.5926225094238018,3.9305331179321485,0.3564216478190631,1613,0.321285140562249,0.17269076305220885,0.6993755575379126,0.0044603033006244425,52,0.7980769230769231,0.3269230769230769,7.25,0.3317307692307692,14.36,14.44,14.0,13.2,-4,-1,0
477,1205740854,4,13,15,14,15,1951,0.5463678516228748,0.061823802163833076,0.5716440422322775,0.09502262443438914,3438,0.517452006980803,0.5890052356020943,4.109656777196045,0.37436978863680437,1420,0.3253253253253253,0.05005005005005005,0.3629976580796253,0.11241217798594848,3721,0.6826345964346499,0.5925826390755173,3.9301263101316852,0.35642300456866444,1616,0.321285140562249,0.17269076305220885,0.6983985765124555,0.005338078291814947,52,0.7980769230769231,0.3269230769230769,7.25,0.3317307692307692,14.36,14.48,13.98,13.22,-2,-1,-2
478,1205740855,4,15,15,15,14,1958,0.546923076923077,0.06153846153846154,0.5707831325301205,0.09487951807228916,3443,0.5171362184141738,0.589311646819634,4.108626198083067,0.374407009391035,1422,0.3246753246753247,0.04995004995004995,0.3629976580796253,0.11241217798594848,3732,0.6830341193283312,0.5927116827438371,3.9311361200428725,0.35610932475884255,1617,0.321285140562249,0.17269076305220885,0.6986666666666667,0.005333333333333333,52,0.7980769230769231,0.3269230769230769,7.25,0.3317307692307692,14.38,14.46,13.92,13.22,0,0,1
479,1205740856,4,12,17,14,13,1959,0.5465026902382782,0.061491160645657184,0.5707831325301205,0.09487951807228916,3452,0.5171398223252223,0.5892236384704519,4.109212050984937,0.3745171881035149,1424,0.3240279162512463,0.049850448654037885,0.3629976580796253,0.11241217798594848,3741,0.6831283970417888,0.5923549852980486,3.9318364073777063,0.35605453087409794,1621,0.3226452905811623,0.17234468937875752,0.6985815602836879,0.005319148936170213,52,0.7980769230769231,0.3269230769230769,7.25,0.3317307692307692,14.42,14.56,13.96,13.24,-5,-2,-1
480,1205740857,4,15,13,16,13,1963,0.5455938697318008,0.06130268199233716,0.5707831325301205,0.09487951807228916,3460,0.516811175337187,0.5893063583815029,4.109537572254335,0.3746387283236995,1430,0.3247269116186693,0.04965243296921549,0.36363636363636365,0.11421911421911422,3748,0.6827419067947347,0.5925827107790822,3.930896478121665,0.35618996798292435,1623,0.3226452905811623,0.17234468937875752,0.6991150442477876,0.005309734513274336,52,0.7980769230769231,0.3269230769230769,7.25,0.3317307692307692,14.42,14.6,14.04,13.28,2,-1,2
481,1205740858,4,16,15,14,14,1968,0.5458715596330275,0.06116207951070336,0.5690690690690691,0.0945945945945946,3466,0.5171186766685902,0.5894402769763416,4.1093479515291405,0.3747355260627044,1433,0.3240832507433102,0.05054509415262636,0.36511627906976746,0.11395348837209303,3756,0.6830182818601346,0.5923855165069223,3.929978700745474,0.35629659211927595,1626,0.3226452905811623,0.17234468937875752,0.6990291262135923,0.00529567519858782,52,0.7980769230769231,0.3269230769230769,7.25,0.3317307692307692,14.42,14.58,14.02,13.3,1,2,2
482,1205740859,4,13,13,13,12,1971,0.5469107551487414,0.06102212051868802,0.5690690690690691,0.0945945945945946,3475,0.51673860911271,0.5890647482014388,4.113381294964029,0.37505995203836934,1436,0.3237623762376238,0.0504950495049505,0.36342592592592593,0.11342592592592593,3765,0.6826693227091631,0.5928286852589641,3.9343957503320053,0.356440903054449,1626,0.3226452905811623,0.17234468937875752,0.6990291262135923,0.00529567519858782,55,0.7909090909090909,0.32727272727272727,7.254545454545455,0.32727272727272727,14.38,14.54,14.0,13.26,0,0,1
483,1205740860,4,16,14,13,12,1979,0.5467680608365019,0.060836501901140684,0.5701492537313433,0.09402985074626866,3481,0.5167097577324525,0.5894857799482908,4.113185866130422,0.374988030259504,1438,0.3231225296442688,0.05039525691699605,0.36342592592592593,0.11342592592592593,3771,0.6825996641032439,0.5921506231768762,3.9347653142402548,0.3564704322460887,1630,0.322,0.174,0.6980633802816901,0.00528169014084507,55,0.7909090909090909,0.32727272727272727,7.254545454545455,0.32727272727272727,14.4,14.52,13.98,13.26,2,3,4
484,1205740861,4,14,16,16,14,1982,0.5459377372817008,0.060744115413819286,0.5707898658718331,0.09388971684053651,3486,0.5168292216484989,0.5895008605851979,4.114457831325301,0.37480875884490344,1440,0.3228035538005923,0.050345508390918066,0.3625866050808314,0.11547344110854503,3781,0.6830424050074934,0.5921713832319492,3.9370536895001322,0.35651943930177216,1632,0.322,0.174,0.6977152899824253,0.005272407732864675,56,0.7946428571428571,0.3392857142857143,7.25,0.32589285714285715,14.36,14.54,14.0,13.22,-2,-2,0
485,1205740862,4,14,15,13,14,1986,0.5454545454545454,0.06060606060606061,0.5714285714285714,0.09375,3496,0.516924103737605,0.5895308924485125,4.114988558352403,0.37466628527841345,1443,0.3228346456692913,0.05019685039370079,0.3625866050808314,0.11547344110854503,3786,0.682668603627399,0.5921817221341785,3.9363444268357104,0.3565108293713683,1635,0.322,0.174,0.6976336546888694,0.0052585451358457495,56,0.7946428571428571,0.3392857142857143,7.25,0.32589285714285715,14.32,14.54,13.96,13.2,-1,1,0
486,1205740863,4,15,15,15,13,1987,0.5457986373959122,0.06056018168054504,0.5714285714285714,0.09375,3503,0.5166048149205444,0.5889237796174708,4.11904082215244,0.37463126843657824,1443,0.3228346456692913,0.05019685039370079,0.3625866050808314,0.11547344110854503,3799,0.6830525576906202,0.5922611213477231,3.9426164780205317,0.35660700184259025,1635,0.322,0.174,0.6976336546888694,0.0052585451358457495,57,0.7894736842105263,0.3508771929824561,7.245614035087719,0.32894736842105265,14.36,14.52,13.98,13.24,0,0,2
487,1205740864,4,15,15,14,16,1988,0.546142208774584,0.060514372163388806,0.5714285714285714,0.09375,3513,0.5167947623114149,0.5892399658411615,4.118417307144891,0.3746323180567417,1445,0.3228346456692913,0.05019685039370079,0.3632183908045977,0.11494252873563218,3809,0.6833595869432045,0.5925439747965345,3.941716986085587,0.3567209241270676,1637,0.32335329341317365,0.17365269461077845,0.6978984238178634,0.005253940455341506,57,0.7894736842105263,0.3508771929824561,7.245614035087719,0.32894736842105265,14.36,14.52,14.0,13.28,0,1,-1
488,1205740865,4,14,14,15,14,1991,0.546485260770975,0.06046863189720333,0.5712166172106825,0.09347181008902077,3520,0.5169034090909093,0.5892045454545455,4.117329545454545,0.3744554924242425,1449,0.32350049164208455,0.05014749262536873,0.3607305936073059,0.11643835616438356,3815,0.6838575797291392,0.5921363040629095,3.941546526867628,0.3568152031454785,1643,0.32341269841269843,0.1746031746031746,0.6978165938864629,0.005240174672489083,57,0.7894736842105263,0.3508771929824561,7.245614035087719,0.32894736842105265,14.38,14.54,14.1,13.3,0,-1,0
489,1205740866,4,16,16,14,15,1997,0.546345139412208,0.06028636021100226,0.5710059171597633,0.09319526627218935,3528,0.5172902494331068,0.5892857142857143,4.118197278911564,0.37452758881330317,1451,0.323846908734053,0.050049067713444556,0.3607305936073059,0.11643835616438356,3822,0.6839133089133087,0.5920983778126635,3.9413919413919416,0.3568158032443748,1645,0.32341269841269843,0.1746031746031746,0.6974716652136007,0.0052310374891020054,57,0.7894736842105263,0.3508771929824561,7.245614035087719,0.32894736842105265,14.42,14.6,14.16,13.32,0,2,1
490,1205740867,4,14,15,14,14,2000,0.54627539503386,0.060948081264108354,0.5701624815361891,0.09453471196454949,3537,0.5169635284139102,0.5891998869098106,4.118744698897371,0.3749175384035435,1451,0.323846908734053,0.050049067713444556,0.3607305936073059,0.11643835616438356,3830,0.6837902523933854,0.5919060052219322,3.9409921671018275,0.35672323759791136,1649,0.3241106719367589,0.17391304347826086,0.6971279373368147,0.005221932114882507,57,0.7894736842105263,0.3508771929824561,7.245614035087719,0.32894736842105265,14.42,14.62,14.16,13.32,-1,0,0
491,1205740868,4,15,15,13,12,2002,0.5458646616541354,0.061654135338345864,0.5707964601769911,0.0943952802359882,3546,0.51715548035345,0.5893965031020869,4.119853355893965,0.3748824967099079,1456,0.3225806451612903,0.05083088954056696,0.3621867881548975,0.11617312072892938,3833,0.6837768501608834,0.591964518653796,3.94077745890947,0.35663970780067844,1656,0.3235294117647059,0.17254901960784313,0.6979166666666666,0.005208333333333333,57,0.7894736842105263,0.3508771929824561,7.245614035087719,0.32894736842105265,14.44,14.64,14.14,13.34,0,2,3
492,1205740869,4,15,16,16,14,2007,0.5453863465866466,0.06151537884471118,0.5705882352941176,0.09411764705882353,3553,0.5170278637770899,0.5893611032929919,4.118491415705038,0.37505863589454924,1461,0.3216374269005848,0.050682261208576995,0.36054421768707484,0.11564625850340136,3839,0.6839237648693235,0.5918207866631935,3.9403490492315707,0.3568637666058871,1660,0.32421875,0.171875,0.6975736568457539,0.005199306759098787,57,0.7894736842105263,0.3508771929824561,7.245614035087719,0.32894736842105265,14.44,14.66,14.2,13.36,-1,-1,1
493,1205740870,4,15,15,15,11,2011,0.5464071856287425,0.061377245508982034,0.5712187958883994,0.09397944199706314,3562,0.516844469399214,0.5892756878158338,4.118472768107805,0.375233950963878,1464,0.321011673151751,0.05155642023346303,0.36199095022624433,0.11538461538461539,3849,0.6838356283017233,0.5915822291504287,3.9407638347622758,0.35691088594440123,1660,0.32421875,0.171875,0.6975736568457539,0.005199306759098787,57,0.7894736842105263,0.3508771929824561,7.245614035087719,0.32894736842105265,14.48,14.66,14.2,13.3,0,0,4
494,1205740871,4,16,14,12,14,2016,0.546337817638266,0.061285500747384154,0.5716374269005848,0.0935672514619883,3569,0.516391145979266,0.5892406836648921,4.1182404034743625,0.37547865882133186,1465,0.321011673151751,0.05155642023346303,0.3611738148984199,0.11512415349887133,3857,0.6841024976233687,0.5916515426497277,3.9408866995073892,0.35688358828104755,1663,0.32421875,0.171875,0.6983578219533275,0.005185825410544511,57,0.7894736842105263,0.3508771929824561,7.245614035087719,0.32894736842105265,14.5,14.62,14.12,13.34,2,4,2
495,1205740872,4,14,12,14,12,2019,0.5473527218493661,0.061148396718866516,0.5716374269005848,0.0935672514619883,3575,0.5166433566433568,0.5893706293706293,4.118601398601399,0.3753613053613054,1469,0.32038834951456313,0.05145631067961165,0.36179775280898874,0.1146067415730337,3866,0.6835014657699603,0.5915675116399379,3.941282979824108,0.3568934299017073,1668,0.3236434108527132,0.1744186046511628,0.6986183074265976,0.0051813471502590676,57,0.7894736842105263,0.3508771929824561,7.245614035087719,0.32894736842105265,14.46,14.58,14.1,13.3,2,0,2
496,1205740873,4,13,13,14,12,2022,0.5465376023827252,0.06180193596425912,0.5722627737226277,0.09343065693430656,3583,0.5170248395199555,0.5894501814122244,4.120011163829194,0.3755698204484138,1475,0.3204633204633205,0.05115830115830116,0.36179775280898874,0.1146067415730337,3873,0.6832989069627334,0.5915311128324297,3.9419054996127034,0.3569584301575008,1669,0.3236434108527132,0.1744186046511628,0.6980155306298533,0.005176876617773943,57,0.7894736842105263,0.3508771929824561,7.245614035087719,0.32894736842105265,14.42,14.54,14.12,13.3,0,-1,1
497,1205740874,4,14,12,13,14,2029,0.5456570155902004,0.062360801781737196,0.5712209302325582,0.09302325581395349,3590,0.5172701949860725,0.5894150417827299,4.119220055710306,0.3756035283194058,1476,0.3201542912246866,0.052073288331726135,0.36179775280898874,0.1146067415730337,3880,0.683483676975945,0.5914948453608248,3.941237113402062,0.35689432989690734,1672,0.3230174081237911,0.17408123791102514,0.6985357450473729,0.00516795865633075,57,0.7894736842105263,0.3508771929824561,7.245614035087719,0.32894736842105265,14.4,14.46,14.1,13.32,2,1,0
498,1205740875,4,13,16,16,16,2034,0.5466666666666666,0.06222222222222222,0.5710144927536231,0.0927536231884058,3599,0.5168102250625175,0.5893303695470964,4.1180883578771885,0.3754283597295545,1480,0.32019230769230766,0.051923076923076926,0.3632286995515695,0.11434977578475336,3885,0.6837623337623338,0.5915057915057915,3.9423423423423425,0.35682110682110696,1676,0.3236994219653179,0.17341040462427745,0.6973344797936372,0.005159071367153913,57,0.7894736842105263,0.3508771929824561,7.245614035087719,0.32894736842105265,14.42,14.48,14.1,13.36,-3,-3,-3
499,1205740876,4,13,15,14,12,2038,0.5476718403547672,0.06208425720620843,0.5716353111432706,0.09261939218523878,3606,0.5167313736365318,0.589018302828619,4.11924570160843,0.37553152153817715,1483,0.31957773512476007,0.05182341650671785,0.3624161073825503,0.11409395973154363,3894,0.6838512241054614,0.5916795069337443,3.942732408834104,0.35670261941448395,1678,0.3236994219653179,0.17341040462427745,0.6969957081545064,0.005150214592274678,57,0.7894736842105263,0.3508771929824561,7.245614035087719,0.32894736842105265,14.38,14.56,14.14,13.34,-2,-1,1
500,1205740877,4,15,12,15,16,2046,0.5481972038263428,0.06181015452538632,0.5714285714285714,0.09379509379509379,3612,0.5171650055370987,0.5897009966777409,4.1198781838316725,0.37546142488002954,1487,0.3193116634799235,0.052581261950286805,0.3624161073825503,0.11409395973154363,3898,0.6840473747220797,0.5918419702411493,3.9417650076962545,0.3567213955874809,1682,0.32437619961612285,0.1727447216890595,0.6966580976863753,0.005141388174807198,57,0.7894736842105263,0.3508771929824561,7.245614035087719,0.32894736842105265,14.4,14.5,14.16,13.4,3,0,-1
501,1205740878,4,15,15,15,12,2047,0.5485294117647059,0.061764705882352944,0.5714285714285714,0.09379509379509379,3621,0.5172604252968794,0.5893399613366473,4.12151339409003,0.37549479885851056,1494,0.3196955280685062,0.05233111322549953,0.36302895322939865,0.11358574610244988,3903,0.6838970023059185,0.5918524212144505,3.9423520368946963,0.3569049449141687,1686,0.3244274809160305,0.1717557251908397,0.696917808219178,0.005136986301369863,57,0.7894736842105263,0.3508771929824561,7.245614035087719,0.32894736842105265,14.42,14.52,14.2,13.38,0,0,3
502,1205740879,4,15,14,16,15,2050,0.5480557593543653,0.061628760088041086,0.5714285714285714,0.09379509379509379,3627,0.5173237753882917,0.5889164598842018,4.1204852495175075,0.37549398033269005,1496,0.3193916349809886,0.053231939163498096,0.3622222222222222,0.11333333333333333,3909,0.683870555129189,0.59247889485802,3.942184701969813,0.35699667434126386,1694,0.32765151515151514,0.17045454545454544,0.6962457337883959,0.005119453924914676,57,0.7894736842105263,0.3508771929824561,7.245614035087719,0.32894736842105265,14.46,14.54,14.22,13.4,1,-1,0
503,1205740880,4,15,15,15,13,2050,0.5480557593543653,0.061628760088041086,0.5714285714285714,0.09379509379509379,3638,0.5174088326919554,0.5885101704233096,4.120945574491479,0.37559556532893534,1497,0.3193916349809886,0.053231939163498096,0.36363636363636365,0.1130820399113082,3916,0.6839249233912156,0.5926966292134831,3.942543411644535,0.35686925434116457,1697,0.32892249527410206,0.17013232514177692,0.696763202725724,0.005110732538330494,57,0.7894736842105263,0.3508771929824561,7.245614035087719,0.32894736842105265,14.48,14.56,14.24,13.4,0,0,2
504,1205740881,4,15,13,15,12,2054,0.5487179487179488,0.06153846153846154,0.5712230215827339,0.09352517985611511,3646,0.517233497897239,0.588315962698848,4.12013165112452,0.3755942585481807,1500,0.3187855787476281,0.05313092979127135,0.36504424778761063,0.11283185840707964,3925,0.6836305732484076,0.5923566878980892,3.94343949044586,0.35700636942675174,1699,0.32892249527410206,0.17013232514177692,0.6964285714285714,0.00510204081632653,57,0.7894736842105263,0.3508771929824561,7.245614035087719,0.32894736842105265,14.5,14.54,14.3,13.38,2,0,3
505,1205740882,4,16,14,15,14,2059,0.5482456140350878,0.06140350877192982,0.569583931133429,0.09469153515064563,3652,0.5170682730923696,0.588170865279299,4.121303395399781,0.37559328221978827,1504,0.31882686849574265,0.052980132450331126,0.36423841059602646,0.11258278145695365,3931,0.6833078945136946,0.5927244975833121,3.942253879419995,0.3570338336301197,1704,0.330188679245283,0.16981132075471697,0.6966101694915254,0.005084745762711864,57,0.7894736842105263,0.3508771929824561,7.245614035087719,0.32894736842105265,14.48,14.52,14.32,13.42,2,1,2
506,1205740883,4,15,16,16,13,2060,0.547845142439737,0.061358655953250546,0.569583931133429,0.09469153515064563,3661,0.5177091869252483,0.5886369844304835,4.1199125921879265,0.37542110534462353,1507,0.3182247403210576,0.05288007554296506,0.3656387665198238,0.11233480176211454,3939,0.6834433443344334,0.5930439197765931,3.941609545569942,0.35681645087585695,1707,0.3314500941619586,0.1694915254237288,0.6954314720812182,0.005076142131979695,57,0.7894736842105263,0.3508771929824561,7.245614035087719,0.32894736842105265,14.48,14.52,14.38,13.44,-1,-1,2
507,1205740884,4,14,14,12,14,2063,0.5485047410649161,0.061269146608315096,0.5702005730659025,0.09455587392550144,3668,0.5176753907669939,0.5883315158124318,4.120229007633588,0.3753180661577608,1509,0.3179245283018868,0.052830188679245285,0.3648351648351648,0.11208791208791209,3950,0.6834388185654009,0.5931645569620253,3.9427848101265823,0.3568354430379748,1708,0.3314500941619586,0.1694915254237288,0.6956889264581573,0.00507185122569738,57,0.7894736842105263,0.3508771929824561,7.245614035087719,0.32894736842105265,14.5,14.5,14.3,13.46,0,2,0
508,1205740885,4,13,14,14,13,2065,0.5491624180626365,0.06117989803350328,0.5702005730659025,0.09455587392550144,3678,0.5176273336958493,0.588363240891789,4.1201740076128335,0.37511328620627155,1513,0.3173258003766478,0.05273069679849341,0.36323851203501095,0.11159737417943107,3959,0.6834006904100363,0.5928264713311442,3.9431674665319525,0.3567188684011115,1711,0.3308270676691729,0.16917293233082706,0.6962025316455697,0.005063291139240506,57,0.7894736842105263,0.3508771929824561,7.245614035087719,0.32894736842105265,14.48,14.5,14.3,13.44,-1,-1,0
509,1205740886,4,16,16,16,15,2068,0.5494186046511628,0.061046511627906974,0.5702005730659025,0.09455587392550144,3684,0.5177795874049947,0.5887622149837134,4.1194353963083605,0.37531668476293883,1517,0.3170731707317073,0.0525328330206379,0.36323851203501095,0.11159737417943107,3968,0.6833627352150538,0.5929939516129032,3.942288306451613,0.3567918346774195,1714,0.3308270676691729,0.16917293233082706,0.696969696969697,0.005050505050505051,57,0.7894736842105263,0.3508771929824561,7.245614035087719,0.32894736842105265,14.5,14.52,14.32,13.5,0,0,1
510,1205740887,4,12,13,13,12,2074,0.5485507246376812,0.06159420289855073,0.57,0.09571428571428571,3690,0.5185636856368565,0.5883468834688347,4.119512195121951,0.37511291779584466,1520,0.31835205992509363,0.052434456928838954,0.3624454148471616,0.11135371179039301,3973,0.6835095226109573,0.5932544676566827,3.9436194311603323,0.35667841261850836,1718,0.33146067415730335,0.16853932584269662,0.6957983193277311,0.005042016806722689,57,0.7894736842105263,0.3508771929824561,7.245614035087719,0.32894736842105265,14.46,14.46,14.28,13.4,-1,-1,0
511,1205740888,4,13,14,14,13,2077,0.5477568740955138,0.06150506512301013,0.5706134094151213,0.09557774607703282,3696,0.518939393939394,0.588474025974026,4.119318181818182,0.3751127344877345,1527,0.3202614379084967,0.05228758169934641,0.3593073593073593,0.11038961038961038,3981,0.6833500795445031,0.5933182617432806,3.942476764632002,0.3566524323871725,1722,0.3302238805970149,0.16791044776119404,0.6954697986577181,0.0050335570469798654,57,0.7894736842105263,0.3508771929824561,7.245614035087719,0.32894736842105265,14.46,14.44,14.28,13.42,-1,-1,0
512,1205740889,4,13,13,13,11,2083,0.5486661860129777,0.061283345349675555,0.5698005698005698,0.09544159544159544,3698,0.5189291508923743,0.5886965927528394,4.120605732828556,0.37504506940688664,1528,0.3208955223880597,0.05223880597014925,0.3593073593073593,0.11038961038961038,3992,0.6832206078824316,0.593687374749499,3.9436372745490984,0.3564838009352038,1728,0.3290203327171904,0.17005545286506468,0.6957250628667225,0.005029337803855826,57,0.7894736842105263,0.3508771929824561,7.245614035087719,0.32894736842105265,14.4,14.4,14.26,13.38,0,0,2
513,1205740890,4,14,13,13,14,2087,0.5478761699064075,0.061195104391648665,0.5710227272727273,0.09517045454545454,3704,0.5188534917206624,0.5888228941684666,4.120410367170626,0.37511249100071997,1531,0.3202979515828678,0.0521415270018622,0.36069114470842334,0.1101511879049676,3998,0.6833208270802068,0.5935467733866934,3.9429714857428713,0.35644905786226455,1734,0.3278084714548803,0.1694290976058932,0.695906432748538,0.005012531328320802,57,0.7894736842105263,0.3508771929824561,7.245614035087719,0.32894736842105265,14.4,14.4,14.24,13.42,1,1,0
514,1205740891,4,16,15,15,16,2088,0.5474820143884892,0.06115107913669065,0.5710227272727273,0.09517045454545454,3714,0.5192066056363311,0.5888529886914378,4.121163166397415,0.3750448752468139,1536,0.31910946196660483,0.05194805194805195,0.3620689655172414,0.10991379310344827,4004,0.6830877455877458,0.5936563436563437,3.9425574425574426,0.3566017316017317,1736,0.3272058823529412,0.16911764705882354,0.6953255425709516,0.005008347245409015,58,0.7931034482758621,0.3448275862068966,7.241379310344827,0.3275862068965517,14.46,14.46,14.28,13.46,1,1,0
515,1205740892,4,16,15,15,15,2089,0.5474820143884892,0.06115107913669065,0.5716312056737589,0.0950354609929078,3719,0.5190463386214933,0.5885990857757462,4.1207313794030656,0.375190463386215,1542,0.3209990749306198,0.05180388529139685,0.3640256959314775,0.10920770877944326,4012,0.6830965437022268,0.593469591226321,3.941924227318046,0.3569499833831839,1742,0.3266423357664234,0.16970802919708028,0.695,0.005,58,0.7931034482758621,0.3448275862068966,7.241379310344827,0.3275862068965517,14.46,14.46,14.3,13.48,1,1,1
516,1205740893,4,14,16,16,14,2096,0.5479942693409742,0.06160458452722063,0.5708215297450425,0.09490084985835694,3726,0.5191447486133477,0.5888352120236178,4.120504562533548,0.3751565575237073,1543,0.32070240295748614,0.051756007393715345,0.3640256959314775,0.10920770877944326,4019,0.6827361698598327,0.5936800199054492,3.9430206519034585,0.357074728373559,1746,0.3266423357664234,0.16970802919708028,0.6960132890365448,0.0049833887043189366,58,0.7931034482758621,0.3448275862068966,7.241379310344827,0.3275862068965517,14.44,14.46,14.34,13.48,-2,-2,0
517,1205740894,4,14,14,12,13,2099,0.5486409155937053,0.06151645207439199,0.5714285714285714,0.09476661951909476,3736,0.5184243397573163,0.5883297644539615,4.119646680942184,0.3750223054960743,1544,0.3204062788550323,0.05263157894736842,0.3640256959314775,0.10920770877944326,4029,0.6825308182344669,0.5934475055845123,3.943410275502606,0.3569330685860843,1747,0.3266423357664234,0.16970802919708028,0.6954356846473029,0.004979253112033195,58,0.7931034482758621,0.3448275862068966,7.241379310344827,0.3275862068965517,14.42,14.46,14.3,13.48,0,2,1
518,1205740895,4,11,14,13,14,2101,0.5489635453895639,0.061472480343102216,0.5720338983050848,0.09463276836158192,3741,0.5186224717098816,0.5886126704089816,4.12162523389468,0.3749888621580683,1546,0.31981566820276497,0.052534562211981564,0.3640256959314775,0.10920770877944326,4038,0.682247812448407,0.5938583457157008,3.946012877662209,0.3566947333663531,1748,0.3266423357664234,0.16970802919708028,0.6948590381426202,0.004975124378109453,58,0.7931034482758621,0.3448275862068966,7.241379310344827,0.3275862068965517,14.38,14.48,14.24,13.46,-3,-2,-3
519,1205740896,4,14,15,13,15,2104,0.5499286733238231,0.06134094151212553,0.5720338983050848,0.09463276836158192,3746,0.5191315180637125,0.5888948211425521,4.120928990923652,0.3751557216586582,1554,0.31776556776556775,0.0521978021978022,0.36538461538461536,0.10897435897435898,4045,0.6824268644416978,0.5935723114956737,3.9456118665018542,0.35675731355583035,1752,0.3266423357664234,0.16970802919708028,0.6933884297520662,0.0049586776859504135,58,0.7931034482758621,0.3448275862068966,7.241379310344827,0.3275862068965517,14.38,14.52,14.28,13.52,-1,1,-1
520,1205740897,4,15,15,16,13,2108,0.5498575498575499,0.06196581196581197,0.571830985915493,0.09577464788732394,3755,0.5192632046160676,0.5893475366178429,4.1201065246338215,0.37532179316466935,1557,0.3180987202925046,0.05301645338208409,0.3646055437100213,0.10874200426439233,4051,0.6824446638690037,0.5931868674401383,3.94544556899531,0.3567843330864808,1755,0.32545454545454544,0.1690909090909091,0.6928158546655656,0.00495458298926507,58,0.7931034482758621,0.3448275862068966,7.241379310344827,0.3275862068965517,14.38,14.54,14.32,13.5,0,-1,2
521,1205740898,4,14,16,16,12,2112,0.5497866287339972,0.061877667140825036,0.5716292134831461,0.09550561797752809,3763,0.5193108335547879,0.5891575870316237,4.118522455487643,0.37532110904420235,1560,0.3178082191780822,0.052968036529680365,0.3630573248407643,0.10828025477707007,4057,0.6825034919069922,0.5932955385753019,3.9477446388957356,0.3567496508093009,1760,0.3242753623188406,0.16847826086956522,0.6927512355848435,0.004942339373970346,59,0.788135593220339,0.3559322033898305,7.237288135593221,0.3305084745762712,14.34,14.52,14.3,13.48,-2,-2,2
522,1205740899,4,14,15,15,13,2115,0.5497159090909091,0.06178977272727273,0.5722300140252454,0.09537166900420757,3772,0.5187345351714387,0.5890774125132555,4.117974549310711,0.3753313891834571,1561,0.3178082191780822,0.052968036529680365,0.3622881355932203,0.11016949152542373,4065,0.6826363263632638,0.5936039360393603,3.948831488314883,0.35666256662566637,1765,0.32368896925858953,0.16817359855334538,0.6921182266009852,0.0049261083743842365,59,0.788135593220339,0.3559322033898305,7.237288135593221,0.3305084745762712,14.32,14.54,14.32,13.5,-1,-1,1
523,1205740900,4,15,14,12,13,2119,0.549645390070922,0.06170212765957447,0.5720279720279721,0.0951048951048951,3779,0.5193172797036254,0.5893093410955279,4.116962159301402,0.3752976978036518,1566,0.3166515013648772,0.05368516833484986,0.36152219873150104,0.11205073995771671,4070,0.6827805077805079,0.5933660933660934,3.948894348894349,0.35665438165438174,1771,0.32368896925858953,0.16817359855334538,0.6919934640522876,0.004901960784313725,59,0.788135593220339,0.3559322033898305,7.237288135593221,0.3305084745762712,14.34,14.52,14.28,13.48,1,3,2
524,1205740901,4,16,14,15,15,2127,0.5498233215547703,0.06148409893992933,0.5710306406685237,0.0947075208913649,3785,0.5196829590488772,0.5894319682959049,4.1165125495376484,0.37529722589167774,1567,0.31636363636363635,0.053636363636363635,0.36152219873150104,0.11205073995771671,4076,0.6824705593719335,0.5932286555446517,3.949214916584887,0.3567427216225058,1776,0.3261261261261261,0.16756756756756758,0.6911165444172779,0.004889975550122249,59,0.788135593220339,0.3559322033898305,7.237288135593221,0.3305084745762712,14.36,14.48,14.28,13.5,2,1,1
525,1205740902,4,14,15,14,14,2130,0.5493653032440057,0.0613540197461213,0.5710306406685237,0.0947075208913649,3793,0.5196414447666755,0.5892433430002636,4.115475876614817,0.3752306881096758,1567,0.31636363636363635,0.053636363636363635,0.36152219873150104,0.11205073995771671,4085,0.6823133414932683,0.5938800489596083,3.948347613219094,0.3565687474500205,1780,0.3261261261261261,0.16756756756756758,0.6913078797725426,0.00487408610885459,59,0.788135593220339,0.3559322033898305,7.237288135593221,0.3305084745762712,14.34,14.54,14.3,13.54,-1,0,0
526,1205740903,4,16,14,15,13,2134,0.5496129486277269,0.061224489795918366,0.5716272600834492,0.09457579972183588,3799,0.5193471966306924,0.5893656225322453,4.11503027112398,0.37516451697815223,1572,0.31521739130434784,0.05344202898550725,0.36075949367088606,0.11181434599156118,4094,0.6822789447972645,0.5937957987298486,3.9477283829995113,0.35651766813222613,1782,0.3261261261261261,0.16756756756756758,0.6918085969180859,0.004866180048661801,59,0.788135593220339,0.3559322033898305,7.237288135593221,0.3305084745762712,14.4,14.48,14.32,13.54,2,1,3
527,1205740904,4,16,14,14,16,2138,0.5487719298245614,0.061754385964912284,0.5716272600834492,0.09457579972183588,3803,0.5190638969234815,0.5897975282671575,4.11543518275046,0.3750328687877992,1574,0.31493212669683257,0.05339366515837104,0.36210526315789476,0.11157894736842106,4104,0.6817129629629631,0.5938109161793372,3.9476120857699804,0.356501786874594,1785,0.3255395683453237,0.16906474820143885,0.6923076923076923,0.004858299595141701,59,0.788135593220339,0.3559322033898305,7.237288135593221,0.3305084745762712,14.46,14.46,14.32,13.56,2,2,0
528,1205740905,4,13,13,13,13,2143,0.5482517482517483,0.06153846153846154,0.5716272600834492,0.09457579972183588,3811,0.51928627656783,0.5896090265022303,4.11571765940698,0.3750327997900814,1575,0.31493212669683257,0.05339366515837104,0.36134453781512604,0.1134453781512605,4112,0.6816431582360573,0.5946011673151751,3.947227626459144,0.3565377756160831,1789,0.32437275985663083,0.16845878136200718,0.692805173807599,0.004850444624090542,59,0.788135593220339,0.3559322033898305,7.237288135593221,0.3305084745762712,14.42,14.42,14.28,13.54,0,0,0
529,1205740906,4,14,14,13,14,2148,0.5484996510816469,0.062107466852756456,0.5728155339805825,0.09431345353675451,3817,0.5195179460309144,0.5894681687188892,4.1157977469216664,0.3749017553052136,1576,0.31464737793851716,0.05334538878842676,0.36134453781512604,0.1134453781512605,4122,0.6819302927381532,0.5946142649199417,3.945900048520136,0.3564006145883876,1793,0.32558139534883723,0.16815742397137745,0.6935483870967742,0.004838709677419355,59,0.788135593220339,0.3559322033898305,7.237288135593221,0.3305084745762712,14.46,14.36,14.26,13.56,0,1,0
530,1205740907,4,12,14,16,14,2152,0.5487465181058496,0.06197771587743733,0.5720221606648199,0.09556786703601108,3827,0.5196411462416166,0.5892343872484975,4.114188659524432,0.3747713613796708,1579,0.31498194945848373,0.05415162454873646,0.36058700209643607,0.11530398322851153,4129,0.6820255106159685,0.5945749576168564,3.9464761443448775,0.35652296762735136,1796,0.325,0.16964285714285715,0.6924315619967794,0.004830917874396135,59,0.788135593220339,0.3559322033898305,7.237288135593221,0.3305084745762712,14.4,14.38,14.26,13.58,-2,-4,-2
531,1205740908,4,15,16,15,11,2156,0.5486787204450626,0.061891515994436715,0.5732044198895028,0.09530386740331492,3833,0.5192190625271763,0.5890947038872946,4.113227237151056,0.3750326115314376,1579,0.31498194945848373,0.05415162454873646,0.36058700209643607,0.11530398322851153,4137,0.6822778180646203,0.5948755136572396,3.94585448392555,0.35645798082346314,1804,0.3262411347517731,0.16843971631205673,0.6926163723916533,0.004815409309791332,59,0.788135593220339,0.3559322033898305,7.237288135593221,0.3305084745762712,14.38,14.4,14.28,13.52,-1,0,4
532,1205740909,4,15,16,15,15,2161,0.5471567267683772,0.06171983356449376,0.5737931034482758,0.09517241379310344,3838,0.5194545770366511,0.5891089108910891,4.114121938509641,0.3753256904637833,1586,0.31536388140161725,0.05390835579514825,0.35908141962421714,0.11691022964509394,4145,0.6819260152794533,0.594692400482509,3.9462002412545236,0.3564937675914758,1806,0.3256637168141593,0.168141592920354,0.6920609462710505,0.0048115477145148355,59,0.788135593220339,0.3559322033898305,7.237288135593221,0.3305084745762712,14.42,14.46,14.32,13.58,-1,0,0
533,1205740910,4,15,15,12,13,2165,0.5474048442906574,0.061591695501730104,0.5743801652892562,0.09504132231404959,3847,0.5191491205268175,0.5887704704964908,4.113595009097998,0.37535742136729927,1588,0.31508078994614,0.05385996409335727,0.36041666666666666,0.11666666666666667,4154,0.681852832611138,0.5943668753009148,3.9463168030813676,0.35650377146525447,1808,0.3256637168141593,0.168141592920354,0.6917534027221778,0.004803843074459567,59,0.788135593220339,0.3559322033898305,7.237288135593221,0.3305084745762712,14.4,14.48,14.3,13.6,0,3,2
534,1205740911,4,15,16,11,15,2168,0.5473393227366966,0.061506565307532825,0.5735900962861072,0.09491059147180192,3854,0.5191143400795711,0.5892579138557343,4.114945511157239,0.37532433834976653,1591,0.3154121863799283,0.053763440860215055,0.3596673596673597,0.11850311850311851,4161,0.6818272851077468,0.5940879596250901,3.9456861331410717,0.3566850917247457,1813,0.32451499118165783,0.1693121693121693,0.6908945686900958,0.004792332268370607,59,0.788135593220339,0.3559322033898305,7.237288135593221,0.3305084745762712,14.42,14.48,14.2,13.62,-1,4,0
535,1205740912,4,13,15,15,13,2169,0.5476519337016574,0.06146408839779006,0.5735900962861072,0.09491059147180192,3864,0.518288474810214,0.5890269151138716,4.114130434782608,0.3751293995859214,1594,0.3148479427549195,0.05366726296958855,0.35892116182572614,0.12033195020746888,4171,0.6819507711979544,0.5943418844401822,3.9460561016542797,0.3568688563893551,1814,0.32451499118165783,0.1693121693121693,0.690343176376696,0.004788507581803671,59,0.788135593220339,0.3559322033898305,7.237288135593221,0.3305084745762712,14.4,14.48,14.24,13.6,-2,-2,0
536,1205740913,4,14,15,14,13,2171,0.5475862068965517,0.06137931034482759,0.5735900962861072,0.09491059147180192,3874,0.518757528824643,0.5887971089313371,4.115126484254001,0.37519359834796084,1598,0.3154602323503128,0.05361930294906166,0.36082474226804123,0.11958762886597939,4178,0.6820049465453968,0.5947821924365725,3.94590713259933,0.3567097494814106,1818,0.3251318101933216,0.1687170474516696,0.6892430278884463,0.004780876494023904,59,0.788135593220339,0.3559322033898305,7.237288135593221,0.3305084745762712,14.38,14.48,14.22,13.6,-1,0,1
537,1205740914,4,13,14,15,14,2175,0.5464556090846524,0.06194081211286993,0.5728021978021978,0.09615384615384616,3883,0.5192720405184995,0.5887200618078805,4.1158897759464335,0.37522534123100704,1599,0.31607142857142856,0.05357142857142857,0.36082474226804123,0.11958762886597939,4187,0.6819719767534435,0.5942202053976594,3.9450680678289944,0.35661969588408565,1823,0.3257443082311734,0.1681260945709282,0.6891891891891891,0.0047694753577106515,59,0.788135593220339,0.3559322033898305,7.237288135593221,0.3305084745762712,14.34,14.46,14.24,13.56,-1,-2,-1
538,1205740915,4,14,15,14,13,2181,0.5460164835164835,0.061813186813186816,0.573187414500684,0.09575923392612859,3889,0.5191137396074399,0.588326047827205,4.115968115196709,0.3753535613268193,1602,0.3155080213903743,0.053475935828877004,0.360082304526749,0.12139917695473251,4194,0.6818669527896999,0.5941821649976157,3.943729136862184,0.35673978699729775,1826,0.32517482517482516,0.16783216783216784,0.6888888888888889,0.004761904761904762,59,0.788135593220339,0.3559322033898305,7.237288135593221,0.3305084745762712,14.34,14.48,14.22,13.54,-1,0,1
539,1205740916,4,16,16,14,12,2181,0.5460164835164835,0.061813186813186816,0.573187414500684,0.09575923392612859,3895,0.5187847667950365,0.5881899871630295,4.1145057766367135,0.37548138639281137,1604,0.31494661921708184,0.054270462633451956,0.360082304526749,0.12139917695473251,4203,0.681239590768499,0.5948132286462051,3.9426600047585056,0.3570465540486954,1833,0.3269565217391304,0.16695652173913045,0.689873417721519,0.004746835443037975,59,0.788135593220339,0.3559322033898305,7.237288135593221,0.3305084745762712,14.34,14.48,14.22,13.48,0,2,4
540,1205740917,4,15,16,15,15,2187,0.5452054794520548,0.06164383561643835,0.572987721691678,0.09549795361527967,3906,0.5188598736985834,0.5878136200716846,4.1149513568868405,0.37551203277009737,1605,0.31466666666666665,0.05422222222222222,0.360082304526749,0.12139917695473251,4210,0.6809382422802853,0.5950118764845606,3.9422802850356296,0.35708630245447354,1835,0.3269565217391304,0.16695652173913045,0.6895734597156398,0.004739336492890996,59,0.788135593220339,0.3559322033898305,7.237288135593221,0.3305084745762712,14.36,14.5,14.24,13.5,-1,0,0
541,1205740918,4,16,16,15,13,2191,0.5454545454545454,0.06151742993848257,0.5735694822888283,0.09536784741144415,3914,0.5186935786067111,0.5881451200817578,4.114460909555442,0.3753193663771079,1608,0.3149955634427684,0.05412599822537711,0.3593429158110883,0.12114989733059549,4217,0.6808750296419258,0.5954470002371354,3.94379890917714,0.35696782863014787,1838,0.32582322357019067,0.1663778162911612,0.6890292028413575,0.004735595895816891,59,0.788135593220339,0.3559322033898305,7.237288135593221,0.3305084745762712,14.38,14.52,14.28,13.52,0,1,3
542,1205740919,4,13,13,15,15,2195,0.5460750853242321,0.06143344709897611,0.5720108695652174,0.09510869565217392,3924,0.5185185185185186,0.5879204892966361,4.114424057084608,0.375191131498471,1609,0.3149955634427684,0.05412599822537711,0.35860655737704916,0.12295081967213115,4227,0.6809202744263074,0.5956943458717767,3.94203927135084,0.35695134453118843,1841,0.32698961937716264,0.16608996539792387,0.6895193065405831,0.004728132387706856,59,0.788135593220339,0.3559322033898305,7.237288135593221,0.3305084745762712,14.34,14.46,14.26,13.54,0,-2,-2
543,1205740920,4,15,17,13,14,2196,0.5463847203274216,0.061391541609822645,0.5720108695652174,0.09510869565217392,3933,0.518857530299178,0.5888634630053394,4.112890922959573,0.3749046529366896,1613,0.3141592920353982,0.05398230088495575,0.35787321063394684,0.12269938650306748,4236,0.6808899905571297,0.5956090651558074,3.941926345609065,0.3569011646207114,1843,0.32642487046632124,0.16753022452504318,0.6897637795275591,0.004724409448818898,59,0.788135593220339,0.3559322033898305,7.237288135593221,0.3305084745762712,14.34,14.5,14.22,13.6,-2,2,1
544,1205740921,4,11,15,13,14,2199,0.5466303607896529,0.06126616746085772,0.5720108695652174,0.09510869565217392,3943,0.5185138219629725,0.5893989348212021,4.11159015977682,0.3749048947501903,1621,0.31277533039647576,0.05462555066079295,0.35772357723577236,0.12398373983739837,4242,0.6807912934150561,0.5954738330975955,3.942244224422442,0.356926764104982,1847,0.3247422680412371,0.16666666666666666,0.6900078678206137,0.004720692368214005,59,0.788135593220339,0.3559322033898305,7.237288135593221,0.3305084745762712,14.24,14.52,14.24,13.6,-4,-2,-3
545,1205740922,4,15,15,14,15,2201,0.5458871515975526,0.061862678450033994,0.5720108695652174,0.09510869565217392,3949,0.5180425424158015,0.5895163332489238,4.111420612813371,0.3750316535831857,1624,0.31370826010544817,0.054481546572934976,0.35772357723577236,0.12398373983739837,4250,0.6807254901960786,0.5955294117647059,3.941411764705882,0.3569607843137255,1853,0.3253424657534247,0.1660958904109589,0.6909803921568628,0.004705882352941176,59,0.788135593220339,0.3559322033898305,7.237288135593221,0.3305084745762712,14.26,14.58,14.24,13.66,0,1,0
546,1205740923,4,13,13,14,10,2204,0.5461329715061058,0.06173677069199457,0.5720108695652174,0.09510869565217392,3956,0.5182633973710818,0.589989888776542,4.110970677451972,0.37512639029322553,1631,0.3132108486439195,0.0542432195975503,0.3582995951417004,0.12550607287449392,4256,0.6801182644110279,0.5953947368421053,3.9421992481203008,0.35698621553884713,1854,0.3247863247863248,0.1658119658119658,0.6909803921568628,0.004705882352941176,60,0.775,0.35,7.233333333333333,0.32916666666666666,14.26,14.58,14.24,13.62,0,-1,3
547,1205740924,4,15,16,14,15,2208,0.5463777928232905,0.061611374407582936,0.5725915875169606,0.09497964721845319,3961,0.5181141125978288,0.5897500631153749,4.11007321383489,0.37509467306235805,1634,0.31239092495637,0.05410122164048865,0.3582995951417004,0.12550607287449392,4266,0.6798132520706363,0.5956399437412095,3.9416315049226442,0.35691123613064546,1857,0.32367972742759793,0.16695059625212946,0.6904388714733543,0.004702194357366771,60,0.775,0.35,7.233333333333333,0.32916666666666666,14.28,14.66,14.26,13.64,-1,1,0
548,1205740925,4,15,15,12,12,2213,0.5459459459459459,0.06148648648648649,0.5723951285520974,0.09607577807848444,3968,0.5180821572580645,0.5899697580645161,4.109879032258065,0.374936995967742,1635,0.3121185701830863,0.05405405405405406,0.3582995951417004,0.12550607287449392,4278,0.6798932522985821,0.5953716690042076,3.94039270687237,0.3568645784634565,1859,0.32367972742759793,0.16695059625212946,0.6901408450704225,0.004694835680751174,60,0.775,0.35,7.233333333333333,0.32916666666666666,14.32,14.64,14.18,13.56,0,3,3
549,1205740926,4,17,15,16,14,2219,0.5451482479784366,0.06132075471698113,0.573549257759784,0.09581646423751687,3978,0.5181623931623932,0.5899949723479135,4.108848667672197,0.3748114630467572,1637,0.3133159268929504,0.053959965187119235,0.3582995951417004,0.12550607287449392,4281,0.6798839834929536,0.5956552207428171,3.93996729736043,0.3568480884528537,1863,0.32482993197278914,0.16666666666666666,0.6900858704137393,0.00468384074941452,60,0.775,0.35,7.233333333333333,0.32916666666666666,14.4,14.64,14.22,13.6,2,1,3
550,1205740927,4,15,12,14,13,2223,0.5454545454545454,0.06127946127946128,0.5725806451612904,0.0967741935483871,3987,0.5183722096814648,0.5896664158515175,4.109104589917231,0.3746551291698019,1640,0.31364031277150306,0.05473501303214596,0.3595959595959596,0.12525252525252525,4288,0.6798235385572142,0.5956156716417911,3.939832089552239,0.3568097014925373,1867,0.32482993197278914,0.16666666666666666,0.6910505836575875,0.004669260700389105,60,0.775,0.35,7.233333333333333,0.32916666666666666,14.4,14.64,14.2,13.54,3,1,2
551,1205740928,4,15,15,13,12,2225,0.5457604306864065,0.06123822341857335,0.5731543624161074,0.09664429530201342,3994,0.5180479051911201,0.5888833249874812,4.109914872308463,0.37474962443665505,1641,0.31364031277150306,0.05473501303214596,0.3588709677419355,0.12701612903225806,4299,0.6800612545553232,0.5957199348685741,3.9430100023261225,0.3568271691090951,1871,0.32597623089983024,0.166383701188455,0.6909937888198758,0.004658385093167702,60,0.775,0.35,7.233333333333333,0.32916666666666666,14.4,14.64,14.16,13.54,0,2,3
552,1205740929,4,16,16,15,14,2230,0.5456375838926174,0.0610738255033557,0.5737265415549598,0.09651474530831099,4003,0.5175077025564161,0.5890582063452411,4.10891831126655,0.3747814139395454,1643,0.3133680555555556,0.0546875,0.36016096579476864,0.1267605633802817,4306,0.6801168911596225,0.5954482117974919,3.943334881560613,0.3568276823037622,1874,0.32597623089983024,0.166383701188455,0.6909372579395817,0.004647560030983733,60,0.775,0.35,7.233333333333333,0.32916666666666666,14.42,14.68,14.14,13.52,0,1,2
553,1205740930,4,15,13,15,15,2235,0.5455153949129853,0.06157965194109773,0.5742971887550201,0.0963855421686747,4010,0.5173524522028263,0.5890274314214464,4.10997506234414,0.3747506234413966,1646,0.31369150779896016,0.05459272097053726,0.3614457831325301,0.12650602409638553,4313,0.6800950614421518,0.5956410850915835,3.9429631347090193,0.3569441224205889,1878,0.3248730964467005,0.1658206429780034,0.6906419180201083,0.004640371229698376,61,0.7786885245901639,0.3442622950819672,7.229508196721311,0.32786885245901637,14.42,14.64,14.14,13.56,2,0,0
554,1205740931,4,17,14,14,14,2239,0.5461229946524064,0.06149732620320856,0.5740987983978638,0.09612817089452604,4019,0.5176868209338974,0.5892012938541926,4.11072406071162,0.37465787509330684,1649,0.3140138408304498,0.054498269896193774,0.3627254509018036,0.12625250501002003,4320,0.6799189814814817,0.5958333333333333,3.9430555555555555,0.35711805555555554,1880,0.3248730964467005,0.1658206429780034,0.6911196911196911,0.004633204633204633,61,0.7786885245901639,0.3442622950819672,7.229508196721311,0.32786885245901637,14.46,14.66,14.12,13.6,3,3,3
555,1205740932,4,13,13,16,12,2244,0.5463024650233178,0.061958694203864094,0.5740987983978638,0.09612817089452604,4027,0.5177758463703336,0.5890240874099826,4.1110007449714425,0.3745343928482742,1650,0.3146067415730337,0.05445116681071737,0.3627254509018036,0.12625250501002003,4330,0.6795034642032335,0.5963048498845266,3.9427251732101616,0.35706312548113933,1884,0.32432432432432434,0.16722972972972974,0.6910631741140215,0.004622496147919877,61,0.7786885245901639,0.3442622950819672,7.229508196721311,0.32786885245901637,14.4,14.64,14.14,13.56,0,-3,1
556,1205740933,4,16,13,13,12,2248,0.5465425531914894,0.061835106382978726,0.5746666666666667,0.096,4034,0.5177863163113535,0.5889935547843331,4.110312345066931,0.37456618740704023,1652,0.31406384814495253,0.055220017256255395,0.3627254509018036,0.12625250501002003,4340,0.6797811059907837,0.5965437788018433,3.9417050691244238,0.3570468509984639,1885,0.32432432432432434,0.16722972972972974,0.6913010007698229,0.004618937644341801,61,0.7786885245901639,0.3442622950819672,7.229508196721311,0.32786885245901637,14.42,14.58,14.08,13.54,3,3,4
557,1205740934,4,14,15,13,12,2252,0.5464190981432361,0.0623342175066313,0.5746666666666667,0.096,4042,0.5175037110341415,0.5895596239485403,4.11306284017813,0.3747319808675574,1655,0.3152454780361757,0.05512489233419466,0.362,0.126,4350,0.6800957854406132,0.5963218390804598,3.945287356321839,0.35703065134099615,1887,0.32432432432432434,0.16722972972972974,0.6917755572636434,0.004611837048424289,61,0.7786885245901639,0.3442622950819672,7.229508196721311,0.32786885245901637,14.42,14.6,14.1,13.5,-1,1,2
558,1205740935,4,14,14,15,13,2254,0.5460569913850232,0.062292909211398274,0.5752330226364847,0.09587217043941411,4054,0.5175752343364578,0.5888011840157868,4.112728169708929,0.37448610425916795,1659,0.31497418244406195,0.055077452667814115,0.3658051689860835,0.12524850894632206,4358,0.6798416704910512,0.5959155575952272,3.9449288664525013,0.3571783692825455,1888,0.32432432432432434,0.16722972972972974,0.6920122887864824,0.004608294930875576,61,0.7786885245901639,0.3442622950819672,7.229508196721311,0.32786885245901637,14.44,14.6,14.12,13.5,0,-1,1
559,1205740936,4,13,13,13,13,2260,0.546957671957672,0.062169312169312166,0.5729442970822282,0.09549071618037135,4059,0.5169376693766937,0.5883222468588323,4.11160384331116,0.3745175330541185,1663,0.3161512027491409,0.054982817869415807,0.36633663366336633,0.12673267326732673,4364,0.6800527039413384,0.5957836846929423,3.945921173235564,0.3570310113046135,1892,0.32432432432432434,0.16722972972972974,0.6929555895865237,0.004594180704441042,61,0.7786885245901639,0.3442622950819672,7.229508196721311,0.32786885245901637,14.38,14.54,14.06,13.46,0,0,0
560,1205740937,4,15,14,15,13,2263,0.5462351387054161,0.062087186261558784,0.5735099337748344,0.09536423841059603,4067,0.5169043521022867,0.5886402753872634,4.1116301942463735,0.3745184820916319,1667,0.3161953727506427,0.054841473864610114,0.36561264822134387,0.12648221343873517,4372,0.6798757243061911,0.595608417200366,3.9453339432753887,0.3571210734980177,1894,0.32432432432432434,0.16722972972972974,0.6934250764525994,0.0045871559633027525,61,0.7786885245901639,0.3442622950819672,7.229508196721311,0.32786885245901637,14.44,14.56,14.1,13.48,1,0,2
561,1205740938,4,15,16,13,12,2265,0.5465346534653466,0.062046204620462043,0.5727513227513228,0.09523809523809523,4076,0.5167443572129539,0.588567222767419,4.1116290480863595,0.37455021262675836,1670,0.31565440547476475,0.055603079555175364,0.3668639053254438,0.126232741617357,4383,0.6802608563388853,0.5957107004334931,3.945471138489619,0.3572134763099855,1895,0.32377740303541314,0.16694772344013492,0.6934250764525994,0.0045871559633027525,61,0.7786885245901639,0.3442622950819672,7.229508196721311,0.32786885245901637,14.48,14.6,14.08,13.46,-1,2,3
562,1205740939,4,16,14,14,13,2270,0.5457537853851218,0.06188281764318631,0.5733157199471598,0.095112285336856,4086,0.5168665361396638,0.588595203132648,4.113069016152717,0.3746736824930658,1672,0.31682322801024765,0.05550811272416738,0.3668639053254438,0.126232741617357,4390,0.6803151100987094,0.5958997722095672,3.9451025056947606,0.3571943811693242,1898,0.32377740303541314,0.16694772344013492,0.6933638443935927,0.004576659038901602,61,0.7786885245901639,0.3442622950819672,7.229508196721311,0.32786885245901637,14.54,14.62,14.1,13.5,2,2,3
563,1205740940,4,12,14,16,12,2276,0.5456336178594878,0.061720288903479976,0.5718050065876152,0.09617918313570488,4094,0.5168335775932258,0.587933561309233,4.112115290669272,0.374796450089562,1676,0.31628303495311166,0.05541346973572037,0.3693516699410609,0.12573673870333987,4395,0.6804512703830112,0.5959044368600682,3.9447098976109216,0.3572430792567311,1903,0.32377740303541314,0.16694772344013492,0.6922492401215805,0.004559270516717325,61,0.7786885245901639,0.3442622950819672,7.229508196721311,0.32786885245901637,14.5,14.64,14.16,13.46,-2,-4,0
564,1205740941,4,15,15,14,16,2282,0.5455140798952194,0.06221349050425671,0.5703022339027596,0.09592641261498029,4100,0.5167479674796748,0.5882926829268292,4.111219512195122,0.37497967479674804,1681,0.3149405772495755,0.05602716468590832,0.3693516699410609,0.12573673870333987,4402,0.6806943813418146,0.5956383462062699,3.944343480236256,0.35729971225200663,1905,0.32377740303541314,0.16694772344013492,0.6919575113808801,0.004552352048558422,61,0.7786885245901639,0.3442622950819672,7.229508196721311,0.32786885245901637,14.48,14.64,14.14,13.46,0,1,-1
565,1205740942,4,15,14,14,15,2285,0.5454545454545454,0.06213211249182472,0.5708661417322834,0.09580052493438321,4110,0.5168288726682887,0.5878345498783455,4.111435523114356,0.37510137875101385,1686,0.31583403895004236,0.0558848433530906,0.3679060665362035,0.12524461839530332,4407,0.6803759171015811,0.5954163830270025,3.9446335375538917,0.3572347023674457,1906,0.32377740303541314,0.16694772344013492,0.6914329037149356,0.004548900682335102,63,0.7857142857142857,0.3492063492063492,7.222222222222222,0.3253968253968254,14.46,14.62,14.12,13.46,1,1,0
566,1205740943,4,17,16,15,13,2293,0.545632333767927,0.06192959582790091,0.5699346405228758,0.09673202614379085,4114,0.517055582563604,0.5877491492464755,4.11181332036947,0.37510128018149413,1689,0.3155668358714044,0.05583756345177665,0.37037037037037035,0.12475633528265107,4415,0.6805020762551909,0.5954699886749717,3.9451868629671574,0.35715364288410717,1907,0.32377740303541314,0.16694772344013492,0.6916666666666667,0.004545454545454545,63,0.7857142857142857,0.3492063492063492,7.222222222222222,0.3253968253968254,14.52,14.62,14.1,13.44,1,2,4
567,1205740944,4,14,15,15,13,2296,0.5445673389720235,0.06180871828236825,0.5699346405228758,0.09673202614379085,4122,0.517265081675562,0.5875788452207666,4.111353711790393,0.3750404334465471,1692,0.31503378378378377,0.056587837837837836,0.3715953307392996,0.1245136186770428,4423,0.6804770517748138,0.5962016730725752,3.9441555505313137,0.35726128570351945,1911,0.32323232323232326,0.16666666666666666,0.6923658352229781,0.0045351473922902496,63,0.7857142857142857,0.3492063492063492,7.222222222222222,0.3253968253968254,14.52,14.64,14.16,13.44,-1,-1,1
568,1205740945,4,15,13,12,12,2300,0.5448634590377113,0.06176853055916775,0.5677083333333334,0.09635416666666667,4125,0.5171313131313131,0.5876363636363636,4.111272727272727,0.37501010101010107,1696,0.31476793248945145,0.056540084388185655,0.3713733075435203,0.12379110251450677,4430,0.6802294958615503,0.5961625282167042,3.9442437923250564,0.35748683220466515,1914,0.3243697478991597,0.16638655462184873,0.6928301886792453,0.004528301886792453,65,0.7923076923076923,0.3384615384615385,7.230769230769231,0.3269230769230769,14.6,14.62,14.14,13.4,2,3,3
569,1205740946,4,16,16,15,14,2300,0.5448634590377113,0.06176853055916775,0.5677083333333334,0.09635416666666667,4135,0.5169689641273679,0.5874244256348247,4.113180169286578,0.37501007658202345,1698,0.31534569983136596,0.05649241146711636,0.37258687258687256,0.12355212355212356,4441,0.6803460181640775,0.5960369286196803,3.9446070704796217,0.3575583577272386,1914,0.3243697478991597,0.16638655462184873,0.6928301886792453,0.004528301886792453,65,0.7923076923076923,0.3384615384615385,7.230769230769231,0.3269230769230769,14.64,14.64,14.18,13.38,0,1,2
570,1205740947,4,16,13,15,15,2303,0.5454545454545454,0.06168831168831169,0.5682704811443433,0.09622886866059818,4140,0.5168276972624798,0.58743961352657,4.11328502415459,0.3752214170692432,1700,0.3159224936815501,0.05644481887110362,0.371868978805395,0.1233140655105973,4449,0.6806211133588075,0.5958642391548663,3.945380984490897,0.35775829774481155,1921,0.32441471571906355,0.16722408026755853,0.6922498118886381,0.004514672686230248,65,0.7923076923076923,0.3384615384615385,7.230769230769231,0.3269230769230769,14.66,14.6,14.16,13.42,3,1,1
571,1205740948,4,14,14,13,14,2306,0.5456902138690862,0.06156837329876863,0.5682704811443433,0.09622886866059818,4148,0.5168354226936676,0.5882352941176471,4.112825458052074,0.37516072002571527,1704,0.3148614609571788,0.056255247691015954,0.371868978805395,0.1233140655105973,4456,0.6803373728306406,0.5962746858168761,3.944569120287253,0.35775733093955714,1925,0.32387312186978295,0.1669449081803005,0.6921921921921922,0.0045045045045045045,65,0.7923076923076923,0.3384615384615385,7.230769230769231,0.3269230769230769,14.66,14.56,14.1,13.46,0,1,0
572,1205740949,4,15,13,14,13,2309,0.5459249676584734,0.06144890038809832,0.5682704811443433,0.09622886866059818,4158,0.5166746833413499,0.588023088023088,4.113275613275613,0.37510020843354186,1708,0.3160100586756077,0.056160938809723386,0.3704414587332054,0.12476007677543186,4464,0.6804622162485068,0.5967741935483871,3.9439964157706093,0.3579562425328554,1926,0.32387312186978295,0.1669449081803005,0.6916729182295573,0.00450112528132033,65,0.7923076923076923,0.3384615384615385,7.230769230769231,0.3269230769230769,14.68,14.52,14.08,13.46,2,1,2
573,1205740950,4,14,15,16,14,2314,0.5455132343447385,0.06197546804389929,0.5680933852140078,0.09727626459143969,4166,0.516882701232197,0.5880940950552088,4.1128180508881425,0.37504000640102425,1714,0.3157894736842105,0.055973266499582286,0.37093690248565964,0.124282982791587,4468,0.6804125634139065,0.5971351835273053,3.943151298119964,0.357915547597732,1930,0.3227953410981697,0.16638935108153077,0.6921348314606741,0.0044943820224719105,65,0.7923076923076923,0.3384615384615385,7.230769230769231,0.3269230769230769,14.66,14.54,14.16,13.48,-1,-2,0
574,1205740951,4,14,15,14,15,2318,0.5444587628865979,0.061855670103092786,0.5686528497409327,0.09715025906735751,4173,0.5166147455867082,0.5880661394680087,4.114066618739516,0.375009984823069,1718,0.31552587646076796,0.055926544240400666,0.37072243346007605,0.12357414448669202,4477,0.6801615665252031,0.597051597051597,3.9425954880500336,0.35797781252326705,1933,0.3239202657807309,0.16611295681063123,0.6918474195961107,0.004487658937920718,65,0.7923076923076923,0.3384615384615385,7.230769230769231,0.3269230769230769,14.62,14.56,14.14,13.48,-1,0,-1
575,1205740952,4,15,15,16,14,2323,0.5444015444015444,0.06177606177606178,0.5690322580645162,0.09806451612903226,4181,0.5169417204815434,0.5878976321454198,4.113848361635973,0.37512955433309425,1721,0.31526271893244373,0.05587989991659716,0.3693181818181818,0.12310606060606061,4486,0.6803574082330215,0.596745430227374,3.942264823896567,0.35787264080844106,1934,0.3239202657807309,0.16611295681063123,0.6913303437967115,0.004484304932735426,65,0.7923076923076923,0.3384615384615385,7.230769230769231,0.3269230769230769,14.64,14.56,14.18,13.48,0,-1,1
576,1205740953,4,15,14,12,10,2325,0.5440514469453376,0.06173633440514469,0.5695876288659794,0.0979381443298969,4188,0.5172715695638331,0.58810888252149,4.114135625596943,0.37509949060808667,1726,0.31587697423108896,0.05569409808811305,0.3686200378071834,0.12287334593572778,4495,0.6801075268817207,0.5966629588431591,3.9417130144605115,0.35782350760103815,1939,0.3239202657807309,0.16611295681063123,0.6909903201787044,0.004467609828741623,65,0.7923076923076923,0.3384615384615385,7.230769230769231,0.3269230769230769,14.62,14.56,14.12,13.42,1,3,5
577,1205740954,4,17,14,14,13,2330,0.5449293966623877,0.06161745827984596,0.5681233933161953,0.09897172236503857,4193,0.5174894665712695,0.5878845695206296,4.113999523014548,0.37506956037840855,1729,0.31618257261410787,0.05560165975103734,0.36981132075471695,0.12264150943396226,4502,0.6797719532059827,0.5964015992892048,3.9415815193247448,0.35787798015696726,1943,0.3250414593698176,0.16583747927031509,0.6909361069836553,0.004457652303120356,65,0.7923076923076923,0.3384615384615385,7.230769230769231,0.3269230769230769,14.64,14.56,14.12,13.36,3,3,4
578,1205740955,4,15,16,16,13,2334,0.5454545454545454,0.06145966709346991,0.5681233933161953,0.09897172236503857,4200,0.5168650793650793,0.5880952380952381,4.113571428571428,0.3750396825396826,1731,0.3156586578293289,0.05550952775476388,0.36981132075471695,0.12264150943396226,4511,0.6800783270523907,0.596985147417424,3.9408113500332522,0.3578290105667627,1947,0.326158940397351,0.16556291390728478,0.6908821349147517,0.004447739065974796,65,0.7923076923076923,0.3384615384615385,7.230769230769231,0.3269230769230769,14.68,14.62,14.18,13.36,-1,-1,2
579,1205740956,4,16,16,14,14,2334,0.5454545454545454,0.06145966709346991,0.5681233933161953,0.09897172236503857,4209,0.516551833372931,0.5877880731765265,4.113328581610834,0.375128692484359,1732,0.3156586578293289,0.05550952775476388,0.3691148775894539,0.1224105461393597,4521,0.6800117968001183,0.597434195974342,3.940278699402787,0.35770109857701093,1950,0.32727272727272727,0.1652892561983471,0.691339748334567,0.0044411547002220575,65,0.7923076923076923,0.3384615384615385,7.230769230769231,0.3269230769230769,14.72,14.66,14.2,13.36,0,2,2
580,1205740957,4,10,13,11,12,2335,0.5457453614843251,0.061420345489443376,0.5681233933161953,0.09897172236503857,4211,0.5167814454207235,0.5877463785324151,4.114224649726906,0.3750692630412413,1732,0.3156586578293289,0.05550952775476388,0.3691148775894539,0.1224105461393597,4531,0.6800559111307293,0.5974398587508276,3.945045243875524,0.35757375119546825,1951,0.32727272727272727,0.1652892561983471,0.6908284023668639,0.004437869822485207,66,0.7954545454545454,0.3333333333333333,7.2272727272727275,0.32575757575757575,14.68,14.64,14.1,13.32,-3,-1,-2
581,1205740958,4,16,14,14,12,2339,0.5450479233226837,0.061980830670926516,0.5692307692307692,0.09871794871794871,4218,0.5168721352931879,0.5881934566145093,4.114746325272641,0.3749209736051842,1736,0.3148760330578512,0.05537190082644628,0.3684210526315789,0.12218045112781954,4540,0.6803597650513953,0.5975770925110132,3.9444933920704845,0.357525697503671,1955,0.3261943986820428,0.16474464579901152,0.691285081240768,0.004431314623338257,66,0.7954545454545454,0.3333333333333333,7.2272727272727275,0.32575757575757575,14.7,14.6,14.08,13.34,2,2,4
582,1205740959,4,13,12,15,14,2342,0.545338441890166,0.06194125159642401,0.5690537084398977,0.09846547314578005,4226,0.5168401956144502,0.5882631329862754,4.115002366303833,0.3749802808013883,1740,0.3148760330578512,0.05537190082644628,0.3694029850746269,0.12126865671641791,4547,0.6804119932556266,0.5975368374752584,3.9454585440950076,0.35752510812990246,1957,0.3261943986820428,0.16474464579901152,0.6917404129793511,0.004424778761061947,68,0.8014705882352942,0.3235294117647059,7.235294117647059,0.3235294117647059,14.66,14.52,14.08,13.32,1,-2,-1
583,1205740960,4,16,14,15,14,2345,0.545280612244898,0.06186224489795918,0.5696040868454662,0.0983397190293742,4230,0.5168242710795902,0.5879432624113475,4.114893617021276,0.3749802994483846,1745,0.31435643564356436,0.05528052805280528,0.37105751391465674,0.12059369202226346,4555,0.6807537504573731,0.5975850713501647,3.9451152579582875,0.35750091474570067,1962,0.3284072249589491,0.16420361247947454,0.6916850625459897,0.004415011037527594,68,0.8014705882352942,0.3235294117647059,7.235294117647059,0.3235294117647059,14.68,14.5,14.14,13.34,2,1,2
584,1205740961,4,14,15,15,13,2349,0.5455124124761298,0.061744112030553785,0.5701530612244898,0.09821428571428571,4238,0.5160846311153059,0.588013213780085,4.114440773949976,0.3749213465471135,1748,0.313838550247117,0.05518945634266886,0.37037037037037035,0.12037037037037036,4565,0.6806863818912015,0.5978094194961665,3.945892661555312,0.3574844833880978,1963,0.3284072249589491,0.16420361247947454,0.6919117647058823,0.004411764705882353,68,0.8014705882352942,0.3235294117647059,7.235294117647059,0.3235294117647059,14.66,14.48,14.22,13.3,-1,-1,1
585,1205740962,4,14,17,15,13,2354,0.5457433290978398,0.06162642947903431,0.5699745547073791,0.09796437659033079,4246,0.5159365677500393,0.587847385774847,4.113518605746585,0.37480373685036905,1749,0.313838550247117,0.05518945634266886,0.36968576709796674,0.12014787430683918,4574,0.6802579798863142,0.5979449059903804,3.9464363795365105,0.35765558956420346,1967,0.32786885245901637,0.16557377049180327,0.6911225238444607,0.004402054292002935,68,0.8014705882352942,0.3235294117647059,7.235294117647059,0.3235294117647059,14.68,14.52,14.22,13.3,-3,-1,1
586,1205740963,4,15,14,15,14,2360,0.5466074825618262,0.061509194673430564,0.5690747782002535,0.09759188846641319,4249,0.5158076410135718,0.587667686514474,4.112732407625324,0.3747744567349181,1753,0.3135802469135803,0.0551440329218107,0.3694852941176471,0.11948529411764706,4583,0.6801767401265548,0.5978616626663757,3.9478507527820206,0.3578260237108153,1971,0.32733224222585927,0.16530278232405893,0.691800878477306,0.004392386530014641,68,0.8014705882352942,0.3235294117647059,7.235294117647059,0.3235294117647059,14.7,14.5,14.24,13.32,1,0,1
587,1205740964,4,16,16,16,13,2363,0.5465484483850538,0.06143128562381254,0.569620253164557,0.09746835443037975,4257,0.5156604807767599,0.5882076579750999,4.113929997650928,0.3745987001800956,1754,0.31414473684210525,0.055098684210526314,0.3694852941176471,0.11948529411764706,4595,0.6804678998911863,0.5980413492927095,3.9492927094668118,0.3577076532462822,1971,0.32733224222585927,0.16530278232405893,0.691800878477306,0.004392386530014641,68,0.8014705882352942,0.3235294117647059,7.235294117647059,0.3235294117647059,14.76,14.54,14.26,13.3,0,0,3
588,1205740965,4,18,15,14,14,2368,0.5461441213653603,0.06131479140328698,0.5707070707070707,0.09722222222222222,4264,0.5158692933083177,0.5886491557223265,4.11515009380863,0.37474593495934966,1758,0.3133716160787531,0.05578342904019688,0.3688073394495413,0.11926605504587157,4601,0.6802687821488084,0.5979134970658553,3.9482721147576614,0.3578932116206621,1973,0.32679738562091504,0.16666666666666666,0.6920263350402341,0.0043891733723482075,68,0.8014705882352942,0.3235294117647059,7.235294117647059,0.3235294117647059,14.84,14.54,14.26,13.32,3,4,4
589,1205740966,4,15,12,10,16,2375,0.5450535601764335,0.06175173282923756,0.5717884130982368,0.09697732997481108,4270,0.5161202185792348,0.5885245901639344,4.114754098360656,0.37480483996877445,1761,0.31285831285831284,0.056511056511056514,0.36813186813186816,0.11904761904761904,4607,0.6802510672165547,0.5980030388539179,3.9485565443889734,0.3578612256710802,1976,0.32679738562091504,0.16666666666666666,0.6905109489051094,0.004379562043795621,68,0.8014705882352942,0.3235294117647059,7.235294117647059,0.3235294117647059,14.82,14.46,14.18,13.4,3,5,-1
590,1205740967,4,15,15,17,14,2382,0.5446540880503145,0.061635220125786164,0.5739348370927319,0.09649122807017543,4278,0.5160900732429483,0.5888265544647031,4.115007012622721,0.3748636434470937,1764,0.31260229132569556,0.05646481178396072,0.36678832116788324,0.11861313868613138,4613,0.6805585663704027,0.5976587903750271,3.947539562107089,0.3579919069296914,1979,0.3278955954323002,0.16639477977161501,0.6902332361516035,0.004373177842565598,68,0.8014705882352942,0.3235294117647059,7.235294117647059,0.3235294117647059,14.82,14.44,14.22,13.38,0,-2,1
591,1205740968,4,16,15,16,13,2389,0.5457967377666249,0.06148055207026349,0.5755305867665418,0.09612983770287141,4286,0.5157100637735261,0.5879608026131591,4.115958936070928,0.37515554518587657,1765,0.31260229132569556,0.05646481178396072,0.3679417122040073,0.11839708561020036,4621,0.6805345163384551,0.5974897208396451,3.9480631897857608,0.3580213517997547,1981,0.3278955954323002,0.16639477977161501,0.6906841339155749,0.004366812227074236,68,0.8014705882352942,0.3235294117647059,7.235294117647059,0.3235294117647059,14.82,14.42,14.24,13.38,1,0,3
592,1205740969,4,16,17,12,11,2397,0.5453976205385097,0.061991233562930494,0.5744416873449132,0.09553349875930521,4289,0.5155824978627496,0.5877826999300536,4.115411517836326,0.3751262920649725,1765,0.31260229132569556,0.05646481178396072,0.3679417122040073,0.11839708561020036,4629,0.680762583711385,0.5971052063080579,3.947288831281054,0.3581047022395045,1986,0.3278955954323002,0.16639477977161501,0.69108049311095,0.00435097897026831,68,0.8014705882352942,0.3235294117647059,7.235294117647059,0.3235294117647059,14.88,14.5,14.18,13.3,-1,4,5
593,1205740970,4,15,15,11,14,2399,0.5450563204005007,0.06195244055068836,0.5749690210656754,0.09541511771995044,4303,0.5152994035169262,0.5874970950499652,4.114338833372066,0.37489348516538856,1768,0.3131643499591169,0.056418642681929684,0.3684210526315789,0.11796733212341198,4634,0.6804596460940874,0.5973241260250324,3.9464825205006475,0.3580959574161991,1987,0.3278955954323002,0.16639477977161501,0.691304347826087,0.004347826086956522,68,0.8014705882352942,0.3235294117647059,7.235294117647059,0.3235294117647059,14.88,14.46,14.14,13.3,0,4,1
594,1205740971,4,14,13,14,13,2400,0.5447154471544715,0.06191369606003752,0.5749690210656754,0.09541511771995044,4312,0.515151515151515,0.588126159554731,4.11595547309833,0.37474876314162037,1771,0.3142857142857143,0.0563265306122449,0.3677536231884058,0.11775362318840579,4643,0.6803790652595306,0.5972431617488693,3.947017014861081,0.3582094909900208,1992,0.3284552845528455,0.16747967479674797,0.690527838033261,0.004338394793926247,68,0.8014705882352942,0.3235294117647059,7.235294117647059,0.3235294117647059,14.94,14.42,14.16,13.28,1,0,1
595,1205740972,4,15,13,15,15,2410,0.5457943925233645,0.06230529595015576,0.5745992601726264,0.09494451294697903,4316,0.5153691689836267,0.5882761816496757,4.11631139944393,0.3747489959839358,1771,0.3142857142857143,0.0563265306122449,0.3677536231884058,0.11775362318840579,4651,0.680606321221243,0.5977209202322081,3.946248118684154,0.35818461979502614,1996,0.32954545454545453,0.1672077922077922,0.6904761904761905,0.004329004329004329,68,0.8014705882352942,0.3235294117647059,7.235294117647059,0.3235294117647059,14.94,14.38,14.18,13.28,2,0,0
596,1205740973,4,13,14,14,13,2417,0.5463596764156814,0.06222775357809583,0.5723039215686274,0.09436274509803921,4325,0.5154527938342967,0.5882080924855492,4.115606936416185,0.37477842003853573,1774,0.3154034229828851,0.05623471882640587,0.3670886075949367,0.11754068716094032,4657,0.6810178226325962,0.5973802877388877,3.9461026411853126,0.3580989191897502,1999,0.3284789644012945,0.16666666666666666,0.6899783705839942,0.004325883201153569,68,0.8014705882352942,0.3235294117647059,7.235294117647059,0.3235294117647059,14.94,14.4,14.18,13.34,-1,-1,0
597,1205740974,4,17,15,13,14,2420,0.546583850931677,0.062111801242236024,0.5723039215686274,0.09436274509803921,4333,0.5161550888529886,0.5885068082160166,4.115393491807062,0.3747788291407032,1777,0.3146341463414634,0.05609756097560976,0.3670886075949367,0.11754068716094032,4663,0.6808921295303455,0.5976838944885267,3.945099721209522,0.35801343913074557,2004,0.3284789644012945,0.16666666666666666,0.6910919540229885,0.004310344827586207,68,0.8014705882352942,0.3235294117647059,7.235294117647059,0.3235294117647059,14.98,14.38,14.16,13.32,2,4,3
598,1205740975,4,14,14,14,14,2422,0.5468653010552452,0.06207324643078833,0.5716034271725826,0.09424724602203183,4338,0.5162517289073305,0.5887505763024435,4.116413093591516,0.3746350084524359,1778,0.3146341463414634,0.05609756097560976,0.3664259927797834,0.11732851985559567,4674,0.6812152332049638,0.59734702610184,3.9458707744972186,0.3579731849950078,2009,0.3295638126009693,0.16639741518578352,0.6905444126074498,0.004297994269340974,68,0.8014705882352942,0.3235294117647059,7.235294117647059,0.3235294117647059,14.96,14.36,14.2,13.36,0,0,0
599,1205740976,4,15,15,14,16,2426,0.5467492260061919,0.06191950464396285,0.5716034271725826,0.09424724602203183,4347,0.5163331032896249,0.5877616747181964,4.115942028985507,0.37449198681082746,1781,0.3151909017059301,0.056051990251827784,0.368705035971223,0.11690647482014388,4682,0.6813327637761643,0.5973942759504485,3.946176847501068,0.3579488822440552,2011,0.3295638126009693,0.16639741518578352,0.6909871244635193,0.004291845493562232,68,0.8014705882352942,0.3235294117647059,7.235294117647059,0.3235294117647059,14.92,14.36,14.16,13.4,0,1,-1
600,1205740977,4,16,15,13,14,2430,0.5469715698393078,0.06180469715698393,0.5721271393643031,0.0941320293398533,4354,0.5163834022354922,0.5877354157096922,4.115755627009646,0.3745597917623642,1784,0.3146796431467964,0.05596107055961071,0.36804308797127466,0.11669658886894076,4687,0.6814593556646045,0.5976104117772563,3.946020908896949,0.3580470805774838,2018,0.3306581059390048,0.1653290529695024,0.6916488222698073,0.004282655246252677,68,0.8014705882352942,0.3235294117647059,7.235294117647059,0.3235294117647059,14.94,14.42,14.14,13.42,1,3,2
601,1205740978,4,14,14,14,15,2435,0.5465761875385564,0.06230721776681061,0.573170731707317,0.09390243902439024,4358,0.5165978277497322,0.5876548875631024,4.116108306562643,0.3746749273366989,1787,0.31442463533225284,0.055915721231766614,0.3685152057245081,0.11627906976744186,4697,0.6811794762614437,0.5978284011070897,3.945922929529487,0.35813639912000567,2021,0.3301282051282051,0.16506410256410256,0.6913756236635781,0.0042765502494654314,68,0.8014705882352942,0.3235294117647059,7.235294117647059,0.3235294117647059,14.92,14.4,14.16,13.48,0,0,-1
602,1205740979,4,16,17,14,13,2440,0.5464615384615384,0.06215384615384616,0.5724725943970768,0.09378806333739342,4367,0.5166781161743378,0.5871307533776048,4.115411037325395,0.3747042210518282,1788,0.31417004048582997,0.055870445344129556,0.3685152057245081,0.11627906976744186,4704,0.6812287414965988,0.5977891156462585,3.94515306122449,0.3581349206349206,2025,0.3296,0.1648,0.6913229018492176,0.004267425320056899,68,0.8014705882352942,0.3235294117647059,7.235294117647059,0.3235294117647059,14.92,14.42,14.14,13.46,-1,2,3
603,1205740980,4,16,16,15,14,2440,0.5464615384615384,0.06215384615384616,0.5724725943970768,0.09378806333739342,4380,0.5166286149162861,0.58675799086758,4.115981735159817,0.3746765601217657,1792,0.3150242326332795,0.05573505654281099,0.3678571428571429,0.11607142857142858,4712,0.6816638370118847,0.597623089983022,3.9448217317487266,0.35807512733446517,2026,0.3296,0.1648,0.6908315565031983,0.0042643923240938165,68,0.8014705882352942,0.3235294117647059,7.235294117647059,0.3235294117647059,14.94,14.48,14.14,13.44,0,1,2
604,1205740981,4,15,14,14,14,2442,0.5467404674046741,0.06211562115621156,0.5717761557177615,0.09367396593673966,4392,0.5170385549483909,0.5860655737704918,4.118169398907104,0.37467744383727997,1797,0.3155770782889427,0.05569007263922518,0.36524822695035464,0.11524822695035461,4719,0.6815003178639544,0.5975842339478703,3.945115490570036,0.35807374443738077,2026,0.3296,0.1648,0.6908315565031983,0.0042643923240938165,68,0.8014705882352942,0.3235294117647059,7.235294117647059,0.3235294117647059,14.9,14.48,14.14,13.44,1,1,1
605,1205740982,4,18,16,16,16,2446,0.5469613259668509,0.0620012277470841,0.5710814094775213,0.09356014580801944,4395,0.5171027682973075,0.5863481228668942,4.1185437997724685,0.374762988244217,1798,0.3161290322580645,0.055645161290322584,0.36524822695035464,0.11524822695035461,4727,0.6815457302023836,0.5976306325364925,3.946900782737466,0.3581023905225301,2032,0.32802547770700635,0.16560509554140126,0.6914893617021277,0.00425531914893617,69,0.8043478260869565,0.3188405797101449,7.231884057971015,0.32608695652173914,15.0,14.54,14.14,13.52,2,2,2
606,1205740983,4,16,16,16,16,2454,0.5474586650336803,0.06184935701163503,0.5707376058041113,0.09310761789600967,4402,0.5167348175071936,0.5863243980009086,4.118128123580191,0.37473496895350605,1798,0.3161290322580645,0.055645161290322584,0.36524822695035464,0.11524822695035461,4735,0.6810278071101726,0.5976768743400211,3.9465681098204857,0.358078141499472,2033,0.32909379968203495,0.16534181240063592,0.6914893617021277,0.00425531914893617,69,0.8043478260869565,0.3188405797101449,7.231884057971015,0.32608695652173914,15.0,14.6,14.2,13.6,0,0,0
607,1205740984,4,15,16,12,14,2458,0.5470660146699267,0.0617359413202934,0.571256038647343,0.0929951690821256,4407,0.5166023750094546,0.5861130020422056,4.118901747220331,0.3748203615460253,1801,0.3164251207729469,0.05555555555555555,0.36460176991150445,0.11504424778761062,4745,0.6809272918861962,0.5974710221285564,3.9471022128556377,0.35811380400421494,2037,0.32857142857142857,0.16666666666666666,0.6907289455060156,0.004246284501061571,69,0.8043478260869565,0.3188405797101449,7.231884057971015,0.32608695652173914,15.02,14.62,14.18,13.64,-1,3,1
608,1205740985,4,14,16,16,14,2464,0.5478366849482024,0.061547836684948204,0.5705669481302774,0.09408926417370325,4410,0.5164777021919879,0.5861678004535147,4.119274376417233,0.37479213907785347,1805,0.3161705551086082,0.05551086082059534,0.36619718309859156,0.11443661971830986,4755,0.6811426568524362,0.5976866456361725,3.949106203995794,0.35820189274447944,2039,0.32857142857142857,0.16666666666666666,0.6904593639575972,0.004240282685512367,69,0.8043478260869565,0.3188405797101449,7.231884057971015,0.32608695652173914,15.02,14.66,14.2,13.66,-2,-2,0
609,1205740986,4,14,14,16,15,2466,0.5481120584652862,0.061510353227771014,0.5710843373493976,0.09397590361445783,4414,0.5162362180939435,0.5860897145446308,4.1191662890802,0.37484896541307966,1810,0.3156626506024096,0.05542168674698795,0.36427320490367776,0.11733800350262696,4766,0.6814589453070362,0.597775912715065,3.94964330675619,0.35823192054832836,2045,0.3285939968404423,0.1674565560821485,0.689703808180536,0.004231311706629055,69,0.8043478260869565,0.3188405797101449,7.231884057971015,0.32608695652173914,15.04,14.68,14.26,13.7,0,-2,-1
610,1205740987,4,16,13,12,14,2471,0.5477203647416413,0.06139817629179331,0.5709134615384616,0.09495192307692307,4418,0.5161083446506715,0.5860117700316886,4.119284744228158,0.37484910215783923,1813,0.31595829991980756,0.05533279871692061,0.36538461538461536,0.11713286713286714,4775,0.6815357766143109,0.5972774869109948,3.951832460732984,0.35823734729493883,2048,0.32965299684542587,0.167192429022082,0.6901408450704225,0.004225352112676056,70,0.7928571428571428,0.32857142857142857,7.228571428571429,0.32857142857142857,15.06,14.66,14.2,13.72,3,4,2
611,1205740988,4,13,13,13,13,2473,0.5479951397326853,0.06136087484811665,0.5702280912364946,0.09603841536614646,4427,0.5163391310895263,0.5864016263835554,4.119719900609894,0.37493411640689717,1817,0.31574740207833735,0.05515587529976019,0.36538461538461536,0.11713286713286714,4783,0.6811276047111299,0.5971147815178758,3.953167468116245,0.35826538434734123,2051,0.32861635220125784,0.16823899371069181,0.6903589021815623,0.00422237860661506,71,0.795774647887324,0.323943661971831,7.225352112676056,0.3274647887323944,15.02,14.6,14.2,13.74,0,0,0
612,1205740989,4,15,16,14,13,2476,0.5473300970873787,0.061893203883495146,0.5695443645083933,0.09592326139088729,4437,0.5162647434452708,0.5862068965517241,4.119450078882128,0.3751596424010218,1822,0.3155378486055777,0.055776892430278883,0.3647469458987784,0.1169284467713787,4790,0.6811760612386919,0.597286012526096,3.9538622129436325,0.35810716771050793,2052,0.3281004709576138,0.16797488226059654,0.6903589021815623,0.00422237860661506,73,0.7945205479452054,0.3287671232876712,7.219178082191781,0.3321917808219178,15.0,14.64,14.2,13.74,-1,1,2
613,1205740990,4,14,16,14,12,2482,0.5475469412477286,0.061780738946093275,0.5686977299880526,0.0967741935483871,4445,0.5164604424446944,0.5860517435320585,4.118785151856018,0.37504686914135743,1824,0.31528662420382164,0.05573248407643312,0.36585365853658536,0.11672473867595819,4797,0.6811548884719618,0.5972482801751094,3.9535126120491975,0.3580536446390104,2053,0.3281004709576138,0.16797488226059654,0.6905766526019691,0.004219409282700422,73,0.7945205479452054,0.3287671232876712,7.219178082191781,0.3321917808219178,15.04,14.68,14.16,13.74,-2,0,2
614,1205740991,4,15,13,15,12,2487,0.5483091787439613,0.06159420289855073,0.5686977299880526,0.0967741935483871,4453,0.516206302866981,0.5856725802829553,4.118571749382439,0.3750093569877986,1825,0.31528662420382164,0.05573248407643312,0.36695652173913046,0.11652173913043479,4806,0.6807462893605217,0.5977944236371203,3.953599667082813,0.35811138854210006,2056,0.329153605015674,0.1677115987460815,0.6903089887640449,0.004213483146067416,73,0.7945205479452054,0.3287671232876712,7.219178082191781,0.3321917808219178,15.04,14.64,14.18,13.66,2,0,3
615,1205740992,4,13,13,13,14,2489,0.548854041013269,0.061519903498190594,0.5686977299880526,0.0967741935483871,4460,0.5158445440956652,0.5854260089686099,4.120627802690583,0.3749252615844545,1827,0.31528662420382164,0.05573248407643312,0.36741767764298094,0.11611785095320624,4814,0.6810691040022159,0.5974241794765268,3.9540922309929374,0.35803559063841567,2058,0.329153605015674,0.1677115987460815,0.6907433380084151,0.004207573632538569,74,0.7972972972972973,0.32432432432432434,7.22972972972973,0.3310810810810811,15.0,14.62,14.16,13.64,0,0,-1
616,1205740993,4,13,14,15,14,2491,0.5485232067510548,0.06148282097649186,0.568019093078759,0.09665871121718377,4468,0.5160399880632647,0.5852730528200537,4.12041181736795,0.374925395404357,1835,0.31587301587301586,0.05555555555555555,0.36660929432013767,0.1153184165232358,4817,0.6812677323368627,0.597259705210712,3.953498027818144,0.35802020621410274,2064,0.3296875,0.16875,0.6895104895104895,0.004195804195804196,74,0.7972972972972973,0.32432432432432434,7.22972972972973,0.3310810810810811,14.92,14.58,14.16,13.66,-1,-2,-1
617,1205740994,4,14,15,13,13,2496,0.5487364620938628,0.061371841155234655,0.569047619047619,0.09642857142857143,4476,0.5164581471551981,0.5855674709562109,4.120866845397677,0.37503723562704805,1841,0.31512272367379257,0.055423594615993665,0.3647260273972603,0.11472602739726027,4821,0.6814284726543596,0.5973864343497199,3.953329184816428,0.3580861508677314,2067,0.3296875,0.16875,0.6894626657362177,0.00418702023726448,75,0.8,0.32,7.226666666666667,0.3333333333333333,14.92,14.58,14.12,13.66,-1,1,1
618,1205740995,4,16,14,13,13,2501,0.5486194477791116,0.06182472989195678,0.5683709869203329,0.09750297265160524,4483,0.516395271023868,0.5855453937095695,4.120231987508365,0.3751208268272735,1847,0.31541501976284586,0.05612648221343874,0.36394557823129253,0.11394557823129252,4828,0.6812689864678267,0.5975559237779619,3.9529826014913008,0.3581710853355426,2069,0.3296875,0.16875,0.6898954703832753,0.004181184668989547,75,0.8,0.32,7.226666666666667,0.3333333333333333,14.94,14.6,14.14,13.68,2,3,3
619,1205740996,4,13,13,13,14,2506,0.5494307968843619,0.061713600958657876,0.5670225385527876,0.09727164887307237,4490,0.5164810690423163,0.5855233853006682,4.120267260579064,0.37512991833704534,1849,0.31516587677725116,0.05608214849921011,0.36502546689303905,0.11375212224108659,4836,0.6813826854149436,0.597394540942928,3.9522332506203472,0.35819892473118276,2074,0.32919254658385094,0.16925465838509315,0.6894150417827298,0.004178272980501393,75,0.8,0.32,7.226666666666667,0.3333333333333333,14.88,14.54,14.1,13.68,0,0,-1
620,1205740997,4,16,16,16,12,2511,0.5496411483253588,0.06220095693779904,0.5668639053254438,0.0970414201183432,4497,0.5163442294863242,0.5857238158772515,4.119857682899711,0.37504632718108377,1850,0.31516587677725116,0.05608214849921011,0.3644067796610169,0.1135593220338983,4844,0.6812895678502616,0.597440132122213,3.9525185796862097,0.3581234516928158,2077,0.32868217054263565,0.16899224806201552,0.6898470097357441,0.004172461752433936,75,0.8,0.32,7.226666666666667,0.3333333333333333,14.88,14.6,14.12,13.62,0,0,4
621,1205740998,4,17,12,14,13,2513,0.5495818399044206,0.06212664277180406,0.5668639053254438,0.0970414201183432,4503,0.5166185505958991,0.5858316677770375,4.119475904952254,0.3750462654526613,1853,0.31545741324921134,0.055993690851735015,0.3637901861252115,0.11336717428087986,4850,0.6813402061855672,0.5977319587628867,3.952783505154639,0.35814432989690714,2085,0.32921174652241114,0.16846986089644514,0.6911357340720221,0.004155124653739612,75,0.8,0.32,7.226666666666667,0.3333333333333333,14.94,14.56,14.14,13.6,5,3,4
622,1205740999,4,16,19,15,16,2514,0.5492537313432836,0.06208955223880597,0.5668639053254438,0.0970414201183432,4510,0.516629711751663,0.5853658536585366,4.119068736141907,0.3752402069475241,1857,0.31520882584712373,0.05594956658786446,0.36195286195286197,0.1127946127946128,4857,0.6812161141994374,0.5978999382334774,3.951822112415071,0.3581428865554869,2089,0.3287037037037037,0.16820987654320987,0.6917760884588804,0.00414651002073255,75,0.8,0.32,7.226666666666667,0.3333333333333333,14.96,14.68,14.16,13.66,-3,1,0
623,1205741000,4,12,13,14,15,2516,0.5491949910554562,0.06201550387596899,0.5668639053254438,0.0970414201183432,4517,0.5166777359604457,0.5855656409121098,4.119326986938233,0.3753228544018892,1862,0.31525157232704404,0.05581761006289308,0.3624161073825503,0.11409395973154363,4863,0.6813009801905546,0.5983960518198643,3.951470285831791,0.35811227637260945,2095,0.3282208588957055,0.1687116564417178,0.6915113871635611,0.004140786749482402,75,0.8,0.32,7.226666666666667,0.3333333333333333,14.92,14.64,14.12,13.68,-1,-2,-3
624,1205741001,4,16,13,16,15,2520,0.549404761904762,0.06190476190476191,0.5673758865248227,0.09692671394799054,4522,0.5169172932330827,0.5855816010614773,4.1196373286156565,0.37546071060002956,1866,0.315541601255887,0.05572998430141287,0.362876254180602,0.11371237458193979,4869,0.6815910180050663,0.5982747997535428,3.95111932635038,0.35813308687615525,2099,0.327718223583461,0.16845329249617153,0.6914600550964187,0.004132231404958678,75,0.8,0.32,7.226666666666667,0.3333333333333333,14.96,14.6,14.16,13.68,3,0,1
625,1205741002,4,17,15,14,14,2523,0.5499405469678954,0.06183115338882283,0.5678866587957497,0.09681227863046045,4529,0.5168543460660926,0.5857805255023184,4.120335614926033,0.3753955987340841,1873,0.3161189358372457,0.05555555555555555,0.3610648918469218,0.11314475873544093,4874,0.6815757078375053,0.5982765695527288,3.9501436192039394,0.35817603610997123,2102,0.3287461773700306,0.16819571865443425,0.6911966987620357,0.0041265474552957355,75,0.8,0.32,7.226666666666667,0.3333333333333333,15.0,14.6,14.12,13.68,2,3,3
626,1205741003,4,14,14,14,15,2528,0.5504750593824228,0.06175771971496437,0.5658823529411765,0.0988235294117647,4535,0.5164645350973908,0.5863285556780595,4.119294377067255,0.37533994854832786,1874,0.3158717748240813,0.05551211884284597,0.3610648918469218,0.11314475873544093,4882,0.6817219718694526,0.5985251945923802,3.949405981155264,0.35820360507988525,2107,0.3282674772036474,0.16717325227963525,0.6914089347079038,0.004123711340206186,75,0.8,0.32,7.226666666666667,0.3333333333333333,14.98,14.6,14.16,13.78,0,0,-1
627,1205741004,4,14,14,14,14,2533,0.5506816834617665,0.06164789567279194,0.5645539906103286,0.09859154929577464,4540,0.5166666666666667,0.5861233480176211,4.119603524229075,0.3752569750367108,1874,0.3158717748240813,0.05551211884284597,0.3610648918469218,0.11314475873544093,4891,0.6817964969672189,0.5986505827029237,3.948885708444081,0.3582089552238806,2114,0.3287878787878788,0.16666666666666666,0.6910958904109589,0.00410958904109589,75,0.8,0.32,7.226666666666667,0.3333333333333333,14.92,14.6,14.16,13.8,0,0,0
628,1205741005,4,15,14,13,13,2539,0.5499704316972206,0.06268480189237138,0.5644028103044496,0.09836065573770492,4546,0.5168646429095176,0.5860096788385394,4.119665640123185,0.3751466490687785,1876,0.31640625,0.05546875,0.36046511627906974,0.11295681063122924,4900,0.6813605442176872,0.5985714285714285,3.9487755102040816,0.35821428571428565,2117,0.32829046898638425,0.1664145234493192,0.6915184678522572,0.004103967168262654,75,0.8,0.32,7.226666666666667,0.3333333333333333,14.92,14.56,14.1,13.8,1,2,2
629,1205741006,4,16,16,14,15,2543,0.5501770956316411,0.06257378984651712,0.5649122807017544,0.09824561403508772,4552,0.5170620972466315,0.585896309314587,4.119947275922671,0.3752013766842414,1878,0.3166926677067083,0.05538221528861154,0.36046511627906974,0.11295681063122924,4908,0.6815743004618312,0.5980032599837001,3.9490627546862265,0.35824164629176847,2122,0.32829046898638425,0.1664145234493192,0.6912065439672802,0.00408997955010225,75,0.8,0.32,7.226666666666667,0.3333333333333333,14.92,14.56,14.1,13.82,0,2,1
630,1205741007,4,16,16,14,12,2548,0.5501179245283019,0.0625,0.5629370629370629,0.0979020979020979,4562,0.5171708315066491,0.5857080227970188,4.11902674265673,0.37542013736665214,1879,0.31644583008573657,0.05533904910366329,0.36046511627906974,0.11295681063122924,4916,0.6810754000542448,0.5978437754271766,3.948128559804719,0.3581672091131,2125,0.32829046898638425,0.1664145234493192,0.6904761904761905,0.004081632653061225,75,0.8,0.32,7.226666666666667,0.3333333333333333,15.04,14.62,14.16,13.82,0,2,4
631,1205741008,4,15,16,15,14,2550,0.5500588928150766,0.0624263839811543,0.5629370629370629,0.0979020979020979,4569,0.5170350915590575,0.5856861457649376,4.118844386080105,0.3753374188370906,1881,0.3167315175097276,0.05525291828793774,0.36046511627906974,0.11295681063122924,4926,0.6810123156042768,0.5980511571254568,3.948639870077142,0.35815062931384484,2127,0.32829046898638425,0.1664145234493192,0.6908967391304348,0.004076086956521739,75,0.8,0.32,7.226666666666667,0.3333333333333333,15.02,14.66,14.18,13.86,-1,0,1
632,1205741009,4,14,14,15,13,2552,0.5497351383166569,0.06238964096527369,0.5634458672875436,0.09778812572759023,4578,0.5172200378622397,0.5858453473132372,4.1192660550458715,0.37525484199796133,1881,0.3167315175097276,0.05525291828793774,0.36046511627906974,0.11295681063122924,4938,0.6806736870527881,0.5980153908464966,3.948359659781288,0.35814094775212635,2129,0.32829046898638425,0.1664145234493192,0.6913161465400272,0.004070556309362279,75,0.8,0.32,7.226666666666667,0.3333333333333333,15.04,14.7,14.18,13.84,0,-1,1
633,1205741010,4,16,16,16,13,2554,0.5496766607877719,0.06231628453850676,0.5634458672875436,0.09778812572759023,4585,0.5174118502362778,0.5864776444929116,4.11886586695747,0.37511813885859696,1883,0.3162393162393162,0.055944055944055944,0.36046511627906974,0.11295681063122924,4947,0.680850347011657,0.5977360016171417,3.948453608247423,0.3580452799676571,2134,0.3288084464555053,0.16591251885369532,0.6919431279620853,0.004062288422477996,75,0.8,0.32,7.226666666666667,0.3333333333333333,15.04,14.74,14.2,13.82,0,0,3
634,1205741011,4,14,16,13,15,2554,0.5496766607877719,0.06231628453850676,0.5634458672875436,0.09778812572759023,4596,0.5173701769654773,0.5868146214099217,4.119669277632724,0.3751269219611257,1889,0.31554524361948955,0.05568445475638051,0.36046511627906974,0.11295681063122924,4953,0.6807995154451849,0.5976176054916212,3.948112255198869,0.3581162931556632,2137,0.32831325301204817,0.16566265060240964,0.6923597025016903,0.004056795131845842,75,0.8,0.32,7.226666666666667,0.3333333333333333,15.04,14.76,14.16,13.86,-2,1,-1
635,1205741012,4,15,16,15,14,2556,0.549618320610687,0.062243100411039344,0.5634458672875436,0.09778812572759023,4604,0.5172313929916016,0.5864465682015638,4.119026933101651,0.3752353026353896,1894,0.3148148148148148,0.05632716049382716,0.3609271523178808,0.11258278145695365,4961,0.6807095343680711,0.5982664785325539,3.948195928240274,0.35805953100853316,2142,0.32781954887218046,0.16541353383458646,0.6925151719487526,0.004045853000674309,75,0.8,0.32,7.226666666666667,0.3333333333333333,15.06,14.74,14.16,13.88,-1,0,1
636,1205741013,4,15,14,12,13,2561,0.5501466275659824,0.06217008797653959,0.5626450116009281,0.09976798143851508,4606,0.5174410189607759,0.5861919235779418,4.119626574033869,0.37518092343320314,1899,0.31432973805855163,0.05624036979969183,0.3624382207578254,0.11202635914332784,4968,0.6804549114331725,0.5982286634460547,3.948671497584541,0.3581588835212023,2146,0.32781954887218046,0.16541353383458646,0.6926698049764627,0.004034969737726967,77,0.8051948051948052,0.3116883116883117,7.233766233766234,0.33116883116883117,15.06,14.74,14.1,13.86,1,3,2
637,1205741014,4,14,15,14,14,2562,0.5501466275659824,0.06217008797653959,0.5631517960602549,0.0996523754345307,4614,0.5175913885276695,0.5858257477243173,4.121369744256611,0.37532509752925886,1903,0.31461538461538463,0.05615384615384615,0.36288998357963875,0.1116584564860427,4974,0.6803377563329315,0.5983112183353438,3.9485323683152393,0.35821270607157213,2153,0.3278443113772455,0.16467065868263472,0.6921529175050302,0.004024144869215292,77,0.8051948051948052,0.3116883116883117,7.233766233766234,0.33116883116883117,15.02,14.72,14.06,13.88,-1,0,0
638,1205741015,4,14,15,15,13,2567,0.550351288056206,0.0626463700234192,0.561849710982659,0.09942196531791908,4622,0.5177772969854321,0.5856771960190393,4.122241453916054,0.37527044569450463,1906,0.3151421983089931,0.056110684089162186,0.36333878887070375,0.11129296235679215,4981,0.6802516228334339,0.5982734390684602,3.948002409154788,0.3583115840192732,2156,0.32884902840059793,0.16442451420029897,0.6918955123911588,0.004018754186202277,77,0.8051948051948052,0.3116883116883117,7.233766233766234,0.33116883116883117,14.94,14.72,14.08,13.86,-1,-1,1
639,1205741016,4,15,15,13,15,2571,0.5493863237872589,0.06312098188194039,0.5623556581986143,0.09930715935334873,4628,0.5176462114664363,0.5857821953327571,4.121434745030251,0.375270095073466,1908,0.31490015360983103,0.05606758832565284,0.3627450980392157,0.1111111111111111,4990,0.6800267201068806,0.5981963927855711,3.9472945891783566,0.3582665330661322,2160,0.32985074626865674,0.16417910447761194,0.6918449197860963,0.004010695187165776,77,0.8051948051948052,0.3116883116883117,7.233766233766234,0.33116883116883117,14.94,14.78,14.14,13.84,0,2,0
640,1205741017,4,16,16,15,12,2577,0.5498542274052478,0.0629737609329446,0.5633640552995391,0.09907834101382489,4631,0.5179586842294681,0.5860505290434032,4.121140142517815,0.3751889440725546,1912,0.3159509202453988,0.05598159509202454,0.36156351791530944,0.11074918566775244,4998,0.679871948779512,0.5978391356542617,3.9477791116446577,0.35839335734293715,2164,0.32985074626865674,0.16417910447761194,0.692,0.004,77,0.8051948051948052,0.3116883116883117,7.233766233766234,0.33116883116883117,14.96,14.8,14.1,13.8,0,1,4
641,1205741018,4,15,15,16,14,2583,0.5506402793946449,0.06286379511059371,0.5625717566016073,0.09873708381171067,4638,0.5179315797038955,0.586244070720138,4.120741699008193,0.3750539025442002,1913,0.3159509202453988,0.05598159509202454,0.36097560975609755,0.11056910569105691,5006,0.6799840191769878,0.5976827806632041,3.947662804634439,0.3583699560527367,2168,0.3293591654247392,0.16393442622950818,0.6926147704590818,0.003992015968063872,77,0.8051948051948052,0.3116883116883117,7.233766233766234,0.33116883116883117,14.94,14.8,14.1,13.82,0,-1,1
642,1205741019,4,14,15,16,12,2588,0.5502614758861127,0.06275421266705404,0.563573883161512,0.09851088201603665,4644,0.5179084122882573,0.5863479758828596,4.121016365202411,0.37510766580534033,1916,0.31623277182235837,0.055895865237366005,0.362012987012987,0.11038961038961038,5012,0.6799680766161215,0.5977653631284916,3.9477254588986432,0.3582402234636871,2171,0.3288690476190476,0.16517857142857142,0.6930232558139535,0.003986710963455149,79,0.810126582278481,0.3037974683544304,7.2405063291139244,0.3291139240506329,14.9,14.76,14.18,13.84,-1,-2,2
643,1205741020,4,14,13,12,14,2589,0.5499419279907085,0.0627177700348432,0.563573883161512,0.09851088201603665,4653,0.5180886883014543,0.586073500967118,4.119922630560929,0.37491940683430053,1921,0.3165137614678899,0.05581039755351682,0.3602584814216478,0.1098546042003231,5019,0.679916317991632,0.5979278740785017,3.947399880454274,0.3582386929667264,2174,0.3288690476190476,0.16517857142857142,0.6936339522546419,0.003978779840848806,79,0.810126582278481,0.3037974683544304,7.2405063291139244,0.3291139240506329,14.88,14.72,14.2,13.84,1,2,0
644,1205741021,4,16,16,16,15,2591,0.5498839907192575,0.06264501160092807,0.563573883161512,0.09851088201603665,4661,0.5174140027175858,0.5861403132375027,4.119716798970178,0.3749195451619825,1927,0.3157894736842105,0.05644546147978642,0.3617363344051447,0.10932475884244373,5028,0.679892601431981,0.5982498011137629,3.9478918058870325,0.3580946698488464,2174,0.3288690476190476,0.16517857142857142,0.6936339522546419,0.003978779840848806,79,0.810126582278481,0.3037974683544304,7.2405063291139244,0.3291139240506329,14.92,14.78,14.24,13.88,0,0,1
645,1205741022,4,15,16,14,14,2597,0.5495078170237406,0.06253618992472496,0.5639269406392694,0.09817351598173515,4666,0.5176096585226462,0.5859408486926704,4.119374196313759,0.374946420917274,1931,0.31607006854531605,0.05635948210205636,0.36378205128205127,0.10897435897435898,5036,0.6798054011119938,0.5982922954725973,3.948173153296267,0.3582042626423087,2178,0.32838038632986627,0.1649331352154532,0.6935804103242885,0.003970880211780278,79,0.810126582278481,0.3037974683544304,7.2405063291139244,0.3291139240506329,14.92,14.84,14.22,13.86,-1,1,1
646,1205741023,4,14,14,14,12,2597,0.5495078170237406,0.06253618992472496,0.5639269406392694,0.09817351598173515,4675,0.5176827094474153,0.585668449197861,4.119144385026738,0.37475935828877016,1931,0.31607006854531605,0.05635948210205636,0.36378205128205127,0.10897435897435898,5048,0.679245905969361,0.598256735340729,3.947503961965135,0.3581946645536186,2181,0.327893175074184,0.16468842729970326,0.6939854593522803,0.0039656311962987445,79,0.810126582278481,0.3037974683544304,7.2405063291139244,0.3291139240506329,14.94,14.84,14.22,13.84,0,0,2
647,1205741024,4,15,14,12,14,2600,0.550028918449971,0.06246385193753615,0.5632839224629419,0.09806157354618016,4685,0.5175382426182854,0.5856990394877268,4.11889007470651,0.374759871931697,1938,0.3171471927162367,0.05614567526555387,0.36261980830670926,0.10862619808306709,5053,0.679464344613761,0.5984563625568969,3.9477538096180487,0.35821953954746355,2182,0.327893175074184,0.16468842729970326,0.6941875825627477,0.003963011889035667,79,0.810126582278481,0.3037974683544304,7.2405063291139244,0.3291139240506329,14.9,14.82,14.2,13.84,1,3,1
648,1205741025,4,14,14,14,11,2601,0.5497109826589596,0.06242774566473988,0.5632839224629419,0.09806157354618016,4697,0.5173869846000995,0.5856929955290611,4.118160527996594,0.3748669363423463,1944,0.3182161753590325,0.055933484504913075,0.3620414673046252,0.10845295055821372,5057,0.6794212642541694,0.5985762309669764,3.9475973897567727,0.35823281260299256,2185,0.32791728212703103,0.1654357459379616,0.6941875825627477,0.003963011889035667,79,0.810126582278481,0.3037974683544304,7.2405063291139244,0.3291139240506329,14.9,14.82,14.2,13.78,0,0,3
649,1205741026,4,11,11,11,13,2606,0.5484429065743944,0.06286043829296424,0.5637813211845103,0.0979498861047836,4706,0.5173183170420741,0.585635359116022,4.116659583510412,0.3748937526561837,1950,0.3190045248868778,0.05580693815987934,0.3619047619047619,0.10793650793650794,5059,0.6795480002635569,0.598537260328128,3.9480134413915793,0.3582723858470053,2188,0.32791728212703103,0.1654357459379616,0.6928147659854977,0.003955174686882004,81,0.8148148148148148,0.2962962962962963,7.246913580246914,0.3271604938271605,14.82,14.74,14.14,13.72,0,0,-2
650,1205741027,4,12,12,13,14,2610,0.5489067894131185,0.06271576524741082,0.5637813211845103,0.0979498861047836,4710,0.517162066525124,0.5857749469214437,4.116772823779193,0.37489384288747357,1954,0.3185240963855422,0.05572289156626506,0.3623417721518987,0.10759493670886076,5071,0.6794189180306319,0.5990928810885426,3.9483336619996057,0.35836126996647605,2193,0.32599118942731276,0.1644640234948605,0.6930171277997365,0.003952569169960474,81,0.8148148148148148,0.2962962962962963,7.246913580246914,0.3271604938271605,14.74,14.68,14.14,13.72,0,-1,-2
651,1205741028,4,14,13,14,12,2613,0.5485911443358252,0.06267970097757332,0.5636363636363636,0.09772727272727273,4722,0.516906677961316,0.5857687420584498,4.1177467174925875,0.37484116899618813,1957,0.318796992481203,0.05639097744360902,0.36334913112164297,0.10742496050552923,5080,0.6791010498687666,0.5986220472440945,3.947834645669291,0.3582185039370079,2195,0.32599118942731276,0.1644640234948605,0.6934210526315789,0.003947368421052632,81,0.8148148148148148,0.2962962962962963,7.246913580246914,0.3271604938271605,14.74,14.66,14.14,13.66,1,0,2
652,1205741029,4,13,13,14,13,2619,0.5475917431192661,0.06307339449541284,0.5641316685584563,0.09761634506242906,4728,0.5170262267343486,0.5856598984771574,4.1178087986463625,0.37489424703891716,1963,0.31882970742685673,0.056264066016504126,0.36163522012578614,0.1069182389937107,5087,0.6790511762007734,0.5989777865146452,3.947120110084529,0.35821702378612147,2196,0.3255131964809384,0.16422287390029325,0.6934210526315789,0.003947368421052632,81,0.8148148148148148,0.2962962962962963,7.246913580246914,0.3271604938271605,14.68,14.58,14.14,13.66,0,-1,0
653,1205741030,4,15,15,15,14,2622,0.5478510028653295,0.06303724928366762,0.565118912797282,0.09739524348810873,4736,0.5167863175675677,0.5855152027027027,4.11866554054054,0.37489442567567577,1967,0.31961077844311375,0.0561377245508982,0.36106750392464676,0.10675039246467818,5095,0.6791625776905464,0.599018645731109,3.9483807654563297,0.35814524043179585,2197,0.32503660322108346,0.16544655929721816,0.6934210526315789,0.003947368421052632,81,0.8148148148148148,0.2962962962962963,7.246913580246914,0.3271604938271605,14.66,14.56,14.14,13.66,0,0,1
654,1205741031,4,15,14,13,14,2627,0.54779622209502,0.06353749284487693,0.5643340857787811,0.09706546275395034,4742,0.5165190496274429,0.5854070012652889,4.118937157317587,0.3750000000000001,1973,0.32065622669649513,0.05667412378821775,0.3605015673981191,0.10658307210031348,5100,0.6792810457516342,0.5988235294117648,3.9484313725490194,0.3581372549019608,2200,0.3260233918128655,0.1652046783625731,0.6938239159001314,0.003942181340341655,81,0.8148148148148148,0.2962962962962963,7.246913580246914,0.3271604938271605,14.66,14.56,14.12,13.66,1,2,1
655,1205741032,4,11,13,16,13,2629,0.54779622209502,0.06353749284487693,0.5630630630630631,0.09797297297297297,4753,0.5163756224139141,0.5855249316221334,4.1180307174416155,0.3748159057437409,1980,0.32118959107806694,0.05650557620817844,0.358814352574103,0.10764430577223089,5106,0.6791682987335164,0.5983157070113592,3.947904426165296,0.3581081081081081,2204,0.32554744525547447,0.16496350364963502,0.6931147540983607,0.003934426229508197,81,0.8148148148148148,0.2962962962962963,7.246913580246914,0.3271604938271605,14.52,14.5,14.12,13.6,-2,-5,-2
656,1205741033,4,16,15,18,14,2635,0.5473744292237442,0.06335616438356165,0.5635545556805399,0.09786276715410573,4761,0.5160330462787931,0.585801302247427,4.118042428061331,0.37476370510396984,1983,0.3207126948775056,0.05716406829992576,0.3582554517133956,0.10903426791277258,5115,0.6791463017269471,0.5988269794721408,3.9485826001955036,0.3580645161290323,2205,0.32554744525547447,0.16496350364963502,0.6933158584534731,0.003931847968545216,81,0.8148148148148148,0.2962962962962963,7.246913580246914,0.3271604938271605,14.52,14.48,14.16,13.56,1,-2,2
657,1205741034,4,12,16,11,12,2638,0.5467502850627138,0.06442417331812998,0.5629213483146067,0.09887640449438202,4769,0.516215838400783,0.5856573705179283,4.118892849654015,0.3748689452715455,1986,0.3217197924388436,0.05707931801334322,0.35769828926905134,0.1088646967340591,5123,0.678931615589824,0.5986726527425337,3.947686902205739,0.3582373609213352,2210,0.3241279069767442,0.16569767441860464,0.6924083769633508,0.003926701570680628,81,0.8148148148148148,0.2962962962962963,7.246913580246914,0.3271604938271605,14.46,14.48,14.14,13.52,-4,1,0
658,1205741035,4,14,15,14,15,2641,0.5472665148063781,0.06435079726651481,0.5634118967452301,0.09876543209876543,4776,0.5164014517029594,0.585427135678392,4.118509212730318,0.37489530988274716,1988,0.3214814814814815,0.05703703703703704,0.358695652173913,0.10869565217391304,5132,0.6785528708755523,0.5987918939984411,3.9483632112236946,0.35829111457521434,2212,0.32365747460087085,0.16545718432510886,0.6926095487246566,0.003924133420536298,81,0.8148148148148148,0.2962962962962963,7.246913580246914,0.3271604938271605,14.46,14.46,14.1,13.54,-1,0,-1
659,1205741036,4,14,14,16,14,2646,0.5474701534963047,0.06424104604889141,0.5632698768197089,0.09966405375139978,4783,0.5159593002996726,0.585406648546937,4.1174994773154925,0.37492159732385544,1991,0.3217455621301775,0.05695266272189349,0.35968992248062015,0.10852713178294573,5139,0.678698838944023,0.5983654407472271,3.949211908931699,0.35838684568982293,2213,0.32365747460087085,0.16545718432510886,0.6928104575163399,0.00392156862745098,81,0.8148148148148148,0.2962962962962963,7.246913580246914,0.3271604938271605,14.46,14.46,14.1,13.52,0,-2,0
660,1205741037,4,15,15,14,17,2651,0.5479840999432141,0.06416808631459398,0.5636160714285714,0.09933035714285714,4791,0.5156195644611425,0.5854727614276769,4.116885827593404,0.3748173658943854,1992,0.3217455621301775,0.05695266272189349,0.3591331269349845,0.10835913312693499,5149,0.6785459959862759,0.5981744027966596,3.948727908331715,0.3583543730174144,2216,0.32318840579710145,0.16666666666666666,0.6925587467362925,0.0039164490861618795,81,0.8148148148148148,0.2962962962962963,7.246913580246914,0.3271604938271605,14.44,14.5,14.14,13.58,0,1,-2
661,1205741038,4,15,15,15,14,2656,0.5481313703284258,0.06398640996602492,0.5636160714285714,0.09933035714285714,4797,0.5159474671669795,0.5859912445278299,4.116531165311653,0.3747654784240151,1994,0.3222468588322247,0.056910569105691054,0.35857805255023184,0.10819165378670788,5158,0.678622204989014,0.5981000387747188,3.949011244668476,0.3583268708801861,2219,0.3227206946454414,0.16642547033285093,0.6929595827900913,0.003911342894393742,81,0.8148148148148148,0.2962962962962963,7.246913580246914,0.3271604938271605,14.48,14.54,14.18,13.6,0,0,1
662,1205741039,4,16,16,12,15,2661,0.5483323911814585,0.06387789711701526,0.5645879732739421,0.09910913140311804,4802,0.5161391087047065,0.5860058309037901,4.117034568929613,0.3747917534360684,1998,0.32277081798084006,0.056742815033161385,0.35857805255023184,0.10819165378670788,5166,0.678442379661892,0.5979481223383663,3.949283778552071,0.35849787069299266,2221,0.3222543352601156,0.1676300578034682,0.6925081433224756,0.003908794788273616,82,0.8170731707317073,0.3048780487804878,7.2560975609756095,0.32621951219512196,14.5,14.54,14.14,13.64,0,4,1
663,1205741040,4,14,14,14,15,2665,0.5482778091473743,0.06380575945793338,0.5655555555555556,0.09888888888888889,4808,0.5159109816971714,0.5856905158069884,4.1170965058236275,0.37484400998336115,2002,0.32303164091243564,0.05665930831493746,0.3605546995377504,0.10785824345146379,5174,0.6780698363612938,0.5977966756861229,3.9485890993428683,0.358491173817807,2225,0.32230215827338127,0.1669064748201439,0.6927083333333334,0.00390625,82,0.8170731707317073,0.3048780487804878,7.2560975609756095,0.32621951219512196,14.5,14.5,14.14,13.7,0,0,-1
664,1205741041,4,14,16,16,16,2672,0.5476056338028169,0.06422535211267606,0.5658914728682171,0.09856035437430787,4815,0.5161993769470405,0.585877466251298,4.11754932502596,0.37487019730010396,2006,0.3232916972814107,0.05657604702424688,0.35944700460829493,0.10752688172043011,5181,0.6780222608248088,0.5977610499903494,3.948079521327929,0.35848935211992533,2227,0.32230215827338127,0.1669064748201439,0.6931079323797139,0.0039011703511053317,82,0.8170731707317073,0.3048780487804878,7.2560975609756095,0.32621951219512196,14.48,14.56,14.16,13.78,-2,-2,-2
665,1205741042,4,14,15,15,13,2675,0.5475520540236354,0.06415306696679797,0.5652654867256637,0.09955752212389381,4822,0.516003041614821,0.5856491082538365,4.117171298216507,0.37505184570717554,2009,0.3235509904622157,0.05722670579603815,0.3588957055214724,0.10736196319018405,5188,0.6777178103315346,0.5975327679259831,3.9471858134155746,0.3586320997172963,2231,0.32281205164992827,0.16642754662840745,0.6922077922077922,0.003896103896103896,82,0.8170731707317073,0.3048780487804878,7.2560975609756095,0.32621951219512196,14.5,14.6,14.2,13.76,-1,-1,1
666,1205741043,4,16,15,14,13,2677,0.547244094488189,0.06411698537682789,0.5657458563535912,0.09944751381215469,4831,0.5159732284551163,0.5858000413992962,4.117574001241979,0.3752328710411924,2014,0.32383040935672514,0.05701754385964912,0.3588957055214724,0.10736196319018405,5193,0.6775146029912064,0.5973425765453495,3.9466589639899867,0.3586237884331472,2236,0.32331902718168815,0.1659513590844063,0.6928062216461439,0.0038885288399222295,82,0.8170731707317073,0.3048780487804878,7.2560975609756095,0.32621951219512196,14.56,14.62,14.18,13.74,1,2,3
667,1205741044,4,17,15,14,14,2682,0.5474452554744526,0.06400898371701291,0.5644983461962514,0.09922822491730982,4837,0.5161601543656537,0.585900351457515,4.1178416373785405,0.3752842671077115,2015,0.32359386413440466,0.05697589481373265,0.3588957055214724,0.10736196319018405,5200,0.6775641025641028,0.5971153846153846,3.9457692307692307,0.35862179487179485,2243,0.32285714285714284,0.16714285714285715,0.6927049709489993,0.003873466752743706,82,0.8170731707317073,0.3048780487804878,7.2560975609756095,0.32621951219512196,14.62,14.62,14.2,13.76,2,3,3
668,1205741045,4,15,15,15,12,2684,0.5473920358945598,0.06449803701626472,0.5644983461962514,0.09922822491730982,4846,0.5159237859402944,0.5860503508047874,4.117416425918283,0.37546430045398277,2018,0.32312180889861414,0.05689277899343545,0.35987748851454826,0.10719754977029096,5209,0.6773852946822809,0.5972355538491073,3.9449030524092916,0.3585781020029436,2246,0.3247863247863248,0.16666666666666666,0.692258064516129,0.003870967741935484,82,0.8170731707317073,0.3048780487804878,7.2560975609756095,0.32621951219512196,14.6,14.64,14.24,13.74,0,0,3
669,1205741046,4,15,14,14,13,2689,0.546420581655481,0.06431767337807606,0.5644983461962514,0.09922822491730982,4854,0.5160005493750859,0.5859085290482077,4.11845900288422,0.3754635352286775,2019,0.3236151603498542,0.056851311953352766,0.35987748851454826,0.10719754977029096,5217,0.6775605392626672,0.5974698102357677,3.9446041786467316,0.35860328413519904,2247,0.3247863247863248,0.16666666666666666,0.6924564796905223,0.0038684719535783366,82,0.8170731707317073,0.3048780487804878,7.2560975609756095,0.32621951219512196,14.64,14.66,14.26,13.72,1,1,2
670,1205741047,4,16,12,14,13,2697,0.54712771890686,0.06413831567205801,0.5637362637362637,0.0989010989010989,4860,0.5157064471879287,0.5853909465020576,4.117901234567901,0.3756172839506174,2023,0.3241077931536781,0.05680990531682447,0.35823170731707316,0.10670731707317073,5223,0.6778352160316552,0.5977407620141681,3.9461995022017997,0.35857425489820666,2248,0.3247863247863248,0.16666666666666666,0.6926546391752577,0.003865979381443299,82,0.8170731707317073,0.3048780487804878,7.2560975609756095,0.32621951219512196,14.64,14.58,14.22,13.74,4,2,3
671,1205741048,4,17,14,12,12,2702,0.5475792988313857,0.06399554813578186,0.5642151481888035,0.09879253567508232,4865,0.5157930798218568,0.5856115107913669,4.117780061664954,0.3755395683453238,2024,0.32387190684133915,0.056768558951965066,0.35823170731707316,0.10670731707317073,5232,0.6778797145769626,0.5980504587155964,3.9457186544342506,0.3585308358817533,2254,0.3252840909090909,0.16761363636363635,0.6928020565552699,0.0038560411311053984,82,0.8170731707317073,0.3048780487804878,7.2560975609756095,0.32621951219512196,14.64,14.62,14.18,13.72,3,5,5
672,1205741049,4,16,15,17,15,2705,0.548082267926626,0.06392440244580322,0.5635964912280702,0.09868421052631579,4875,0.5156581196581197,0.5852307692307692,4.117128205128205,0.3754871794871796,2025,0.3236363636363636,0.05672727272727273,0.35823170731707316,0.10670731707317073,5238,0.6780577828687797,0.59831996945399,3.9453990072546774,0.3585019727631411,2259,0.324822695035461,0.1673758865248227,0.6923076923076923,0.0038461538461538464,82,0.8170731707317073,0.3048780487804878,7.2560975609756095,0.32621951219512196,14.64,14.54,14.22,13.7,1,-1,1
673,1205741050,4,16,16,15,14,2708,0.5477777777777778,0.06388888888888888,0.5645514223194749,0.09846827133479212,4882,0.5155332513996996,0.5852109791069234,4.116960262187628,0.3755120852109792,2027,0.3234011627906977,0.056686046511627904,0.3592085235920852,0.106544901065449,5248,0.6780995934959353,0.5983231707317073,3.9447408536585367,0.3585334095528455,2262,0.32577903682719545,0.1671388101983003,0.6920614596670934,0.0038412291933418692,82,0.8170731707317073,0.3048780487804878,7.2560975609756095,0.32621951219512196,14.72,14.6,14.24,13.68,0,1,2
674,1205741051,4,14,14,15,14,2716,0.5484764542936288,0.06371191135734072,0.5648854961832062,0.09923664122137404,4888,0.5151732133115112,0.5855155482815058,4.11620294599018,0.375511456628478,2031,0.3229317851959361,0.05660377358490566,0.3596358118361153,0.10773899848254932,5255,0.6781477957500796,0.5982873453853473,3.9450047573739297,0.35853155724706626,2264,0.32577903682719545,0.1671388101983003,0.6918158567774936,0.0038363171355498722,82,0.8170731707317073,0.3048780487804878,7.2560975609756095,0.32621951219512196,14.68,14.62,14.22,13.66,0,-1,0
675,1205741052,4,14,16,11,14,2723,0.548922056384743,0.06357103372028745,0.5652173913043478,0.09891304347826087,4893,0.5150555214932898,0.5851216022889842,4.115879828326181,0.3755364806866954,2036,0.3239130434782609,0.05652173913043478,0.3610271903323263,0.10725075528700906,5261,0.6783247798263958,0.5981752518532598,3.944877399733891,0.3584553000063359,2266,0.32577903682719545,0.1671388101983003,0.6922094508301405,0.0038314176245210726,83,0.8192771084337349,0.30120481927710846,7.253012048192771,0.3253012048192771,14.62,14.64,14.16,13.66,-2,3,0
676,1205741053,4,14,14,15,14,2729,0.5482625482625483,0.063430777716492,0.5661605206073753,0.09869848156182212,4901,0.5152689927225736,0.585594776576209,4.115486635380535,0.3755356049785759,2040,0.3232104121475054,0.05639913232104121,0.36048265460030166,0.10708898944193061,5267,0.6785013606733754,0.5982532751091703,3.944560470856275,0.35844250363901015,2270,0.32581100141043723,0.16643159379407615,0.6917677089980855,0.0038289725590299937,83,0.8192771084337349,0.30120481927710846,7.253012048192771,0.3253012048192771,14.62,14.64,14.18,13.64,0,-1,0
677,1205741054,4,14,17,12,13,2732,0.5482625482625483,0.063430777716492,0.5654054054054054,0.09837837837837837,4912,0.5150651465798045,0.5853013029315961,4.114413680781759,0.37555985342019554,2045,0.32323232323232326,0.05627705627705628,0.3593984962406015,0.10676691729323308,5272,0.6785849772382401,0.5980652503793626,3.944233687405159,0.3585293373798685,2273,0.32535211267605635,0.16619718309859155,0.6921606118546845,0.0038240917782026767,83,0.8192771084337349,0.30120481927710846,7.253012048192771,0.3253012048192771,14.62,14.7,14.14,13.62,-3,2,1
678,1205741055,4,16,13,15,12,2737,0.5481563015960375,0.06384149697303247,0.5647948164146869,0.09827213822894168,4918,0.5149450996339976,0.585197234648231,4.114680764538431,0.3755591703944694,2045,0.32323232323232326,0.05627705627705628,0.3593984962406015,0.10676691729323308,5282,0.6784361984096936,0.5986368799697085,3.94471790988262,0.3586551811182633,2279,0.32538569424964936,0.16549789621318373,0.6921119592875318,0.003816793893129771,83,0.8192771084337349,0.30120481927710846,7.253012048192771,0.3253012048192771,14.64,14.68,14.18,13.6,3,1,4
679,1205741056,4,14,15,15,13,2742,0.548653106102254,0.06377130291368883,0.5651237890204521,0.09795479009687837,4923,0.5152346130408287,0.5850091407678245,4.114970546414788,0.37563477554336794,2048,0.3242074927953891,0.056195965417867436,0.36036036036036034,0.1066066066066066,5291,0.6785106785106788,0.5987525987525988,3.9446229446229446,0.35856485856485854,2282,0.32538569424964936,0.16549789621318373,0.692063492063492,0.0038095238095238095,83,0.8192771084337349,0.30120481927710846,7.253012048192771,0.3253012048192771,14.6,14.66,14.2,13.56,-1,-1,1
680,1205741057,4,14,14,13,13,2744,0.5485996705107083,0.06370126304228446,0.5651237890204521,0.09795479009687837,4933,0.5153050881816339,0.5850395296979526,4.114737482262315,0.37548145144942235,2053,0.3235082674335011,0.056074766355140186,0.36227544910179643,0.1062874251497006,5298,0.6785579463948663,0.598716496791242,3.945451113627784,0.3585157921228136,2284,0.32492997198879553,0.16666666666666666,0.692258883248731,0.0038071065989847717,83,0.8192771084337349,0.30120481927710846,7.253012048192771,0.3253012048192771,14.56,14.62,14.18,13.58,0,1,1
681,1205741058,4,16,16,16,15,2747,0.5482985729967069,0.06366630076838639,0.564983888292159,0.09881847475832438,4939,0.5155902004454342,0.5849362219072687,4.11439562664507,0.3755146115947899,2056,0.3235294117647059,0.05595408895265423,0.36227544910179643,0.1062874251497006,5304,0.6785444947209657,0.5989819004524887,3.9445701357466065,0.3584873051784816,2290,0.3277545327754533,0.16596931659693165,0.6915769474350855,0.0037998733375554147,83,0.8192771084337349,0.30120481927710846,7.253012048192771,0.3253012048192771,14.58,14.62,14.2,13.6,0,0,1
682,1205741059,4,17,15,16,14,2752,0.5487404162102957,0.06352683461117196,0.5654506437768241,0.09871244635193133,4944,0.5153721682847896,0.5847491909385113,4.114279935275081,0.3755393743257822,2061,0.3235504652827487,0.05583392984967788,0.3611940298507463,0.10597014925373134,5311,0.6784660766961655,0.5991338730935793,3.944078327998494,0.35843846105567057,2294,0.3277545327754533,0.16596931659693165,0.691724573594441,0.003790271636133923,84,0.8214285714285714,0.30952380952380953,7.25,0.3244047619047619,14.64,14.64,14.22,13.62,2,1,3
683,1205741060,4,15,16,16,14,2756,0.5483870967741935,0.0634226353198469,0.5659163987138264,0.09860664523043944,4950,0.5155555555555555,0.5846464646464646,4.114343434343434,0.3754882154882156,2062,0.32331902718168815,0.055793991416309016,0.3611940298507463,0.10597014925373134,5323,0.6789091364518759,0.5992861168513995,3.9440165320308096,0.3583348988665539,2296,0.3277545327754533,0.16596931659693165,0.6921135646687697,0.0037854889589905363,84,0.8214285714285714,0.30952380952380953,7.25,0.3244047619047619,14.62,14.64,14.22,13.64,-1,-1,1
684,1205741061,4,14,15,15,14,2762,0.5488270594653574,0.06328423349699945,0.5657754010695187,0.09946524064171124,4958,0.5156649186499932,0.5847115772488907,4.113150463896733,0.3754370041683476,2066,0.32357142857142857,0.055714285714285716,0.3601190476190476,0.1056547619047619,5329,0.6789579032964288,0.5993619816100582,3.9437042597110152,0.35849440170138236,2299,0.3286908077994429,0.16573816155988857,0.6918714555765595,0.003780718336483932,84,0.8214285714285714,0.30952380952380953,7.25,0.3244047619047619,14.62,14.62,14.26,13.62,-1,-1,0
685,1205741062,4,16,13,13,14,2769,0.5492651061513337,0.06314643440391943,0.5650319829424307,0.09914712153518124,4967,0.5160391920005368,0.5848600765049325,4.112744111133481,0.3755620428159185,2068,0.3231098430813124,0.05563480741797432,0.3601190476190476,0.1056547619047619,5335,0.679131521399563,0.5996251171508904,3.9435801312089973,0.35846610434239295,2301,0.3286908077994429,0.16573816155988857,0.6922592825676526,0.003775959723096287,84,0.8214285714285714,0.30952380952380953,7.25,0.3244047619047619,14.64,14.56,14.22,13.62,3,3,2
686,1205741063,4,16,15,14,14,2773,0.5491580662683324,0.06300923411189571,0.5650319829424307,0.09914712153518124,4973,0.5162209263355453,0.5847576915342851,4.112608083651719,0.3755110932368122,2070,0.32336182336182334,0.05555555555555555,0.3601190476190476,0.1056547619047619,5342,0.6791775864220645,0.5999625608386372,3.9442156495694496,0.35837077249469607,2305,0.3286908077994429,0.16573816155988857,0.6930320150659134,0.003766478342749529,84,0.8214285714285714,0.30952380952380953,7.25,0.3244047619047619,14.66,14.58,14.26,13.64,1,2,2
687,1205741064,4,14,16,14,14,2773,0.5491580662683324,0.06300923411189571,0.5650319829424307,0.09914712153518124,4982,0.5160912618760872,0.5849056603773585,4.112605379365717,0.3754850796199653,2079,0.32292405961674947,0.056068133427963095,0.3609467455621302,0.10502958579881656,5345,0.6792641097599006,0.5998129092609916,3.943685687558466,0.35835671967570937,2310,0.32916666666666666,0.16527777777777777,0.6923558897243107,0.0037593984962406013,84,0.8214285714285714,0.30952380952380953,7.25,0.3244047619047619,14.66,14.6,14.26,13.64,-2,0,0
688,1205741065,4,14,14,15,16,2778,0.5496473141616929,0.06294085729788389,0.5642933049946866,0.09883103081827843,4992,0.5153245192307693,0.5847355769230769,4.113982371794871,0.37553418803418814,2082,0.32317505315379164,0.05598866052445074,0.361890694239291,0.10487444608567208,5352,0.6794967613353268,0.5999626307922272,3.9431988041853514,0.35826170901843546,2312,0.3287101248266297,0.1664355062413315,0.6925485284909205,0.003757044458359424,85,0.8235294117647058,0.3176470588235294,7.247058823529412,0.3235294117647059,14.66,14.58,14.26,13.7,0,-1,-2
689,1205741066,4,17,14,16,14,2783,0.5497835497835498,0.0633116883116883,0.5642933049946866,0.09883103081827843,4997,0.5150090054032419,0.584550730438263,4.113468080848509,0.3755086385164433,2082,0.32317505315379164,0.05598866052445074,0.361890694239291,0.10487444608567208,5361,0.6796617546477651,0.599888080581981,3.9432941615370267,0.3583597587514767,2318,0.330567081604426,0.16597510373443983,0.693316677076827,0.0037476577139287947,85,0.8235294117647058,0.3176470588235294,7.247058823529412,0.3235294117647059,14.7,14.56,14.32,13.68,3,1,3
690,1205741067,4,15,14,12,14,2785,0.5497297297297298,0.06324324324324325,0.5642933049946866,0.09883103081827843,5004,0.5151878497202238,0.5849320543565147,4.113509192645883,0.37548294697575285,2086,0.32342533616418967,0.055909412597310686,0.36082474226804123,0.10456553755522828,5369,0.679207797851866,0.5999254982305829,3.942261128701807,0.35830694728999807,2322,0.3301104972375691,0.16574585635359115,0.6932668329177057,0.003740648379052369,86,0.8255813953488372,0.313953488372093,7.255813953488372,0.32558139534883723,14.68,14.52,14.26,13.72,1,3,1
691,1205741068,4,14,14,13,13,2787,0.5494327390599676,0.06374932468935711,0.5636942675159236,0.09872611464968153,5015,0.5147224991691592,0.5844466600199402,4.114656031904287,0.37562313060817554,2088,0.32390381895332393,0.05586987270155587,0.36176470588235293,0.10441176470588236,5378,0.6791558200074381,0.6002231312755671,3.9419858683525475,0.3583581256972852,2324,0.3301104972375691,0.16574585635359115,0.6930261519302615,0.0037359900373599006,86,0.8255813953488372,0.313953488372093,7.255813953488372,0.32558139534883723,14.66,14.5,14.2,13.7,0,1,1
692,1205741069,4,13,13,16,12,2793,0.5487870619946091,0.06361185983827493,0.5646186440677966,0.09851694915254237,5021,0.5150368452499502,0.5845449113722366,4.114917347142003,0.3757219677355109,2092,0.3234463276836158,0.0557909604519774,0.3621700879765396,0.10410557184750734,5384,0.6787704309063898,0.599925705794948,3.9414933135215455,0.3583766716196136,2324,0.3301104972375691,0.16574585635359115,0.6930261519302615,0.0037359900373599006,88,0.8295454545454546,0.3068181818181818,7.261363636363637,0.32386363636363635,14.64,14.46,14.2,13.7,0,-3,1
693,1205741070,4,17,16,15,12,2799,0.5492200107584723,0.06347498655190963,0.5655391120507399,0.09830866807610994,5023,0.5152299422655784,0.5847103324706351,4.114871590682859,0.37567190921759913,2094,0.3234463276836158,0.0557909604519774,0.3611111111111111,0.10526315789473684,5395,0.6786530738337971,0.5998146431881372,3.942354031510658,0.3583410565338276,2327,0.3319559228650138,0.1652892561983471,0.6932171748599876,0.00373366521468575,88,0.8295454545454546,0.3068181818181818,7.261363636363637,0.32386363636363635,14.7,14.52,14.26,13.66,1,2,5
694,1205741071,4,14,13,14,12,2803,0.5488721804511278,0.06390977443609022,0.5659978880675819,0.09820485744456177,5031,0.5151063406877361,0.584575631087259,4.115881534486186,0.3756211488769629,2097,0.323923782639379,0.05575158786167961,0.36151603498542273,0.10641399416909621,5402,0.6786992471923984,0.6001480932987783,3.941318030359126,0.35833950388744906,2332,0.3314993122420908,0.16643741403026135,0.6927374301675978,0.0037243947858473,89,0.8258426966292135,0.30337078651685395,7.258426966292135,0.3258426966292135,14.66,14.46,14.22,13.6,1,0,2
695,1205741072,4,13,13,15,13,2806,0.5485254691689008,0.064343163538874,0.5659978880675819,0.09820485744456177,5038,0.5149861055974593,0.5845573640333466,4.116315998412068,0.3755954743946011,2098,0.323923782639379,0.05575158786167961,0.3609898107714702,0.10625909752547306,5413,0.6787363753925739,0.6005911694069832,3.940513578422317,0.3584580331301188,2337,0.3319615912208505,0.16598079561042525,0.6926889714993805,0.0037174721189591076,89,0.8258426966292135,0.30337078651685395,7.258426966292135,0.3258426966292135,14.62,14.4,14.24,13.58,0,-2,0
696,1205741073,4,13,17,13,15,2809,0.5487674169346195,0.06430868167202572,0.5648050579557429,0.09799789251844046,5048,0.5155837295298468,0.5851822503961965,4.115491283676704,0.3755942947702061,2106,0.3225579761068166,0.05551651440618412,0.3613933236574746,0.10595065312046444,5415,0.6788550323176367,0.6005540166204986,3.940904893813481,0.35846414281317324,2339,0.332421340629275,0.16552667578659372,0.6926889714993805,0.0037174721189591076,91,0.8296703296703297,0.3076923076923077,7.263736263736264,0.3269230769230769,14.6,14.46,14.22,13.64,-4,0,-2
697,1205741074,4,16,13,17,12,2815,0.5483698556921432,0.06413682522715125,0.5652631578947368,0.09789473684210526,5056,0.5151635021097046,0.5848496835443038,4.115110759493671,0.37559335443037983,2107,0.32303370786516855,0.05547752808988764,0.3613933236574746,0.10595065312046444,5420,0.6785977859778602,0.6009225092250923,3.9404059040590407,0.3585024600246002,2343,0.332421340629275,0.16552667578659372,0.6934487021013597,0.003708281829419036,91,0.8296703296703297,0.3076923076923077,7.263736263736264,0.3269230769230769,14.62,14.44,14.32,13.6,3,-1,4
698,1205741075,4,15,13,15,13,2818,0.5486111111111112,0.0641025641025641,0.5640756302521008,0.0976890756302521,5063,0.5150437816841135,0.5848311277898479,4.114951609717559,0.375617222990322,2111,0.3225806451612903,0.056100981767180924,0.36324167872648333,0.10564399421128799,5429,0.6785780069994479,0.6010314975133542,3.9401363050285503,0.35841468655983294,2345,0.3333333333333333,0.16530054644808742,0.6930203829524397,0.0037059913526868438,91,0.8296703296703297,0.3076923076923077,7.263736263736264,0.3269230769230769,14.64,14.42,14.34,13.64,2,0,2
699,1205741076,4,14,15,16,14,2823,0.5477333333333333,0.064,0.5639412997903563,0.09853249475890985,5070,0.5148915187376726,0.5848126232741617,4.115187376725839,0.37569033530572,2113,0.322354590049054,0.05606166783461808,0.3627167630057804,0.10549132947976879,5436,0.6788999264164832,0.601177336276674,3.940029433406917,0.3584437086092715,2351,0.3337874659400545,0.164850136239782,0.6931608133086876,0.0036968576709796672,91,0.8296703296703297,0.3076923076923077,7.263736263736264,0.3269230769230769,14.7,14.5,14.44,13.66,-1,-2,0
700,1205741077,4,14,12,14,12,2826,0.5474413646055437,0.06396588486140725,0.5638075313807531,0.09937238493723849,5079,0.5147666863555818,0.5849576688324474,4.115573931876353,0.3755660563102974,2119,0.3221523410202656,0.05660377358490566,0.3631123919308357,0.10518731988472622,5443,0.6791291567150474,0.6011390777144957,3.939555392246923,0.35839610508910524,2353,0.3333333333333333,0.16462585034013605,0.6933497536945813,0.003694581280788177,91,0.8296703296703297,0.3076923076923077,7.263736263736264,0.3269230769230769,14.74,14.5,14.46,13.62,2,0,2
701,1205741078,4,16,14,14,14,2831,0.5468085106382978,0.06382978723404255,0.5642633228840125,0.09926854754440961,5090,0.5151604453176162,0.5846758349705304,4.115717092337918,0.37612966601178793,2122,0.32309839497557574,0.056524773203070484,0.3640287769784173,0.10503597122302158,5448,0.6789953499755267,0.6013215859030837,3.939610866372981,0.3586178414096916,2355,0.3333333333333333,0.16462585034013605,0.6931119311193112,0.0036900369003690036,91,0.8296703296703297,0.3076923076923077,7.263736263736264,0.3269230769230769,14.78,14.52,14.46,13.66,2,2,2
702,1205741079,4,16,15,13,12,2836,0.5467091295116773,0.06369426751592357,0.5647181628392485,0.09916492693110647,5097,0.5153358184553005,0.5848538355895625,4.114773396115362,0.37615263880714156,2125,0.32357043235704325,0.056485355648535567,0.3629842180774749,0.10473457675753228,5457,0.6788528495510359,0.601795858530328,3.939343961883819,0.3586219534542789,2358,0.3333333333333333,0.16462585034013605,0.6936771025168815,0.003683241252302026,91,0.8296703296703297,0.3076923076923077,7.263736263736264,0.3269230769230769,14.84,14.56,14.44,13.64,1,3,4
703,1205741080,4,16,16,15,14,2839,0.5469496021220159,0.0636604774535809,0.5635416666666667,0.10104166666666667,5101,0.5154708227145004,0.5847872966085081,4.114879435404823,0.3762497549500099,2125,0.32357043235704325,0.056485355648535567,0.3629842180774749,0.10473457675753228,5467,0.6786171574903974,0.6016096579476862,3.9383574172306566,0.3586519114688128,2365,0.3333333333333333,0.16395663956639567,0.6944274341702388,0.003674219228413962,91,0.8296703296703297,0.3076923076923077,7.263736263736264,0.3269230769230769,14.86,14.58,14.44,13.64,0,1,2
704,1205741081,4,16,14,12,12,2841,0.5468998410174881,0.06359300476947535,0.5635416666666667,0.10104166666666667,5105,0.515654587006203,0.584720861900098,4.1149853085210575,0.37628142344107096,2131,0.3231197771587744,0.056406685236768804,0.3651925820256776,0.10413694721825963,5477,0.678838780354209,0.6012415555961292,3.9386525470147893,0.3586361146613109,2367,0.3342354533152909,0.16373477672530445,0.6946144430844553,0.0036719706242350062,91,0.8296703296703297,0.3076923076923077,7.263736263736264,0.3269230769230769,14.88,14.58,14.42,13.6,2,4,4
705,1205741082,4,15,15,14,13,2845,0.5476190476190477,0.06349206349206349,0.562955254942768,0.10093652445369407,5111,0.5158318659101284,0.5848170612404617,4.116415574251614,0.3762799191286768,2131,0.3231197771587744,0.056406685236768804,0.3651925820256776,0.10413694721825963,5486,0.6787276704338321,0.6011666059059424,3.940758293838863,0.3587313160772876,2368,0.3342354533152909,0.16373477672530445,0.6941896024464832,0.003669724770642202,91,0.8296703296703297,0.3076923076923077,7.263736263736264,0.3269230769230769,14.96,14.62,14.38,13.6,0,1,2
706,1205741083,4,14,14,15,13,2849,0.5478582760444209,0.06345848757271286,0.5632780082987552,0.10062240663900415,5117,0.5159761579050224,0.585108461989447,4.11530193472738,0.37637613184808816,2135,0.3226703755215577,0.056328233657858134,0.3655761024182077,0.10384068278805121,5494,0.6785887634995758,0.6006552602839461,3.9406625409537677,0.3587550054605023,2373,0.33423180592991913,0.16307277628032346,0.6939523518631643,0.0036652412950519244,91,0.8296703296703297,0.3076923076923077,7.263736263736264,0.3269230769230769,14.92,14.6,14.32,13.58,0,-1,1
707,1205741084,4,15,12,13,13,2853,0.5480464625131996,0.06335797254487856,0.5637305699481865,0.10051813471502591,5124,0.5161494925839187,0.5850897736143638,4.114168618266979,0.3763498568826439,2139,0.32222222222222224,0.05625,0.36737588652482267,0.10354609929078014,5501,0.6788159728534211,0.6009816397018723,3.940192692237775,0.35870750772586796,2376,0.33423180592991913,0.16307277628032346,0.6939024390243902,0.003658536585365854,91,0.8296703296703297,0.3076923076923077,7.263736263736264,0.3269230769230769,14.98,14.52,14.36,13.6,3,2,2
708,1205741085,4,15,17,16,16,2858,0.5471797575118609,0.06378492356352135,0.5646328852119958,0.10031023784901758,5130,0.5160656270305392,0.5849902534113061,4.114035087719298,0.37644574398960373,2141,0.32269257460097156,0.056210964607911175,0.3668555240793201,0.1048158640226629,5510,0.6791893526920755,0.6007259528130672,3.9404718693284937,0.35880217785843915,2381,0.33423180592991913,0.16307277628032346,0.6942249240121581,0.00364741641337386,91,0.8296703296703297,0.3076923076923077,7.263736263736264,0.3269230769230769,15.0,14.56,14.4,13.62,-2,-1,-1
709,1205741086,4,15,14,14,12,2861,0.5468914646996839,0.0642781875658588,0.564499484004128,0.10113519091847266,5135,0.5157578708211619,0.5850048685491723,4.113729308666017,0.37646867900032466,2142,0.3224687933425798,0.056865464632454926,0.3668555240793201,0.1048158640226629,5518,0.6794732390962913,0.6005799202609641,3.9401957230880753,0.3587803552011598,2388,0.3346774193548387,0.16263440860215053,0.6951515151515152,0.0036363636363636364,91,0.8296703296703297,0.3076923076923077,7.263736263736264,0.3269230769230769,15.02,14.56,14.36,13.58,1,1,3
710,1205741087,4,13,13,13,14,2868,0.5470804839558128,0.06417674907943188,0.5621788283658787,0.10071942446043165,5142,0.5158012446518864,0.5849863866199922,4.1133800077790745,0.3764423700246338,2144,0.3229383229383229,0.05682605682605683,0.36633663366336633,0.10466760961810467,5523,0.6794918220773738,0.6005793952562013,3.939887742169111,0.3588176715553141,2393,0.33557046979865773,0.16241610738255033,0.6946795646916566,0.0036275695284159614,91,0.8296703296703297,0.3076923076923077,7.263736263736264,0.3269230769230769,14.98,14.52,14.34,13.52,0,0,-1
711,1205741088,4,13,16,15,13,2872,0.5467436974789915,0.06407563025210083,0.5626283367556468,0.10061601642710473,5150,0.5155825242718446,0.5844660194174758,4.113398058252427,0.3763915857605179,2145,0.3229383229383229,0.05682605682605683,0.365819209039548,0.10451977401129943,5533,0.6795288872823668,0.6009398156515453,3.939996385324417,0.3588619796373275,2397,0.3360107095046854,0.16198125836680052,0.6950483091787439,0.0036231884057971015,91,0.8296703296703297,0.3076923076923077,7.263736263736264,0.3269230769230769,14.94,14.54,14.34,13.5,-3,-2,0
712,1205741089,4,15,14,16,14,2878,0.5463593504452593,0.06390780513357779,0.563076923076923,0.10051282051282051,5153,0.5154764215020375,0.5845138754123811,4.1129439161653405,0.3765120641697394,2147,0.32271468144044324,0.05678670360110803,0.36671368124118475,0.10437235543018336,5541,0.6797208686759314,0.6009745533297238,3.9399025446670275,0.3589303976418215,2403,0.33511348464619495,0.16154873164218958,0.694578313253012,0.0036144578313253013,91,0.8296703296703297,0.3076923076923077,7.263736263736264,0.3269230769230769,14.92,14.5,14.42,13.48,1,-1,1
713,1205741090,4,16,15,14,14,2884,0.5460251046025104,0.06380753138075314,0.5623721881390593,0.10020449897750511,5157,0.515464417296878,0.584448322668218,4.113244134186543,0.3764624135479285,2150,0.3231833910034602,0.05674740484429066,0.3670886075949367,0.10407876230661041,5549,0.679912296509882,0.6008289781942693,3.9389079113353755,0.3590436715324082,2407,0.3355525965379494,0.1611185086551265,0.6949458483754513,0.0036101083032490976,91,0.8296703296703297,0.3076923076923077,7.263736263736264,0.3269230769230769,14.96,14.52,14.42,13.46,1,2,2
714,1205741091,4,12,14,12,11,2889,0.5454545454545454,0.06374085684430512,0.5606523955147809,0.0998980632008155,5165,0.5155372700871248,0.5841239109390126,4.113068731848983,0.3764601484349791,2154,0.32295988934993086,0.056708160442600276,0.36694677871148457,0.10504201680672269,5555,0.6797179717971802,0.6009000900090009,3.9382538253825383,0.35906090609060903,2408,0.3355525965379494,0.1611185086551265,0.6951292844257366,0.0036079374624173183,91,0.8296703296703297,0.3076923076923077,7.263736263736264,0.3269230769230769,14.92,14.48,14.34,13.36,-2,0,1
715,1205741092,4,13,13,15,15,2892,0.5454070981210856,0.06419624217118998,0.560081466395112,0.09979633401221996,5172,0.5155162412993038,0.5837200309358082,4.113495746326373,0.3765790152101058,2159,0.32320441988950277,0.057320441988950276,0.3668061366806137,0.10460251046025104,5563,0.6796392833602977,0.600754988315657,3.9374438252741326,0.35912876745161476,2411,0.3351063829787234,0.1622340425531915,0.6954954954954955,0.0036036036036036037,91,0.8296703296703297,0.3076923076923077,7.263736263736264,0.3269230769230769,14.9,14.44,14.34,13.4,0,-2,-2
716,1205741093,4,15,13,15,14,2899,0.5460697553357626,0.06402915148360229,0.5599593495934959,0.09959349593495935,5177,0.5157909986478655,0.583542592234885,4.114158779215762,0.3765050544073145,2161,0.323448275862069,0.05724137931034483,0.3668061366806137,0.10460251046025104,5570,0.6794733692399765,0.6005385996409336,3.9368043087971274,0.35935068821065225,2415,0.3351063829787234,0.1622340425531915,0.695026962252846,0.0035949670461354103,91,0.8296703296703297,0.3076923076923077,7.263736263736264,0.3269230769230769,14.88,14.4,14.36,13.42,2,0,1
717,1205741094,4,15,16,14,12,2906,0.5456905503634476,0.06386292834890965,0.5608519269776876,0.09939148073022312,5184,0.5159304269547325,0.5833333333333334,4.11400462962963,0.37672003600823056,2162,0.3232253618194349,0.057201929703652656,0.3668061366806137,0.10460251046025104,5579,0.6795124574296473,0.6002867897472666,3.936010037641154,0.359547708669415,2417,0.3351063829787234,0.1622340425531915,0.6947935368043088,0.003590664272890485,91,0.8296703296703297,0.3076923076923077,7.263736263736264,0.3269230769230769,14.84,14.42,14.36,13.38,-1,1,3
718,1205741095,4,16,16,15,13,2907,0.5459263103269331,0.06382978723404255,0.5608519269776876,0.09939148073022312,5191,0.5156520901560392,0.583509921017145,4.113465613561934,0.37669363642201253,2163,0.3232253618194349,0.057201929703652656,0.36629526462395545,0.10445682451253482,5588,0.6794022906227635,0.6003937007874016,3.9362920544022906,0.3594607492245287,2419,0.33598937583001326,0.16201859229747675,0.694377990430622,0.0035885167464114833,92,0.8315217391304348,0.30434782608695654,7.260869565217392,0.32608695652173914,14.86,14.44,14.36,13.4,0,1,3
719,1205741096,4,14,14,14,13,2909,0.5456431535269709,0.0637966804979253,0.5612968591691996,0.09929078014184398,5199,0.515628005385651,0.5837661088670898,4.112521638776688,0.37669103032634493,2171,0.3223593964334705,0.05692729766803841,0.3657858136300417,0.1043115438108484,5594,0.6793886306757244,0.6006435466571326,3.937075437969253,0.3594327255392682,2419,0.33598937583001326,0.16201859229747675,0.694377990430622,0.0035885167464114833,92,0.8315217391304348,0.30434782608695654,7.260869565217392,0.32608695652173914,14.84,14.44,14.36,13.4,0,0,1
720,1205741097,4,16,15,10,13,2910,0.5458786936236392,0.06376360808709176,0.5612968591691996,0.09929078014184398,5205,0.5160902977905859,0.5834774255523535,4.112776176753122,0.37668908101184767,2173,0.32282385195339275,0.0568882796435915,0.36527777777777776,0.10416666666666667,5602,0.6793109603712963,0.6006783291681542,3.9360942520528384,0.3593657027252171,2425,0.3350993377483444,0.1629139072847682,0.6945107398568019,0.003579952267303103,92,0.8315217391304348,0.30434782608695654,7.260869565217392,0.32608695652173914,14.84,14.5,14.28,13.4,1,6,3
721,1205741098,4,16,14,15,12,2916,0.5455486542443064,0.06418219461697723,0.5616161616161616,0.1,5211,0.5159438367555811,0.5833813087699098,4.112646325081558,0.37668713618627275,2175,0.3232876712328767,0.05684931506849315,0.36615811373092927,0.10402219140083217,5608,0.6795649072753214,0.6005706134094151,3.9356276747503567,0.35933785068949115,2430,0.33465608465608465,0.1626984126984127,0.6946428571428571,0.0035714285714285713,92,0.8315217391304348,0.30434782608695654,7.260869565217392,0.32608695652173914,14.82,14.5,14.34,13.4,2,1,4
722,1205741099,4,13,13,14,12,2921,0.5454545454545454,0.0640495867768595,0.562058526740666,0.09989909182643794,5216,0.515736835378323,0.5835889570552147,4.1121549079754605,0.3767094836400819,2181,0.32262474367737526,0.05673274094326726,0.3660220994475138,0.10359116022099447,5617,0.6795442406978819,0.6004984867366921,3.9357308171621863,0.3593851996914129,2433,0.33553500660501984,0.16248348745046234,0.6938168846611177,0.0035671819262782403,92,0.8315217391304348,0.30434782608695654,7.260869565217392,0.32608695652173914,14.76,14.46,14.28,13.34,0,-1,1
723,1205741100,4,14,14,14,13,2922,0.5454545454545454,0.0640495867768595,0.561491935483871,0.10080645161290322,5226,0.5156110473274652,0.5834290088021431,4.112131649445082,0.3768497257303228,2186,0.3231083844580777,0.05725971370143149,0.36551724137931035,0.10344827586206896,5624,0.6796467520151735,0.6006401137980085,3.936166429587482,0.35933795637743,2435,0.33509234828496043,0.16226912928759896,0.6939988116458705,0.0035650623885918,92,0.8315217391304348,0.30434782608695654,7.260869565217392,0.32608695652173914,14.72,14.42,14.26,13.32,0,0,1
724,1205741101,4,15,15,14,13,2924,0.5454076367389061,0.06398348813209494,0.561491935483871,0.10080645161290322,5232,0.5156887104994903,0.5835244648318043,4.112576452599388,0.37679982161060155,2190,0.3233492171545269,0.05718175629680054,0.3658872077028886,0.10453920220082531,5633,0.6793597254275405,0.6005680809515356,3.9362684182496004,0.35934078939582215,2441,0.3346456692913386,0.16141732283464566,0.6931750741839763,0.0035608308605341245,92,0.8315217391304348,0.30434782608695654,7.260869565217392,0.32608695652173914,14.74,14.44,14.24,13.3,0,1,2
725,1205741102,4,16,12,16,12,2927,0.5461102524471921,0.06388459556929418,0.561491935483871,0.10080645161290322,5234,0.5158737740415233,0.5836836071837982,4.112724493695071,0.37675136925232466,2193,0.3235893949694086,0.05710401087695445,0.36538461538461536,0.1043956043956044,5643,0.6791304861480304,0.6003898635477583,3.936381357433989,0.3592799338413373,2446,0.33420707732634336,0.16120576671035386,0.6933096506808762,0.003552397868561279,92,0.8315217391304348,0.30434782608695654,7.260869565217392,0.32608695652173914,14.78,14.36,14.34,13.26,4,0,4
726,1205741103,4,16,14,11,12,2933,0.5462962962962963,0.06378600823045268,0.5608040201005026,0.10050251256281408,5241,0.5155663677415251,0.5836672390765121,4.112955542835337,0.37677288049354457,2193,0.3235893949694086,0.05710401087695445,0.36538461538461536,0.1043956043956044,5655,0.6791924550545244,0.6001768346595933,3.9359858532272325,0.3593132920719127,2448,0.33420707732634336,0.16120576671035386,0.693672383205204,0.0035481963335304554,92,0.8315217391304348,0.30434782608695654,7.260869565217392,0.32608695652173914,14.82,14.36,14.26,13.22,2,5,4
727,1205741104,4,10,10,13,10,2933,0.5462962962962963,0.06378600823045268,0.5608040201005026,0.10050251256281408,5250,0.5157301587301587,0.584,4.1140952380952385,0.3766984126984128,2194,0.3233695652173913,0.057065217391304345,0.36538461538461536,0.1043956043956044,5666,0.6787563242734443,0.6000705965407696,3.9382280268266854,0.35936580774208726,2450,0.3333333333333333,0.16209150326797386,0.693672383205204,0.0035481963335304554,92,0.8315217391304348,0.30434782608695654,7.260869565217392,0.32608695652173914,14.74,14.22,14.28,13.16,0,-3,0
728,1205741105,4,14,13,15,12,2934,0.5465295629820052,0.06375321336760925,0.5608040201005026,0.10050251256281408,5257,0.5156141018324772,0.5845539280958721,4.113562868556211,0.3767674846236765,2196,0.3229308005427408,0.057666214382632294,0.36538461538461536,0.1043956043956044,5674,0.6788567735871229,0.5999295029961227,3.937433909058865,0.35925566913406176,2458,0.33376623376623377,0.16363636363636364,0.6936245572609209,0.0035419126328217238,92,0.8315217391304348,0.30434782608695654,7.260869565217392,0.32608695652173914,14.7,14.22,14.28,13.16,1,-1,2
729,1205741106,4,15,15,14,13,2937,0.5464817668207499,0.06368772470467386,0.5612449799196787,0.10040160642570281,5263,0.5157863069225409,0.5840775223256698,4.113623408702261,0.3767654696307557,2198,0.3229308005427408,0.057666214382632294,0.36575342465753424,0.10410958904109589,5685,0.6788331867487545,0.6,3.9368513632365874,0.35919085312225146,2462,0.33419689119170987,0.16321243523316062,0.6939858490566038,0.003537735849056604,92,0.8315217391304348,0.30434782608695654,7.260869565217392,0.32608695652173914,14.72,14.22,14.26,13.16,0,1,2
730,1205741107,4,14,14,13,10,2937,0.5464817668207499,0.06368772470467386,0.5612449799196787,0.10040160642570281,5271,0.5155726301144627,0.5839499146272055,4.114968696642004,0.37662050211851017,2200,0.3233898305084746,0.0576271186440678,0.36662106703146374,0.1039671682626539,5695,0.6788410886742762,0.6001755926251098,3.9381913959613697,0.35921861281826156,2464,0.3350582147477361,0.1630012936610608,0.6941661756040071,0.0035356511490866236,92,0.8315217391304348,0.30434782608695654,7.260869565217392,0.32608695652173914,14.72,14.22,14.26,13.1,0,1,4
731,1205741108,4,16,16,15,14,2940,0.5464340687532068,0.06413545407901487,0.5616850551654965,0.10030090270812438,5276,0.5154631033611321,0.5839651250947687,4.114101592115238,0.3766900429618399,2201,0.3233898305084746,0.0576271186440678,0.366120218579235,0.10382513661202186,5703,0.6786778888304406,0.5996843766438716,3.9381027529370507,0.3591969139049622,2470,0.3359173126614987,0.16279069767441862,0.6944770857814336,0.0035252643948296123,92,0.8315217391304348,0.30434782608695654,7.260869565217392,0.32608695652173914,14.72,14.22,14.24,13.08,0,1,2
732,1205741109,4,14,14,16,14,2941,0.5461538461538461,0.0641025641025641,0.5616850551654965,0.10030090270812438,5285,0.515121412803532,0.5839167455061495,4.113718070009461,0.37680542415641766,2203,0.3231707317073171,0.05758807588075881,0.3656207366984993,0.10368349249658936,5711,0.6788653475748561,0.5997198389073718,3.937489056207319,0.3591752757835755,2476,0.33505154639175255,0.163659793814433,0.6946072684642438,0.0035169988276670576,92,0.8315217391304348,0.30434782608695654,7.260869565217392,0.32608695652173914,14.66,14.2,14.24,13.08,0,-2,0
733,1205741110,4,17,16,12,13,2945,0.5468509984639017,0.06400409626216078,0.5621242484969939,0.10020040080160321,5293,0.5154764153913974,0.584356697525033,4.114301908180616,0.3766609988034512,2207,0.32297297297297295,0.05810810810810811,0.3656207366984993,0.10368349249658936,5718,0.6789378570595784,0.5998600909408884,3.9368660370759008,0.35926023084994746,2479,0.33462033462033464,0.16344916344916344,0.6949648711943794,0.00351288056206089,92,0.8315217391304348,0.30434782608695654,7.260869565217392,0.32608695652173914,14.7,14.2,14.16,13.06,1,5,4
734,1205741111,4,15,14,13,14,2949,0.5473145780051151,0.0639386189258312,0.563,0.1,5299,0.5152701767629112,0.5844498962068315,4.11398377052274,0.3766119393596277,2212,0.32434254888739045,0.05799055967633176,0.36462585034013606,0.10340136054421768,5726,0.6791244615205501,0.5997205728257073,3.936604959832344,0.3592385609500523,2484,0.3341902313624679,0.16323907455012854,0.695677570093458,0.0035046728971962616,92,0.8315217391304348,0.30434782608695654,7.260869565217392,0.32608695652173914,14.72,14.18,14.12,13.06,1,2,1
735,1205741112,4,13,12,12,11,2953,0.5472662238119571,0.06387327542156362,0.562874251497006,0.0998003992015968,5305,0.5152529060634621,0.5847313854853912,4.113477851083883,0.37646874018221815,2216,0.3250336473755047,0.05787348586810229,0.3641304347826087,0.10326086956521739,5735,0.678930543446673,0.5994768962510898,3.9365300784655624,0.3591543156059284,2488,0.3341902313624679,0.16323907455012854,0.6958041958041958,0.0034965034965034965,92,0.8315217391304348,0.30434782608695654,7.260869565217392,0.32608695652173914,14.66,14.16,14.1,13.0,1,1,2
736,1205741113,4,15,15,13,11,2956,0.5469867211440245,0.06384065372829417,0.5627490039840638,0.099601593625498,5314,0.5148507088194706,0.5846819721490403,4.11441475348137,0.37644272989587263,2219,0.32526881720430106,0.05779569892473118,0.3649932157394844,0.10312075983717775,5744,0.6790854224698241,0.5995821727019499,3.9368036211699162,0.3592299210770658,2491,0.3337612323491656,0.16302952503209242,0.6961583236321304,0.0034924330616996507,92,0.8315217391304348,0.30434782608695654,7.260869565217392,0.32608695652173914,14.64,14.16,14.08,12.94,0,2,4
737,1205741114,4,17,13,14,13,2961,0.5479102956167177,0.063710499490316,0.5621890547263682,0.09950248756218906,5318,0.5150275792904601,0.5848063181647236,4.11432869499812,0.3763946345744015,2219,0.32526881720430106,0.05779569892473118,0.3649932157394844,0.10312075983717775,5755,0.6786562409498992,0.6,3.9365768896611644,0.35915146249637986,2495,0.3337612323491656,0.16302952503209242,0.6968641114982579,0.003484320557491289,92,0.8315217391304348,0.30434782608695654,7.260869565217392,0.32608695652173914,14.7,14.1,14.08,12.92,4,3,4
738,1205741115,4,14,14,15,15,2967,0.547025927808846,0.06405693950177936,0.5616302186878728,0.09940357852882704,5325,0.5149139280125196,0.5846009389671362,4.1139906103286386,0.376322378716745,2219,0.32526881720430106,0.05779569892473118,0.3649932157394844,0.10312075983717775,5763,0.6787841980450002,0.6002082248828735,3.9357973277806697,0.35921684307941454,2501,0.33290653008962867,0.16389244558258642,0.6969872537659328,0.0034762456546929316,92,0.8315217391304348,0.30434782608695654,7.260869565217392,0.32608695652173914,14.7,14.1,14.08,12.9,0,-1,-1
739,1205741116,4,16,15,13,15,2970,0.5469781615033011,0.06399187404773997,0.5620655412115194,0.09930486593843098,5331,0.5148971424998436,0.5846933033202026,4.114987807165635,0.3762270993559683,2221,0.3261744966442953,0.05771812080536913,0.3649932157394844,0.10312075983717775,5771,0.6790273205105996,0.5997227516894819,3.935366487610466,0.3592820423958874,2505,0.33290653008962867,0.16389244558258642,0.6965317919075145,0.003468208092485549,92,0.8315217391304348,0.30434782608695654,7.260869565217392,0.32608695652173914,14.68,14.12,14.02,12.92,1,3,1
740,1205741117,4,15,14,13,12,2974,0.5466531440162272,0.06440162271805273,0.5615079365079365,0.0992063492063492,5337,0.5150677659109362,0.5845980888139404,4.115795390668915,0.3761320342264694,2225,0.3275284661754856,0.05760214333556597,0.36449864498644985,0.10298102981029811,5779,0.6789525292726544,0.5997577435542482,3.9351098806021803,0.35939032127819104,2510,0.3333333333333333,0.16347381864623245,0.6964800923254472,0.003462204270051933,92,0.8315217391304348,0.30434782608695654,7.260869565217392,0.32608695652173914,14.68,14.12,14.04,12.88,1,2,3
741,1205741118,4,15,14,14,12,2979,0.5463291139240506,0.06481012658227848,0.5623762376237624,0.09900990099009901,5341,0.5150564813081195,0.5843475004680772,4.117393746489421,0.37603757099169954,2227,0.3279785809906292,0.05756358768406961,0.36400541271989173,0.10284167794316644,5791,0.679272434237035,0.5995510274563979,3.9383526161284754,0.3594658377942784,2511,0.3333333333333333,0.16347381864623245,0.6966551326412919,0.0034602076124567475,93,0.8333333333333334,0.3010752688172043,7.258064516129032,0.3279569892473118,14.7,14.12,14.06,12.86,1,1,3
742,1205741119,4,15,15,12,14,2986,0.5467407781707934,0.06467913087417888,0.562685093780849,0.09970384995064166,5346,0.5153229829155754,0.5845491956603067,4.117471006359895,0.3759664546701585,2229,0.32754010695187163,0.05815508021390375,0.36400541271989173,0.10284167794316644,5799,0.6796286716100483,0.5995861355406105,3.9379203310915676,0.35948726791975616,2515,0.3333333333333333,0.16347381864623245,0.6973532796317606,0.0034522439585730723,93,0.8333333333333334,0.3010752688172043,7.258064516129032,0.3279569892473118,14.74,14.16,13.98,12.9,0,3,1
743,1205741120,4,15,15,16,14,2993,0.5463709677419355,0.06451612903225806,0.5635467980295567,0.09950738916256158,5350,0.5154984423676012,0.5844859813084112,4.117570093457944,0.3759190031152649,2234,0.32777036048064084,0.05807743658210948,0.36253369272237196,0.10242587601078167,5809,0.6798645779537504,0.5997589946634533,3.937855052504734,0.3595570092385378,2516,0.3333333333333333,0.16347381864623245,0.6975273145485912,0.0034502587694077054,93,0.8333333333333334,0.3010752688172043,7.258064516129032,0.3279569892473118,14.7,14.14,14.0,12.94,0,-1,1
744,1205741121,4,16,15,14,12,2995,0.5463242698892246,0.06445115810674723,0.5635467980295567,0.09950738916256158,5358,0.5152886649247231,0.583986562150056,4.117021276595745,0.3759176309568248,2237,0.328,0.058,0.3633916554508748,0.10228802153432032,5816,0.6798200366804223,0.5997248968363136,3.937242090784044,0.35955410362219153,2522,0.33290816326530615,0.16326530612244897,0.6978211009174312,0.0034403669724770644,93,0.8333333333333334,0.3010752688172043,7.258064516129032,0.3279569892473118,14.74,14.18,14.0,12.94,1,2,4
745,1205741122,4,17,17,15,15,3006,0.5469141996989463,0.06422478675363773,0.5642787046123651,0.09911678115799803,5363,0.5153676424886569,0.5840014917024053,4.116166324818199,0.37594008328671774,2240,0.32756324900133155,0.05792276964047936,0.3629032258064516,0.10215053763440861,5822,0.6799782434444067,0.5999656475437993,3.9374785297148747,0.3595270811863047,2523,0.33290816326530615,0.16326530612244897,0.6979942693409742,0.0034383954154727794,93,0.8333333333333334,0.3010752688172043,7.258064516129032,0.3279569892473118,14.82,14.26,14.0,12.98,0,2,2
746,1205741123,4,15,14,12,12,3012,0.5473209814722083,0.06459689534301452,0.5631733594515181,0.098922624877571,5369,0.5153815111442229,0.5840938722294654,4.116781523561184,0.37598559632457945,2241,0.3273453093812375,0.05788423153692615,0.3629032258064516,0.10215053763440861,5832,0.6799268404206681,0.6001371742112482,3.9379286694101507,0.35946787837219923,2525,0.332484076433121,0.1643312101910828,0.6981672394043528,0.003436426116838488,93,0.8333333333333334,0.3010752688172043,7.258064516129032,0.3279569892473118,14.86,14.2,13.98,12.92,1,3,3
747,1205741124,4,15,15,14,13,3012,0.5473209814722083,0.06459689534301452,0.5631733594515181,0.098922624877571,5378,0.5155727036072889,0.5840461137969506,4.117701747861658,0.37610016115036576,2244,0.3282392026578073,0.05780730897009967,0.363758389261745,0.10201342281879194,5840,0.6803082191780827,0.6001712328767124,3.938527397260274,0.35948915525114145,2526,0.332484076433121,0.1643312101910828,0.6983400114481969,0.0034344590726960505,93,0.8333333333333334,0.3010752688172043,7.258064516129032,0.3279569892473118,14.84,14.24,13.92,12.94,0,1,2
748,1205741125,4,14,16,16,13,3014,0.5472736368184092,0.06453226613306653,0.5631733594515181,0.098922624877571,5387,0.5157941959037188,0.5843697790978281,4.1173194728049,0.37602871109461056,2247,0.3278035832780358,0.0577305905773059,0.3632707774798928,0.10187667560321716,5848,0.6801470588235299,0.6002051983584131,3.9399794801641588,0.3593963748290013,2528,0.332484076433121,0.1643312101910828,0.6981132075471698,0.003430531732418525,93,0.8333333333333334,0.3010752688172043,7.258064516129032,0.3279569892473118,14.82,14.3,13.94,12.94,-2,-2,1
749,1205741126,4,16,16,14,14,3017,0.5467266366816592,0.06446776611694154,0.5636007827788649,0.09882583170254403,5395,0.5160797034291009,0.5840593141797961,4.118257645968489,0.3760735248687057,2251,0.32781456953642385,0.0576158940397351,0.3627844712182062,0.10174029451137885,5855,0.6800170794193002,0.6003415883859948,3.939197267292912,0.3594363791631084,2531,0.332484076433121,0.1643312101910828,0.6980593607305936,0.003424657534246575,93,0.8333333333333334,0.3010752688172043,7.258064516129032,0.3279569892473118,14.86,14.32,13.9,12.94,0,2,2
750,1205741127,4,13,13,13,13,3023,0.547085201793722,0.06427503736920777,0.5636007827788649,0.09882583170254403,5402,0.5163365420214735,0.5844131803035912,4.117734172528693,0.37600271504381105,2255,0.3271645736946464,0.05750165234633179,0.3622994652406417,0.10160427807486631,5861,0.6799465392708871,0.60075072513223,3.939259512028664,0.35940965705510997,2535,0.33290978398983484,0.1639135959339263,0.6984036488027366,0.0034207525655644243,93,0.8333333333333334,0.3010752688172043,7.258064516129032,0.3279569892473118,14.84,14.34,13.88,12.96,0,0,0
751,1205741128,4,15,15,14,13,3029,0.5467661691542288,0.06417910447761194,0.5648780487804878,0.09853658536585366,5408,0.5162259615384615,0.584319526627219,4.117233727810651,0.37604783037475353,2255,0.3271645736946464,0.05750165234633179,0.3622994652406417,0.10160427807486631,5871,0.6798671435871236,0.6009197751660705,3.939703628002044,0.3593510475217168,2538,0.3320659062103929,0.16476552598225602,0.6985754985754986,0.003418803418803419,93,0.8333333333333334,0.3010752688172043,7.258064516129032,0.3279569892473118,14.82,14.36,13.88,12.94,0,1,2
752,1205741129,4,16,15,14,13,3031,0.5472166998011928,0.06411530815109344,0.5648780487804878,0.09853658536585366,5412,0.5162139689578713,0.5842572062084257,4.116592756836659,0.3760932495688594,2258,0.32739273927392737,0.05742574257425743,0.36315086782376504,0.10146862483311081,5879,0.67987753019221,0.6009525429494812,3.9394454839258377,0.3593723422350739,2544,0.3320659062103929,0.16476552598225602,0.6990346394094265,0.0034071550255536627,93,0.8333333333333334,0.3010752688172043,7.258064516129032,0.3279569892473118,14.82,14.36,13.9,12.96,1,2,3
753,1205741130,4,16,16,14,15,3036,0.5476190476190477,0.06398809523809523,0.564327485380117,0.09844054580896686,5421,0.515818114738978,0.5843940232429441,4.1165836561520015,0.37611449302096794,2259,0.32783641160949867,0.05738786279683377,0.36315086782376504,0.10146862483311081,5887,0.6799728214710383,0.6013249532869034,3.93884830983523,0.3594360455240359,2545,0.3320659062103929,0.16476552598225602,0.699205448354143,0.00340522133938706,93,0.8333333333333334,0.3010752688172043,7.258064516129032,0.3279569892473118,14.82,14.36,13.88,12.98,0,2,1
754,1205741131,4,16,13,13,12,3039,0.5468053491827637,0.06438831104507181,0.564327485380117,0.09844054580896686,5427,0.515616362631288,0.5841164547632209,4.116454763220933,0.3760671948897489,2261,0.3276203032300593,0.057350032959789056,0.364,0.10133333333333333,5896,0.6801221166892814,0.6015943012211669,3.9380936227951153,0.3595234056987788,2552,0.3316519546027743,0.16393442622950818,0.6997167138810199,0.0033994334277620396,93,0.8333333333333334,0.3010752688172043,7.258064516129032,0.3279569892473118,14.82,14.34,13.9,12.98,3,3,4
755,1205741132,4,14,15,13,14,3047,0.5454096742349457,0.06465942744323791,0.5647517039922103,0.09834469328140215,5433,0.5155991165102153,0.5842076200993926,4.117062396466041,0.37606601632001974,2263,0.32784726793943386,0.05727452271231073,0.364,0.10133333333333333,5904,0.680555555555556,0.6019647696476965,3.9375,0.35937499999999994,2555,0.3320754716981132,0.16352201257861634,0.6993204983012458,0.0033975084937712344,93,0.8333333333333334,0.3010752688172043,7.258064516129032,0.3279569892473118,14.8,14.34,13.88,13.0,-1,1,0
756,1205741133,4,11,11,12,13,3052,0.5446032528339083,0.06505667816658453,0.564625850340136,0.09815354713313897,5442,0.5156039446282003,0.5841602352076443,4.116868798235942,0.3760872228347422,2267,0.328515111695138,0.05716162943495401,0.36351531291611183,0.10119840213049268,5909,0.6803745698651779,0.6017938737519039,3.9370451853105433,0.3594093755288542,2561,0.3312421580928482,0.16311166875784192,0.6988700564971752,0.003389830508474576,93,0.8333333333333334,0.3010752688172043,7.258064516129032,0.3279569892473118,14.74,14.28,13.82,13.0,0,-1,-2
757,1205741134,4,12,16,14,13,3059,0.544023610427939,0.06492867683226758,0.564922480620155,0.09883720930232558,5449,0.5159509390102158,0.5843273995228482,4.117269223710773,0.37597112620052614,2271,0.32808398950131235,0.05708661417322835,0.36254980079681276,0.10092961487383798,5915,0.6803606649760501,0.6015215553677092,3.936263736263736,0.3593406593406593,2563,0.3312421580928482,0.16311166875784192,0.6992099322799097,0.003386004514672686,93,0.8333333333333334,0.3010752688172043,7.258064516129032,0.3279569892473118,14.68,14.36,13.84,13.0,-4,-2,-1
758,1205741135,4,17,19,13,14,3064,0.5442043222003929,0.06483300589390963,0.5647969052224371,0.09864603481624758,5454,0.5160279916880576,0.5843417675100844,4.117711771177118,0.3759014790367926,2275,0.32765399737876805,0.057667103538663174,0.36423841059602646,0.10066225165562914,5921,0.6806001238529532,0.6017564600574228,3.9353149805776053,0.3593846760119348,2570,0.33208020050125314,0.16290726817042606,0.6996625421822272,0.003374578177727784,93,0.8333333333333334,0.3010752688172043,7.258064516129032,0.3279569892473118,14.72,14.4,13.78,12.96,-2,4,3
759,1205741136,4,13,14,15,12,3068,0.5434036292300147,0.06522805296714075,0.5652173913043478,0.09855072463768116,5464,0.5157241337237676,0.5843704245973645,4.116581259150805,0.37594558321132265,2278,0.3274394237066143,0.05762933857236411,0.3632760898282695,0.10039630118890357,5927,0.6806703784938984,0.6018221697317361,3.9350430234519993,0.3593161239525335,2575,0.33208020050125314,0.16290726817042606,0.699383062254627,0.0033651149747616375,93,0.8333333333333334,0.3010752688172043,7.258064516129032,0.3279569892473118,14.68,14.4,13.8,12.96,-1,-2,1
760,1205741137,4,15,16,15,14,3073,0.544297601566324,0.06510034263338228,0.5646718146718147,0.09845559845559845,5469,0.5158011824221368,0.5845675626257085,4.116657524227464,0.37587615042359973,2281,0.3270111183780249,0.05755395683453238,0.3641160949868074,0.10026385224274406,5934,0.6809066397034046,0.6019548365352207,3.9354566902595214,0.3593135602741264,2577,0.33208020050125314,0.16290726817042606,0.699719887955182,0.0033613445378151263,93,0.8333333333333334,0.3010752688172043,7.258064516129032,0.3279569892473118,14.72,14.46,13.84,12.96,-1,0,1
761,1205741138,4,17,13,13,13,3077,0.5445205479452054,0.06506849315068493,0.5649663137632339,0.09817131857555342,5472,0.515975268031189,0.5844298245614035,4.11641081871345,0.37589851364522425,2284,0.3263707571801567,0.058093994778067884,0.3641160949868074,0.10026385224274406,5942,0.6809155166610573,0.6016492763379333,3.9360484685291146,0.3593346796813642,2583,0.33375,0.1625,0.6998323085522639,0.003353828954723309,94,0.8351063829787234,0.2978723404255319,7.25531914893617,0.3271276595744681,14.8,14.4,13.8,12.96,4,4,4
762,1205741139,4,12,12,14,14,3084,0.54345703125,0.06494140625,0.5662188099808061,0.09788867562380038,5479,0.5159244387661981,0.5845957291476547,4.116809636795035,0.37582892255277733,2288,0.3270358306188925,0.057980456026058634,0.36495388669301715,0.10013175230566534,5950,0.6807282913165271,0.6010084033613445,3.9356302521008404,0.35931372549019597,2583,0.33375,0.1625,0.6998323085522639,0.003353828954723309,94,0.8351063829787234,0.2978723404255319,7.25531914893617,0.3271276595744681,14.74,14.36,13.76,12.96,0,-2,-2
763,1205741140,4,16,16,15,12,3090,0.543859649122807,0.06481481481481481,0.5651340996168582,0.09770114942528736,5486,0.5158129784907035,0.584214363835217,4.1175720014582575,0.375759509053348,2289,0.3274739583333333,0.057942708333333336,0.36495388669301715,0.10013175230566534,5959,0.680902836046317,0.6012753817754657,3.9352240308776643,0.3592744867707109,2585,0.3333333333333333,0.16354556803995007,0.7,0.0033519553072625698,94,0.8351063829787234,0.2978723404255319,7.25531914893617,0.3271276595744681,14.74,14.38,13.78,12.92,0,1,4
764,1205741141,4,16,15,15,16,3095,0.5440389294403893,0.06472019464720194,0.5640535372848948,0.09847036328871893,5494,0.5156989443028758,0.5842737531852931,4.117582817619221,0.37575840310641917,2293,0.3283485045513654,0.05786736020806242,0.36530880420499345,0.09986859395532194,5965,0.6810282201732332,0.601173512154233,3.9364626990779548,0.3594160379994411,2587,0.3333333333333333,0.16354556803995007,0.6997767857142857,0.0033482142857142855,94,0.8351063829787234,0.2978723404255319,7.25531914893617,0.3271276595744681,14.82,14.4,13.84,13.02,1,1,0
765,1205741142,4,16,17,12,12,3098,0.543731778425656,0.06511175898931001,0.5640535372848948,0.09847036328871893,5501,0.5159516451554262,0.5846209780039993,4.117433193964733,0.3758256074653094,2298,0.32814526588845655,0.05771725032425422,0.3661417322834646,0.09973753280839895,5970,0.6810441094360696,0.6013400335008375,3.936850921273032,0.3594081518704633,2590,0.3333333333333333,0.16354556803995007,0.7002785515320334,0.003342618384401114,94,0.8351063829787234,0.2978723404255319,7.25531914893617,0.3271276595744681,14.88,14.48,13.78,12.96,-1,4,4
766,1205741143,4,18,16,14,16,3102,0.5436893203883495,0.06504854368932039,0.5648854961832062,0.0982824427480916,5508,0.5159616315662067,0.5851488743645606,4.117465504720407,0.3760288065843622,2300,0.327720207253886,0.05764248704663212,0.3661417322834646,0.09973753280839895,5978,0.6809969889595187,0.600869856139177,3.9362663098026096,0.3595962975354075,2592,0.33374844333748444,0.16313823163138233,0.7002785515320334,0.003342618384401114,94,0.8351063829787234,0.2978723404255319,7.25531914893617,0.3271276595744681,14.94,14.54,13.76,13.0,2,4,2
767,1205741144,4,14,14,14,13,3110,0.5435624394966118,0.06485963213939981,0.5647619047619048,0.09904761904761905,5513,0.5158866920611886,0.5851623435516053,4.117358969707963,0.37609589455227044,2305,0.3279430789133247,0.057567917205692105,0.36470588235294116,0.09934640522875816,5987,0.6809754468014034,0.6008017370970435,3.9361950893602806,0.35959857468960515,2592,0.33374844333748444,0.16313823163138233,0.7002785515320334,0.003342618384401114,94,0.8351063829787234,0.2978723404255319,7.25531914893617,0.3271276595744681,14.92,14.5,13.76,13.02,0,0,1
768,1205741145,4,14,15,13,15,3114,0.5432576123731271,0.06476558724021267,0.5651760228353948,0.09895337773549001,5518,0.5157514800048326,0.5849945632475535,4.11689017760058,0.3761175546695663,2306,0.3279430789133247,0.057567917205692105,0.3642297650130548,0.09921671018276762,5997,0.68086821188372,0.6006336501584125,3.9381357345339336,0.3596242565727307,2597,0.3341614906832298,0.16273291925465838,0.7007786429365962,0.0033370411568409346,94,0.8351063829787234,0.2978723404255319,7.25531914893617,0.3271276595744681,14.88,14.48,13.72,13.06,-1,1,-1
769,1205741146,4,15,16,14,14,3115,0.5432576123731271,0.06476558724021267,0.5655893536121673,0.09885931558935361,5528,0.5157229860106126,0.5852026049204052,4.11685962373372,0.3760250844187169,2311,0.32730794060684315,0.057456423499031635,0.36328125,0.09895833333333333,6007,0.6809000610398982,0.6001331779590477,3.9374063592475443,0.35964985294933677,2599,0.3349875930521092,0.16253101736972705,0.7009449694274597,0.0033351862145636463,94,0.8351063829787234,0.2978723404255319,7.25531914893617,0.3271276595744681,14.9,14.52,13.72,13.08,-1,1,1
770,1205741147,4,16,14,14,14,3116,0.5434782608695652,0.0647342995169082,0.5655893536121673,0.09885931558935361,5534,0.5157059390434887,0.5851102276834116,4.117455728225515,0.37602397301529944,2312,0.3270967741935484,0.05741935483870968,0.36328125,0.09895833333333333,6019,0.6804563327241516,0.5999335437780362,3.9370327296893173,0.35968045633272405,2604,0.3341584158415842,0.16212871287128713,0.7014428412874584,0.003329633740288568,94,0.8351063829787234,0.2978723404255319,7.25531914893617,0.3271276595744681,14.9,14.5,13.8,13.1,2,2,2
771,1205741148,4,15,16,13,13,3117,0.5432158377595364,0.06470304200869145,0.5655893536121673,0.09885931558935361,5542,0.5158637074461686,0.5851678094550704,4.118729700469145,0.3760676049560929,2318,0.3273311897106109,0.057234726688102894,0.3641092327698309,0.0988296488946684,6024,0.6802788844621517,0.6000996015936255,3.937250996015936,0.35971392208942,2606,0.3341584158415842,0.16212871287128713,0.7017738359201774,0.0033259423503325942,94,0.8351063829787234,0.2978723404255319,7.25531914893617,0.3271276595744681,14.88,14.54,13.76,13.12,-1,2,2
772,1205741149,4,17,17,16,15,3124,0.5440963855421687,0.06457831325301205,0.566824644549763,0.0985781990521327,5547,0.5162099633435491,0.585541734270777,4.118442401297999,0.3759990385193198,2319,0.32712082262210795,0.05719794344473008,0.3641092327698309,0.0988296488946684,6033,0.6802585778219794,0.6001989060169071,3.9375103596883805,0.35975744516271607,2609,0.3337453646477132,0.1619283065512979,0.7021040974529347,0.0033222591362126247,94,0.8351063829787234,0.2978723404255319,7.25531914893617,0.3271276595744681,14.96,14.62,13.8,13.18,0,1,2
773,1205741150,4,14,11,13,12,3129,0.5442733397497593,0.06448508180943215,0.5666982024597919,0.09839167455061495,5551,0.5161082087311595,0.585480093676815,4.118717348225545,0.3759983186212695,2323,0.32734274711168165,0.05712451861360719,0.364461738002594,0.09857328145265888,6039,0.6805762543467464,0.6002649445272397,3.938069216757741,0.3597449908925318,2612,0.3333333333333333,0.16296296296296298,0.702433628318584,0.00331858407079646,96,0.8385416666666666,0.2916666666666667,7.260416666666667,0.3255208333333333,14.96,14.56,13.78,13.16,3,1,2
774,1205741151,4,17,14,12,14,3132,0.5447115384615384,0.06442307692307692,0.5661625708884688,0.09829867674858223,5557,0.5162407773978765,0.5853877991722152,4.118049307180133,0.37613220562653715,2327,0.3269230769230769,0.05705128205128205,0.36351875808538164,0.09961190168175937,6045,0.6806451612903229,0.6001654259718776,3.937799834574028,0.3597601323407774,2619,0.33292231812577067,0.16276202219482122,0.7017640573318633,0.0033076074972436605,96,0.8385416666666666,0.2916666666666667,7.260416666666667,0.3255208333333333,15.0,14.54,13.74,13.18,3,5,3
775,1205741152,4,15,15,14,14,3137,0.5448871819491119,0.0643302928468555,0.5660377358490566,0.09811320754716982,5564,0.5163401629523124,0.585549964054637,4.117721063982747,0.37610831536065187,2331,0.326935380678183,0.05694177863083813,0.3643410852713178,0.09948320413436693,6050,0.6806611570247937,0.6003305785123967,3.937520661157025,0.35975206611570243,2622,0.33292231812577067,0.16276202219482122,0.7017061089708311,0.003302146395156852,96,0.8385416666666666,0.2916666666666667,7.260416666666667,0.3255208333333333,14.98,14.6,13.7,13.22,0,1,1
776,1205741153,4,15,14,13,12,3142,0.5443219932918064,0.06468615237182558,0.5655042412818096,0.09802073515551367,5572,0.5164064369466379,0.5852476669059583,4.117731514716439,0.37606185690356553,2331,0.326935380678183,0.05694177863083813,0.3643410852713178,0.09948320413436693,6059,0.6809704571711507,0.6002640699785443,3.9374484238323157,0.35975408483248056,2626,0.3333333333333333,0.16236162361623616,0.7014843320505773,0.003298515667949423,96,0.8385416666666666,0.2916666666666667,7.260416666666667,0.3255208333333333,14.96,14.6,13.74,13.22,1,2,3
777,1205741154,4,16,15,13,13,3145,0.5444976076555024,0.0645933014354067,0.5655042412818096,0.09802073515551367,5580,0.5162037037037037,0.5851254480286738,4.117562724014337,0.3759707287933095,2332,0.326935380678183,0.05694177863083813,0.3638709677419355,0.09935483870967741,6069,0.6810841983852367,0.600263634865711,3.937057175811501,0.35973801285219964,2627,0.3333333333333333,0.16236162361623616,0.7016483516483516,0.0032967032967032967,96,0.8385416666666666,0.2916666666666667,7.260416666666667,0.3255208333333333,15.08,14.7,13.74,13.28,1,3,3
778,1205741155,4,17,15,15,14,3148,0.5444550669216062,0.06500956022944551,0.5649717514124294,0.09792843691148775,5586,0.516156462585034,0.5852130325814536,4.118152524167562,0.37605919560806783,2334,0.3273657289002558,0.05690537084398977,0.3634020618556701,0.09922680412371133,6076,0.6809167215273209,0.5999012508229098,3.937623436471363,0.3598584595128373,2633,0.3333333333333333,0.16236162361623616,0.7020810514786419,0.0032858707557502738,96,0.8385416666666666,0.2916666666666667,7.260416666666667,0.3255208333333333,15.14,14.74,13.74,13.32,2,2,3
779,1205741156,4,14,14,15,14,3155,0.5441106342393897,0.0653314258464473,0.5657894736842105,0.09774436090225563,5591,0.5162314433911643,0.5852262564836345,4.117152566624933,0.376125320455494,2341,0.32653061224489793,0.056760204081632654,0.3632862644415918,0.09884467265725289,6082,0.6809848733969092,0.5998026964814206,3.9381782308451165,0.3599145018086155,2635,0.3337423312883436,0.1619631901840491,0.7020810514786419,0.0032858707557502738,96,0.8385416666666666,0.2916666666666667,7.260416666666667,0.3255208333333333,15.12,14.72,13.76,13.34,0,-1,0
780,1205741157,4,16,16,15,13,3158,0.543592186755598,0.06526917579799904,0.5661971830985916,0.09765258215962441,5598,0.5161218292247232,0.5853876384423008,4.117363344051447,0.37605692509229494,2346,0.32633587786259544,0.056615776081424936,0.3641025641025641,0.09871794871794871,6091,0.6809089914080888,0.5999014940075521,3.9374486947956,0.3599573140699392,2639,0.3329253365973072,0.16156670746634028,0.7018599562363238,0.0032822757111597373,96,0.8385416666666666,0.2916666666666667,7.260416666666667,0.3255208333333333,15.16,14.76,13.8,13.4,0,1,3
781,1205741158,4,14,14,14,13,3159,0.5438095238095239,0.06523809523809523,0.5661971830985916,0.09765258215962441,5606,0.516009632536568,0.5854441669639672,4.1168391009632535,0.37601082173861344,2348,0.32655654383735705,0.056543837357052096,0.3641025641025641,0.09871794871794871,6101,0.6809402830137139,0.5995738403540403,3.9380429437797084,0.3599273343167786,2641,0.3329253365973072,0.16156670746634028,0.7021857923497268,0.003278688524590164,96,0.8385416666666666,0.2916666666666667,7.260416666666667,0.3255208333333333,15.12,14.72,13.78,13.38,0,0,1
782,1205741159,4,15,15,13,15,3162,0.544243577545195,0.06517602283539486,0.5666041275797373,0.0975609756097561,5614,0.5156305664410402,0.5851442821517634,4.1163163519772,0.37587578672366706,2350,0.32655654383735705,0.056543837357052096,0.3631713554987212,0.09846547314578005,6109,0.6810307197031705,0.5994434440988705,3.9381240792273693,0.3599879958531128,2645,0.3329253365973072,0.16156670746634028,0.7022900763358778,0.003271537622682661,96,0.8385416666666666,0.2916666666666667,7.260416666666667,0.3255208333333333,15.14,14.74,13.72,13.4,0,2,0
783,1205741160,4,14,17,15,14,3165,0.5439847836424156,0.06514503090822635,0.5674157303370787,0.09737827715355805,5624,0.5156916785206259,0.5846372688477952,4.11628733997155,0.37591868183973454,2355,0.32741116751269034,0.056472081218274114,0.3630573248407643,0.0980891719745223,6114,0.6810462326900014,0.5994438992476284,3.9376840039254173,0.3600207174790098,2649,0.3329253365973072,0.16156670746634028,0.7013057671381937,0.003264417845484222,96,0.8385416666666666,0.2916666666666667,7.260416666666667,0.3255208333333333,15.08,14.76,13.78,13.42,-3,-1,0
784,1205741161,4,13,13,13,14,3167,0.5437262357414449,0.0655893536121673,0.567820392890552,0.09728718428437792,5632,0.5158469460227273,0.5848721590909091,4.117009943181818,0.375872987689394,2355,0.32741116751269034,0.056472081218274114,0.3630573248407643,0.0980891719745223,6124,0.68129490529066,0.5992815153494448,3.9377857609405615,0.3600451774439363,2652,0.33251833740831294,0.16136919315403422,0.7016304347826087,0.003260869565217391,96,0.8385416666666666,0.2916666666666667,7.260416666666667,0.3255208333333333,15.04,14.74,13.78,13.42,0,0,-1
785,1205741162,4,13,17,14,13,3174,0.5441176470588235,0.06546489563567362,0.5671641791044776,0.09701492537313433,5636,0.5156582682753726,0.5848119233498935,4.116394606103619,0.37582801040927377,2359,0.3269961977186312,0.056400506970849175,0.3634053367217281,0.09783989834815757,6132,0.6815204392259189,0.5994781474233529,3.9381930854533596,0.360227766905849,2656,0.3329268292682927,0.16097560975609757,0.7014115092290988,0.003257328990228013,96,0.8385416666666666,0.2916666666666667,7.260416666666667,0.3255208333333333,15.04,14.84,13.82,13.46,-4,-1,0
786,1205741163,4,14,15,13,15,3178,0.5438180956892468,0.06584557081951682,0.5675675675675675,0.09692451071761417,5643,0.515638844586213,0.5847953216374269,4.1157185894028,0.37576052926930126,2363,0.32742241925269155,0.05636478784040532,0.3632911392405063,0.09873417721518987,6138,0.6815059194091455,0.5990550667970023,3.9382535027696317,0.3602422070164005,2660,0.3325213154689403,0.16199756394640683,0.7008130081300813,0.0032520325203252032,96,0.8385416666666666,0.2916666666666667,7.260416666666667,0.3255208333333333,15.02,14.84,13.82,13.54,-1,1,-1
787,1205741164,4,13,15,14,14,3182,0.543519394512772,0.06575212866603596,0.5679702048417132,0.09683426443202979,5651,0.5158821447531411,0.5844983188816139,4.115200849407184,0.3758036925617885,2367,0.3274336283185841,0.05625790139064475,0.3640960809102402,0.0986093552465234,6146,0.6815950753877863,0.5989261308167914,3.9386592905955093,0.36026141663954864,2663,0.3325213154689403,0.16199756394640683,0.7007575757575758,0.003246753246753247,96,0.8385416666666666,0.2916666666666667,7.260416666666667,0.3255208333333333,14.94,14.88,13.82,13.56,-2,-1,-1
788,1205741165,4,14,13,12,13,3189,0.5443396226415095,0.06556603773584906,0.5683720930232559,0.09674418604651162,5657,0.5160126097460374,0.5845854693300336,4.1145483471804845,0.37584703317423845,2370,0.32785849652558435,0.05622236260265319,0.36317780580075665,0.09836065573770492,6152,0.6814721499783271,0.5993172951885566,3.9387191157347203,0.36031642826181176,2667,0.33090909090909093,0.16242424242424242,0.7007575757575758,0.003246753246753247,96,0.8385416666666666,0.2916666666666667,7.260416666666667,0.3255208333333333,14.94,14.86,13.76,13.52,1,2,1
789,1205741166,4,13,14,15,16,3195,0.5437853107344632,0.06544256120527307,0.5691736304549675,0.09656453110492108,5665,0.5159311562224184,0.5844660194174758,4.114210061782877,0.3758899676375405,2371,0.32785849652558435,0.05622236260265319,0.36272040302267,0.0982367758186398,6159,0.6813200194836826,0.5992855983114141,3.939113492450073,0.3603534123504897,2673,0.3313180169286578,0.16203143893591293,0.6997840172786177,0.0032397408207343412,96,0.8385416666666666,0.2916666666666667,7.260416666666667,0.3255208333333333,14.88,14.84,13.8,13.54,-1,-2,-3
790,1205741167,4,13,14,15,12,3200,0.5434884814292431,0.06582040432534085,0.5681186283595923,0.0963855421686747,5669,0.5159787146469101,0.5845828188393014,4.1141294760980776,0.37593343917210564,2373,0.3282828282828283,0.05618686868686869,0.3622641509433962,0.09937106918238994,6167,0.6816523431165884,0.5993189557321226,3.9393546294794874,0.3602913356034808,2682,0.3329326923076923,0.1622596153846154,0.6998922413793104,0.003232758620689655,96,0.8385416666666666,0.2916666666666667,7.260416666666667,0.3255208333333333,14.84,14.84,13.84,13.54,-1,-2,1
791,1205741168,4,14,15,14,13,3202,0.5434476279943635,0.06622827618600281,0.5681186283595923,0.0963855421686747,5680,0.5160064553990611,0.5846830985915493,4.113028169014084,0.37608568075117377,2376,0.32849936948297603,0.056116015132408575,0.36180904522613067,0.0992462311557789,6174,0.6816083576287659,0.5992873339812115,3.93942338840298,0.3603012633624878,2686,0.33213429256594723,0.1630695443645084,0.7002152852529602,0.0032292787944025836,96,0.8385416666666666,0.2916666666666667,7.260416666666667,0.3255208333333333,14.82,14.86,13.84,13.56,-1,0,1
792,1205741169,4,17,15,15,12,3206,0.5438761145002347,0.0661661191928672,0.5689176688251619,0.09620721554116558,5684,0.5161711236218626,0.5847994370161858,4.1127726952850105,0.37599695050433973,2380,0.329137822529893,0.05601006922592826,0.3613550815558344,0.09912170639899624,6182,0.6816968618570044,0.5989970883209318,3.9395017793594307,0.36040116467162725,2690,0.3317365269461078,0.16407185628742516,0.6996238581407845,0.0032240730789897904,96,0.8385416666666666,0.2916666666666667,7.260416666666667,0.3255208333333333,14.86,14.86,13.9,13.52,2,2,5
793,1205741170,4,14,14,13,14,3210,0.5440487347703843,0.06607310215557638,0.5693160813308688,0.09611829944547134,5691,0.5159462308908804,0.5847829906870498,4.112458267439817,0.37592983072687874,2380,0.329137822529893,0.05601006922592826,0.3613550815558344,0.09912170639899624,6193,0.6816163410301955,0.5989019861133538,3.9397707088648475,0.3603665428709833,2693,0.3317365269461078,0.16407185628742516,0.700107296137339,0.003218884120171674,96,0.8385416666666666,0.2916666666666667,7.260416666666667,0.3255208333333333,14.84,14.84,13.84,13.52,0,1,0
794,1205741171,4,15,14,13,13,3212,0.5444756554307116,0.06601123595505617,0.5693160813308688,0.09611829944547134,5696,0.5160492743445694,0.5847963483146067,4.112183988764045,0.37599485018726597,2384,0.3285175879396985,0.055904522613065326,0.36215538847117795,0.09899749373433583,6203,0.68156537159439,0.5990649685635983,3.9392229566338868,0.36032296200763064,2699,0.3329355608591885,0.16348448687350836,0.7000535618639528,0.0032137118371719335,96,0.8385416666666666,0.2916666666666667,7.260416666666667,0.3255208333333333,14.82,14.82,13.82,13.54,1,2,2
795,1205741172,4,16,16,13,12,3216,0.5446470313230481,0.06638616175783076,0.5687903970452447,0.09602954755309326,5702,0.5159446977668655,0.5848824973693441,4.112065941774816,0.37603764760902614,2387,0.3285266457680251,0.05579937304075235,0.36215538847117795,0.09899749373433583,6212,0.680980360592402,0.5991629104958146,3.93947198969736,0.3603241038849538,2701,0.3333333333333333,0.1630952380952381,0.7000535618639528,0.0032137118371719335,96,0.8385416666666666,0.2916666666666667,7.260416666666667,0.3255208333333333,14.8,14.8,13.78,13.48,0,3,4
796,1205741173,4,15,11,11,12,3217,0.5448598130841121,0.06635514018691589,0.5687903970452447,0.09602954755309326,5711,0.5162405883382946,0.5844860794957101,4.1115391350026265,0.3761016751298664,2393,0.3285356695869837,0.05569461827284105,0.36079900124843944,0.0986267166042447,6216,0.6811856499356501,0.5992599742599742,3.9393500643500645,0.3602531102531102,2708,0.3329369797859691,0.16409036860879905,0.6988788040576615,0.003203416978109984,96,0.8385416666666666,0.2916666666666667,7.260416666666667,0.3255208333333333,14.8,14.74,13.76,13.48,4,4,3
797,1205741174,4,14,13,17,17,3222,0.5454969668688754,0.06626224918338777,0.567741935483871,0.0967741935483871,5720,0.5159527972027972,0.5844405594405594,4.112062937062937,0.3759469696969697,2395,0.32833020637898686,0.05565978736710444,0.36159600997506236,0.09850374064837905,6226,0.6813764857051078,0.5992611628654031,3.939929328621908,0.3602767962308598,2709,0.3329369797859691,0.16409036860879905,0.6990394877267876,0.0032017075773745998,96,0.8385416666666666,0.2916666666666667,7.260416666666667,0.3255208333333333,14.78,14.7,13.82,13.56,1,-3,-3
798,1205741175,4,14,14,12,14,3223,0.5457089552238806,0.06623134328358209,0.567741935483871,0.0967741935483871,5730,0.5163612565445026,0.5848167539267015,4.114310645724259,0.37590168702734156,2399,0.3283395755305868,0.056179775280898875,0.36239103362391034,0.09838107098381071,6232,0.6810413992297819,0.59900513478819,3.939987163029525,0.3602909713307659,2709,0.3329369797859691,0.16409036860879905,0.6990394877267876,0.0032017075773745998,96,0.8385416666666666,0.2916666666666667,7.260416666666667,0.3255208333333333,14.78,14.66,13.74,13.58,0,2,0
799,1205741176,4,17,15,12,15,3227,0.5458779692594318,0.06613879832324174,0.5681399631675875,0.09668508287292818,5737,0.5166027540526408,0.5849747254662716,4.115391319504968,0.375835221660566,2401,0.32917705735660846,0.05610972568578554,0.36239103362391034,0.09838107098381071,6240,0.6810496794871796,0.5990384615384615,3.939583333333333,0.360309829059829,2712,0.3329369797859691,0.16409036860879905,0.6995205114544486,0.0031965903036760787,96,0.8385416666666666,0.2916666666666667,7.260416666666667,0.3255208333333333,14.8,14.64,13.7,13.6,2,5,2
800,1205741177,4,16,16,15,15,3231,0.5462575546257554,0.06601580660158066,0.5681399631675875,0.09668508287292818,5742,0.5166753744339951,0.5851619644723093,4.117032392894462,0.3757691861140138,2404,0.32897196261682243,0.056074766355140186,0.3627329192546584,0.09813664596273292,6250,0.6810533333333334,0.59888,3.94128,0.3604533333333333,2714,0.332541567695962,0.16389548693586697,0.6996805111821086,0.003194888178913738,97,0.8298969072164949,0.28865979381443296,7.268041237113402,0.3247422680412371,14.86,14.7,13.74,13.64,0,1,1
801,1205741178,4,16,16,12,13,3235,0.5459610027855153,0.06592386258124419,0.5685372585096596,0.09659613615455381,5748,0.5164839944328462,0.5848990953375087,4.116214335421016,0.3757683832057528,2405,0.32938978829389787,0.05603985056039851,0.3627329192546584,0.09813664596273292,6259,0.680713106460031,0.5989774724396868,3.940725355488097,0.36041433668850187,2719,0.3333333333333333,0.16370106761565836,0.6997874601487779,0.003188097768331562,97,0.8298969072164949,0.28865979381443296,7.268041237113402,0.3247422680412371,14.88,14.72,13.7,13.64,0,4,3
802,1205741179,4,16,15,14,15,3239,0.5459183673469388,0.06586270871985157,0.5684113865932048,0.09641873278236915,5756,0.5166927264303915,0.584954829742877,4.116052814454482,0.3758107482047719,2408,0.32960199004975127,0.055970149253731345,0.36352357320099254,0.09801488833746898,6265,0.6804336259643523,0.5990422984836392,3.9399840383080607,0.360388401170524,2724,0.3341232227488152,0.16350710900473933,0.6998939554612937,0.003181336161187699,97,0.8298969072164949,0.28865979381443296,7.268041237113402,0.3247422680412371,14.88,14.72,13.7,13.68,1,2,1
803,1205741180,4,16,13,11,13,3244,0.5451597962019453,0.0666975451597962,0.5692025664527957,0.09624197983501374,5764,0.5170165394402035,0.5850104094378904,4.115197779319916,0.3757662502891511,2410,0.3300186451211933,0.05593536357986327,0.3630731102850062,0.09913258983890955,6272,0.6804714073129252,0.5991709183673469,3.9395727040816326,0.36026519982993194,2727,0.3349112426035503,0.16331360946745563,0.7002118644067796,0.0031779661016949155,97,0.8298969072164949,0.28865979381443296,7.268041237113402,0.3247422680412371,14.88,14.66,13.64,13.64,3,5,3
804,1205741181,4,17,17,15,13,3247,0.5453703703703704,0.06666666666666667,0.5699908508691675,0.09606587374199452,5772,0.5171662046662047,0.5850658350658351,4.1141718641718645,0.37572187572187576,2413,0.3302296710117939,0.055865921787709494,0.36386138613861385,0.09900990099009901,6278,0.6802192842731232,0.5992354252946799,3.939311882765212,0.3603191037485398,2729,0.33569739952718675,0.16312056737588654,0.7003705664372684,0.0031762837480148226,97,0.8298969072164949,0.28865979381443296,7.268041237113402,0.3247422680412371,14.9,14.74,13.68,13.66,0,2,4
805,1205741182,4,15,14,15,13,3250,0.5455807496529385,0.06663581675150393,0.5689497716894977,0.0958904109589041,5780,0.5169694348327567,0.5849480968858132,4.113494809688581,0.37576412918108426,2418,0.32961586121437425,0.0563816604708798,0.362962962962963,0.09876543209876543,6286,0.6804671757344364,0.5991091314031181,3.9393891186764236,0.3603377876763177,2730,0.33569739952718675,0.16312056737588654,0.7005291005291006,0.0031746031746031746,97,0.8298969072164949,0.28865979381443296,7.268041237113402,0.3247422680412371,14.92,14.72,13.72,13.64,1,0,2
806,1205741183,4,15,14,11,12,3257,0.5448243992606284,0.066543438077634,0.5696087352138307,0.09645131938125569,5787,0.5168913081043719,0.5851045446690859,4.114394332123726,0.375828005299234,2422,0.3302411873840445,0.05627705627705628,0.3625154130702836,0.09864364981504316,6292,0.6806924136469592,0.5991735537190083,3.9391290527654164,0.3602855477855478,2733,0.33568904593639576,0.16372202591283863,0.7005291005291006,0.0031746031746031746,97,0.8298969072164949,0.28865979381443296,7.268041237113402,0.3247422680412371,15.0,14.78,13.7,13.62,1,4,3
807,1205741184,4,17,17,16,16,3264,0.5449930779880019,0.06645131518227965,0.5702629193109701,0.09610154125113328,5789,0.5167127310416306,0.585247883917775,4.1141820694420455,0.37582771923763464,2427,0.33024691358024694,0.05617283950617284,0.3628536285362854,0.0984009840098401,6301,0.6809897899804265,0.5987938422472623,3.939374702428186,0.3602470507326879,2735,0.33568904593639576,0.16372202591283863,0.7008456659619451,0.003171247357293869,97,0.8298969072164949,0.28865979381443296,7.268041237113402,0.3247422680412371,15.1,14.8,13.74,13.68,0,1,1
808,1205741185,4,16,15,13,13,3270,0.545412632549562,0.06639004149377593,0.5700090334236676,0.0957542908762421,5792,0.5167040745856354,0.5854627071823204,4.113604972375691,0.3758057090239411,2429,0.3300431832202344,0.056138186304750155,0.36240786240786244,0.09950859950859951,6310,0.6811278394083465,0.5985736925515055,3.9396196513470683,0.36032752245113575,2741,0.3372502937720329,0.16333725029377202,0.7009493670886076,0.0031645569620253164,97,0.8298969072164949,0.28865979381443296,7.268041237113402,0.3247422680412371,15.08,14.72,13.74,13.66,1,3,3
809,1205741186,4,14,15,13,14,3274,0.5453707968678029,0.06632888070013819,0.5707844905320109,0.09558160504959423,5801,0.5165919669022583,0.5850715393897604,4.112911566971212,0.37573981497442976,2433,0.3302526186075169,0.056069008009858284,0.3627450980392157,0.09926470588235294,6317,0.6810854308479765,0.5987019154662023,3.9400031660598387,0.36032399345680965,2744,0.3368544600938967,0.16314553990610328,0.7002107481559536,0.003161222339304531,97,0.8298969072164949,0.28865979381443296,7.268041237113402,0.3247422680412371,15.1,14.74,13.7,13.7,-1,1,0
810,1205741187,4,16,12,13,13,3274,0.5453707968678029,0.06632888070013819,0.5707844905320109,0.09558160504959423,5809,0.5166551902220692,0.5851265278016871,4.112583921501119,0.37560968611924034,2433,0.3302526186075169,0.056069008009858284,0.3627450980392157,0.09926470588235294,6329,0.6810317585716543,0.5983567704218676,3.9391689050402907,0.3603123189550745,2746,0.3376318874560375,0.16295427901524032,0.7003686150605581,0.00315955766192733,97,0.8298969072164949,0.28865979381443296,7.268041237113402,0.3247422680412371,15.12,14.66,13.66,13.68,4,3,3
811,1205741188,4,16,11,14,14,3278,0.5453290381960424,0.06672802577082375,0.5706570657065707,0.0963096309630963,5814,0.5167268661850705,0.5849673202614379,4.113175094599243,0.3755016626533655,2435,0.3304615384615385,0.056,0.3627450980392157,0.09926470588235294,6338,0.6810113600504891,0.5984537709056484,3.938939728621016,0.3602740086252235,2750,0.3376318874560375,0.16295427901524032,0.7009984235417761,0.0031529164477141357,97,0.8298969072164949,0.28865979381443296,7.268041237113402,0.3247422680412371,15.1,14.62,13.68,13.7,5,2,2
812,1205741189,4,13,18,16,15,3280,0.5452873563218391,0.06666666666666667,0.5706570657065707,0.0963096309630963,5823,0.5167010132234243,0.5849218615833762,4.112484973381418,0.37540786536149756,2436,0.33025830258302585,0.055965559655596554,0.3627450980392157,0.09926470588235294,6346,0.6810983296564765,0.5988023952095808,3.9385439647021747,0.3601743880659733,2753,0.3372365339578454,0.16276346604215455,0.7013123359580052,0.0031496062992125984,97,0.8298969072164949,0.28865979381443296,7.268041237113402,0.3247422680412371,15.12,14.74,13.72,13.72,-5,-3,-2
813,1205741190,4,15,16,16,14,3284,0.5452457510335323,0.0666054203031695,0.5696316262353999,0.09703504043126684,5829,0.5165980442614514,0.5850060044604564,4.112026076513982,0.3753645565277064,2437,0.3306699446834665,0.055931161647203444,0.3627450980392157,0.09926470588235294,6358,0.6813856558666247,0.5986159169550173,3.9385026737967914,0.3602285834119744,2754,0.3372365339578454,0.16276346604215455,0.7014690451206715,0.0031479538300104933,97,0.8298969072164949,0.28865979381443296,7.268041237113402,0.3247422680412371,15.1,14.74,13.74,13.76,-1,-1,1
814,1205741191,4,13,16,14,13,3285,0.5454545454545454,0.06657483930211203,0.5696316262353999,0.09703504043126684,5839,0.5162270936804247,0.5850316835074499,4.111834218188046,0.3753639321801679,2443,0.33026960784313725,0.05575980392156863,0.3623011015911873,0.09914320685434516,6363,0.6813217035989313,0.5986170045575986,3.939179632248939,0.3602205458641102,2757,0.3372365339578454,0.16276346604215455,0.7008905185961236,0.003143006809848088,98,0.8214285714285714,0.2857142857142857,7.26530612244898,0.3239795918367347,15.04,14.76,13.72,13.7,-3,-1,0
815,1205741192,4,15,13,15,15,3290,0.5458295142071494,0.06645279560036664,0.5700179533213644,0.09694793536804308,5846,0.5163787204926445,0.5846732808758125,4.112555593568252,0.375342114266165,2444,0.33026960784313725,0.05575980392156863,0.363080684596577,0.09902200488997555,6370,0.6812271062271062,0.5984301412872841,3.939403453689168,0.3602564102564102,2761,0.3368421052631579,0.16374269005847952,0.7013598326359832,0.0031380753138075313,98,0.8214285714285714,0.2857142857142857,7.26530612244898,0.3239795918367347,15.02,14.68,13.78,13.76,2,0,0
816,1205741193,4,18,14,14,14,3294,0.5464530892448513,0.06636155606407322,0.5695067264573991,0.0968609865470852,5853,0.5162737057919016,0.5846574406287374,4.11327524346489,0.37536306167777217,2448,0.3306845965770171,0.055623471882640586,0.363080684596577,0.09902200488997555,6377,0.681420208039308,0.5982436882546652,3.939783597302807,0.3603313992995661,2764,0.3368421052631579,0.16374269005847952,0.7018276762402089,0.003133159268929504,98,0.8214285714285714,0.2857142857142857,7.26530612244898,0.3239795918367347,15.02,14.64,13.78,13.72,4,4,4
817,1205741194,4,14,14,13,12,3296,0.5459533607681756,0.06630086877000457,0.5695067264573991,0.0968609865470852,5865,0.51615515771526,0.5846547314578006,4.1127024722932655,0.3754901960784314,2451,0.3308913308913309,0.05555555555555555,0.3626373626373626,0.0989010989010989,6383,0.6817196720455376,0.598151339495535,3.93921353595488,0.3603843542743746,2766,0.3368421052631579,0.16374269005847952,0.7016171100678142,0.003129890453834116,98,0.8214285714285714,0.2857142857142857,7.26530612244898,0.3239795918367347,15.02,14.64,13.76,13.7,0,1,2
818,1205741195,4,12,14,13,14,3299,0.5459113750571037,0.06624029237094564,0.5698924731182796,0.0967741935483871,5875,0.5162127659574468,0.5846808510638298,4.112510638297873,0.3754468085106384,2452,0.3308913308913309,0.05555555555555555,0.3621951219512195,0.09878048780487805,6391,0.6818051426485162,0.5981849475825379,3.93960256610859,0.360363532050279,2768,0.3368421052631579,0.16374269005847952,0.7019280875455967,0.003126628452318916,98,0.8214285714285714,0.2857142857142857,7.26530612244898,0.3239795918367347,14.98,14.62,13.76,13.68,-2,-1,-2
819,1205741196,4,16,15,14,13,3302,0.5456204379562044,0.06614963503649635,0.5698924731182796,0.0967741935483871,5882,0.51647682194265,0.5846650799047943,4.112376742604556,0.3755950357021422,2456,0.3313032886723508,0.055420219244823384,0.3621951219512195,0.09878048780487805,6398,0.6818406793789726,0.5984682713347921,3.9388871522350732,0.3602558091070126,2773,0.3364485981308411,0.16355140186915887,0.702548101924077,0.0031201248049922,98,0.8214285714285714,0.2857142857142857,7.26530612244898,0.3239795918367347,15.0,14.6,13.76,13.66,1,2,3
820,1205741197,4,16,16,12,14,3303,0.5456204379562044,0.06614963503649635,0.5693822739480752,0.09668755595344673,5887,0.5162646509257687,0.5845082384915916,4.112111431968745,0.37558745257912923,2458,0.33110164333536213,0.05599513085818624,0.3617539585870889,0.09866017052375152,6409,0.6820746866385812,0.5983772819472617,3.9378998283663598,0.3601445883393145,2779,0.337995337995338,0.16317016317016317,0.7021276595744681,0.0031136481577581734,98,0.8214285714285714,0.2857142857142857,7.26530612244898,0.3239795918367347,15.0,14.64,13.72,13.66,0,4,2
821,1205741198,4,15,17,14,13,3306,0.5455788514129444,0.06608933454876938,0.5697674418604651,0.09660107334525939,5892,0.5162225616655353,0.5846911065852003,4.112355736591989,0.37565059968318637,2462,0.33171324422843257,0.05589307411907655,0.3613138686131387,0.09854014598540146,6416,0.6822916666666667,0.5985037406483791,3.9370324189526182,0.3601413133832086,2785,0.3383720930232558,0.16279069767441862,0.7017089590885551,0.0031071983428275505,98,0.8214285714285714,0.2857142857142857,7.26530612244898,0.3239795918367347,15.0,14.66,13.74,13.66,-2,1,2
822,1205741199,4,14,16,14,13,3308,0.5459927140255009,0.06602914389799636,0.5697674418604651,0.09660107334525939,5901,0.5156894311698583,0.5841382816471784,4.112014912726656,0.375628424560809,2463,0.331511839708561,0.05585913782635094,0.3613138686131387,0.09854014598540146,6426,0.6824748417885673,0.5985060690943044,3.937441643323996,0.3600477227928208,2787,0.3383720930232558,0.16279069767441862,0.7009829280910502,0.0031039834454216243,98,0.8214285714285714,0.2857142857142857,7.26530612244898,0.3239795918367347,14.94,14.64,13.7,13.62,-2,0,1
823,1205741200,4,15,15,14,11,3310,0.5464058234758872,0.06596906278434941,0.5697674418604651,0.09660107334525939,5907,0.5160120760679421,0.5842221093617742,4.111731843575419,0.3756701089103325,2465,0.3313106796116505,0.055825242718446605,0.36087484811664644,0.09842041312272175,6435,0.6824009324009326,0.5986013986013986,3.937062937062937,0.35997150997150995,2793,0.33874709976798145,0.16357308584686775,0.701600413009809,0.003097573567372225,98,0.8214285714285714,0.2857142857142857,7.26530612244898,0.3239795918367347,14.96,14.72,13.72,13.6,0,1,4
824,1205741201,4,15,14,15,15,3315,0.5470240799636529,0.06587914584279873,0.5705357142857143,0.09642857142857143,5912,0.5162240640505188,0.5842354533152909,4.111975642760487,0.37573297248534065,2468,0.33070866141732286,0.05572380375529982,0.36087484811664644,0.09842041312272175,6444,0.6823013656114216,0.5986964618249534,3.93699565487275,0.35993430581419406,2795,0.33874709976798145,0.16357308584686775,0.7019082001031459,0.0030943785456420837,98,0.8214285714285714,0.2857142857142857,7.26530612244898,0.3239795918367347,14.92,14.72,13.78,13.62,1,0,0
825,1205741202,4,16,15,15,15,3317,0.5474353154788925,0.0658193372673627,0.5705357142857143,0.09642857142857143,5919,0.5162893506786057,0.5842203074843724,4.1118432167595875,0.37566875035197395,2468,0.33070866141732286,0.05572380375529982,0.36087484811664644,0.09842041312272175,6455,0.6822489026594373,0.5987606506584043,3.9364833462432225,0.3600180738445649,2800,0.33912037037037035,0.16435185185185186,0.7018537590113285,0.003089598352214212,98,0.8214285714285714,0.2857142857142857,7.26530612244898,0.3239795918367347,14.94,14.72,13.8,13.64,1,1,1
826,1205741203,4,16,14,13,15,3327,0.5471014492753623,0.06567028985507246,0.5706666666666667,0.09688888888888889,5928,0.5166863472784526,0.5843454790823212,4.111336032388664,0.37564664867296454,2470,0.3305084745762712,0.05569007263922518,0.3604368932038835,0.0983009708737864,6457,0.6822698879768728,0.5987300603995663,3.936193278612359,0.360022714366837,2803,0.33912037037037035,0.16435185185185186,0.7017994858611826,0.003084832904884319,98,0.8214285714285714,0.2857142857142857,7.26530612244898,0.3239795918367347,14.96,14.72,13.8,13.7,2,3,1
827,1205741204,4,15,14,14,14,3330,0.5472636815920398,0.06558118498417007,0.5706666666666667,0.09688888888888889,5934,0.5168379957308169,0.5844287158746209,4.110886417256488,0.37560386473429963,2471,0.33030852994555354,0.05565638233514821,0.3604368932038835,0.0983009708737864,6468,0.6824237270665844,0.5984848484848485,3.937847866419295,0.3599129045557617,2804,0.33912037037037035,0.16435185185185186,0.7019527235354573,0.003083247687564234,99,0.8232323232323232,0.2828282828282828,7.262626262626263,0.32323232323232326,14.94,14.7,13.82,13.72,1,1,1
828,1205741205,4,16,15,13,13,3334,0.5474254742547425,0.06594399277326106,0.5701598579040853,0.09680284191829484,5941,0.5166498344835326,0.5849183639117994,4.1100824776973575,0.37549795208438547,2476,0.3301146650573325,0.05612552806276403,0.36,0.09818181818181818,6474,0.6826408196890127,0.5987025023169601,3.9380599320358356,0.3598496550303779,2808,0.3394919168591224,0.16397228637413394,0.702258726899384,0.003080082135523614,99,0.8232323232323232,0.2828282828282828,7.262626262626263,0.32323232323232326,14.92,14.7,13.78,13.7,1,3,3
829,1205741206,4,15,17,15,14,3340,0.5475868290482634,0.06585475868290483,0.5704162976085031,0.09654561558901682,5949,0.5161231579537179,0.5844679778113969,4.109430156328795,0.37556732223903183,2477,0.3299155609167672,0.05609167671893848,0.36,0.09818181818181818,6485,0.6827679259830379,0.5984579799537394,3.938010794140324,0.3598946286301722,2809,0.3394919168591224,0.16397228637413394,0.7024114930733709,0.0030785017957927143,99,0.8232323232323232,0.2828282828282828,7.262626262626263,0.32323232323232326,14.94,14.76,13.78,13.7,-2,0,1
830,1205741207,4,14,13,13,13,3341,0.5477908025247971,0.06582506762849413,0.5704162976085031,0.09654561558901682,5958,0.5159029875797249,0.5840886203423967,4.1097683786505534,0.37583920778784835,2479,0.32951807228915664,0.05602409638554217,0.36,0.09818181818181818,6495,0.6826404926866823,0.5981524249422633,3.9382602001539646,0.3598793944059533,2809,0.3394919168591224,0.16397228637413394,0.7024114930733709,0.0030785017957927143,100,0.825,0.28,7.26,0.325,14.9,14.7,13.74,13.7,1,1,1
831,1205741208,4,12,12,11,12,3344,0.5475011256190905,0.06573615488518686,0.5704162976085031,0.09654561558901682,5969,0.5159574468085107,0.5841849556039538,4.110571284972357,0.3758167197185459,2483,0.3301262778111846,0.05652435357787132,0.36077481840193704,0.09806295399515738,6503,0.6822620329078888,0.598339228048593,3.9383361525449794,0.3599748833871546,2810,0.3402537485582468,0.1637831603229527,0.7024114930733709,0.0030785017957927143,101,0.8267326732673267,0.27722772277227725,7.257425742574258,0.32673267326732675,14.86,14.66,13.68,13.68,0,1,0
832,1205741209,4,16,16,16,13,3349,0.5478651685393259,0.06561797752808989,0.5707964601769911,0.09646017699115045,5978,0.5157661425225829,0.5843091334894613,4.111743057878889,0.3757945801271329,2486,0.3303303303303303,0.05645645645645646,0.3603385731559855,0.09794437726723096,6508,0.6825061462814999,0.598340503995083,3.9382298709280885,0.35996721983200164,2812,0.33986175115207373,0.16474654377880185,0.7025641025641025,0.003076923076923077,101,0.8267326732673267,0.27722772277227725,7.257425742574258,0.32673267326732675,14.88,14.68,13.74,13.64,0,0,3
833,1205741210,4,14,15,15,14,3352,0.5471274685816876,0.06597845601436265,0.5707964601769911,0.09646017699115045,5989,0.5158206712305895,0.5842377692436133,4.111871764902321,0.3756887627316748,2489,0.33093525179856115,0.05635491606714628,0.3603385731559855,0.09794437726723096,6515,0.6824635456638528,0.5986185725249424,3.93783576362241,0.35988743924277306,2814,0.3394706559263521,0.16455696202531644,0.7022039979497694,0.0030753459764223477,101,0.8267326732673267,0.27722772277227725,7.257425742574258,0.32673267326732675,14.88,14.64,13.74,13.64,-1,-1,0
834,1205741211,4,16,16,14,14,3355,0.5473306415432929,0.06594885598923284,0.5715547703180212,0.09628975265017668,5996,0.5155520346897933,0.5843895930620414,4.112241494329553,0.37566711140760517,2489,0.33093525179856115,0.05635491606714628,0.3603385731559855,0.09794437726723096,6523,0.6824697225203129,0.5981910164034954,3.9380653073739076,0.3598676478103122,2819,0.34022988505747126,0.16436781609195403,0.7028132992327366,0.003069053708439898,101,0.8267326732673267,0.27722772277227725,7.257425742574258,0.32673267326732675,14.94,14.7,13.76,13.64,0,2,2
835,1205741212,4,13,15,14,15,3357,0.5473306415432929,0.06594885598923284,0.5714285714285714,0.09611992945326278,6001,0.5153724379270123,0.5844025995667389,4.112481253124479,0.37564572571238136,2496,0.3303411131059246,0.056253740275284264,0.36101083032490977,0.098676293622142,6532,0.6826775872627068,0.598132271892223,3.937691365584813,0.3599076342110635,2822,0.34174311926605505,0.16399082568807338,0.7029652351738241,0.003067484662576687,101,0.8267326732673267,0.27722772277227725,7.257425742574258,0.32673267326732675,14.94,14.66,13.76,13.68,-2,-1,-2
836,1205741213,4,14,15,15,14,3362,0.5476936856247201,0.06583072100313479,0.5718061674008811,0.0960352422907489,6007,0.5155790466677765,0.5843182953221242,4.111869485600133,0.37560346262693534,2498,0.3305439330543933,0.05678421996413628,0.36101083032490977,0.098676293622142,6542,0.6825512075817795,0.5979822684194436,3.9380923265056555,0.35985427494140426,2823,0.34174311926605505,0.16399082568807338,0.7031170158405723,0.0030659172202350538,101,0.8267326732673267,0.27722772277227725,7.257425742574258,0.32673267326732675,14.94,14.66,13.8,13.66,-1,-1,0
837,1205741214,4,14,14,14,15,3363,0.5476936856247201,0.06583072100313479,0.5721830985915493,0.09595070422535211,6017,0.5155808542463022,0.5845105534319428,4.112015954794749,0.37560245969752376,2500,0.33034647550776586,0.05675029868578255,0.36177884615384615,0.0985576923076923,6554,0.6825221238938054,0.5979554470552334,3.9377479401891975,0.35980571661072114,2825,0.3424971363115693,0.16380297823596793,0.7032686414708886,0.0030643513789581204,101,0.8267326732673267,0.27722772277227725,7.257425742574258,0.32673267326732675,14.96,14.64,13.8,13.68,0,0,-1
838,1205741215,4,15,14,14,13,3372,0.5478105451295799,0.06568364611260054,0.5719298245614035,0.0956140350877193,6020,0.5155730897009968,0.5845514950166113,4.111461794019934,0.3755813953488373,2501,0.3301492537313433,0.056716417910447764,0.36177884615384615,0.0985576923076923,6563,0.6826527502666465,0.5977449337193357,3.937985677281731,0.35988369140129006,2829,0.34210526315789475,0.16361556064073227,0.7027027027027027,0.0030596634370219276,101,0.8267326732673267,0.27722772277227725,7.257425742574258,0.32673267326732675,14.98,14.66,13.84,13.68,1,1,2
839,1205741216,4,15,14,14,15,3377,0.5479696564033913,0.06559571619812583,0.5718038528896673,0.09544658493870403,6026,0.5156682155105654,0.5844673083305676,4.111350813143047,0.3755808164619981,2505,0.32975551580202744,0.056648777579010136,0.3609112709832134,0.09832134292565947,6571,0.6826586516511948,0.5977781159640846,3.9383655455790594,0.3599020950641708,2832,0.3417142857142857,0.16342857142857142,0.7030056036678554,0.003056546102903719,101,0.8267326732673267,0.27722772277227725,7.257425742574258,0.32673267326732675,15.02,14.66,13.82,13.66,1,1,0
840,1205741217,4,15,16,12,16,3381,0.5479268836379848,0.06553722692822113,0.5725524475524476,0.09527972027972027,6033,0.515732913420631,0.5842864246643461,4.111387369467926,0.37555942317255103,2511,0.32936979785969084,0.057074910820451845,0.36167664670658684,0.09820359281437126,6577,0.6825426993056612,0.5978409609244336,3.937813592823476,0.3599538796817191,2835,0.3417142857142857,0.16342857142857142,0.7029501525940997,0.003051881993896236,101,0.8267326732673267,0.27722772277227725,7.257425742574258,0.32673267326732675,15.06,14.7,13.76,13.74,-1,3,-1
841,1205741218,4,16,16,13,12,3384,0.5479268836379848,0.06553722692822113,0.5727986050566696,0.0950305143853531,6039,0.515965667605012,0.5842026825633383,4.1121046530882595,0.37547607219738377,2513,0.33016627078384797,0.057007125890736345,0.36167664670658684,0.09820359281437126,6585,0.6829283725639079,0.5978739559605163,3.9377372817008354,0.359972158947102,2839,0.3417142857142857,0.16342857142857142,0.7035532994923858,0.003045685279187817,101,0.8267326732673267,0.27722772277227725,7.257425742574258,0.32673267326732675,15.1,14.72,13.74,13.72,0,3,4
842,1205741219,4,16,14,15,15,3387,0.5480854853072128,0.06544968833481746,0.5727986050566696,0.0950305143853531,6049,0.5157739571279,0.583898164985948,4.111754008927095,0.37543395602578944,2514,0.33016627078384797,0.057007125890736345,0.361244019138756,0.09808612440191387,6594,0.6826028712971389,0.5979678495602062,3.937973915680922,0.3600495399858457,2840,0.3417142857142857,0.16342857142857142,0.7031963470319634,0.0030441400304414,101,0.8267326732673267,0.27722772277227725,7.257425742574258,0.32673267326732675,15.08,14.7,13.74,13.78,2,1,1
843,1205741220,4,14,14,16,12,3393,0.5484875444839857,0.0653914590747331,0.573414422241529,0.0947002606429192,6056,0.5156731616028182,0.5840488771466315,4.111624834874505,0.37541281373844126,2516,0.32997032640949553,0.05697329376854599,0.36081242532855434,0.0979689366786141,6600,0.6828914141414142,0.5978787878787879,3.9374242424242425,0.3600631313131313,2845,0.341324200913242,0.1632420091324201,0.7032911392405063,0.0030379746835443038,101,0.8267326732673267,0.27722772277227725,7.257425742574258,0.32673267326732675,15.08,14.7,13.8,13.74,0,-2,2
844,1205741221,4,14,14,13,15,3401,0.5496894409937888,0.06521739130434782,0.5732870771899393,0.09453599306157849,6061,0.5159077159984602,0.5840620359676622,4.112027718198317,0.37535060221085637,2518,0.33076467101363366,0.05690574985180794,0.36081242532855434,0.0979689366786141,6610,0.6830937972768534,0.5978819969742813,3.93857791225416,0.360047907211296,2846,0.341324200913242,0.1632420091324201,0.7034412955465587,0.003036437246963563,101,0.8267326732673267,0.27722772277227725,7.257425742574258,0.32673267326732675,15.06,14.7,13.8,13.78,0,1,-1
845,1205741222,4,14,16,14,15,3405,0.5492021276595744,0.06515957446808511,0.5731601731601732,0.09523809523809523,6070,0.5157468423942889,0.5838550247116969,4.1115321252059305,0.3754118616144976,2521,0.33037300177619894,0.056838365896980464,0.360381861575179,0.09785202863961814,6618,0.6829983882341091,0.5977636748262315,3.9381988516168027,0.36002820590309254,2849,0.34207525655644244,0.1630558722919042,0.7032355915065723,0.003033367037411527,101,0.8267326732673267,0.27722772277227725,7.257425742574258,0.32673267326732675,15.02,14.7,13.82,13.84,-2,0,-1
846,1205741223,4,15,14,14,13,3407,0.5496014171833481,0.06510186005314438,0.5731601731601732,0.09523809523809523,6078,0.5163019633651421,0.5840737084567292,4.111878907535374,0.375370187561698,2523,0.33076923076923076,0.05680473372781065,0.3599523241954708,0.09773539928486293,6628,0.682873164353249,0.5977670488835244,3.937990343995172,0.36001307583987124,2851,0.34207525655644244,0.1630558722919042,0.7035353535353536,0.0030303030303030303,101,0.8267326732673267,0.27722772277227725,7.257425742574258,0.32673267326732675,15.02,14.76,13.88,13.86,1,1,2
847,1205741224,4,17,17,12,16,3413,0.5490716180371353,0.0649867374005305,0.5721694036300777,0.09593777009507347,6083,0.5160145761411585,0.5839224067072168,4.1117869472299855,0.37547262863718567,2523,0.33076923076923076,0.05680473372781065,0.3599523241954708,0.09773539928486293,6635,0.6829816628987693,0.597889977392615,3.9388093443858327,0.35997236875156996,2857,0.3416856492027335,0.16287015945330297,0.7037783375314861,0.003022670025188917,101,0.8267326732673267,0.27722772277227725,7.257425742574258,0.32673267326732675,15.08,14.84,13.78,13.84,0,5,1
848,1205741225,4,14,12,13,12,3417,0.549469964664311,0.06492932862190813,0.5720448662640207,0.09577221742881795,6089,0.5156703344829475,0.5838397109541796,4.113647561175891,0.3754311052718017,2526,0.3309692671394799,0.05673758865248227,0.3607142857142857,0.09761904761904762,6645,0.6826812139453224,0.5977426636568849,3.9399548532731377,0.3600326059694005,2857,0.3416856492027335,0.16287015945330297,0.7037783375314861,0.003022670025188917,104,0.8317307692307693,0.27884615384615385,7.269230769230769,0.3245192307692308,15.08,14.8,13.8,13.8,2,1,2
849,1205741226,4,15,13,13,14,3417,0.549469964664311,0.06492932862190813,0.5720448662640207,0.09577221742881795,6101,0.5154209692400155,0.5840026225208982,4.114571381740698,0.3756761186690707,2530,0.3313679245283019,0.05660377358490566,0.3607142857142857,0.09761904761904762,6652,0.6827896372018443,0.5978653036680698,3.93956704750451,0.360067147724995,2859,0.3412969283276451,0.1626848691695108,0.7039274924471299,0.0030211480362537764,104,0.8317307692307693,0.27884615384615385,7.269230769230769,0.3245192307692308,15.04,14.76,13.82,13.78,2,2,1
850,1205741227,4,12,14,16,13,3419,0.5496688741721855,0.06490066225165562,0.571551724137931,0.09655172413793103,6109,0.5157281606373112,0.5838926174496645,4.116713046325094,0.37559338680635135,2532,0.33156654888103654,0.05653710247349823,0.3607142857142857,0.09761904761904762,6658,0.682850205266847,0.5980775007509763,3.940222288975668,0.3600430559727646,2863,0.34204545454545454,0.1625,0.7038712921065863,0.0030165912518853697,104,0.8317307692307693,0.27884615384615385,7.269230769230769,0.3245192307692308,14.96,14.72,13.84,13.74,-2,-4,-1
851,1205741228,4,16,12,13,12,3423,0.5500661667401853,0.06484340538156154,0.5714285714285714,0.0963855421686747,6116,0.5154649008066275,0.5837148463047743,4.11592544146501,0.3755722694571616,2534,0.33195997645673925,0.05650382577987051,0.361474435196195,0.09750297265160524,6663,0.6828630746910803,0.5979288608734804,3.939966981840012,0.35999799889939466,2867,0.34204545454545454,0.1625,0.703963873557451,0.0030105368790767687,106,0.8349056603773585,0.2830188679245283,7.273584905660377,0.3231132075471698,14.96,14.64,13.86,13.72,4,3,4
852,1205741229,4,15,15,14,14,3424,0.5498236331569665,0.06525573192239859,0.5714285714285714,0.0963855421686747,6125,0.5153605442176873,0.584,4.116408163265306,0.37559183673469393,2538,0.3325499412455934,0.0564042303172738,0.36223277909738716,0.09738717339667459,6668,0.6829509098180365,0.597630473905219,3.9400119976004797,0.35995300939812036,2871,0.34204545454545454,0.1625,0.7035553329994992,0.0030045067601402104,107,0.8364485981308412,0.2803738317757009,7.271028037383178,0.32242990654205606,14.94,14.64,13.86,13.7,0,1,1
853,1205741230,4,14,14,13,13,3427,0.5502202643171806,0.06519823788546256,0.5709372312983663,0.09630266552020636,6131,0.5152639591148809,0.5837546892839667,4.115804925786984,0.3755912575436308,2539,0.3325499412455934,0.0564042303172738,0.36180308422301305,0.09727164887307237,6677,0.6830038440417355,0.5974239928111428,3.940841695372173,0.35999201238080974,2873,0.34204545454545454,0.1625,0.7038519259629815,0.0030015007503751876,107,0.8364485981308412,0.2803738317757009,7.271028037383178,0.32242990654205606,14.9,14.66,13.9,13.7,0,1,1
854,1205741231,4,16,16,15,13,3431,0.5508139023317202,0.06511218653761548,0.5713058419243986,0.09621993127147767,6139,0.5152440679806702,0.5836455448770158,4.115979801270565,0.3756719335396645,2541,0.33235466823253085,0.05637110980622431,0.3613744075829384,0.0971563981042654,6686,0.6829070694984547,0.597517200119653,3.9418187256954833,0.3599935187954931,2875,0.3424036281179138,0.1621315192743764,0.7038519259629815,0.0030015007503751876,107,0.8364485981308412,0.2803738317757009,7.271028037383178,0.32242990654205606,14.88,14.64,13.9,13.7,0,1,3
855,1205741232,4,14,15,13,13,3433,0.5512087912087912,0.06505494505494505,0.5713058419243986,0.09621993127147767,6145,0.5151478166531057,0.5835638730675345,4.1173311635475995,0.37567127746135076,2542,0.33235466823253085,0.05637110980622431,0.3609467455621302,0.0970414201183432,6694,0.6829125585101088,0.5976994323274574,3.9445772333432925,0.3598994124091226,2876,0.3424036281179138,0.1621315192743764,0.704,0.003,111,0.8333333333333334,0.27927927927927926,7.2792792792792795,0.31981981981981983,14.86,14.66,13.86,13.7,-1,1,1
856,1205741233,4,16,15,15,13,3438,0.5511638120333773,0.06499780412823891,0.572407883461868,0.0959725792630677,6151,0.5152143282935026,0.5833197854007478,4.117867013493741,0.37575191025849464,2546,0.33215962441314556,0.056338028169014086,0.3596698113207547,0.09669811320754718,6701,0.6830199472715517,0.597671989255335,3.9440382032532457,0.35982191712679695,2879,0.3424036281179138,0.1621315192743764,0.7044433349975038,0.0029955067398901645,111,0.8333333333333334,0.27927927927927926,7.2792792792792795,0.31981981981981983,14.88,14.68,13.94,13.72,1,1,3
857,1205741234,4,15,15,14,14,3443,0.5508771929824562,0.06491228070175438,0.572284003421728,0.09580838323353294,6161,0.515108478060921,0.583184547962993,4.117351079370232,0.3757912676513554,2547,0.33255131964809387,0.0563049853372434,0.3596698113207547,0.09669811320754718,6708,0.6831271119061818,0.5974955277280859,3.9440966010733454,0.3598191214470284,2881,0.3431483578708947,0.16194790486976218,0.7045908183632734,0.0029940119760479044,111,0.8333333333333334,0.27927927927927926,7.2792792792792795,0.31981981981981983,14.84,14.64,13.9,13.68,0,1,1
858,1205741235,4,16,16,14,12,3446,0.551270815074496,0.06485539000876424,0.5717948717948718,0.09572649572649573,6166,0.5150151367715431,0.5833603632825171,4.1177424586441775,0.3757703535517354,2552,0.3337236533957845,0.05620608899297424,0.36,0.09647058823529411,6718,0.6829041381363502,0.5976481095564156,3.9432866924679963,0.35991614567827723,2886,0.3446327683615819,0.1615819209039548,0.7045341305430991,0.0029895366218236174,111,0.8333333333333334,0.27927927927927926,7.2792792792792795,0.31981981981981983,14.84,14.66,13.92,13.66,0,2,4
859,1205741236,4,13,15,11,11,3451,0.5507436570428696,0.0647419072615923,0.5713065755764304,0.09649871904355252,6175,0.5149122807017545,0.5831578947368421,4.117408906882591,0.37591093117408914,2555,0.3339181286549708,0.056140350877192984,0.3607520564042303,0.0963572267920094,6724,0.6829640095181441,0.5980071386079715,3.9431885782272458,0.35985524489391235,2890,0.345372460496614,0.1613995485327314,0.7044776119402985,0.0029850746268656717,111,0.8333333333333334,0.27927927927927926,7.2792792792792795,0.31981981981981983,14.82,14.66,13.88,13.6,-2,2,2
860,1205741237,4,15,15,14,15,3458,0.5513324595893403,0.06465705548274356,0.571063829787234,0.09617021276595744,6181,0.5148169120422803,0.5834007442161463,4.117456722213234,0.37586960038828676,2555,0.3339181286549708,0.056140350877192984,0.3607520564042303,0.0963572267920094,6733,0.6830907470666866,0.5978018713797713,3.943264518045448,0.35996831526313183,2892,0.3461104847801578,0.161217587373168,0.704624564893088,0.0029835902536051715,111,0.8333333333333334,0.27927927927927926,7.2792792792792795,0.31981981981981983,14.8,14.72,13.9,13.64,0,1,0
861,1205741238,4,14,14,14,14,3463,0.5514834205933682,0.06457242582897033,0.5700934579439252,0.09600679694137638,6189,0.5147977594657189,0.5834545160769107,4.116820164808531,0.3758684763289708,2557,0.3343074225599065,0.056107539450613676,0.3615023474178404,0.09624413145539906,6739,0.6831255873769602,0.5977147944798932,3.9436118118415195,0.360055893554929,2894,0.34533183352080987,0.16310461192350956,0.704624564893088,0.0029835902536051715,111,0.8333333333333334,0.27927927927927926,7.2792792792792795,0.31981981981981983,14.76,14.78,13.9,13.64,0,0,0
862,1205741239,4,16,17,12,12,3469,0.5513937282229965,0.06489547038327526,0.5699745547073791,0.09584393553859202,6192,0.5148444229112835,0.583656330749354,4.116763565891473,0.3759286175710595,2560,0.3345008756567426,0.05604203152364273,0.36107854630715125,0.09613130128956623,6748,0.6830542382928277,0.5979549496147006,3.9429460580912865,0.3600202529144438,2898,0.3449438202247191,0.16292134831460675,0.70506454816286,0.0029791459781529296,111,0.8333333333333334,0.27927927927927926,7.2792792792792795,0.31981981981981983,14.82,14.76,13.82,13.58,-1,4,4
863,1205741240,4,14,15,15,12,3477,0.5510647544545849,0.06475445458496305,0.5693739424703892,0.09560067681895093,6196,0.5147541424574996,0.5837637185280826,4.117333763718528,0.37592801807617826,2562,0.3346938775510204,0.05597667638483965,0.36107854630715125,0.09613130128956623,6758,0.6833752589523531,0.5979579757324652,3.944362237348328,0.36007941205484856,2900,0.3449438202247191,0.16292134831460675,0.7053571428571429,0.002976190476190476,111,0.8333333333333334,0.27927927927927926,7.2792792792792795,0.31981981981981983,14.8,14.74,13.8,13.54,-1,-1,2
864,1205741241,4,13,12,12,12,3478,0.5508253692441355,0.06472632493483926,0.5693739424703892,0.09560067681895093,6208,0.5147793170103095,0.5839239690721649,4.117106958762887,0.3758456829896908,2565,0.3341094295692666,0.056461001164144355,0.36107854630715125,0.09613130128956623,6764,0.68343435836783,0.5977232406859846,3.9442637492607924,0.3600926473487088,2905,0.3437849944008959,0.16461366181410975,0.7051536174430129,0.002973240832507433,111,0.8333333333333334,0.27927927927927926,7.2792792792792795,0.31981981981981983,14.8,14.66,13.76,13.52,1,1,1
865,1205741242,4,17,16,14,16,3481,0.5512152777777778,0.0646701388888889,0.569737954353339,0.09551986475063398,6213,0.5149283759858364,0.5840978593272171,4.1173346209560595,0.3758248833091905,2567,0.33372093023255817,0.0563953488372093,0.36107854630715125,0.09613130128956623,6772,0.6834391612522153,0.59746012994684,3.9444772593030124,0.36011025792478835,2912,0.34598214285714285,0.1640625,0.7057368941641938,0.002967359050445104,111,0.8333333333333334,0.27927927927927926,7.2792792792792795,0.31981981981981983,14.84,14.72,13.74,13.54,1,3,1
866,1205741243,4,15,13,14,13,3486,0.5511265164644714,0.06499133448873484,0.5701013513513513,0.09543918918918919,6218,0.5148359601157931,0.5841106465101319,4.117079446767449,0.3759649404953362,2573,0.3333333333333333,0.05623188405797101,0.3618266978922717,0.09601873536299765,6778,0.6834980820300977,0.5975213927412216,3.944231336677486,0.3600865545391954,2916,0.34521158129175944,0.16369710467706014,0.7055335968379447,0.0029644268774703555,111,0.8333333333333334,0.27927927927927926,7.2792792792792795,0.31981981981981983,14.78,14.7,13.74,13.52,2,1,2
867,1205741244,4,18,16,14,15,3491,0.5512765036780615,0.06490696668109043,0.5699831365935919,0.09527824620573355,6222,0.5151478624236582,0.5840565734490517,4.116522018643523,0.3759241401478625,2573,0.3333333333333333,0.05623188405797101,0.3618266978922717,0.09601873536299765,6789,0.6835199096577801,0.5975843275887465,3.9434379142730887,0.3600923061815682,2919,0.3448275862068966,0.1635150166852058,0.7058242843040474,0.0029615004935834156,111,0.8333333333333334,0.27927927927927926,7.2792792792792795,0.31981981981981983,14.86,14.74,13.76,13.58,2,4,3
868,1205741245,4,15,15,16,16,3497,0.5509499136442142,0.0651986183074266,0.5703454085930918,0.09519797809604044,6232,0.5155247111681646,0.5839216944801027,4.116495507060334,0.3758825417201541,2576,0.3335263462651998,0.0561667631731326,0.36140350877192984,0.09590643274853801,6794,0.6836792267687178,0.5978804827789226,3.9434795407712686,0.36008487881464035,2922,0.34444444444444444,0.16333333333333333,0.7061143984220908,0.0029585798816568047,111,0.8333333333333334,0.27927927927927926,7.2792792792792795,0.31981981981981983,14.92,14.76,13.82,13.62,0,-1,-1
869,1205741246,4,15,16,17,14,3498,0.5507121277514027,0.06517047906776004,0.5703454085930918,0.09519797809604044,6241,0.5153420926133635,0.5838807883352027,4.116167280884474,0.37598141323505857,2582,0.3331408775981524,0.05600461893764434,0.3621495327102804,0.09579439252336448,6798,0.6838653525546733,0.5979699911738746,3.943071491615181,0.3600201039521428,2928,0.34406215316315203,0.16315205327413984,0.705853418593212,0.002951303492375799,111,0.8333333333333334,0.27927927927927926,7.2792792792792795,0.31981981981981983,14.9,14.78,13.88,13.64,-1,-2,1
870,1205741247,4,15,14,15,12,3500,0.5504745470232959,0.06514236410698879,0.5707070707070707,0.09511784511784512,6252,0.5153417573043295,0.5838131797824696,4.1159628918746005,0.37595969289827263,2589,0.3325648414985591,0.05590778097982709,0.3627906976744186,0.09767441860465116,6802,0.6837572282661966,0.5979123787121435,3.9428109379594236,0.36002891306478485,2930,0.34478935698447893,0.1629711751662971,0.7059980334316618,0.0029498525073746312,111,0.8333333333333334,0.27927927927927926,7.2792792792792795,0.31981981981981983,14.88,14.74,13.94,13.6,1,0,3
871,1205741248,4,15,15,14,13,3508,0.5510116229014206,0.06500215238915195,0.5692695214105793,0.09571788413098237,6259,0.515351227565639,0.5836395590349897,4.115673430260425,0.37605847579485546,2591,0.3325648414985591,0.05590778097982709,0.36310904872389793,0.09744779582366589,6807,0.6839895205915483,0.5979139121492582,3.9422653151167917,0.35994809264972333,2934,0.3444075304540421,0.16279069767441862,0.7059401080019637,0.0029455081001472753,111,0.8333333333333334,0.27927927927927926,7.2792792792792795,0.31981981981981983,14.88,14.7,13.94,13.6,0,1,2
872,1205741249,4,14,14,12,13,3513,0.5509677419354839,0.06494623655913978,0.5695142378559463,0.09631490787269682,6268,0.5153291852797279,0.5834396936821953,4.115347798340778,0.3759971282705808,2593,0.3323732718894009,0.05587557603686636,0.3626882966396292,0.09733487833140209,6814,0.6836537520790532,0.5980334605224538,3.9426181391253303,0.3598718325017121,2937,0.3444075304540421,0.16279069767441862,0.7063725490196079,0.0029411764705882353,111,0.8333333333333334,0.27927927927927926,7.2792792792792795,0.31981981981981983,14.88,14.66,13.9,13.6,0,2,1
873,1205741250,4,13,12,15,12,3518,0.5504508372692143,0.06483469300128811,0.5698744769874478,0.09623430962343096,6274,0.515394219530337,0.5835192859419828,4.114918712145362,0.37595632770162585,2597,0.33256616800920596,0.05638665132336018,0.36184971098265895,0.09826589595375723,6821,0.6836118848653671,0.5981527635244099,3.9423838146899284,0.3599056834286273,2941,0.34513274336283184,0.16261061946902655,0.7058247674987763,0.002936857562408223,111,0.8333333333333334,0.27927927927927926,7.2792792792792795,0.31981981981981983,14.84,14.6,13.92,13.62,1,-2,1
874,1205741251,4,15,16,17,14,3523,0.5506003430531733,0.06475128644939966,0.570593149540518,0.0960735171261487,6278,0.515464054369757,0.5836253583943931,4.115641924179675,0.3759158967824148,2601,0.33199310740953475,0.056289488799540495,0.3625866050808314,0.09815242494226328,6830,0.6838335773548075,0.5979502196193265,3.942606149341142,0.35994387506100534,2944,0.34585635359116024,0.16243093922651933,0.7061124694376528,0.00293398533007335,111,0.8333333333333334,0.27927927927927926,7.2792792792792795,0.31981981981981983,14.84,14.64,13.96,13.6,-1,-2,1
875,1205741252,4,15,14,14,13,3531,0.5500427715996579,0.06458511548331908,0.5696413678065054,0.09591326105087573,6285,0.5156059400689474,0.5834526650755768,4.115672235481305,0.37585521081941137,2601,0.33199310740953475,0.056289488799540495,0.3625866050808314,0.09815242494226328,6837,0.6840110184778903,0.5982155916337575,3.9429574374725758,0.35991663010092145,2949,0.3454746136865342,0.16225165562913907,0.7061981454367985,0.0029282576866764276,111,0.8333333333333334,0.27927927927927926,7.2792792792792795,0.31981981981981983,14.82,14.62,13.94,13.56,1,1,2
876,1205741253,4,17,14,15,13,3532,0.549807610089782,0.0645575032064985,0.5696413678065054,0.09591326105087573,6294,0.5155041838788266,0.5837305370193835,4.116301239275501,0.3758738481093105,2604,0.33142201834862384,0.05619266055045872,0.3625866050808314,0.09815242494226328,6843,0.6841419455404553,0.5981294753762969,3.9424229139266402,0.35989332164255444,2955,0.3461962513781698,0.16207276736493936,0.7059396299902629,0.0029211295034079843,112,0.8303571428571429,0.2767857142857143,7.276785714285714,0.32142857142857145,14.84,14.62,13.98,13.52,3,2,4
877,1205741254,4,13,13,15,14,3533,0.5495726495726496,0.06452991452991454,0.5696413678065054,0.09591326105087573,6303,0.5154027182822996,0.584007615421228,4.117721719815961,0.37593209582738385,2611,0.3314253005151689,0.05609616485403549,0.3620689655172414,0.09770114942528736,6844,0.6840419832456657,0.598042080654588,3.9425774400935127,0.3598772647574518,2958,0.34543454345434543,0.1628162816281628,0.7055961070559611,0.00291970802919708,116,0.8275862068965517,0.27586206896551724,7.2844827586206895,0.3232758620689655,14.8,14.6,14.0,13.52,0,-2,-1
878,1205741255,4,13,14,14,15,3538,0.549722577891592,0.06444728979940248,0.5695253955037469,0.09575353871773522,6310,0.5153063919704175,0.5839936608557845,4.116798732171157,0.3759508716323297,2612,0.33123569794050345,0.05606407322654462,0.3620689655172414,0.09770114942528736,6853,0.6838732428620072,0.5979862833795418,3.942215088282504,0.35987888515978406,2962,0.3446761800219539,0.16465422612513722,0.7058823529411765,0.002916869227029655,116,0.8275862068965517,0.27586206896551724,7.2844827586206895,0.3232758620689655,14.74,14.58,14.02,13.56,-1,-1,-2
879,1205741256,4,15,14,14,12,3541,0.549680170575693,0.064818763326226,0.569883527454243,0.0956738768718802,6317,0.5151047438129915,0.5836631312331803,4.116669305049865,0.3760091815735318,2614,0.33104631217838765,0.05603201829616924,0.36280137772675086,0.09758897818599312,6863,0.6838967409781926,0.5981349264170188,3.9427364126475304,0.35993734518432174,2966,0.34501642935377874,0.16538882803943045,0.7051966974259349,0.0029140359397765905,116,0.8275862068965517,0.27586206896551724,7.2844827586206895,0.3232758620689655,14.74,14.52,14.0,13.52,1,1,3
880,1205741257,4,15,14,15,14,3547,0.5498296422487223,0.0651618398637138,0.5701244813278008,0.0954356846473029,6323,0.5153012810374824,0.5837418946702515,4.116716748378934,0.3760082239443303,2615,0.33085714285714285,0.056,0.36280137772675086,0.09758897818599312,6870,0.6840004852013589,0.5978165938864629,3.943668122270742,0.35993449781659387,2972,0.3453551912568306,0.1650273224043716,0.7043141056713524,0.00290838584585555,116,0.8275862068965517,0.27586206896551724,7.2844827586206895,0.3232758620689655,14.76,14.54,14.04,13.54,1,0,1
881,1205741258,4,16,16,15,15,3549,0.5497872340425531,0.0651063829787234,0.5701244813278008,0.0954356846473029,6331,0.5154925498868006,0.5836360764492181,4.117043121149897,0.37599378718475235,2619,0.33086138049058755,0.055904164289788935,0.36353211009174313,0.09747706422018348,6879,0.6841231768183363,0.5979066724814653,3.9446140427387704,0.3598996947230702,2973,0.3453551912568306,0.1650273224043716,0.7044573643410853,0.0029069767441860465,116,0.8275862068965517,0.27586206896551724,7.2844827586206895,0.3232758620689655,14.84,14.62,14.12,13.6,0,1,1
882,1205741259,4,15,16,15,12,3555,0.550552251486831,0.06499575191163977,0.5700082850041425,0.09527754763877382,6341,0.5156258213741263,0.5838195868159596,4.1167008358303105,0.3759527939862273,2623,0.3308656036446469,0.05580865603644647,0.3642611683848797,0.09736540664375716,6885,0.684107964173324,0.5978213507625272,3.944371822803195,0.35994916485112566,2974,0.3460698689956332,0.1648471615720524,0.7044573643410853,0.0029069767441860465,116,0.8275862068965517,0.27586206896551724,7.2844827586206895,0.3232758620689655,14.82,14.62,14.1,13.58,-1,0,3
883,1205741260,4,16,16,16,14,3562,0.5506570580754557,0.06485799067401442,0.5707196029776674,0.09511993382961124,6349,0.5158423898776713,0.5835564655851315,4.11655378799811,0.3760303459862446,2626,0.33067729083665337,0.055776892430278883,0.36342857142857143,0.09714285714285714,6891,0.6840202196101198,0.5981715280801044,3.9452909592221737,0.3598897112175301,2974,0.3460698689956332,0.1648471615720524,0.7044573643410853,0.0029069767441860465,116,0.8275862068965517,0.27586206896551724,7.2844827586206895,0.3232758620689655,14.86,14.64,14.12,13.58,0,0,2
884,1205741261,4,13,14,13,13,3565,0.5499576629974597,0.06477561388653684,0.5707196029776674,0.09511993382961124,6358,0.5158986054314777,0.5838313935199748,4.116703365838314,0.3759699066792493,2633,0.33030646992054485,0.05561861520998865,0.36259977194982895,0.09806157354618016,6896,0.6838867942768758,0.5983178654292344,3.9460556844547563,0.35991879350348027,2975,0.3460698689956332,0.1648471615720524,0.7046004842615012,0.0029055690072639223,116,0.8275862068965517,0.27586206896551724,7.2844827586206895,0.3232758620689655,14.8,14.6,14.1,13.56,-1,0,0
885,1205741262,4,15,17,13,11,3571,0.5498732037193576,0.0646661031276416,0.5714285714285714,0.09496284062758051,6362,0.5158886094519546,0.5839358692235146,4.116315624017605,0.3759692968668134,2634,0.3301191151446398,0.055587067498581964,0.36259977194982895,0.09806157354618016,6905,0.6837195269128654,0.5984069514844316,3.945691527878349,0.3599565532223027,2980,0.3453159041394335,0.1655773420479303,0.7050290135396519,0.0029013539651837525,116,0.8275862068965517,0.27586206896551724,7.2844827586206895,0.3232758620689655,14.84,14.64,14.08,13.48,-2,2,4
886,1205741263,4,14,14,14,15,3574,0.5500211059518785,0.06500633178556353,0.5714285714285714,0.09496284062758051,6367,0.5157190722998798,0.583791424532747,4.115910161771635,0.37594890319878543,2636,0.32974504249291786,0.055524079320113315,0.36259977194982895,0.09806157354618016,6915,0.6838153771993255,0.5982646420824295,3.945046999276934,0.3598698481561822,2986,0.34602829162132753,0.16539717083786726,0.7042932947419199,0.002894356005788712,116,0.8275862068965517,0.27586206896551724,7.2844827586206895,0.3232758620689655,14.84,14.62,14.06,13.5,0,0,-1
887,1205741264,4,14,15,9,14,3575,0.549789029535865,0.06497890295358649,0.5714285714285714,0.09496284062758051,6376,0.5158537222919283,0.5832810539523212,4.117001254705144,0.37588874947720624,2640,0.32975113122171945,0.05542986425339366,0.3621867881548975,0.0979498861047836,6920,0.683538053949904,0.598121387283237,3.9445086705202312,0.36000722543352603,2993,0.3467391304347826,0.16521739130434782,0.7041847041847041,0.002886002886002886,116,0.8275862068965517,0.27586206896551724,7.2844827586206895,0.3232758620689655,14.84,14.64,13.96,13.48,-1,5,0
888,1205741265,4,15,15,16,13,3580,0.5497051390058972,0.06486941870261162,0.570957095709571,0.09570957095709572,6381,0.5162330878127778,0.5832941545212349,4.116439429556496,0.3758684636681816,2643,0.32994350282485874,0.05536723163841808,0.36177474402730375,0.09783845278725825,6929,0.6834439794102086,0.5982104199740222,3.944003463703276,0.36004473950064947,2997,0.3467391304347826,0.16521739130434782,0.7042726836293807,0.0028804608737397984,116,0.8275862068965517,0.27586206896551724,7.2844827586206895,0.3232758620689655,14.84,14.66,14.0,13.48,0,-1,2
889,1205741266,4,16,16,14,15,3583,0.5494320572149769,0.06478754732856541,0.570957095709571,0.09570957095709572,6390,0.5160537297861244,0.5830985915492958,4.11658841940532,0.37584767866458013,2644,0.32994350282485874,0.05536723163841808,0.3613636363636364,0.09772727272727273,6940,0.6832973102785787,0.5982708933717579,3.943948126801153,0.36005043227665706,3001,0.3463626492942454,0.16612377850162866,0.7042186001917545,0.0028763183125599234,116,0.8275862068965517,0.27586206896551724,7.2844827586206895,0.3232758620689655,14.86,14.7,14.0,13.48,0,2,1
890,1205741267,4,14,12,13,13,3587,0.55,0.06470588235294118,0.5704863973619126,0.09563066776586975,6400,0.5160286458333335,0.583125,4.11640625,0.3757682291666667,2650,0.3290140845070422,0.0552112676056338,0.3620885357548241,0.09761634506242906,6943,0.6834341543040956,0.5984444764511019,3.9442604061644824,0.3600388880887225,3003,0.3470715835140998,0.16594360086767895,0.7043603258265453,0.0028749401054144704,117,0.8290598290598291,0.27350427350427353,7.282051282051282,0.32264957264957267,14.84,14.62,14.02,13.42,2,1,1
891,1205741268,4,12,13,16,13,3589,0.55,0.06470588235294118,0.5695473251028806,0.0962962962962963,6405,0.5161722612542287,0.5832943013270883,4.116471506635441,0.3757090814467864,2654,0.32920652785593696,0.05514912774338773,0.362400906002265,0.09739524348810873,6953,0.6831703341483296,0.598302890838487,3.943333812742701,0.36009636128289946,3008,0.34773218142548595,0.1652267818574514,0.7045019157088123,0.0028735632183908046,117,0.8290598290598291,0.27350427350427353,7.282051282051282,0.32264957264957267,14.76,14.56,14.08,13.44,-1,-4,-1
892,1205741269,4,13,14,14,14,3592,0.5503778337531486,0.06465155331654072,0.569078947368421,0.0962171052631579,6414,0.515915705228147,0.5829435609603991,4.11599625818522,0.37564962062155705,2658,0.3288364249578415,0.05508712759977515,0.36271186440677966,0.09830508474576272,6960,0.6833453065134103,0.5982758620689655,3.9433908045977013,0.35998563218390806,3013,0.34735706580366776,0.1650485436893204,0.7041108986615678,0.0028680688336520078,117,0.8290598290598291,0.27350427350427353,7.282051282051282,0.32264957264957267,14.7,14.56,14.06,13.42,-1,-1,-1
893,1205741270,4,15,14,15,16,3598,0.5513196480938416,0.06451612903225806,0.5694330320460148,0.0961380443714051,6420,0.5159008307372795,0.5827102803738318,4.115109034267912,0.37572689511941854,2662,0.3290286355979787,0.055025266704098824,0.36302142051860203,0.09808342728297632,6967,0.6835558107267599,0.5985359552174537,3.9438782833357258,0.35998277594373473,3017,0.34698275862068967,0.1648706896551724,0.7045346062052505,0.002863961813842482,117,0.8290598290598291,0.27350427350427353,7.282051282051282,0.32264957264957267,14.72,14.56,14.04,13.5,1,0,-1
894,1205741271,4,15,15,13,15,3602,0.5514644351464435,0.06443514644351464,0.5689655172413793,0.09688013136288999,6425,0.5160959792477304,0.5828793774319067,4.115019455252918,0.3757457846952011,2666,0.32847533632286996,0.0554932735426009,0.36373873873873874,0.09797297297297297,6976,0.6836056957186548,0.598480504587156,3.9440940366972477,0.35998423165137616,3020,0.34698275862068967,0.1648706896551724,0.7049571020019065,0.002859866539561487,117,0.8290598290598291,0.27350427350427353,7.282051282051282,0.32264957264957267,14.74,14.58,14.04,13.5,0,2,0
895,1205741272,4,13,12,15,16,3608,0.5511909736732136,0.06435436690346845,0.5692055692055692,0.09664209664209664,6435,0.5163040663040666,0.5825951825951826,4.115617715617716,0.37562807562807565,2668,0.3288515406162465,0.05546218487394958,0.36332958380202474,0.09786276715410573,6983,0.6834932455009789,0.5984533867965058,3.94400687383646,0.35998138335958757,3021,0.34698275862068967,0.1648706896551724,0.704621248213435,0.0028585040495474035,117,0.8290598290598291,0.27350427350427353,7.282051282051282,0.32264957264957267,14.72,14.5,14.06,13.52,1,-2,-3
896,1205741273,4,15,16,14,16,3611,0.5507306889352819,0.06430062630480167,0.5687397708674304,0.09656301145662848,6444,0.5162812952617425,0.5822470515207946,4.115301055245189,0.37564659631698744,2672,0.32960268606603244,0.055400111919418016,0.36363636363636365,0.09764309764309764,6987,0.6833881971279999,0.5985401459854015,3.9440389294403895,0.3599184199227136,3024,0.34698275862068967,0.1648706896551724,0.7050428163653664,0.0028544243577545195,119,0.8277310924369747,0.2689075630252101,7.285714285714286,0.3235294117647059,14.72,14.54,14.06,13.58,-1,1,-1
897,1205741274,4,16,16,15,11,3613,0.5509181969949917,0.0642737896494157,0.5690923957481603,0.0964840556009812,6448,0.5165038254755999,0.582196029776675,4.115229528535981,0.37564619520264686,2673,0.32941834451901564,0.05536912751677853,0.36363636363636365,0.09764309764309764,6998,0.6834571782414026,0.5981709059731352,3.944698485281509,0.3598885395827379,3030,0.34660925726587727,0.16469321851453175,0.7047935453251067,0.0028476506881822496,120,0.8291666666666667,0.26666666666666666,7.283333333333333,0.3229166666666667,14.7,14.52,14.12,13.48,0,1,5
898,1205741275,4,15,16,14,15,3618,0.551062942892872,0.06419341392246769,0.5689795918367347,0.0963265306122449,6455,0.5165633875548673,0.5820294345468628,4.114484895429899,0.3756648592822102,2680,0.3294249022892239,0.05583472920156337,0.3642458100558659,0.09720670391061452,7005,0.6835593623602192,0.5984296930763741,3.94446823697359,0.35985010706638115,3032,0.34660925726587727,0.16469321851453175,0.7045993361782835,0.002844950213371266,120,0.8291666666666667,0.26666666666666666,7.283333333333333,0.3229166666666667,14.72,14.6,14.14,13.54,-1,1,0
899,1205741276,4,14,15,16,15,3620,0.5514369012911287,0.0641399416909621,0.5689795918367347,0.0963265306122449,6463,0.5164655216875551,0.582237351075352,4.1138790035587185,0.37572850585383466,2684,0.32979910714285715,0.05580357142857143,0.36414253897550114,0.09799554565701558,7009,0.6836686165406386,0.5986588671707804,3.9443572549579113,0.3598230846055072,3041,0.34582441113490364,0.16381156316916487,0.7042120208234738,0.002839564600094652,120,0.8291666666666667,0.26666666666666666,7.283333333333333,0.3229166666666667,14.7,14.64,14.2,13.56,-1,-2,-1
900,1205741277,4,15,15,15,13,3625,0.5521829521829522,0.06403326403326404,0.5693311582381729,0.09624796084828711,6468,0.5166074005359722,0.5820964749536178,4.114100185528757,0.3757472686044115,2687,0.32961517010596764,0.05577244841048522,0.36444444444444446,0.09777777777777778,7017,0.6835304736117053,0.5986888983896252,3.9451332478267065,0.35976913210773837,3044,0.34545454545454546,0.16363636363636364,0.7040189125295508,0.0028368794326241137,120,0.8291666666666667,0.26666666666666666,7.283333333333333,0.3229166666666667,14.76,14.66,14.18,13.56,0,0,2
901,1205741278,4,14,16,17,14,3631,0.5525114155251142,0.0639269406392694,0.5692182410423453,0.09609120521172639,6476,0.5163295243977767,0.5818406423718344,4.1139592340951205,0.37581068560840025,2691,0.3294314381270903,0.055741360089186176,0.3643410852713178,0.09745293466223699,7023,0.6835160662584844,0.5986045849352128,3.9457496796240923,0.35974654705966114,3047,0.34545454545454546,0.16363636363636364,0.7039660056657224,0.0028328611898017,120,0.8291666666666667,0.26666666666666666,7.283333333333333,0.3229166666666667,14.72,14.74,14.26,13.6,-2,-3,0
902,1205741279,4,17,14,16,13,3631,0.5525114155251142,0.0639269406392694,0.5692182410423453,0.09609120521172639,6488,0.5156571105630912,0.5821516646115906,4.113286066584464,0.375886251541307,2692,0.32924791086350974,0.055710306406685235,0.3643410852713178,0.09745293466223699,7034,0.6830869111932522,0.5988058003980665,3.944981518339494,0.35978817173727606,3049,0.34545454545454546,0.16363636363636364,0.7042452830188679,0.002830188679245283,120,0.8291666666666667,0.26666666666666666,7.283333333333333,0.3229166666666667,14.76,14.72,14.3,13.58,3,1,4
903,1205741280,4,15,14,12,14,3638,0.552653399668325,0.06384742951907131,0.5698051948051948,0.09659090909090909,6494,0.5157966327892417,0.5822297505389591,4.113489374807514,0.3758854327071143,2694,0.328881469115192,0.05564830272676683,0.3643410852713178,0.09745293466223699,7040,0.6831439393939397,0.5987215909090909,3.9441761363636365,0.3599431818181818,3052,0.34545454545454546,0.16363636363636364,0.7046632124352331,0.002826189354686764,120,0.8291666666666667,0.26666666666666666,7.283333333333333,0.3229166666666667,14.78,14.72,14.28,13.6,1,3,1
904,1205741281,4,12,14,13,15,3645,0.5525662251655629,0.06415562913907284,0.5692307692307692,0.09635627530364373,6500,0.5156282051282054,0.5823076923076923,4.113076923076923,0.37584615384615383,2699,0.3285158421345192,0.05614230127848805,0.36423841059602646,0.09713024282560706,7048,0.6829124101399927,0.5987514188422247,3.9446651532349604,0.35996027241770717,3054,0.34545454545454546,0.16363636363636364,0.7044705882352941,0.002823529411764706,120,0.8291666666666667,0.26666666666666666,7.283333333333333,0.3229166666666667,14.7,14.68,14.24,13.64,-2,-1,-3
905,1205741282,4,15,15,12,12,3650,0.5524793388429752,0.06446280991735537,0.56957928802589,0.09627831715210355,6508,0.5153785085023563,0.5825138291333744,4.113245236631838,0.3757682851874616,2701,0.3283333333333333,0.05611111111111111,0.3638368246968026,0.0970231532524807,7056,0.6828467498110359,0.5986394557823129,3.9448696145124718,0.35994189342403626,3056,0.3450854700854701,0.16346153846153846,0.7041392285983067,0.0028222013170272815,121,0.8305785123966942,0.2644628099173554,7.289256198347108,0.32231404958677684,14.72,14.68,14.22,13.62,0,3,3
906,1205741283,4,15,14,13,12,3653,0.5522511358942586,0.0644361833952912,0.5694668820678513,0.09612277867528271,6518,0.5153549145954794,0.5820803927585149,4.112918073028537,0.3759205277692544,2702,0.3283333333333333,0.05611111111111111,0.3634361233480176,0.09691629955947137,7063,0.6824531596583135,0.5987540705082826,3.944216338666289,0.35990372363018547,3060,0.3447171824973319,0.16435432230522945,0.7045561296383278,0.0028182245185533112,121,0.8305785123966942,0.2644628099173554,7.289256198347108,0.32231404958677684,14.7,14.66,14.18,13.6,1,2,3
907,1205741284,4,15,14,14,11,3657,0.5517525773195876,0.0643298969072165,0.5694668820678513,0.09612277867528271,6525,0.5153128991060029,0.5819157088122605,4.11264367816092,0.37601532567049806,2704,0.32815102720710715,0.0560799555802332,0.3641364136413641,0.0968096809680968,7073,0.6824779678589946,0.5990385974833875,3.945284886186908,0.36003110419906686,3063,0.34541577825159914,0.16417910447761194,0.7043641482871891,0.0028155795401220087,121,0.8305785123966942,0.2644628099173554,7.289256198347108,0.32231404958677684,14.7,14.64,14.18,13.54,1,1,4
908,1205741285,4,15,17,13,14,3658,0.5519373454245672,0.06430338004946413,0.5694668820678513,0.09612277867528271,6531,0.5152222732608588,0.581687337314347,4.112846424743531,0.37605267187260755,2711,0.3285318559556787,0.05595567867036011,0.3651315789473684,0.09649122807017543,7082,0.6823166713734353,0.5989833380401016,3.9442247952555776,0.3600677774639932,3067,0.3450479233226837,0.1650692225772098,0.704311152764761,0.0028116213683223993,121,0.8305785123966942,0.2644628099173554,7.289256198347108,0.32231404958677684,14.68,14.66,14.16,13.58,-2,2,1
909,1205741286,4,14,14,15,13,3659,0.5521219612690564,0.06427688504326329,0.5694668820678513,0.09612277867528271,6541,0.515046119349743,0.5815624522244305,4.112673903072925,0.37593640116190186,2712,0.3289036544850498,0.055924695459579184,0.3651315789473684,0.09649122807017543,7094,0.6822901982896348,0.5989568649563011,3.9433323935720326,0.35995207217366787,3068,0.3450479233226837,0.1650692225772098,0.7044496487119438,0.002810304449648712,121,0.8305785123966942,0.2644628099173554,7.289256198347108,0.32231404958677684,14.7,14.64,14.24,13.62,0,-1,1
910,1205741287,4,13,13,13,12,3663,0.5522633744855967,0.06419753086419754,0.5690072639225182,0.096045197740113,6547,0.51528689985235,0.5817931877195662,4.112723384756377,0.3758973575683519,2714,0.32853982300884954,0.055862831858407076,0.3651315789473684,0.09649122807017543,7102,0.6823664695390973,0.5992678118839764,3.9426921993804562,0.35991035389092274,3075,0.3453389830508475,0.1641949152542373,0.7042583060364997,0.0028076743097800653,121,0.8305785123966942,0.2644628099173554,7.289256198347108,0.32231404958677684,14.66,14.6,14.22,13.56,0,0,1
911,1205741288,4,19,16,16,16,3665,0.5524475524475524,0.06417112299465241,0.5693548387096774,0.09596774193548387,6556,0.5150371161277204,0.5820622330689444,4.112263575350823,0.3758770591824283,2714,0.32853982300884954,0.055862831858407076,0.3651315789473684,0.09649122807017543,7113,0.6827873846009657,0.5990440039364544,3.9426402361872626,0.359986409859881,3076,0.3453389830508475,0.1641949152542373,0.7043966323666978,0.002806361085126286,121,0.8305785123966942,0.2644628099173554,7.289256198347108,0.32231404958677684,14.76,14.64,14.26,13.6,3,3,3
912,1205741289,4,13,13,13,15,3668,0.5522203947368421,0.06414473684210527,0.5700483091787439,0.09581320450885668,6565,0.5147880172632651,0.5821782178217821,4.112566641279512,0.37574257425742574,2716,0.3292817679558011,0.05580110497237569,0.3651315789473684,0.09649122807017543,7122,0.6826968080127308,0.5988486380230272,3.9420106711597867,0.3598825236356829,3078,0.3453389830508475,0.1641949152542373,0.7042056074766355,0.002803738317757009,121,0.8305785123966942,0.2644628099173554,7.289256198347108,0.32231404958677684,14.7,14.56,14.28,13.66,0,0,-2
913,1205741290,4,13,15,15,14,3674,0.5517241379310345,0.06403940886699508,0.569935691318328,0.09565916398713827,6573,0.5147700187636293,0.582534611288605,4.1121253613266395,0.37562756732085806,2718,0.3294701986754967,0.05573951434878587,0.3651315789473684,0.09649122807017543,7128,0.6825897867564537,0.5989057239057239,3.9424803591470257,0.3599303217358773,3081,0.3453389830508475,0.1641949152542373,0.703686420905273,0.0027998133457769483,121,0.8305785123966942,0.2644628099173554,7.289256198347108,0.32231404958677684,14.68,14.56,14.28,13.7,-2,-2,-1
914,1205741291,4,13,13,12,12,3681,0.5522326915198689,0.06390823433019255,0.5690208667736758,0.09550561797752809,6577,0.5146089909279816,0.5821803253763114,4.111753078911358,0.3756651968982819,2720,0.3294701986754967,0.05573951434878587,0.3665207877461707,0.0962800875273523,7138,0.6824273839544226,0.5991874474642757,3.9434015130288596,0.35998645745773794,3082,0.3453389830508475,0.1641949152542373,0.7038246268656716,0.002798507462686567,123,0.8333333333333334,0.2601626016260163,7.2926829268292686,0.32113821138211385,14.68,14.58,14.28,13.7,0,1,1
915,1205741292,4,14,12,14,13,3683,0.5524160524160524,0.06388206388206388,0.5693664795509222,0.0954290296712109,6586,0.5148673954853733,0.5822957789249924,4.111144852717886,0.3757591861524446,2726,0.3296582138919515,0.05567805953693495,0.36492374727668847,0.09586056644880174,7144,0.6822041806644273,0.5989641657334827,3.9430291153415453,0.35999906681597615,3086,0.344973544973545,0.164021164021164,0.7042384722869119,0.0027945971122496508,123,0.8333333333333334,0.2601626016260163,7.2926829268292686,0.32113821138211385,14.62,14.5,14.28,13.64,2,0,1
916,1205741293,4,16,15,13,14,3688,0.5521472392638037,0.0638036809815951,0.5700560448358687,0.09527622097678143,6592,0.5149297127831718,0.5822208737864077,4.111195388349515,0.3757584951456311,2729,0.32984581497797355,0.05616740088105727,0.36561479869423286,0.0957562568008705,7150,0.6823310023310026,0.5990209790209791,3.9423776223776223,0.35997668997669,3088,0.344973544973545,0.164021164021164,0.7040483946021405,0.002791996277338297,123,0.8333333333333334,0.2601626016260163,7.2926829268292686,0.32113821138211385,14.64,14.54,14.26,13.66,1,3,2
917,1205741294,4,14,15,15,13,3688,0.5521472392638037,0.0638036809815951,0.5700560448358687,0.09527622097678143,6599,0.5147623377279389,0.5819063494468859,4.110319745415972,0.37566297923927866,2733,0.3302146395156852,0.05613648871766648,0.36550976138828634,0.09652928416485901,7157,0.6823156816170652,0.5989939918960459,3.9420148106748636,0.3599389874714732,3094,0.3453009503695882,0.16367476240760295,0.7041337668369717,0.002786809103576405,123,0.8333333333333334,0.2601626016260163,7.2926829268292686,0.32113821138211385,14.56,14.52,14.28,13.62,-1,-1,1
918,1205741295,4,16,16,14,14,3690,0.5525132815692685,0.06375153248876175,0.5700560448358687,0.09527622097678143,6606,0.5145196286204464,0.5820466242809567,4.1102028458976685,0.37579473206176206,2735,0.32985156679494226,0.056074766355140186,0.36550976138828634,0.09652928416485901,7167,0.6825496488535421,0.5991349239570253,3.9429328868424722,0.3599948839588857,3094,0.3453009503695882,0.16367476240760295,0.7041337668369717,0.002786809103576405,125,0.828,0.264,7.296,0.322,14.58,14.54,14.24,13.58,0,2,2
919,1205741296,4,12,14,13,14,3694,0.5520195838433293,0.06364749082007344,0.5700560448358687,0.09527622097678143,6614,0.5147540570507009,0.5820985787723012,4.1099183550045355,0.3757559721802238,2739,0.32948929159802304,0.05601317957166392,0.3647186147186147,0.09632034632034632,7176,0.6828084355258272,0.5992196209587514,3.94314381270903,0.3599962839093274,3097,0.3453009503695882,0.16367476240760295,0.7036178107606679,0.0027829313543599257,125,0.828,0.264,7.296,0.322,14.52,14.5,14.16,13.58,-2,-1,-2
920,1205741297,4,12,15,15,15,3696,0.5519771708112515,0.06400326131267835,0.5700560448358687,0.09527622097678143,6623,0.5144320297951586,0.5819115204590065,4.110070964819569,0.3759248074890533,2740,0.32930845225027444,0.05598243688254665,0.3647186147186147,0.09632034632034632,7188,0.6825728065294012,0.5994713411240957,3.9430996104618807,0.3599517714709702,3098,0.3453009503695882,0.16367476240760295,0.703291608715809,0.0027816411682892906,125,0.828,0.264,7.296,0.322,14.46,14.52,14.16,13.64,-3,-3,-3
921,1205741298,4,13,14,10,11,3699,0.5517522412387939,0.06397718011409943,0.5707434052757794,0.09512390087929656,6631,0.5144900216156439,0.5822651183833509,4.109485748755843,0.3758105866385161,2743,0.3287671232876712,0.05589041095890411,0.3647186147186147,0.09632034632034632,7195,0.6823256891359744,0.5994440583738707,3.9425990271021543,0.36001853138753764,3105,0.34522560335781743,0.16369359916054566,0.7034291010194624,0.0027803521779425394,125,0.828,0.264,7.296,0.322,14.42,14.5,14.08,13.6,-1,3,2
922,1205741299,4,14,12,14,12,3702,0.5521172638436482,0.06392508143322476,0.5710862619808307,0.0950479233226837,6635,0.5144812861090181,0.5825169555388093,4.109118311981914,0.37577241899020347,2747,0.3287746170678337,0.05579868708971553,0.3643243243243243,0.09621621621621622,7205,0.6822345593337964,0.599028452463567,3.942401110340042,0.359969928290539,3111,0.34554973821989526,0.1643979057591623,0.7035152636447733,0.0027752081406105457,125,0.828,0.264,7.296,0.322,14.42,14.46,14.12,13.58,2,0,2
923,1205741300,4,13,14,13,13,3704,0.5521172638436482,0.06392508143322476,0.5717703349282297,0.094896331738437,6641,0.514317622847965,0.5822918235205541,4.109320885408824,0.37592230085830447,2749,0.3287746170678337,0.05579868708971553,0.36461704422869473,0.09600862998921252,7213,0.6823790378483298,0.5989186191598502,3.9427422708997644,0.3599865982716392,3116,0.3448275862068966,0.16405433646812956,0.7030023094688221,0.002771362586605081,126,0.8293650793650794,0.2619047619047619,7.2936507936507935,0.32142857142857145,14.42,14.5,14.08,13.6,-1,0,0
924,1205741301,4,14,15,13,13,3706,0.5524816924328723,0.06387306753458095,0.5717703349282297,0.094896331738437,6648,0.5143777577216209,0.5821299638989169,4.108754512635379,0.37578971119133575,2751,0.3284153005464481,0.05573770491803279,0.36461704422869473,0.09600862998921252,7221,0.6822462262844485,0.5990859991690901,3.9423902506578035,0.3599339888288788,3123,0.34479166666666666,0.16354166666666667,0.7030889810972798,0.0027662517289073307,126,0.8293650793650794,0.2619047619047619,7.2936507936507935,0.32142857142857145,14.4,14.48,14.0,13.58,-1,1,1
925,1205741302,4,16,17,14,15,3710,0.5530272247054043,0.06379520520113775,0.5721115537848606,0.09482071713147411,6656,0.5141851963141029,0.5821814903846154,4.108022836538462,0.3759264823717948,2752,0.3284153005464481,0.05573770491803279,0.36530172413793105,0.09590517241379311,7228,0.6821389042612068,0.5990592141671278,3.942169341449917,0.36003504888396975,3129,0.34407484407484407,0.1632016632016632,0.7031753336401289,0.0027611596870685687,126,0.8293650793650794,0.2619047619047619,7.2936507936507935,0.32142857142857145,14.42,14.54,14.0,13.62,-1,2,1
926,1205741303,4,12,15,14,15,3715,0.5527597402597403,0.06371753246753246,0.5719968178202068,0.09466984884645982,6663,0.5137950872980143,0.5824703586972835,4.107759267597179,0.37590674871179147,2756,0.3282442748091603,0.05561613958560523,0.36530172413793105,0.09590517241379311,7234,0.6823103861395267,0.598977052806193,3.9424937793751726,0.3600129020366787,3134,0.34439834024896265,0.1628630705394191,0.7026654411764706,0.003216911764705882,126,0.8293650793650794,0.2619047619047619,7.2936507936507935,0.32142857142857145,14.32,14.56,13.98,13.66,-3,-2,-3
927,1205741304,4,14,14,13,14,3718,0.5533036076205918,0.0636400486420754,0.5719968178202068,0.09466984884645982,6668,0.5139347130573888,0.5821835632873426,4.1076784643071385,0.3758873225354929,2760,0.32861035422343327,0.0555858310626703,0.3651987110633727,0.09559613319011816,7243,0.6824750333655486,0.5990611625017258,3.942979428413641,0.35994523447926735,3138,0.3450777202072539,0.16269430051813472,0.7021569527306104,0.0032124827902707664,126,0.8293650793650794,0.2619047619047619,7.2936507936507935,0.32142857142857145,14.34,14.58,13.94,13.66,0,1,0
928,1205741305,4,14,14,11,14,3720,0.5528554070473876,0.06358849736735521,0.5719968178202068,0.09466984884645982,6676,0.5140678050728983,0.5823846614739365,4.108298382264829,0.3758113640902736,2765,0.32879695155144256,0.05606967882416984,0.36509635974304067,0.09528907922912205,7249,0.6826688738676602,0.5991171196027039,3.9434404745482134,0.35988872028325747,3138,0.3450777202072539,0.16269430051813472,0.7021569527306104,0.0032124827902707664,129,0.8255813953488372,0.26356589147286824,7.294573643410852,0.31976744186046513,14.36,14.58,13.88,13.64,0,3,0
929,1205741306,4,14,14,12,11,3723,0.5528126264670175,0.06394172399838122,0.5723370429252782,0.0945945945945946,6686,0.5140467643832888,0.582411008076578,4.108884235716422,0.37605942765978656,2769,0.328804347826087,0.05597826086956522,0.36470588235294116,0.09518716577540107,7254,0.6824740373127473,0.5992555831265509,3.9444444444444446,0.3599048800661704,3142,0.3447204968944099,0.16252587991718426,0.7021081576535289,0.0032080659945004585,130,0.823076923076923,0.26153846153846155,7.292307692307692,0.3211538461538462,14.34,14.58,13.84,13.62,0,2,3
930,1205741307,4,13,14,13,14,3728,0.5529506871463218,0.06386418755052546,0.5714285714285714,0.09444444444444444,6697,0.5143223333831072,0.5823503061072122,4.107958787516798,0.376113682743517,2776,0.329175704989154,0.055856832971800434,0.36353944562899787,0.09488272921108742,7257,0.6824675026411284,0.5994212484497726,3.944191814799504,0.359893895549125,3144,0.3447204968944099,0.16252587991718426,0.7019230769230769,0.003205128205128205,130,0.823076923076923,0.26153846153846155,7.292307692307692,0.3211538461538462,14.3,14.58,13.8,13.62,-1,0,-1
931,1205741308,4,14,12,15,12,3730,0.5533117932148627,0.06381260096930533,0.5714285714285714,0.09444444444444444,6703,0.5143343776418522,0.5822765925704908,4.108160525137998,0.37618727932766416,2778,0.32899728997289973,0.05582655826558266,0.36421725239616615,0.09478168264110756,7267,0.6826751066464843,0.5994220448603275,3.943718178065226,0.3598458786294207,3148,0.3440082644628099,0.16322314049586778,0.7017383348581885,0.003202195791399817,130,0.823076923076923,0.26153846153846155,7.292307692307692,0.3211538461538462,14.26,14.5,13.8,13.56,2,-1,2
932,1205741309,4,15,15,14,15,3737,0.5536290322580645,0.06370967741935483,0.5716547901821061,0.09501187648456057,6708,0.5144727688332342,0.5824388789505068,4.108079904591532,0.37616775988869006,2779,0.3293607800650054,0.05579631635969664,0.36421725239616615,0.09478168264110756,7277,0.682767624020888,0.5994228390820393,3.943245843067198,0.359832348495259,3151,0.3440082644628099,0.16322314049586778,0.7021470991320238,0.0031978072179077205,130,0.823076923076923,0.26153846153846155,7.292307692307692,0.3211538461538462,14.26,14.48,13.78,13.62,0,1,0
933,1205741310,4,16,16,13,13,3742,0.5531829170024174,0.06365834004834811,0.5726698262243286,0.0947867298578199,6714,0.514683248932579,0.58266309204647,4.107983318439082,0.3761294806871214,2784,0.3299080584099513,0.05570578691184424,0.3645058448459086,0.09458023379383634,7284,0.6830038440417355,0.5992586490939045,3.942888522789676,0.3597954420647996,3154,0.3440082644628099,0.16322314049586778,0.7025547445255474,0.0031934306569343066,130,0.823076923076923,0.26153846153846155,7.292307692307692,0.3211538461538462,14.26,14.48,13.72,13.6,0,3,3
934,1205741311,4,12,14,11,14,3749,0.5534565916398714,0.0635048231511254,0.5730071033938438,0.0947119179163378,6718,0.5145256524759356,0.582316165525454,4.108216731169991,0.3760543812642651,2785,0.32972972972972975,0.055675675675675676,0.3645058448459086,0.09458023379383634,7293,0.6827551533433889,0.5994789524201289,3.943096119566708,0.3598313451254628,3160,0.3436213991769547,0.1646090534979424,0.7023701002734731,0.0031905195989061076,130,0.823076923076923,0.26153846153846155,7.292307692307692,0.3211538461538462,14.24,14.48,13.68,13.62,-2,1,-2
935,1205741312,4,12,16,11,13,3753,0.5527900441589723,0.06342834203131273,0.5733438485804416,0.0946372239747634,6728,0.5145783789139916,0.5820451843043996,4.108055885850178,0.3760156559651208,2790,0.3291958985429034,0.05612520237452779,0.3647932131495228,0.09437963944856839,7300,0.682922374429224,0.5997260273972602,3.942876712328767,0.3597260273972603,3162,0.3436213991769547,0.1646090534979424,0.7017304189435337,0.0031876138433515485,130,0.823076923076923,0.26153846153846155,7.292307692307692,0.3211538461538462,14.18,14.46,13.64,13.66,-4,1,-1
936,1205741313,4,17,17,13,15,3758,0.5521251002405774,0.06375300721732158,0.574015748031496,0.09448818897637795,6738,0.5147793608390228,0.5819234194122885,4.108934401899673,0.3761625606015632,2794,0.3293800539083558,0.056064690026954175,0.36507936507936506,0.09417989417989418,7306,0.6830915229491744,0.5999178757185875,3.942649876813578,0.3597385710375034,3163,0.3436213991769547,0.1646090534979424,0.701866181156122,0.0031861629494765588,130,0.823076923076923,0.26153846153846155,7.292307692307692,0.3211538461538462,14.24,14.52,13.62,13.66,0,4,2
937,1205741314,4,16,14,16,13,3759,0.5523046092184368,0.06372745490981964,0.574015748031496,0.09448818897637795,6747,0.5148337532730599,0.5815918185860383,4.108344449384912,0.3761795365841608,2797,0.3292025862068966,0.05603448275862069,0.36536430834213307,0.09398099260823653,7316,0.683182977947877,0.5997813012575177,3.9421815199562604,0.35975943138326955,3164,0.3436213991769547,0.1646090534979424,0.7020018198362148,0.0031847133757961785,130,0.823076923076923,0.26153846153846155,7.292307692307692,0.3211538461538462,14.28,14.5,13.76,13.64,2,0,3
938,1205741315,4,16,16,15,14,3764,0.5524419535628503,0.06365092073658928,0.5738993710691824,0.09433962264150944,6754,0.5149911163754815,0.5818774059816405,4.108824400355345,0.37615980653439934,2803,0.33028509951586876,0.055944055944055944,0.36526315789473685,0.09473684210526316,7323,0.6832809868451001,0.5997541990987301,3.942783012426601,0.35976830989121034,3165,0.3436213991769547,0.1646090534979424,0.7016825829922693,0.0031832651205093224,130,0.823076923076923,0.26153846153846155,7.292307692307692,0.3211538461538462,14.3,14.52,13.74,13.66,0,1,2
939,1205741316,4,15,15,12,15,3766,0.5524,0.064,0.5738993710691824,0.09433962264150944,6759,0.5152759283917742,0.5818908122503329,4.108891847906495,0.3761404547023721,2808,0.33046749059645353,0.05588393336915637,0.3641133263378804,0.0944386149003148,7333,0.6834401563707443,0.599618164462021,3.942042820128188,0.3597549888631302,3169,0.3432682425488181,0.16546762589928057,0.7020890099909174,0.003178928247048138,130,0.823076923076923,0.26153846153846155,7.292307692307692,0.3211538461538462,14.28,14.5,13.7,13.66,0,3,0
940,1205741317,4,16,14,15,13,3769,0.5529364762285258,0.06392329204954054,0.5738993710691824,0.09433962264150944,6764,0.5151907155529275,0.5820520402128918,4.109994086339444,0.37615809185886057,2811,0.33029001074113856,0.055853920515574654,0.36544502617801045,0.09424083769633508,7346,0.6833650966512389,0.5995099373808875,3.9441873128233054,0.3597649514474998,3169,0.3432682425488181,0.16546762589928057,0.7020890099909174,0.003178928247048138,130,0.823076923076923,0.26153846153846155,7.292307692307692,0.3211538461538462,14.32,14.54,13.74,13.66,2,1,3
941,1205741318,4,15,13,14,14,3774,0.5526735833998404,0.06384676775738228,0.5737833594976453,0.09419152276295134,6774,0.5149714595020177,0.5822261588426336,4.109684086211987,0.3762301938785552,2815,0.3302949061662198,0.055764075067024126,0.36506276150627615,0.09414225941422594,7353,0.683326533387733,0.5996192030463756,3.9432884536923702,0.3596944557776871,3169,0.3432682425488181,0.16546762589928057,0.7020890099909174,0.003178928247048138,130,0.823076923076923,0.26153846153846155,7.292307692307692,0.3211538461538462,14.38,14.54,13.7,13.68,2,1,1
942,1205741319,4,15,16,15,14,3776,0.5524531312325489,0.06382130035899482,0.5741176470588235,0.09411764705882353,6782,0.5151995478226681,0.5821291654379239,4.1094072544971985,0.37622874275041773,2817,0.3304767005891805,0.05570433851098018,0.36506276150627615,0.09414225941422594,7362,0.6833740831295845,0.5995653355066558,3.9425427872860634,0.35962827130308794,3172,0.34291581108829566,0.16529774127310062,0.7019056261343013,0.003176043557168784,130,0.823076923076923,0.26153846153846155,7.292307692307692,0.3211538461538462,14.42,14.58,13.72,13.68,-1,0,1
943,1205741320,4,12,12,14,13,3779,0.552191235059761,0.06414342629482071,0.5741176470588235,0.09411764705882353,6791,0.5152530309723656,0.581799440435871,4.109409512590193,0.37620870760320024,2819,0.3302997858672377,0.05620985010706638,0.3657262277951933,0.09404388714733543,7371,0.6830823497490165,0.599647266313933,3.9432912766246098,0.3595961651517207,3173,0.34291581108829566,0.16529774127310062,0.7020408163265306,0.0031746031746031746,130,0.823076923076923,0.26153846153846155,7.292307692307692,0.3211538461538462,14.36,14.54,13.7,13.62,0,-2,-1
944,1205741321,4,15,17,14,13,3785,0.5521081941129674,0.06404136833731106,0.5747846515270164,0.09397024275646046,6797,0.5154602520719928,0.5820214800647344,4.10931293217596,0.3761708596930018,2823,0.33101604278074864,0.05614973262032086,0.3660062565172054,0.09384775808133472,7376,0.6828452639190168,0.5996475054229935,3.9429229934924077,0.3595896601590745,3175,0.3425641025641026,0.16512820512820514,0.7021758839528558,0.003173164097914778,130,0.823076923076923,0.26153846153846155,7.292307692307692,0.3211538461538462,14.36,14.58,13.72,13.58,-2,1,2
945,1205741322,4,15,14,15,12,3788,0.5520667726550079,0.06399046104928457,0.5751173708920188,0.09389671361502347,6801,0.5153776405430576,0.5821202764299368,4.108807528304661,0.37617017105327644,2826,0.33083912346338856,0.05611972207375735,0.36524453694068676,0.09365244536940687,7386,0.6826654030147127,0.599647982669916,3.9424587056593556,0.3595879592020941,3179,0.34186284544524054,0.16581371545547594,0.7024456521739131,0.003170289855072464,130,0.823076923076923,0.26153846153846155,7.292307692307692,0.3211538461538462,14.4,14.62,13.72,13.5,1,0,3
946,1205741323,4,13,14,12,14,3794,0.5517651725505752,0.06386354621182071,0.5754495699765442,0.09382329945269742,6807,0.5152906321923513,0.5819009842808873,4.1088585279858965,0.37613241271240383,2828,0.33066239316239315,0.05608974358974359,0.36486486486486486,0.0945945945945946,7393,0.6826051670499123,0.599891789530637,3.9421073988908426,0.3595518283060553,3185,0.34183673469387754,0.1653061224489796,0.7019448213478064,0.003165988240615106,130,0.823076923076923,0.26153846153846155,7.292307692307692,0.3211538461538462,14.36,14.58,13.68,13.46,-1,1,-1
947,1205741324,4,17,15,15,14,3796,0.5517651725505752,0.06386354621182071,0.5753317720530835,0.0936768149882904,6814,0.515128167498288,0.5818902260052833,4.109773994716759,0.3761495939731924,2831,0.33066666666666666,0.056,0.36486486486486486,0.0945945945945946,7402,0.6825182383139693,0.5998378816536072,3.941637395298568,0.3595874988741782,3188,0.34183673469387754,0.1653061224489796,0.7023486901535682,0.0031616982836495033,130,0.823076923076923,0.26153846153846155,7.292307692307692,0.3211538461538462,14.38,14.56,13.68,13.52,2,2,3
948,1205741325,4,15,15,14,13,3804,0.5523922499011467,0.06405693950177936,0.5753317720530835,0.0936768149882904,6819,0.5148971012367407,0.5816102067751869,4.109693503446253,0.3761304199051669,2833,0.3304904051172708,0.055970149253731345,0.3644859813084112,0.09449636552440291,7411,0.6827013898259345,0.600053973822696,3.941708271488328,0.3595893491656547,3191,0.34183673469387754,0.1653061224489796,0.7027514659449707,0.0031574199368516014,130,0.823076923076923,0.26153846153846155,7.292307692307692,0.3211538461538462,14.38,14.54,13.68,13.48,0,1,2
949,1205741326,4,14,14,14,15,3807,0.552350849466614,0.06440142236270249,0.5756630265210608,0.093603744149766,6827,0.5146599287144185,0.5813680972608759,4.1097114398711,0.3762389531761144,2840,0.3303191489361702,0.05585106382978723,0.36335403726708076,0.09523809523809523,7419,0.6825942400143776,0.5999460843779485,3.9423102844049063,0.35960596666217376,3193,0.3425076452599388,0.1651376146788991,0.7024346257889991,0.0031559963931469793,130,0.823076923076923,0.26153846153846155,7.292307692307692,0.3211538461538462,14.38,14.52,13.64,13.48,0,0,-1
950,1205741327,4,14,14,15,14,3815,0.5522682445759369,0.06429980276134123,0.5762052877138414,0.09331259720062209,6832,0.514380854800937,0.5810889929742389,4.109631147540983,0.3763661202185792,2847,0.33049946865037194,0.05579171094580234,0.36251287332646753,0.09474768280123584,7425,0.6826487093153761,0.5998653198653199,3.943030303030303,0.35958473625140297,3194,0.3425076452599388,0.1651376146788991,0.7025687246507436,0.0031545741324921135,130,0.823076923076923,0.26153846153846155,7.292307692307692,0.3211538461538462,14.36,14.5,13.64,13.5,0,-1,0
951,1205741328,4,15,14,15,12,3818,0.5522682445759369,0.06429980276134123,0.5756400310318076,0.09309542280837858,6838,0.5146607195086285,0.5810178414741153,4.109242468558058,0.37636492151701273,2847,0.33049946865037194,0.05579171094580234,0.36251287332646753,0.09474768280123584,7435,0.6825599641336025,0.6,3.942703429724277,0.3595718448778301,3198,0.3425076452599388,0.1651376146788991,0.7026540710751237,0.003148897885739991,130,0.823076923076923,0.26153846153846155,7.292307692307692,0.3211538461538462,14.38,14.46,13.6,13.46,1,0,3
952,1205741329,4,16,16,15,15,3820,0.5524447949526814,0.06427444794952682,0.5751937984496124,0.09302325581395349,6847,0.5146414488096979,0.5808383233532934,4.11070541843143,0.3763448712331434,2849,0.330323951141795,0.055762081784386616,0.3631687242798354,0.09465020576131687,7443,0.6826996282860855,0.599758162031439,3.9430337229611716,0.3595884276053563,3200,0.3425076452599388,0.1651376146788991,0.7029213483146067,0.003146067415730337,130,0.823076923076923,0.26153846153846155,7.292307692307692,0.3211538461538462,14.36,14.5,13.58,13.5,0,1,1
953,1205741330,4,15,14,14,14,3825,0.552755905511811,0.06456692913385827,0.5747482571649883,0.09295120061967467,6851,0.5147302097017469,0.5807911253831557,4.110348854181871,0.3764170680679219,2853,0.329973474801061,0.05570291777188329,0.36344969199178645,0.09548254620123203,7450,0.6827964205816557,0.5998657718120806,3.943758389261745,0.35955257270693514,3204,0.34181078331637843,0.16581892166836215,0.7027391109115402,0.003143242029636282,131,0.8244274809160306,0.2595419847328244,7.290076335877862,0.32061068702290074,14.36,14.5,13.62,13.5,1,1,1
954,1205741331,4,15,14,13,15,3826,0.5529319165682802,0.06454151908697363,0.5747482571649883,0.09295120061967467,6860,0.5147108843537417,0.5807580174927114,4.1103498542274055,0.37636054421768705,2858,0.32962374138844724,0.05564387917329094,0.3633572159672467,0.09518935516888434,7457,0.6828930311564081,0.5995708730052299,3.944213490679898,0.359550310670064,3208,0.34181078331637843,0.16581892166836215,0.7019273868220529,0.0031376064545047063,131,0.8244274809160306,0.2595419847328244,7.290076335877862,0.32061068702290074,14.42,14.5,13.62,13.5,1,2,0
955,1205741332,4,15,13,12,13,3827,0.5531077891424075,0.06451612903225806,0.5747482571649883,0.09295120061967467,6870,0.5147622513343039,0.5809315866084425,4.109898107714701,0.37621300339640945,2859,0.32962374138844724,0.05564387917329094,0.36298568507157464,0.0950920245398773,7468,0.6830699875022319,0.59962506695233,3.944161756829138,0.35958980539189433,3210,0.34181078331637843,0.16581892166836215,0.7021943573667712,0.003134796238244514,131,0.8244274809160306,0.2595419847328244,7.290076335877862,0.32061068702290074,14.42,14.46,13.62,13.52,2,3,2
956,1205741333,4,14,13,16,14,3831,0.5522388059701493,0.06480754124116261,0.5747482571649883,0.09295120061967467,6878,0.5150358631385095,0.5808374527478918,4.110642628671125,0.3762115925172046,2863,0.3296296296296296,0.05555555555555555,0.36363636363636365,0.09499489274770173,7476,0.682940966648832,0.5997859818084538,3.943552701979668,0.3595728553593723,3212,0.34247967479674796,0.16565040650406504,0.7023276633840645,0.003133393017009848,131,0.8244274809160306,0.2595419847328244,7.290076335877862,0.32061068702290074,14.4,14.44,13.68,13.56,1,-2,0
957,1205741334,4,13,14,13,12,3837,0.552156862745098,0.06470588235294118,0.5738592420726991,0.09358081979891725,6888,0.5147962640340691,0.5807200929152149,4.110627177700349,0.3762098335269067,2863,0.3296296296296296,0.05555555555555555,0.36363636363636365,0.09499489274770173,7484,0.6828344913593446,0.5998129342597541,3.943613041154463,0.35955594156422593,3214,0.34213197969543147,0.16548223350253807,0.7024608501118568,0.003131991051454139,131,0.8244274809160306,0.2595419847328244,7.290076335877862,0.32061068702290074,14.36,14.44,13.66,13.58,-1,0,1
958,1205741335,4,14,11,15,10,3840,0.5525078369905956,0.06465517241379311,0.5741885625965997,0.09350850077279753,6893,0.5149306059287201,0.5807340780501958,4.112142753518062,0.3761908216064606,2865,0.3294553146483342,0.05552617662612375,0.363265306122449,0.09489795918367347,7493,0.6830152586858848,0.5996263178967036,3.945682637127986,0.3594910805640821,3215,0.34213197969543147,0.16548223350253807,0.7021466905187835,0.0031305903398926656,132,0.821969696969697,0.26515151515151514,7.287878787878788,0.32196969696969696,14.34,14.32,13.7,13.5,3,-1,4
959,1205741336,4,13,16,15,14,3843,0.5524667188723571,0.06460454189506656,0.5737451737451738,0.09343629343629344,6900,0.5149879227053142,0.5807246376811595,4.1118840579710145,0.376171497584541,2869,0.3291072371896461,0.0554675118858954,0.3635437881873727,0.09470468431771895,7498,0.6830265848670759,0.5996265670845559,3.94571885836223,0.3594514092646928,3221,0.34277047522750254,0.16582406471183014,0.7015192135835567,0.003127792672028597,132,0.821969696969697,0.26515151515151514,7.287878787878788,0.32196969696969696,14.32,14.36,13.7,13.52,-3,-2,-1
960,1205741337,4,14,13,12,12,3846,0.5522504892367907,0.06457925636007827,0.5736314572089437,0.09329221279876639,6911,0.5147470216562969,0.5808131963536391,4.111416582260165,0.3760068489847103,2871,0.3289334741288279,0.05543822597676874,0.3641912512716175,0.09460834181078331,7507,0.6828737622663295,0.5994405221792993,3.945251098974291,0.3594533990497758,3223,0.3434343434343434,0.16565656565656567,0.7016525234479678,0.0031263957123715946,132,0.821969696969697,0.26515151515151514,7.287878787878788,0.32196969696969696,14.34,14.36,13.68,13.52,1,2,2
961,1205741338,4,17,17,17,15,3850,0.5526007039499413,0.06452874462260462,0.5742879137798307,0.09314857582755966,6916,0.5148086562560249,0.5808270676691729,4.111914401388086,0.37595189897821474,2874,0.32999472851871375,0.055350553505535055,0.3641912512716175,0.09460834181078331,7515,0.6829230428032825,0.5992015968063872,3.945575515635396,0.3594699489909071,3225,0.343087790110999,0.16548940464177597,0.7017857142857142,0.003125,132,0.821969696969697,0.26515151515151514,7.287878787878788,0.32196969696969696,14.3,14.38,13.7,13.5,0,0,2
962,1205741339,4,16,17,13,13,3855,0.5521280749707146,0.06481843030066381,0.5746153846153846,0.09307692307692307,6921,0.5147979579058904,0.5811298945239127,4.1121225256465825,0.37589702836776956,2876,0.32982086406743943,0.05584826132771338,0.3638211382113821,0.09552845528455285,7525,0.6828128460686602,0.599202657807309,3.944717607973422,0.3595238095238096,3230,0.34305835010060365,0.16498993963782696,0.7016057091882248,0.0031222123104371097,132,0.821969696969697,0.26515151515151514,7.287878787878788,0.32196969696969696,14.36,14.46,13.7,13.46,-1,3,3
963,1205741340,4,14,14,12,12,3856,0.5521280749707146,0.06481843030066381,0.5749423520368947,0.0930053804765565,6931,0.5148006540662725,0.5810128408599048,4.111960756023662,0.3759318039724907,2878,0.32964718272775145,0.055818852027382834,0.3634517766497462,0.09543147208121827,7534,0.6827714361560925,0.5995487125033183,3.944518184231484,0.359525705689762,3234,0.3433734939759036,0.1646586345381526,0.7018716577540107,0.0031194295900178253,132,0.821969696969697,0.26515151515151514,7.287878787878788,0.32196969696969696,14.38,14.44,13.64,13.42,0,2,2
964,1205741341,4,16,14,14,14,3861,0.5524775653531019,0.0647678501755755,0.5751533742331288,0.09279141104294479,6935,0.5150805094929105,0.5808219178082191,4.112040374909878,0.3759673155491468,2879,0.3294736842105263,0.05578947368421053,0.3634517766497462,0.09543147208121827,7544,0.6825954400848357,0.5992841993637328,3.9441940615058324,0.35951307882644046,3239,0.3440320962888666,0.16449348044132397,0.7015124555160143,0.003113879003558719,132,0.821969696969697,0.26515151515151514,7.287878787878788,0.32196969696969696,14.44,14.46,13.68,13.46,2,2,2
965,1205741342,4,14,16,15,16,3865,0.5522213561964147,0.06547155105222136,0.5747126436781609,0.09272030651340996,6945,0.5148428125749942,0.5809935205183585,4.112742980561555,0.37596592272618184,2880,0.32930036822724884,0.05576012624934245,0.3634517766497462,0.09543147208121827,7552,0.6827330508474577,0.5995762711864406,3.9438559322033897,0.35949638064971756,3241,0.34468937875751504,0.16432865731462926,0.7012005335704757,0.0031124944419742106,132,0.821969696969697,0.26515151515151514,7.287878787878788,0.32196969696969696,14.44,14.54,13.7,13.52,-2,-1,-2
966,1205741343,4,15,16,15,13,3869,0.5525291828793775,0.06536964980544747,0.5747126436781609,0.09272030651340996,6953,0.5147538232897072,0.5809003307924637,4.112757083273407,0.3760007670549882,2882,0.3291272344900105,0.05573080967402734,0.3630831643002028,0.09533468559837728,7561,0.682780055548208,0.5996561301415156,3.9439227615394787,0.359432173874708,3242,0.34534534534534533,0.16416416416416416,0.7012005335704757,0.0031124944419742106,132,0.821969696969697,0.26515151515151514,7.287878787878788,0.32196969696969696,14.42,14.56,13.74,13.5,-1,0,2
967,1205741344,4,14,17,14,12,3873,0.5530509133307423,0.06529343179168286,0.5742725880551302,0.09341500765696784,6958,0.5146713615023476,0.5804828973843058,4.112676056338028,0.3759820829740346,2887,0.328781512605042,0.05567226890756303,0.3619817997977755,0.09605662285136501,7570,0.6827608982826949,0.6,3.944649933949802,0.359368119771026,3247,0.34565434565434566,0.16383616383616384,0.7007104795737122,0.003108348134991119,132,0.821969696969697,0.26515151515151514,7.287878787878788,0.32196969696969696,14.42,14.6,13.72,13.48,-3,0,2
968,1205741345,4,13,14,16,12,3876,0.553009708737864,0.06524271844660194,0.5745983167559297,0.09334353481254781,6968,0.5145067929582856,0.5805109070034443,4.1120838117106775,0.3760524301569077,2889,0.32860892388451446,0.05564304461942257,0.3616161616161616,0.09696969696969697,7578,0.6826999208234363,0.6000263921879124,3.9444444444444446,0.35928565144717167,3251,0.3466135458167331,0.1643426294820717,0.7008433200177541,0.0031069684864624943,132,0.821969696969697,0.26515151515151514,7.287878787878788,0.32196969696969696,14.36,14.56,13.76,13.44,-1,-3,1
969,1205741346,4,13,14,14,13,3885,0.5536198219125048,0.06504065040650407,0.5749235474006116,0.09327217125382263,6971,0.5145722756180368,0.5804045330655573,4.1123224788409125,0.376034045808827,2890,0.3284365162644281,0.055613850996852045,0.3616161616161616,0.09696969696969697,7588,0.6827227200843439,0.6002899314707433,3.9437269372693726,0.3592404674046741,3255,0.34626865671641793,0.16517412935323383,0.7007978723404256,0.0031028368794326243,132,0.821969696969697,0.26515151515151514,7.287878787878788,0.32196969696969696,14.38,14.56,13.78,13.42,-1,-1,0
970,1205741347,4,17,17,12,15,3886,0.5537925696594427,0.06501547987616099,0.5749235474006116,0.09327217125382263,6976,0.5144901567278289,0.5805619266055045,4.1119552752293576,0.37597954892966357,2892,0.3282642894598846,0.05558468799160986,0.3622603430877901,0.09687184661957618,7596,0.6827058100754784,0.6000526592943655,3.943259610321222,0.35932288923995087,3261,0.34691848906560635,0.16500994035785288,0.7010172490048651,0.0030959752321981426,132,0.821969696969697,0.26515151515151514,7.287878787878788,0.32196969696969696,14.48,14.6,13.72,13.42,0,5,2
971,1205741348,4,13,13,12,13,3889,0.5537509667440061,0.06496519721577726,0.5744843391902216,0.0932009167303285,6981,0.5145275270973597,0.5807190946855751,4.112018335482023,0.376068376068376,2895,0.32861635220125784,0.05555555555555555,0.36153071500503525,0.09667673716012085,7604,0.6826450990706646,0.6002104155707523,3.9430562861651763,0.3592407504822024,3268,0.3458870168483647,0.16551040634291378,0.7015452538631347,0.0030905077262693157,132,0.821969696969697,0.26515151515151514,7.287878787878788,0.32196969696969696,14.48,14.58,13.76,13.46,0,1,0
972,1205741349,4,14,14,15,15,3895,0.5542261675028947,0.06483983018139715,0.5748091603053435,0.09312977099236641,6985,0.5146623717489861,0.58067287043665,4.111954187544739,0.3760677642567406,2897,0.3284442116291252,0.05552645364064956,0.36217303822937624,0.096579476861167,7612,0.6826064109301104,0.6002364687335786,3.9433788754598003,0.3592573130145385,3272,0.3455445544554455,0.16633663366336635,0.701058201058201,0.0030864197530864196,132,0.821969696969697,0.26515151515151514,7.287878787878788,0.32196969696969696,14.48,14.62,13.78,13.52,0,-1,-1
973,1205741350,4,17,16,16,13,3897,0.5541843424604705,0.064789818742769,0.5748091603053435,0.09312977099236641,6993,0.5147885981219317,0.5808665808665808,4.112112112112112,0.37609037609037604,2903,0.3294979079497908,0.05543933054393305,0.3630892678034102,0.09628886659979939,7617,0.6825521858999607,0.6002363135092557,3.9431534724957333,0.35925123626974753,3277,0.3448616600790514,0.16699604743083005,0.7010127697049758,0.0030823425803610744,132,0.821969696969697,0.26515151515151514,7.287878787878788,0.32196969696969696,14.56,14.66,13.84,13.52,1,1,4
974,1205741351,4,13,13,15,13,3902,0.5546995377503852,0.06471494607087827,0.5739329268292683,0.09298780487804878,7000,0.5148690476190477,0.5805714285714285,4.111857142857143,0.3761071428571428,2906,0.3293256664924203,0.05593308938839519,0.36236236236236236,0.0970970970970971,7624,0.6823189926547745,0.6002098635886673,3.9435991605456455,0.35931488282616303,3281,0.3448616600790514,0.16699604743083005,0.701098901098901,0.003076923076923077,132,0.821969696969697,0.26515151515151514,7.287878787878788,0.32196969696969696,14.54,14.62,13.88,13.52,0,-2,0
975,1205741352,4,12,12,13,12,3903,0.5548710050057759,0.0646900269541779,0.5739329268292683,0.09298780487804878,7008,0.5147807267884325,0.5800513698630136,4.1118721461187215,0.37614155251141546,2909,0.329153605015674,0.05590386624869383,0.3626373626373626,0.0969030969030969,7632,0.682237071977638,0.6003668763102725,3.9432651991614254,0.35929856743535993,3284,0.3455083909180652,0.16683119447186576,0.7009222661396575,0.0030742204655248135,134,0.8171641791044776,0.26119402985074625,7.291044776119403,0.3208955223880597,14.46,14.52,13.86,13.46,0,-1,0
976,1205741353,4,14,16,15,13,3911,0.5551710880430604,0.06459054209919261,0.5737082066869301,0.09270516717325228,7013,0.514841484861448,0.5797804078140596,4.111364608584058,0.37619421075146153,2912,0.3288100208768267,0.055845511482254695,0.36227544910179643,0.0968063872255489,7638,0.6821375578249106,0.6002880335166274,3.9430479183032205,0.3595400192022345,3288,0.34615384615384615,0.16666666666666666,0.7013157894736842,0.0030701754385964912,134,0.8171641791044776,0.26119402985074625,7.291044776119403,0.3208955223880597,14.5,14.54,13.88,13.42,-2,-1,1
977,1205741354,4,17,17,15,14,3918,0.5554702495201536,0.06449136276391555,0.5731614859742229,0.09249431387414708,7021,0.5144684992641125,0.5795470730665148,4.110525566158667,0.37622845748468875,2913,0.3288100208768267,0.055845511482254695,0.36191425722831505,0.0967098703888335,7645,0.6821451929365598,0.6001308044473512,3.943492478744277,0.3596032265097014,3289,0.34615384615384615,0.16666666666666666,0.7014467338886453,0.003068829460762823,134,0.8171641791044776,0.26119402985074625,7.291044776119403,0.3208955223880597,14.56,14.6,13.92,13.42,0,2,3
978,1205741355,4,13,13,13,13,3921,0.555640828856485,0.0644666155026861,0.5730507191521574,0.093111279333838,7032,0.5141614524080396,0.5799203640500569,4.110637087599545,0.376386518771331,2918,0.3282959874934862,0.055758207399687336,0.3611940298507463,0.09651741293532339,7647,0.6821629397149209,0.6001046161893553,3.9435072577481365,0.3596072533891287,3296,0.34411764705882353,0.16568627450980392,0.7015775635407537,0.003067484662576687,134,0.8171641791044776,0.26119402985074625,7.291044776119403,0.3208955223880597,14.54,14.58,13.96,13.4,0,0,0
979,1205741356,4,15,16,15,13,3924,0.5559815950920245,0.06441717791411043,0.573373676248109,0.09304084720121028,7041,0.5143563887705347,0.5800312455617099,4.110637693509445,0.3764735122851867,2918,0.3282959874934862,0.055758207399687336,0.3611940298507463,0.09651741293532339,7655,0.6818637056390159,0.6,3.944088830829523,0.35972131504463317,3297,0.34411764705882353,0.16568627450980392,0.7017082785808147,0.0030661410424879547,134,0.8171641791044776,0.26119402985074625,7.291044776119403,0.3208955223880597,14.56,14.62,14.02,13.44,-1,0,2
980,1205741357,4,17,16,14,12,3929,0.5561087705859824,0.064343163538874,0.5740181268882175,0.09290030211480363,7046,0.5143462011543194,0.5799034913426058,4.110559182514902,0.37649020720976434,2919,0.328125,0.05572916666666667,0.3611940298507463,0.09651741293532339,7666,0.6815810070440907,0.5999217323245499,3.944429950430472,0.35975954430820073,3300,0.34442270058708413,0.16536203522504891,0.7018388791593695,0.003064798598949212,134,0.8171641791044776,0.26119402985074625,7.291044776119403,0.3208955223880597,14.64,14.66,14.04,13.4,1,3,5
981,1205741358,4,14,14,16,12,3934,0.5560658247225412,0.0642939150401837,0.5749811605124341,0.09269027882441598,7054,0.5144008127776204,0.5799546356677062,4.110575559965977,0.3764885171533881,2921,0.32795419052576785,0.055700156168662154,0.36083499005964215,0.09741550695825049,7675,0.6816286644951141,0.6,3.9444951140065148,0.35969598262757874,3301,0.34442270058708413,0.16536203522504891,0.7019693654266959,0.003063457330415755,134,0.8171641791044776,0.26119402985074625,7.291044776119403,0.3208955223880597,14.64,14.7,14.06,13.4,0,-2,2
982,1205741359,4,15,15,14,14,3937,0.5558103975535168,0.06460244648318043,0.5749811605124341,0.09269027882441598,7063,0.5145240454953043,0.5797819623389494,4.110859408183491,0.37639813110576237,2923,0.328653146125845,0.05564222568902756,0.36083499005964215,0.09741550695825049,7682,0.6819187711533455,0.6002343139807342,3.9441551679250195,0.3595960253406231,3307,0.34408602150537637,0.16617790811339198,0.7017467248908297,0.003056768558951965,134,0.8171641791044776,0.26119402985074625,7.291044776119403,0.3208955223880597,14.64,14.7,14.06,13.38,0,1,1
983,1205741360,4,17,17,17,15,3938,0.5559801299197554,0.06457776079480321,0.5749811605124341,0.09269027882441598,7073,0.5144328196427731,0.5796691644281069,4.111126820302559,0.37632546302841785,2923,0.328653146125845,0.05564222568902756,0.36083499005964215,0.09741550695825049,7695,0.6821745722330518,0.6002599090318389,3.9443794671864847,0.35960580463504443,3307,0.34408602150537637,0.16617790811339198,0.7017467248908297,0.003056768558951965,134,0.8171641791044776,0.26119402985074625,7.291044776119403,0.3208955223880597,14.66,14.72,14.14,13.42,0,0,2
984,1205741361,4,15,15,14,12,3943,0.5557251908396946,0.06450381679389312,0.5756207674943566,0.09255079006772009,7082,0.514343876494399,0.5793561140920643,4.11070319118893,0.3764120304998587,2924,0.3284823284823285,0.055613305613305616,0.36083499005964215,0.09741550695825049,7702,0.682073920193889,0.600233705531031,3.944040508958712,0.3596468449753311,3312,0.3434146341463415,0.16585365853658537,0.7012647187091147,0.0030527692978630614,134,0.8171641791044776,0.26119402985074625,7.291044776119403,0.3208955223880597,14.72,14.74,14.2,13.38,0,1,3
985,1205741362,4,15,15,14,12,3948,0.5554708349218452,0.06443004193671369,0.5755071374906086,0.09241172051089407,7086,0.5142652178003576,0.5791701947502117,4.111064069997178,0.37641123341800725,2929,0.32866043613707163,0.05555555555555555,0.3597621407333994,0.09712586719524281,7710,0.6822092520536099,0.6,3.944098573281453,0.35966277561608306,3314,0.3434146341463415,0.16585365853658537,0.7015250544662309,0.0030501089324618735,134,0.8171641791044776,0.26119402985074625,7.291044776119403,0.3208955223880597,14.78,14.72,14.26,13.36,0,1,3
986,1205741363,4,15,13,14,15,3952,0.555978674790556,0.06435643564356436,0.575075075075075,0.09234234234234234,7095,0.514176650223162,0.5792811839323467,4.110641296687809,0.37632135306553904,2933,0.328149300155521,0.05598755832037325,0.3594059405940594,0.09702970297029703,7716,0.6822619664765854,0.5999222395023328,3.9438828408501814,0.3596747019180923,3317,0.34405458089668617,0.16569200779727095,0.7013495864170657,0.0030474531998258597,134,0.8171641791044776,0.26119402985074625,7.291044776119403,0.3208955223880597,14.74,14.64,14.28,13.36,2,1,0
987,1205741364,4,15,16,16,13,3956,0.5557246101179155,0.06428299733739064,0.5746436609152288,0.09227306826706677,7101,0.5141881425151389,0.5793550204196593,4.110547810167582,0.37635544289536677,2936,0.32849740932642485,0.05595854922279793,0.35968379446640314,0.09683794466403162,7724,0.6823537027446919,0.5999482133609528,3.945365095805282,0.3596905748316935,3321,0.3433852140077821,0.16536964980544747,0.7007394519356241,0.003044802087864289,134,0.8171641791044776,0.26119402985074625,7.291044776119403,0.3208955223880597,14.72,14.68,14.28,13.36,-1,-1,2
988,1205741365,4,14,16,13,14,3958,0.5555133079847909,0.06425855513307985,0.5749625187406296,0.09220389805097451,7109,0.5145003985558214,0.5794063862709242,4.110001406667604,0.37635391756927833,2939,0.32867494824016563,0.055900621118012424,0.36031589338598224,0.09674234945705824,7729,0.6821063526976323,0.5998188640186312,3.945400439901669,0.35965196015008416,3328,0.3433559650824442,0.16488845780795344,0.7008250108554059,0.00303951367781155,134,0.8171641791044776,0.26119402985074625,7.291044776119403,0.3208955223880597,14.68,14.68,14.24,13.36,-2,1,0
989,1205741366,4,14,15,13,12,3961,0.5554711246200608,0.064209726443769,0.5745318352059925,0.09213483146067415,7118,0.5144118197995693,0.5792357403765103,4.1088788985670135,0.37636976678842365,2940,0.3285049146404552,0.05587170201758924,0.36031589338598224,0.09674234945705824,7736,0.6821139262323337,0.5999224405377456,3.9450620475698037,0.35968200620475704,3331,0.34332688588007737,0.1653771760154739,0.7008250108554059,0.00303951367781155,134,0.8171641791044776,0.26119402985074625,7.291044776119403,0.3208955223880597,14.66,14.68,14.26,13.3,-1,1,2
990,1205741367,4,14,17,14,11,3966,0.5555977229601518,0.06413662239089184,0.5736724008975318,0.09199700822737472,7121,0.5143355333988674,0.5792725740766747,4.108692599354023,0.3763516360061788,2945,0.3288590604026846,0.05627258647392876,0.3599605522682446,0.09664694280078895,7746,0.681986401583613,0.5996643428866512,3.946811257423186,0.35976633100955335,3333,0.34299516908212563,0.16521739130434782,0.7009548611111112,0.0030381944444444445,136,0.8198529411764706,0.25735294117647056,7.286764705882353,0.31985294117647056,14.62,14.74,14.24,13.26,-3,0,3
991,1205741368,4,16,13,17,13,3970,0.5559347743648085,0.06408797876374668,0.5728155339805825,0.09185959671396565,7129,0.5145999906485249,0.5793238883433862,4.10871089914434,0.3763501192313087,2948,0.3290355853532749,0.05621454357916452,0.35960591133004927,0.09655172413793103,7753,0.6816931080441979,0.5996388494776216,3.9469882626080226,0.35976396233715985,3337,0.34299516908212563,0.16521739130434782,0.7010398613518197,0.0030329289428076256,136,0.8198529411764706,0.25735294117647056,7.286764705882353,0.31985294117647056,14.64,14.74,14.3,13.24,3,-1,3
992,1205741369,4,13,14,11,13,3972,0.5555134520651762,0.06441834028040924,0.5728155339805825,0.09185959671396565,7139,0.5148363449596117,0.5796330018209833,4.109258999859924,0.3763132091329317,2954,0.3293875450334534,0.056098816263510036,0.35988200589970504,0.09734513274336283,7760,0.6814003436426116,0.5996134020618556,3.946520618556701,0.359729381443299,3339,0.34266409266409265,0.16505791505791506,0.7011693373754873,0.0030316154179298397,137,0.8175182481751825,0.25547445255474455,7.2846715328467155,0.32116788321167883,14.6,14.7,14.22,13.22,-1,2,0
993,1205741370,4,15,12,12,14,3974,0.5555134520651762,0.06441834028040924,0.5734526472781506,0.09172259507829977,7145,0.5148938651737813,0.5792862141357593,4.109027291812456,0.37634709587123855,2957,0.32904884318766064,0.056041131105398455,0.3605108055009823,0.09724950884086445,7768,0.6814066254720219,0.5993820803295572,3.946060762100927,0.3598094747682802,3345,0.3439306358381503,0.16473988439306358,0.7003891050583657,0.0030263726761781237,137,0.8175182481751825,0.25547445255474455,7.2846715328467155,0.32116788321167883,14.66,14.7,14.18,13.24,3,3,1
994,1205741371,4,15,12,12,14,3980,0.5546313799621928,0.06427221172022685,0.5734526472781506,0.09172259507829977,7149,0.5149554716277337,0.5792418520072737,4.109665687508742,0.3763463421457546,2961,0.32871083718541344,0.055983564458140726,0.36176470588235293,0.09705882352941177,7775,0.6812647374062165,0.5994855305466238,3.9464951768488747,0.35993569131832803,3349,0.343599615014437,0.1645813282001925,0.6999136442141624,0.0030224525043177895,137,0.8175182481751825,0.25547445255474455,7.2846715328467155,0.32116788321167883,14.66,14.6,14.14,13.26,3,3,1
995,1205741372,4,14,15,14,13,3988,0.5543396226415095,0.06415094339622641,0.5736607142857143,0.09151785714285714,7159,0.514934581179867,0.5792708478837827,4.109372817432602,0.3763095404386087,2964,0.32871794871794874,0.0558974358974359,0.36176470588235293,0.09705882352941177,7779,0.6812358058019453,0.5995629258259416,3.946008484381026,0.35991129965291174,3351,0.343599615014437,0.1645813282001925,0.6993097497842968,0.0030198446937014668,137,0.8175182481751825,0.25547445255474455,7.2846715328467155,0.32116788321167883,14.64,14.62,14.12,13.28,-1,0,1
996,1205741373,4,15,16,14,10,3991,0.5542986425339367,0.0641025641025641,0.5732342007434944,0.09144981412639405,7166,0.5148502186249886,0.5792631872732347,4.1094055260954505,0.3762210438180295,2967,0.32940573770491804,0.05584016393442623,0.3614103819784525,0.0969637610186092,7785,0.6813744380218368,0.5997430956968529,3.945407835581246,0.3599550417469493,3358,0.3438697318007663,0.16475095785440613,0.6995689655172413,0.003017241379310345,137,0.8175182481751825,0.25547445255474455,7.2846715328467155,0.32116788321167883,14.68,14.66,14.16,13.2,-1,1,5
997,1205741374,4,15,16,13,14,3993,0.5544666415378816,0.06407840180927252,0.5735512630014858,0.0913818722139673,7175,0.5146225319396053,0.5792334494773519,4.1101045296167245,0.37627177700348424,2972,0.3292433537832311,0.05572597137014315,0.3610567514677104,0.09686888454011741,7794,0.6812933025404158,0.5996920708237106,3.9462406979727995,0.3600205286117527,3360,0.3438697318007663,0.16475095785440613,0.6998277347114557,0.0030146425495262705,137,0.8175182481751825,0.25547445255474455,7.2846715328467155,0.32116788321167883,14.64,14.68,14.12,13.2,-1,2,1
998,1205741375,4,15,15,15,14,3997,0.5545933734939759,0.06400602409638555,0.5738678544914625,0.09131403118040089,7182,0.5146778984498285,0.5792258423837371,4.110971874129769,0.37626473591385867,2974,0.32958610117526826,0.05569749616760347,0.36070381231671556,0.0967741935483871,7801,0.6812588129726959,0.5996667093962312,3.945904371234457,0.3599858992436868,3365,0.3444976076555024,0.1645933014354067,0.7003439380911436,0.0030094582975064487,137,0.8175182481751825,0.25547445255474455,7.2846715328467155,0.32116788321167883,14.64,14.68,14.14,13.22,0,0,1
999,1205741376,4,18,13,15,15,3999,0.5547610086563793,0.06398193451260821,0.5741839762611276,0.09124629080118694,7189,0.5148027078406827,0.5793573515092503,4.111976630963973,0.3762808921036769,2979,0.3295918367346939,0.055612244897959184,0.3619512195121951,0.09658536585365854,7809,0.6813932641823537,0.5994365475733129,3.94647201946472,0.35990523754642084,3368,0.3441682600382409,0.16539196940726578,0.7001718213058419,0.003006872852233677,137,0.8175182481751825,0.25547445255474455,7.2846715328467155,0.32116788321167883,14.72,14.66,14.16,13.22,5,3,3
1000,1205741377,4,15,14,16,14,4005,0.5543028936490041,0.06388575723412251,0.5748148148148148,0.09111111111111111,7195,0.5147903636784806,0.5794301598332176,4.1118832522585125,0.37627982395181836,2984,0.329938900203666,0.0554989816700611,0.361598440545809,0.09746588693957114,7815,0.6816378758797185,0.599488163787588,3.946769033909149,0.35988483685220735,3371,0.3447946513849093,0.16523400191021967,0.7004291845493562,0.0030042918454935624,137,0.8175182481751825,0.25547445255474455,7.2846715328467155,0.32116788321167883,14.74,14.66,14.18,13.22,1,-1,1
